epoch,drep_id,opinion,stake,delegated_stake,indegree,avg_distance,Wprime,Wprime_share
0,d1,0.6544398189618225,0.6113047022702557,13.722392928860307,24,0.004030854047003429,14.333697631130562,0.01386237469970972
0,d2,0.8657904556599825,0.4939656381711477,5.332503341026566,10,0.0023780753663299125,5.826468979197713,0.005634882097028253
0,d3,0.4884693494414028,0.3244126329386243,6.873596928151602,12,0.0016705256872800028,7.198009561090226,0.00696132346277599
0,d4,0.8521109433758144,0.4488741264327569,17.207128818054557,38,0.004746359130574514,17.656002944487312,0.017075435439917006
0,d5,0.5976278055296033,0.3770782987358936,10.094709692964281,19,0.0027154417297488194,10.471787991700175,0.01012745298893394
0,d6,0.1245014614097484,0.9410440826651544,8.02115971482273,19,0.004647202175136425,8.962203797487884,0.00866750718294169
0,d7,0.0262212851512604,0.7786285541496077,15.825977785563417,35,0.006302696725542498,16.604606339713026,0.01605861102597587
0,d8,0.6274282350072956,0.7941431291160147,13.981701247823862,25,0.004823676144010825,14.775844376939876,0.01428998270571051
0,d9,0.5265792043051974,0.4446969168644754,5.417780334268802,13,0.0024317701223493483,5.862477251133277,0.005669706339223493
0,d10,0.3143485732319948,0.6411853212437485,14.539372349008978,35,0.007869604587909902,15.180557670252727,0.014681388151969652
0,d11,0.012965800260955,0.4343314804627135,3.2035348121743246,5,0.0008086798676562399,3.637866292637038,0.0035182453930417447
0,d12,0.8799873829195879,0.1936586649349718,11.758735404984524,23,0.002019680836760793,11.952394069919496,0.011559373541964684
0,d13,0.506101177231038,0.8852114162040516,12.016537596142758,21,0.0024511025882417185,12.901749012346809,0.012477511643773571
0,d14,0.5444230936121223,0.1744367993785583,2.0472183932657333,3,0.0012543819596080679,2.221655192644292,0.002148602372293926
0,d15,0.3081433129804166,0.4069817224912835,4.425524317665656,13,0.0015383599046822243,4.8325060401569395,0.004673602805864557
0,d16,0.485483917169024,0.195995144533855,4.359622076622027,9,0.0010947044778215004,4.555617221155882,0.004405818689167656
0,d17,0.4636981486018401,0.7157943570835169,11.892874041195334,21,0.0038454376102940685,12.608668398278851,0.012194068153197402
0,d18,0.6562992050084688,0.5876211117391754,7.374630065308359,17,0.002209662074811606,7.962251177047535,0.007700435164037422
0,d19,0.0645924756622676,0.3094112672137011,10.747321363760815,19,0.0030525302994585156,11.056732630974516,0.010693163385293674
0,d20,0.1706040861918495,0.1919625787356293,2.2361043084923105,6,0.001635949179733832,2.42806688722794,0.0023482268046180845
0,d21,0.1745034817816525,0.9857688480178474,2.089535576881735,6,0.0010394660459722195,3.0753044248995822,0.002974181774355653
0,d22,0.2867821130034348,0.8524396209435144,16.66002694843651,33,0.004368167872009907,17.512466569380024,0.016936618850786934
0,d23,0.5928511758762783,0.6658927728842667,9.245767321369643,22,0.004631428970530341,9.911660094253909,0.009585743306339758
0,d24,0.4645978847235158,0.6980691261430666,8.727807576092609,16,0.0018335573127117345,9.425876702235675,0.009115933521289787
0,d25,0.54418885648056,0.3295363735742088,2.9929397923876024,6,0.0004807017323268381,3.3224761659618114,0.00321322597480974
0,d26,0.0917319320962545,0.4258718268257104,13.125886945286483,24,0.0029293447257018063,13.551758772112194,0.013106147678955888
0,d27,0.2515461287328163,0.4554322151331479,0.6764768106553986,3,0.0007071181816865613,1.1319090257885465,0.0010946894126876185
0,d28,0.1547776989927841,0.688988609150576,10.811651340791089,21,0.002824557223531561,11.500639949941664,0.011122474073004953
0,d29,0.8816447243746165,0.9885882560521442,3.259768984419887,6,0.00034961557973584023,4.248357240472031,0.004108662080169957
0,d30,0.9310925732279818,0.0234537744007987,9.748807783719759,18,0.0016269227164709811,9.772261558120558,0.009450928495102588
0,d31,0.5482226586022307,0.7780081544782027,16.222564120700152,39,0.006100560160430406,17.000572275178357,0.016441556746403248
0,d32,0.2344981479828095,0.4098458376430103,19.48645746070859,39,0.0039683916029934615,19.8963032983516,0.019242069880266194
0,d33,0.0094030343609957,0.9000735037389241,4.485021700795812,12,0.00121016173744805,5.3850952045347364,0.005208021645213293
0,d34,0.515830317011737,0.1904041414108747,16.93542198487188,28,0.0025603525033580377,17.125826126282753,0.016562691980400356
0,d35,0.1658120032268633,0.0730273189076899,5.790872029232468,14,0.0019529934092668685,5.8638993481401585,0.005671081674609801
0,d36,0.2140482222139993,0.6283400454437265,22.219136004574125,47,0.007958663179955541,22.84747605001785,0.02209620169886408
0,d37,0.0821213165850166,0.2041415713138661,16.317064271449116,26,0.003590430266204785,16.52120584276298,0.01597795291746711
0,d38,0.3639718259096396,0.4468174574773836,25.66965452456462,56,0.009178081311210591,26.116471982042004,0.02525770598531744
0,d39,0.9837124663063006,0.1273734868813091,6.86634478634938,11,0.0017609091743163415,6.993718273230689,0.006763749713623882
0,d40,0.8668445628519528,0.3017682512486745,4.057710247065457,8,0.0020084165405219317,4.3594784983141315,0.004216129431090262
0,d41,0.7000735673961688,0.2469737301341866,12.002981574431075,24,0.005310189789086007,12.249955304565262,0.011847150320638263
0,d42,0.5357815987985837,0.8495861051218173,0.4221998201469488,1,0.0001307137540786929,1.271785925268766,0.0012299668576517965
0,d43,0.4396428866509466,0.2179595435495449,29.05033081699476,60,0.006552340087637874,29.268290360544302,0.028305885769251127
0,d44,0.8328760100402087,0.6823319381851302,20.900697141182984,41,0.005308466764125024,21.583029079368114,0.02087333247515513
0,d45,0.3030794458486493,0.1861247600403534,7.273709829195929,18,0.002844709058859597,7.459834589236283,0.007214539118591132
0,d46,0.9755901817670072,0.6538686303833499,10.186518361694917,20,0.0015170399383316103,10.840386992078267,0.010483931658198052
0,d47,0.6743192461462838,0.1391328076011917,11.870439225332738,31,0.004388753527822427,12.00957203293393,0.011614671370080633
0,d48,0.2205459956643096,0.484017762343897,7.300250854529924,15,0.0032695548962925667,7.784268616873821,0.0075283050547917
0,d49,0.2509652227320427,0.8138284459558288,5.4911038216191015,14,0.004147033285045434,6.30493226757493,0.00609761247925253
0,d50,0.7066151143844396,0.1464049330716936,2.40441040367531,7,0.0010482740999934656,2.5508153367470037,0.002466939020044346
0,d51,0.6344371556795654,0.3660915419148296,12.079164253183617,25,0.004464073029467373,12.445255795098447,0.012036028909295542
0,d52,0.8666370322756829,0.6024049540095762,0.6310752814845952,1,0.0002187759598107908,1.2334802354941714,0.0011929207416772971
0,d53,0.0153435184241378,0.043445465085906,5.540627777714628,14,0.0028872946556100644,5.584073242800534,0.005400456855892151
0,d54,0.6671007577243941,0.4878484261523147,9.043498644292601,17,0.0025526101898820062,9.531347070444916,0.009217935796031335
0,d55,0.9665935345745804,0.2676511989587375,7.704915740399356,14,0.002536605279408886,7.972566939358093,0.007710411721806544
0,d56,0.8837891182365298,0.2352217504365444,6.111446822419712,10,0.0009910412579203665,6.346668572856256,0.006137976404687559
0,d57,0.8960927939461778,0.5031062205331591,17.449765492004012,30,0.00416366388917702,17.95287171253717,0.017362542521791716
0,d58,0.808713605691692,0.7652957803972872,12.092461026812286,22,0.005336148534483781,12.857756807209572,0.01243496599734146
0,d59,0.8835605560536158,0.2785415708873054,0.586622407910269,2,0.0009160493928582758,0.8651639787975745,0.0008367155188718553
0,d60,0.0530691010978995,0.6341458655587995,15.372323923962288,30,0.005928442066703138,16.006469789521088,0.015480142497217155
0,d61,0.1068950431605513,0.8878624212898746,20.402828798435834,42,0.003871803615380674,21.29069121972571,0.020590607315635036
0,d62,0.4810361814027525,0.4980689154368473,3.6785618497827355,7,0.0011620825832945405,4.176630765219583,0.0040392941263155775
0,d63,0.9588885552695924,0.5868707054277651,8.933465273105288,22,0.004137819594365166,9.520335978533053,0.009207286772599748
0,d64,0.254208034357211,0.8659825989947968,1.4682858723470162,2,0.0007929090370795422,2.334268471341813,0.0022575126832019387
0,d65,0.728807609223443,0.8262963710263229,29.61842532266549,54,0.008991688853722991,30.444721693691815,0.029443633499686792
0,d66,0.7651449313999641,0.7694785527235976,37.34225661322925,71,0.008499225350613981,38.11173516595285,0.03685853901223052
0,d67,0.1760745289285016,0.9169920807946326,18.86614256612966,36,0.010023286891216614,19.783134646924292,0.019132622458483062
0,d68,0.4733699804701081,0.3277302362645178,4.4155169694807475,12,0.0018195152929045416,4.7432472057452655,0.004587278994680857
0,d69,0.4738333218056985,0.7957833956176842,2.025836087977634,5,0.0018623405611476796,2.821619483595318,0.002728838541748604
0,d70,0.9202588659866592,0.10508190786601,5.68318570816296,11,0.0013015414031273163,5.78826761602897,0.005597936877175515
0,d71,0.8928386014560008,0.5430077933202487,5.608649669832472,9,0.0023000241023749656,6.151657463152721,0.00594937768139334
0,d72,0.9246557343897472,0.4363575029985441,3.851552761912197,8,0.0017930795923083442,4.2879102649107415,0.004146914515751224
0,d73,0.067467742271406,0.8436386228790356,7.797022607232708,23,0.003065455868188298,8.640661230111743,0.008356537629545078
0,d74,0.496608869306429,0.3615195821952451,10.200073947529667,17,0.0016510526046177082,10.561593529724911,0.010214305526935311
0,d75,0.5746293793880668,0.365584666592786,24.67529747744626,54,0.005692560082079757,25.040882144039045,0.024217483863900956
0,d76,0.7060377125073254,0.1129787309299515,3.339088825202505,7,0.0017440602705382263,3.4520675561324565,0.003338556120221777
0,d77,0.2542711304075598,0.2887596219715777,0.4913208684868736,2,0.004880561048246024,0.7800804904584513,0.0007544297593652709
0,d78,0.5368160302349912,0.8539911936979437,1.6830048506545119,3,0.001635145631377936,2.5369960443524557,0.0024535741358261928
0,d79,0.2682169375493792,0.6092329103607209,19.132397219888805,39,0.0039810035118324595,19.741630130249526,0.019092482699944666
0,d80,0.7971016943513751,0.9025653819796856,12.29420538861045,28,0.008969323019497127,13.196770770590136,0.012762832449512769
0,d81,0.8009676948429488,0.8673533346226489,3.6119563121497014,7,0.000674656522359794,4.47930964677235,0.004332020272614407
0,d82,0.7114870336058631,0.2413743301854386,6.220761499209874,14,0.0034387408548049608,6.462135829395312,0.006249646848482574
0,d83,0.8034162723982934,0.9834214774010058,3.119967544999006,5,0.0006995346389449209,4.103389022400012,0.0039684607301638695
0,d84,0.6112706779071959,0.8926937029287524,13.53174017211645,32,0.004420242662924356,14.424433875045203,0.013950127339981496
0,d85,0.997974812425625,0.4427630638911477,9.963640215932525,16,0.0028753637859999584,10.406403279823673,0.010064218267580806
0,d86,0.1435155109136522,0.4624106724908055,8.771531688640515,17,0.0033279312612775956,9.23394236113132,0.008930310395798991
0,d87,0.9868092549045336,0.270694995865657,7.39034865350214,19,0.0021598984043359414,7.661043649367797,0.00740913199031892
0,d88,0.9376854924595306,0.0920662406924429,15.804958096538694,28,0.005807001578794542,15.897024337231137,0.01537429584774358
0,d89,0.4100009917072433,0.4545954163571419,32.861921333381645,65,0.01047742266505186,33.31651674973879,0.03222099773271178
0,d90,0.9149656348427831,0.2367012264626057,15.975563207634995,29,0.00554914230256217,16.2122644340976,0.01567917016947092
0,d91,0.8031993908453471,0.397035394488437,0.6595869025805066,1,0.0008796545131360967,1.0566222970689436,0.0010218782741883744
0,d92,0.5305900956354336,0.2328557197307569,0.0,0,0.0,0.2328557197307569,0.0002251989208191313
0,d93,0.9236596612673486,0.3530180492575545,4.359469042066079,6,0.00030805973042826357,4.712487091323633,0.004557530339247208
0,d94,0.1303922567881379,0.0547321770051526,8.991570470878079,22,0.002387867328036732,9.046302647883232,0.008748840681526393
0,d95,0.5304011260016314,0.6835341219591398,0.922756377660167,2,0.0009858868953612765,1.6062904996193068,0.0015534721992423155
0,d96,0.3455306175895897,0.7282142121533487,14.26564081552891,33,0.006858107877874898,14.993855027682258,0.01450082469546721
0,d97,0.0042710944505345,0.6829353338644084,8.676959721363467,16,0.0018972580842546436,9.359895055227875,0.00905212149332154
0,d98,0.5338480167445093,0.4716822415158711,2.0444143647915647,6,0.0007496234548163653,2.516096606307436,0.002433361916435977
0,d99,0.5414739621638829,0.4733438217980411,3.4452195015596985,9,0.0010521618308203281,3.9185633233577395,0.0037897124992331975
0,d100,0.3482105918290328,0.5991346407809729,11.646244617908401,23,0.003705522961068804,12.245379258689374,0.011842724745032646
1,d1,0.7544398189618224,0.6113047022702557,13.722392928860307,24,0.1038738580447212,14.333697631130562,0.01386237469970972
1,d2,0.9657904556599824,0.4939656381711477,5.332503341026566,10,0.10230848472859755,5.826468979197713,0.005634882097028253
1,d3,0.5884693494414028,0.3244126329386243,6.873596928151602,12,0.09877129134402601,7.198009561090226,0.00696132346277599
1,d4,0.9521109433758144,0.4488741264327569,17.207128818054557,38,0.10194984661092187,17.656002944487312,0.017075435439917006
1,d5,0.6976278055296032,0.3770782987358936,10.094709692964281,19,0.09766010780955502,10.471787991700175,0.01012745298893394
1,d6,0.2245014614097485,0.9410440826651544,8.02115971482273,19,0.1045596811751052,8.962203797487884,0.00866750718294169
1,d7,0.1262212851512604,0.7786285541496077,15.825977785563417,35,0.09537796288377134,16.604606339713026,0.01605861102597587
1,d8,0.7274282350072956,0.7941431291160147,13.981701247823862,25,0.10433325311177118,14.775844376939876,0.01428998270571051
1,d9,0.6265792043051974,0.4446969168644754,5.417780334268802,13,0.10217760288900078,5.862477251133277,0.005669706339223493
1,d10,0.4143485732319948,0.6411853212437485,14.539372349008978,35,0.09237628165561364,15.180557670252727,0.014681388151969652
1,d11,0.112965800260955,0.4343314804627135,3.2035348121743246,5,0.10072353755153915,3.637866292637038,0.0035182453930417447
1,d12,0.979987382919588,0.1936586649349718,11.758735404984524,23,0.10178794889420907,11.952394069919496,0.011559373541964684
1,d13,0.606101177231038,0.8852114162040516,12.016537596142758,21,0.09981379301256946,12.901749012346809,0.012477511643773571
1,d14,0.6444230936121222,0.1744367993785583,2.0472183932657333,3,0.0987456180403919,2.221655192644292,0.002148602372293926
1,d15,0.4081433129804166,0.4069817224912835,4.425524317665656,13,0.09863885796332801,4.8325060401569395,0.004673602805864557
1,d16,0.585483917169024,0.195995144533855,4.359622076622027,9,0.10063409413866803,4.555617221155882,0.004405818689167656
1,d17,0.5636981486018401,0.7157943570835169,11.892874041195334,21,0.10380240327726979,12.608668398278851,0.012194068153197402
1,d18,0.7562992050084688,0.5876211117391754,7.374630065308359,17,0.09802276002076407,7.962251177047535,0.007700435164037422
1,d19,0.1645924756622676,0.3094112672137011,10.747321363760815,19,0.10293452526955085,11.056732630974516,0.010693163385293674
1,d20,0.2706040861918495,0.1919625787356293,2.2361043084923105,6,0.10052808526648793,2.42806688722794,0.0023482268046180845
1,d21,0.2745034817816525,0.9857688480178474,2.089535576881735,6,0.1006890459024965,3.0753044248995822,0.002974181774355653
1,d22,0.3867821130034348,0.8524396209435144,16.66002694843651,33,0.10059821294119858,17.512466569380024,0.016936618850786934
1,d23,0.6928511758762783,0.6658927728842667,9.245767321369643,22,0.10397861941541851,9.911660094253909,0.009585743306339758
1,d24,0.5645978847235158,0.6980691261430666,8.727807576092609,16,0.09819375489465643,9.425876702235675,0.009115933521289787
1,d25,0.64418885648056,0.3295363735742088,2.9929397923876024,6,0.10047208998174562,3.3224761659618114,0.00321322597480974
1,d26,0.1917319320962545,0.4258718268257104,13.125886945286483,24,0.0986113800297037,13.551758772112194,0.013106147678955888
1,d27,0.3515461287328163,0.4554322151331479,0.6764768106553986,3,0.09929288181831347,1.1319090257885465,0.0010946894126876185
1,d28,0.2547776989927841,0.688988609150576,10.811651340791089,21,0.09962963376091379,11.500639949941664,0.011122474073004953
1,d29,0.9816447243746164,0.9885882560521442,3.259768984419887,6,0.09989466552932515,4.248357240472031,0.004108662080169957
1,d30,1.0,0.0234537744007987,9.748807783719759,18,0.06892665450824571,9.772261558120558,0.009450928495102588
1,d31,0.6482226586022307,0.7780081544782027,16.222564120700152,39,0.09406521480361447,17.000572275178357,0.016441556746403248
1,d32,0.3344981479828095,0.4098458376430103,19.48645746070859,39,0.09863892531377277,19.8963032983516,0.019242069880266194
1,d33,0.1094030343609957,0.9000735037389241,4.485021700795812,12,0.1003876934841542,5.3850952045347364,0.005208021645213293
1,d34,0.615830317011737,0.1904041414108747,16.93542198487188,28,0.09929584300828335,17.125826126282753,0.016562691980400356
1,d35,0.2658120032268632,0.0730273189076899,5.790872029232468,14,0.10078919776117444,5.8638993481401585,0.005671081674609801
1,d36,0.3140482222139993,0.6283400454437265,22.219136004574125,47,0.10734537991415999,22.84747605001785,0.02209620169886408
1,d37,0.1821213165850166,0.2041415713138661,16.317064271449116,26,0.10147213972131075,16.52120584276298,0.01597795291746711
1,d38,0.4639718259096396,0.4468174574773836,25.66965452456462,56,0.09265665788358528,26.116471982042004,0.02525770598531744
1,d39,1.0,0.1273734868813091,6.86634478634938,11,0.018048442868015737,6.993718273230689,0.006763749713623882
1,d40,0.9668445628519527,0.3017682512486745,4.057710247065457,8,0.09799158345947805,4.3594784983141315,0.004216129431090262
1,d41,0.8000735673961687,0.2469737301341866,12.002981574431075,24,0.10452907690773039,12.249955304565262,0.011847150320638263
1,d42,0.6357815987985836,0.8495861051218173,0.4221998201469488,1,0.09986928624592128,1.271785925268766,0.0012299668576517965
1,d43,0.5396428866509466,0.2179595435495449,29.05033081699476,60,0.10099027004065507,29.268290360544302,0.028305885769251127
1,d44,0.9328760100402088,0.6823319381851302,20.900697141182984,41,0.10166674176996097,21.583029079368114,0.02087333247515513
1,d45,0.4030794458486493,0.1861247600403534,7.273709829195929,18,0.10236178587044792,7.459834589236283,0.007214539118591132
1,d46,1.0,0.6538686303833499,10.186518361694917,20,0.024553461341702686,10.840386992078267,0.010483931658198052
1,d47,0.7743192461462838,0.1391328076011917,11.870439225332738,31,0.09675074185748862,12.00957203293393,0.011614671370080633
1,d48,0.3205459956643096,0.484017762343897,7.300250854529924,15,0.09768326572788746,7.784268616873821,0.0075283050547917
1,d49,0.3509652227320426,0.8138284459558288,5.4911038216191015,14,0.10414703328504536,6.30493226757493,0.00609761247925253
1,d50,0.8066151143844396,0.1464049330716936,2.40441040367531,7,0.09904491030428632,2.5508153367470037,0.002466939020044346
1,d51,0.7344371556795654,0.3660915419148296,12.079164253183617,25,0.09680503028707178,12.445255795098447,0.012036028909295542
1,d52,0.9666370322756828,0.6024049540095762,0.6310752814845952,1,0.10021877595981066,1.2334802354941714,0.0011929207416772971
1,d53,0.1153435184241378,0.043445465085906,5.540627777714628,14,0.09751449228452592,5.584073242800534,0.005400456855892151
1,d54,0.7671007577243941,0.4878484261523147,9.043498644292601,17,0.10071627217872917,9.531347070444916,0.009217935796031335
1,d55,1.0,0.2676511989587375,7.704915740399356,14,0.03345277901737954,7.972566939358093,0.007710411721806544
1,d56,0.9837891182365298,0.2352217504365444,6.111446822419712,10,0.09903200897612938,6.346668572856256,0.006137976404687559
1,d57,0.9960927939461778,0.5031062205331591,17.449765492004012,30,0.09594649178567391,17.95287171253717,0.017362542521791716
1,d58,0.908713605691692,0.7652957803972872,12.092461026812286,22,0.0948608250214439,12.857756807209572,0.01243496599734146
1,d59,0.9835605560536158,0.2785415708873054,0.586622407910269,2,0.10091604939285825,0.8651639787975745,0.0008367155188718553
1,d60,0.1530691010978995,0.6341458655587995,15.372323923962288,30,0.10434445577999438,16.006469789521088,0.015480142497217155
1,d61,0.2068950431605513,0.8878624212898746,20.402828798435834,42,0.09919180661396641,21.29069121972571,0.020590607315635036
1,d62,0.5810361814027525,0.4980689154368473,3.6785618497827355,7,0.10032247184542323,4.176630765219583,0.0040392941263155775
1,d63,1.0,0.5868707054277651,8.933465273105288,22,0.04387198625011938,9.520335978533053,0.009207286772599748
1,d64,0.354208034357211,0.8659825989947968,1.4682858723470162,2,0.10079290903707952,2.334268471341813,0.0022575126832019387
1,d65,0.828807609223443,0.8262963710263229,29.61842532266549,54,0.09350566318302166,30.444721693691815,0.029443633499686792
1,d66,0.8651449313999641,0.7694785527235976,37.34225661322925,71,0.10016379100532578,38.11173516595285,0.03685853901223052
1,d67,0.2760745289285016,0.9169920807946326,18.86614256612966,36,0.09003580596187806,19.783134646924292,0.019132622458483062
1,d68,0.5733699804701081,0.3277302362645178,4.4155169694807475,12,0.10181951529290457,4.7432472057452655,0.004587278994680857
1,d69,0.5738333218056985,0.7957833956176842,2.025836087977634,5,0.0981376594388523,2.821619483595318,0.002728838541748604
1,d70,1.0,0.10508190786601,5.68318570816296,11,0.08081687782049628,5.78826761602897,0.005597936877175515
1,d71,0.9928386014560008,0.5430077933202487,5.608649669832472,9,0.10190037793587277,6.151657463152721,0.00594937768139334
1,d72,1.0,0.4363575029985441,3.851552761912197,8,0.07362027806811439,4.2879102649107415,0.004146914515751224
1,d73,0.167467742271406,0.8436386228790356,7.797022607232708,23,0.0969345441318117,8.640661230111743,0.008356537629545078
1,d74,0.596608869306429,0.3615195821952451,10.200073947529667,17,0.10039223513770923,10.561593529724911,0.010214305526935311
1,d75,0.6746293793880668,0.365584666592786,24.67529747744626,54,0.10157524629089237,25.040882144039045,0.024217483863900956
1,d76,0.8060377125073254,0.1129787309299515,3.339088825202505,7,0.1017440602705382,3.4520675561324565,0.003338556120221777
1,d77,0.3542711304075597,0.2887596219715777,0.4913208684868736,2,0.0951194389517539,0.7800804904584513,0.0007544297593652709
1,d78,0.6368160302349912,0.8539911936979437,1.6830048506545119,3,0.09836485436862204,2.5369960443524557,0.0024535741358261928
1,d79,0.3682169375493792,0.6092329103607209,19.132397219888805,39,0.09948981344939065,19.741630130249526,0.019092482699944666
1,d80,0.8971016943513751,0.9025653819796856,12.29420538861045,28,0.10889998295830175,13.196770770590136,0.012762832449512769
1,d81,0.9009676948429488,0.8673533346226489,3.6119563121497014,7,0.1002831041306244,4.47930964677235,0.004332020272614407
1,d82,0.811487033605863,0.2413743301854386,6.220761499209874,14,0.09727867013877993,6.462135829395312,0.006249646848482574
1,d83,0.9034162723982934,0.9834214774010058,3.119967544999006,5,0.09930046536105505,4.103389022400012,0.0039684607301638695
1,d84,0.7112706779071959,0.8926937029287524,13.53174017211645,32,0.09849898161063422,14.424433875045203,0.013950127339981496
1,d85,1.0,0.4427630638911477,9.963640215932525,16,0.004769842510564164,10.406403279823673,0.010064218267580806
1,d86,0.2435155109136522,0.4624106724908055,8.771531688640515,17,0.09921327613438556,9.23394236113132,0.008930310395798991
1,d87,1.0,0.270694995865657,7.39034865350214,19,0.01142486370401397,7.661043649367797,0.00740913199031892
1,d88,1.0,0.0920662406924429,15.804958096538694,28,0.05683006723407163,15.897024337231137,0.01537429584774358
1,d89,0.5100009917072433,0.4545954163571419,32.861921333381645,65,0.10385548488994577,33.31651674973879,0.03222099773271178
1,d90,1.0,0.2367012264626057,15.975563207634995,29,0.0901297860048801,16.2122644340976,0.01567917016947092
1,d91,0.9031993908453472,0.397035394488437,0.6595869025805066,1,0.10087965451313619,1.0566222970689436,0.0010218782741883744
1,d92,0.6305900956354336,0.2328557197307569,0.0,0,0.0,0.2328557197307569,0.0002251989208191313
1,d93,1.0,0.3530180492575545,4.359469042066079,6,0.07656124292772869,4.712487091323633,0.004557530339247208
1,d94,0.2303922567881379,0.0547321770051526,8.991570470878079,22,0.09845603908698462,9.046302647883232,0.008748840681526393
1,d95,0.6304011260016313,0.6835341219591398,0.922756377660167,2,0.10098588689536125,1.6062904996193068,0.0015534721992423155
1,d96,0.4455306175895897,0.7282142121533487,14.26564081552891,33,0.10685810787787488,14.993855027682258,0.01450082469546721
1,d97,0.1042710944505345,0.6829353338644084,8.676959721363467,16,0.10089980450348601,9.359895055227875,0.00905212149332154
1,d98,0.6338480167445093,0.4716822415158711,2.0444143647915647,6,0.10047991826977047,2.516096606307436,0.002433361916435977
1,d99,0.6414739621638829,0.4733438217980411,3.4452195015596985,9,0.10087854665662267,3.9185633233577395,0.0037897124992331975
1,d100,0.4482105918290328,0.5991346407809729,11.646244617908401,23,0.09632375936725004,12.245379258689374,0.011842724745032646
2,d1,0.8544398189618224,0.6113047022702557,13.722392928860307,24,0.20387385804472116,14.333697631130562,0.01386237469970972
2,d2,1.0,0.4939656381711477,5.332503341026566,10,0.13651802906861507,5.826468979197713,0.005634882097028253
2,d3,0.6884693494414028,0.3244126329386243,6.873596928151602,12,0.19877129134402602,7.198009561090226,0.00696132346277599
2,d4,1.0,0.4488741264327569,17.207128818054557,38,0.14983890323510748,17.656002944487312,0.017075435439917006
2,d5,0.7976278055296032,0.3770782987358936,10.094709692964281,19,0.19766010780955498,10.471787991700175,0.01012745298893394
2,d6,0.3245014614097485,0.9410440826651544,8.02115971482273,19,0.2045596811751052,8.962203797487884,0.00866750718294169
2,d7,0.2262212851512604,0.7786285541496077,15.825977785563417,35,0.19537796288377132,16.604606339713026,0.01605861102597587
2,d8,0.8274282350072956,0.7941431291160147,13.981701247823862,25,0.20433325311177114,14.775844376939876,0.01428998270571051
2,d9,0.7265792043051974,0.4446969168644754,5.417780334268802,13,0.20217760288900077,5.862477251133277,0.005669706339223493
2,d10,0.5143485732319948,0.6411853212437485,14.539372349008978,35,0.19237628165561363,15.180557670252727,0.014681388151969652
2,d11,0.212965800260955,0.4343314804627135,3.2035348121743246,5,0.20072353755153913,3.637866292637038,0.0035182453930417447
2,d12,1.0,0.1936586649349718,11.758735404984524,23,0.12180056597462109,11.952394069919496,0.011559373541964684
2,d13,0.7061011772310379,0.8852114162040516,12.016537596142758,21,0.19981379301256944,12.901749012346809,0.012477511643773571
2,d14,0.7444230936121222,0.1744367993785583,2.0472183932657333,3,0.1987456180403919,2.221655192644292,0.002148602372293926
2,d15,0.5081433129804166,0.4069817224912835,4.425524317665656,13,0.19863885796332797,4.8325060401569395,0.004673602805864557
2,d16,0.685483917169024,0.195995144533855,4.359622076622027,9,0.200634094138668,4.555617221155882,0.004405818689167656
2,d17,0.6636981486018401,0.7157943570835169,11.892874041195334,21,0.20380240327726976,12.608668398278851,0.012194068153197402
2,d18,0.8562992050084688,0.5876211117391754,7.374630065308359,17,0.19802276002076405,7.962251177047535,0.007700435164037422
2,d19,0.2645924756622677,0.3094112672137011,10.747321363760815,19,0.20293452526955094,11.056732630974516,0.010693163385293674
2,d20,0.3706040861918495,0.1919625787356293,2.2361043084923105,6,0.2005280852664879,2.42806688722794,0.0023482268046180845
2,d21,0.3745034817816525,0.9857688480178474,2.089535576881735,6,0.20068904590249648,3.0753044248995822,0.002974181774355653
2,d22,0.4867821130034347,0.8524396209435144,16.66002694843651,33,0.2005982129411985,17.512466569380024,0.016936618850786934
2,d23,0.7928511758762783,0.6658927728842667,9.245767321369643,22,0.20397861941541848,9.911660094253909,0.009585743306339758
2,d24,0.6645978847235158,0.6980691261430666,8.727807576092609,16,0.1981937548946564,9.425876702235675,0.009115933521289787
2,d25,0.74418885648056,0.3295363735742088,2.9929397923876024,6,0.2004720899817456,3.3224761659618114,0.00321322597480974
2,d26,0.2917319320962545,0.4258718268257104,13.125886945286483,24,0.19861138002970366,13.551758772112194,0.013106147678955888
2,d27,0.4515461287328163,0.4554322151331479,0.6764768106553986,3,0.19929288181831342,1.1319090257885465,0.0010946894126876185
2,d28,0.3547776989927841,0.688988609150576,10.811651340791089,21,0.1996296337609138,11.500639949941664,0.011122474073004953
2,d29,1.0,0.9885882560521442,3.259768984419887,6,0.11824994115470878,4.248357240472031,0.004108662080169957
2,d30,1.0,0.0234537744007987,9.748807783719759,18,0.06892665450824571,9.772261558120558,0.009450928495102588
2,d31,0.7482226586022307,0.7780081544782027,16.222564120700152,39,0.19406521480361447,17.000572275178357,0.016441556746403248
2,d32,0.4344981479828095,0.4098458376430103,19.48645746070859,39,0.19863892531377275,19.8963032983516,0.019242069880266194
2,d33,0.2094030343609957,0.9000735037389241,4.485021700795812,12,0.2003876934841542,5.3850952045347364,0.005208021645213293
2,d34,0.7158303170117369,0.1904041414108747,16.93542198487188,28,0.19929584300828335,17.125826126282753,0.016562691980400356
2,d35,0.3658120032268632,0.0730273189076899,5.790872029232468,14,0.20078919776117443,5.8638993481401585,0.005671081674609801
2,d36,0.4140482222139993,0.6283400454437265,22.219136004574125,47,0.20734537991415997,22.84747605001785,0.02209620169886408
2,d37,0.2821213165850166,0.2041415713138661,16.317064271449116,26,0.20147213972131078,16.52120584276298,0.01597795291746711
2,d38,0.5639718259096396,0.4468174574773836,25.66965452456462,56,0.19265665788358527,26.116471982042004,0.02525770598531744
2,d39,1.0,0.1273734868813091,6.86634478634938,11,0.018048442868015737,6.993718273230689,0.006763749713623882
2,d40,1.0,0.3017682512486745,4.057710247065457,8,0.1311470206075253,4.3594784983141315,0.004216129431090262
2,d41,0.9000735673961687,0.2469737301341866,12.002981574431075,24,0.20452907690773037,12.249955304565262,0.011847150320638263
2,d42,0.7357815987985836,0.8495861051218173,0.4221998201469488,1,0.19986928624592126,1.271785925268766,0.0012299668576517965
2,d43,0.6396428866509466,0.2179595435495449,29.05033081699476,60,0.20099027004065506,29.268290360544302,0.028305885769251127
2,d44,1.0,0.6823319381851302,20.900697141182984,41,0.16879073172975215,21.583029079368114,0.02087333247515513
2,d45,0.5030794458486493,0.1861247600403534,7.273709829195929,18,0.20236178587044792,7.459834589236283,0.007214539118591132
2,d46,1.0,0.6538686303833499,10.186518361694917,20,0.024553461341702686,10.840386992078267,0.010483931658198052
2,d47,0.8743192461462838,0.1391328076011917,11.870439225332738,31,0.19675074185748861,12.00957203293393,0.011614671370080633
2,d48,0.4205459956643096,0.484017762343897,7.300250854529924,15,0.19768326572788747,7.784268616873821,0.0075283050547917
2,d49,0.4509652227320426,0.8138284459558288,5.4911038216191015,14,0.20414703328504533,6.30493226757493,0.00609761247925253
2,d50,0.9066151143844396,0.1464049330716936,2.40441040367531,7,0.1990449103042864,2.5508153367470037,0.002466939020044346
2,d51,0.8344371556795653,0.3660915419148296,12.079164253183617,25,0.19680503028707175,12.445255795098447,0.012036028909295542
2,d52,1.0,0.6024049540095762,0.6310752814845952,1,0.1335817436841279,1.2334802354941714,0.0011929207416772971
2,d53,0.2153435184241378,0.043445465085906,5.540627777714628,14,0.19751449228452592,5.584073242800534,0.005400456855892151
2,d54,0.8671007577243941,0.4878484261523147,9.043498644292601,17,0.20071627217872914,9.531347070444916,0.009217935796031335
2,d55,1.0,0.2676511989587375,7.704915740399356,14,0.03345277901737954,7.972566939358093,0.007710411721806544
2,d56,1.0,0.2352217504365444,6.111446822419712,10,0.11524289073959956,6.346668572856256,0.006137976404687559
2,d57,1.0,0.5031062205331591,17.449765492004012,30,0.09985369783949613,17.95287171253717,0.017362542521791716
2,d58,1.0,0.7652957803972872,12.092461026812286,22,0.18614721932975187,12.857756807209572,0.01243496599734146
2,d59,1.0,0.2785415708873054,0.586622407910269,2,0.11735549333924244,0.8651639787975745,0.0008367155188718553
2,d60,0.2530691010978995,0.6341458655587995,15.372323923962288,30,0.20434445577999436,16.006469789521088,0.015480142497217155
2,d61,0.3068950431605513,0.8878624212898746,20.402828798435834,42,0.19919180661396638,21.29069121972571,0.020590607315635036
2,d62,0.6810361814027525,0.4980689154368473,3.6785618497827355,7,0.2003224718454232,4.176630765219583,0.0040392941263155775
2,d63,1.0,0.5868707054277651,8.933465273105288,22,0.04387198625011938,9.520335978533053,0.009207286772599748
2,d64,0.454208034357211,0.8659825989947968,1.4682858723470162,2,0.20079290903707955,2.334268471341813,0.0022575126832019387
2,d65,0.928807609223443,0.8262963710263229,29.61842532266549,54,0.19350566318302162,30.444721693691815,0.029443633499686792
2,d66,0.965144931399964,0.7694785527235976,37.34225661322925,71,0.20016379100532575,38.11173516595285,0.03685853901223052
2,d67,0.3760745289285016,0.9169920807946326,18.86614256612966,36,0.19003580596187805,19.783134646924292,0.019132622458483062
2,d68,0.6733699804701081,0.3277302362645178,4.4155169694807475,12,0.20181951529290454,4.7432472057452655,0.004587278994680857
2,d69,0.6738333218056984,0.7957833956176842,2.025836087977634,5,0.19813765943885228,2.821619483595318,0.002728838541748604
2,d70,1.0,0.10508190786601,5.68318570816296,11,0.08081687782049628,5.78826761602897,0.005597936877175515
2,d71,1.0,0.5430077933202487,5.608649669832472,9,0.10906177647987199,6.151657463152721,0.00594937768139334
2,d72,1.0,0.4363575029985441,3.851552761912197,8,0.07362027806811439,4.2879102649107415,0.004146914515751224
2,d73,0.2674677422714061,0.8436386228790356,7.797022607232708,23,0.19693454413181175,8.640661230111743,0.008356537629545078
2,d74,0.696608869306429,0.3615195821952451,10.200073947529667,17,0.2003922351377092,10.561593529724911,0.010214305526935311
2,d75,0.7746293793880668,0.365584666592786,24.67529747744626,54,0.20157524629089232,25.040882144039045,0.024217483863900956
2,d76,0.9060377125073252,0.1129787309299515,3.339088825202505,7,0.20174406027053807,3.4520675561324565,0.003338556120221777
2,d77,0.4542711304075597,0.2887596219715777,0.4913208684868736,2,0.19511943895175388,0.7800804904584513,0.0007544297593652709
2,d78,0.7368160302349912,0.8539911936979437,1.6830048506545119,3,0.19836485436862203,2.5369960443524557,0.0024535741358261928
2,d79,0.4682169375493792,0.6092329103607209,19.132397219888805,39,0.19948981344939068,19.741630130249526,0.019092482699944666
2,d80,0.9971016943513752,0.9025653819796856,12.29420538861045,28,0.20889998295830184,13.196770770590136,0.012762832449512769
2,d81,1.0,0.8673533346226489,3.6119563121497014,7,0.1993154092876756,4.47930964677235,0.004332020272614407
2,d82,0.911487033605863,0.2413743301854386,6.220761499209874,14,0.1972786701387799,6.462135829395312,0.006249646848482574
2,d83,1.0,0.9834214774010058,3.119967544999006,5,0.1958841929627617,4.103389022400012,0.0039684607301638695
2,d84,0.8112706779071959,0.8926937029287524,13.53174017211645,32,0.1984989816106342,14.424433875045203,0.013950127339981496
2,d85,1.0,0.4427630638911477,9.963640215932525,16,0.004769842510564164,10.406403279823673,0.010064218267580806
2,d86,0.3435155109136522,0.4624106724908055,8.771531688640515,17,0.19921327613438555,9.23394236113132,0.008930310395798991
2,d87,1.0,0.270694995865657,7.39034865350214,19,0.01142486370401397,7.661043649367797,0.00740913199031892
2,d88,1.0,0.0920662406924429,15.804958096538694,28,0.05683006723407163,15.897024337231137,0.01537429584774358
2,d89,0.6100009917072433,0.4545954163571419,32.861921333381645,65,0.20385548488994573,33.31651674973879,0.03222099773271178
2,d90,1.0,0.2367012264626057,15.975563207634995,29,0.0901297860048801,16.2122644340976,0.01567917016947092
2,d91,1.0,0.397035394488437,0.6595869025805066,1,0.197680263667789,1.0566222970689436,0.0010218782741883744
2,d92,0.7305900956354335,0.2328557197307569,0.0,0,0.0,0.2328557197307569,0.0002251989208191313
2,d93,1.0,0.3530180492575545,4.359469042066079,6,0.07656124292772869,4.712487091323633,0.004557530339247208
2,d94,0.3303922567881379,0.0547321770051526,8.991570470878079,22,0.1984560390869846,9.046302647883232,0.008748840681526393
2,d95,0.7304011260016313,0.6835341219591398,0.922756377660167,2,0.20098588689536123,1.6062904996193068,0.0015534721992423155
2,d96,0.5455306175895897,0.7282142121533487,14.26564081552891,33,0.20685810787787484,14.993855027682258,0.01450082469546721
2,d97,0.2042710944505345,0.6829353338644084,8.676959721363467,16,0.20089980450348605,9.359895055227875,0.00905212149332154
2,d98,0.7338480167445093,0.4716822415158711,2.0444143647915647,6,0.20047991826977044,2.516096606307436,0.002433361916435977
2,d99,0.7414739621638828,0.4733438217980411,3.4452195015596985,9,0.20087854665662264,3.9185633233577395,0.0037897124992331975
2,d100,0.5482105918290328,0.5991346407809729,11.646244617908401,23,0.19632375936725002,12.245379258689374,0.011842724745032646
3,d1,0.9544398189618224,0.6113047022702557,13.722392928860307,24,0.30387385804472117,14.333697631130562,0.01386237469970972
3,d2,1.0,0.4939656381711477,5.332503341026566,10,0.13651802906861507,5.826468979197713,0.005634882097028253
3,d3,0.7884693494414028,0.3244126329386243,6.873596928151602,12,0.29877129134402597,7.198009561090226,0.00696132346277599
3,d4,1.0,0.4488741264327569,17.207128818054557,38,0.14983890323510748,17.656002944487312,0.017075435439917006
3,d5,0.8976278055296032,0.3770782987358936,10.094709692964281,19,0.297660107809555,10.471787991700175,0.01012745298893394
3,d6,0.4245014614097485,0.9410440826651544,8.02115971482273,19,0.3045596811751052,8.962203797487884,0.00866750718294169
3,d7,0.3262212851512605,0.7786285541496077,15.825977785563417,35,0.29537796288377144,16.604606339713026,0.01605861102597587
3,d8,0.9274282350072957,0.7941431291160147,13.981701247823862,25,0.30433325311177123,14.775844376939876,0.01428998270571051
3,d9,0.8265792043051974,0.4446969168644754,5.417780334268802,13,0.30217760288900075,5.862477251133277,0.005669706339223493
3,d10,0.6143485732319948,0.6411853212437485,14.539372349008978,35,0.2923762816556136,15.180557670252727,0.014681388151969652
3,d11,0.3129658002609551,0.4343314804627135,3.2035348121743246,5,0.30072353755153924,3.637866292637038,0.0035182453930417447
3,d12,1.0,0.1936586649349718,11.758735404984524,23,0.12180056597462109,11.952394069919496,0.011559373541964684
3,d13,0.8061011772310379,0.8852114162040516,12.016537596142758,21,0.29981379301256944,12.901749012346809,0.012477511643773571
3,d14,0.8444230936121222,0.1744367993785583,2.0472183932657333,3,0.29874561804039185,2.221655192644292,0.002148602372293926
3,d15,0.6081433129804166,0.4069817224912835,4.425524317665656,13,0.29863885796332795,4.8325060401569395,0.004673602805864557
3,d16,0.785483917169024,0.195995144533855,4.359622076622027,9,0.300634094138668,4.555617221155882,0.004405818689167656
3,d17,0.76369814860184,0.7157943570835169,11.892874041195334,21,0.30380240327726976,12.608668398278851,0.012194068153197402
3,d18,0.9562992050084688,0.5876211117391754,7.374630065308359,17,0.298022760020764,7.962251177047535,0.007700435164037422
3,d19,0.3645924756622677,0.3094112672137011,10.747321363760815,19,0.30293452526955095,11.056732630974516,0.010693163385293674
3,d20,0.4706040861918494,0.1919625787356293,2.2361043084923105,6,0.30052808526648783,2.42806688722794,0.0023482268046180845
3,d21,0.4745034817816524,0.9857688480178474,2.089535576881735,6,0.3006890459024964,3.0753044248995822,0.002974181774355653
3,d22,0.5867821130034347,0.8524396209435144,16.66002694843651,33,0.30059821294119854,17.512466569380024,0.016936618850786934
3,d23,0.8928511758762783,0.6658927728842667,9.245767321369643,22,0.3039786194154184,9.911660094253909,0.009585743306339758
3,d24,0.7645978847235158,0.6980691261430666,8.727807576092609,16,0.2981937548946564,9.425876702235675,0.009115933521289787
3,d25,0.84418885648056,0.3295363735742088,2.9929397923876024,6,0.30047208998174557,3.3224761659618114,0.00321322597480974
3,d26,0.3917319320962545,0.4258718268257104,13.125886945286483,24,0.2986113800297037,13.551758772112194,0.013106147678955888
3,d27,0.5515461287328163,0.4554322151331479,0.6764768106553986,3,0.2992928818183134,1.1319090257885465,0.0010946894126876185
3,d28,0.4547776989927841,0.688988609150576,10.811651340791089,21,0.2996296337609138,11.500639949941664,0.011122474073004953
3,d29,1.0,0.9885882560521442,3.259768984419887,6,0.11824994115470878,4.248357240472031,0.004108662080169957
3,d30,1.0,0.0234537744007987,9.748807783719759,18,0.06892665450824571,9.772261558120558,0.009450928495102588
3,d31,0.8482226586022307,0.7780081544782027,16.222564120700152,39,0.2940652148036144,17.000572275178357,0.016441556746403248
3,d32,0.5344981479828095,0.4098458376430103,19.48645746070859,39,0.29863892531377273,19.8963032983516,0.019242069880266194
3,d33,0.3094030343609958,0.9000735037389241,4.485021700795812,12,0.30038769348415434,5.3850952045347364,0.005208021645213293
3,d34,0.8158303170117369,0.1904041414108747,16.93542198487188,28,0.2992958430082833,17.125826126282753,0.016562691980400356
3,d35,0.4658120032268632,0.0730273189076899,5.790872029232468,14,0.30078919776117446,5.8638993481401585,0.005671081674609801
3,d36,0.5140482222139993,0.6283400454437265,22.219136004574125,47,0.30734537991415994,22.84747605001785,0.02209620169886408
3,d37,0.3821213165850167,0.2041415713138661,16.317064271449116,26,0.30147213972131087,16.52120584276298,0.01597795291746711
3,d38,0.6639718259096395,0.4468174574773836,25.66965452456462,56,0.29265665788358525,26.116471982042004,0.02525770598531744
3,d39,1.0,0.1273734868813091,6.86634478634938,11,0.018048442868015737,6.993718273230689,0.006763749713623882
3,d40,1.0,0.3017682512486745,4.057710247065457,8,0.1311470206075253,4.3594784983141315,0.004216129431090262
3,d41,1.0,0.2469737301341866,12.002981574431075,24,0.30445550951156164,12.249955304565262,0.011847150320638263
3,d42,0.8357815987985836,0.8495861051218173,0.4221998201469488,1,0.29986928624592124,1.271785925268766,0.0012299668576517965
3,d43,0.7396428866509466,0.2179595435495449,29.05033081699476,60,0.30099027004065504,29.268290360544302,0.028305885769251127
3,d44,1.0,0.6823319381851302,20.900697141182984,41,0.16879073172975215,21.583029079368114,0.02087333247515513
3,d45,0.6030794458486493,0.1861247600403534,7.273709829195929,18,0.3023617858704479,7.459834589236283,0.007214539118591132
3,d46,1.0,0.6538686303833499,10.186518361694917,20,0.024553461341702686,10.840386992078267,0.010483931658198052
3,d47,0.9743192461462836,0.1391328076011917,11.870439225332738,31,0.29675074185748845,12.00957203293393,0.011614671370080633
3,d48,0.5205459956643096,0.484017762343897,7.300250854529924,15,0.2976832657278875,7.784268616873821,0.0075283050547917
3,d49,0.5509652227320426,0.8138284459558288,5.4911038216191015,14,0.30414703328504533,6.30493226757493,0.00609761247925253
3,d50,1.0,0.1464049330716936,2.40441040367531,7,0.29242979591984675,2.5508153367470037,0.002466939020044346
3,d51,0.9344371556795652,0.3660915419148296,12.079164253183617,25,0.2968050302870716,12.445255795098447,0.012036028909295542
3,d52,1.0,0.6024049540095762,0.6310752814845952,1,0.1335817436841279,1.2334802354941714,0.0011929207416772971
3,d53,0.3153435184241379,0.043445465085906,5.540627777714628,14,0.29751449228452603,5.584073242800534,0.005400456855892151
3,d54,0.967100757724394,0.4878484261523147,9.043498644292601,17,0.30071627217872904,9.531347070444916,0.009217935796031335
3,d55,1.0,0.2676511989587375,7.704915740399356,14,0.03345277901737954,7.972566939358093,0.007710411721806544
3,d56,1.0,0.2352217504365444,6.111446822419712,10,0.11524289073959956,6.346668572856256,0.006137976404687559
3,d57,1.0,0.5031062205331591,17.449765492004012,30,0.09985369783949613,17.95287171253717,0.017362542521791716
3,d58,1.0,0.7652957803972872,12.092461026812286,22,0.18614721932975187,12.857756807209572,0.01243496599734146
3,d59,1.0,0.2785415708873054,0.586622407910269,2,0.11735549333924244,0.8651639787975745,0.0008367155188718553
3,d60,0.3530691010978996,0.6341458655587995,15.372323923962288,30,0.30434445577999447,16.006469789521088,0.015480142497217155
3,d61,0.4068950431605513,0.8878624212898746,20.402828798435834,42,0.2991918066139664,21.29069121972571,0.020590607315635036
3,d62,0.7810361814027524,0.4980689154368473,3.6785618497827355,7,0.30032247184542316,4.176630765219583,0.0040392941263155775
3,d63,1.0,0.5868707054277651,8.933465273105288,22,0.04387198625011938,9.520335978533053,0.009207286772599748
3,d64,0.554208034357211,0.8659825989947968,1.4682858723470162,2,0.30079290903707956,2.334268471341813,0.0022575126832019387
3,d65,1.0,0.8262963710263229,29.61842532266549,54,0.2646980539595787,30.444721693691815,0.029443633499686792
3,d66,1.0,0.7694785527235976,37.34225661322925,71,0.23501885960536173,38.11173516595285,0.03685853901223052
3,d67,0.4760745289285015,0.9169920807946326,18.86614256612966,36,0.29003580596187795,19.783134646924292,0.019132622458483062
3,d68,0.7733699804701081,0.3277302362645178,4.4155169694807475,12,0.3018195152929045,4.7432472057452655,0.004587278994680857
3,d69,0.7738333218056984,0.7957833956176842,2.025836087977634,5,0.29813765943885223,2.821619483595318,0.002728838541748604
3,d70,1.0,0.10508190786601,5.68318570816296,11,0.08081687782049628,5.78826761602897,0.005597936877175515
3,d71,1.0,0.5430077933202487,5.608649669832472,9,0.10906177647987199,6.151657463152721,0.00594937768139334
3,d72,1.0,0.4363575029985441,3.851552761912197,8,0.07362027806811439,4.2879102649107415,0.004146914515751224
3,d73,0.3674677422714061,0.8436386228790356,7.797022607232708,23,0.2969345441318118,8.640661230111743,0.008356537629545078
3,d74,0.7966088693064289,0.3615195821952451,10.200073947529667,17,0.30039223513770924,10.561593529724911,0.010214305526935311
3,d75,0.8746293793880667,0.365584666592786,24.67529747744626,54,0.30157524629089233,25.040882144039045,0.024217483863900956
3,d76,1.0,0.1129787309299515,3.339088825202505,7,0.29570634776321286,3.4520675561324565,0.003338556120221777
3,d77,0.5542711304075597,0.2887596219715777,0.4913208684868736,2,0.2951194389517539,0.7800804904584513,0.0007544297593652709
3,d78,0.8368160302349912,0.8539911936979437,1.6830048506545119,3,0.298364854368622,2.5369960443524557,0.0024535741358261928
3,d79,0.5682169375493792,0.6092329103607209,19.132397219888805,39,0.2994898134493907,19.741630130249526,0.019092482699944666
3,d80,1.0,0.9025653819796856,12.29420538861045,28,0.21179828860692668,13.196770770590136,0.012762832449512769
3,d81,1.0,0.8673533346226489,3.6119563121497014,7,0.1993154092876756,4.47930964677235,0.004332020272614407
3,d82,1.0,0.2413743301854386,6.220761499209874,14,0.28579163653291684,6.462135829395312,0.006249646848482574
3,d83,1.0,0.9834214774010058,3.119967544999006,5,0.1958841929627617,4.103389022400012,0.0039684607301638695
3,d84,0.9112706779071958,0.8926937029287524,13.53174017211645,32,0.2984989816106342,14.424433875045203,0.013950127339981496
3,d85,1.0,0.4427630638911477,9.963640215932525,16,0.004769842510564164,10.406403279823673,0.010064218267580806
3,d86,0.4435155109136522,0.4624106724908055,8.771531688640515,17,0.2992132761343856,9.23394236113132,0.008930310395798991
3,d87,1.0,0.270694995865657,7.39034865350214,19,0.01142486370401397,7.661043649367797,0.00740913199031892
3,d88,1.0,0.0920662406924429,15.804958096538694,28,0.05683006723407163,15.897024337231137,0.01537429584774358
3,d89,0.7100009917072433,0.4545954163571419,32.861921333381645,65,0.3038554848899457,33.31651674973879,0.03222099773271178
3,d90,1.0,0.2367012264626057,15.975563207634995,29,0.0901297860048801,16.2122644340976,0.01567917016947092
3,d91,1.0,0.397035394488437,0.6595869025805066,1,0.197680263667789,1.0566222970689436,0.0010218782741883744
3,d92,0.8305900956354335,0.2328557197307569,0.0,0,0.0,0.2328557197307569,0.0002251989208191313
3,d93,1.0,0.3530180492575545,4.359469042066079,6,0.07656124292772869,4.712487091323633,0.004557530339247208
3,d94,0.430392256788138,0.0547321770051526,8.991570470878079,22,0.29845603908698465,9.046302647883232,0.008748840681526393
3,d95,0.8304011260016313,0.6835341219591398,0.922756377660167,2,0.3009858868953612,1.6062904996193068,0.0015534721992423155
3,d96,0.6455306175895896,0.7282142121533487,14.26564081552891,33,0.3068581078778748,14.993855027682258,0.01450082469546721
3,d97,0.3042710944505346,0.6829353338644084,8.676959721363467,16,0.3008998045034861,9.359895055227875,0.00905212149332154
3,d98,0.8338480167445093,0.4716822415158711,2.0444143647915647,6,0.30047991826977044,2.516096606307436,0.002433361916435977
3,d99,0.8414739621638828,0.4733438217980411,3.4452195015596985,9,0.3008785466566226,3.9185633233577395,0.0037897124992331975
3,d100,0.6482105918290327,0.5991346407809729,11.646244617908401,23,0.29632375936725003,12.245379258689374,0.011842724745032646
4,d1,1.0,0.6113047022702557,13.722392928860307,24,0.3494340390828987,14.333697631130562,0.01386237469970972
4,d2,1.0,0.4939656381711477,5.332503341026566,10,0.13651802906861507,5.826468979197713,0.005634882097028253
4,d3,0.8884693494414028,0.3244126329386243,6.873596928151602,12,0.39877129134402595,7.198009561090226,0.00696132346277599
4,d4,1.0,0.4488741264327569,17.207128818054557,38,0.14983890323510748,17.656002944487312,0.017075435439917006
4,d5,0.9976278055296032,0.3770782987358936,10.094709692964281,19,0.39766010780955496,10.471787991700175,0.01012745298893394
4,d6,0.5245014614097485,0.9410440826651544,8.02115971482273,19,0.4045596811751052,8.962203797487884,0.00866750718294169
4,d7,0.4262212851512604,0.7786285541496077,15.825977785563417,35,0.3953779628837713,16.604606339713026,0.01605861102597587
4,d8,1.0,0.7941431291160147,13.981701247823862,25,0.3769050181044756,14.775844376939876,0.01428998270571051
4,d9,0.9265792043051974,0.4446969168644754,5.417780334268802,13,0.4021776028890007,5.862477251133277,0.005669706339223493
4,d10,0.7143485732319947,0.6411853212437485,14.539372349008978,35,0.39237628165561356,15.180557670252727,0.014681388151969652
4,d11,0.4129658002609551,0.4343314804627135,3.2035348121743246,5,0.4007235375515393,3.637866292637038,0.0035182453930417447
4,d12,1.0,0.1936586649349718,11.758735404984524,23,0.12180056597462109,11.952394069919496,0.011559373541964684
4,d13,0.906101177231038,0.8852114162040516,12.016537596142758,21,0.39981379301256953,12.901749012346809,0.012477511643773571
4,d14,0.9444230936121222,0.1744367993785583,2.0472183932657333,3,0.3987456180403918,2.221655192644292,0.002148602372293926
4,d15,0.7081433129804166,0.4069817224912835,4.425524317665656,13,0.39863885796332793,4.8325060401569395,0.004673602805864557
4,d16,0.885483917169024,0.195995144533855,4.359622076622027,9,0.40063409413866796,4.555617221155882,0.004405818689167656
4,d17,0.86369814860184,0.7157943570835169,11.892874041195334,21,0.40380240327726974,12.608668398278851,0.012194068153197402
4,d18,1.0,0.5876211117391754,7.374630065308359,17,0.34172355501229523,7.962251177047535,0.007700435164037422
4,d19,0.4645924756622677,0.3094112672137011,10.747321363760815,19,0.4029345252695509,11.056732630974516,0.010693163385293674
4,d20,0.5706040861918494,0.1919625787356293,2.2361043084923105,6,0.40052808526648787,2.42806688722794,0.0023482268046180845
4,d21,0.5745034817816524,0.9857688480178474,2.089535576881735,6,0.4006890459024964,3.0753044248995822,0.002974181774355653
4,d22,0.6867821130034347,0.8524396209435144,16.66002694843651,33,0.4005982129411985,17.512466569380024,0.016936618850786934
4,d23,0.9928511758762782,0.6658927728842667,9.245767321369643,22,0.4039786194154184,9.911660094253909,0.009585743306339758
4,d24,0.8645978847235157,0.6980691261430666,8.727807576092609,16,0.39819375489465636,9.425876702235675,0.009115933521289787
4,d25,0.94418885648056,0.3295363735742088,2.9929397923876024,6,0.40047208998174555,3.3224761659618114,0.00321322597480974
4,d26,0.4917319320962545,0.4258718268257104,13.125886945286483,24,0.3986113800297037,13.551758772112194,0.013106147678955888
4,d27,0.6515461287328163,0.4554322151331479,0.6764768106553986,3,0.3992928818183134,1.1319090257885465,0.0010946894126876185
4,d28,0.5547776989927841,0.688988609150576,10.811651340791089,21,0.39962963376091376,11.500639949941664,0.011122474073004953
4,d29,1.0,0.9885882560521442,3.259768984419887,6,0.11824994115470878,4.248357240472031,0.004108662080169957
4,d30,1.0,0.0234537744007987,9.748807783719759,18,0.06892665450824571,9.772261558120558,0.009450928495102588
4,d31,0.9482226586022308,0.7780081544782027,16.222564120700152,39,0.3940652148036145,17.000572275178357,0.016441556746403248
4,d32,0.6344981479828095,0.4098458376430103,19.48645746070859,39,0.3986389253137727,19.8963032983516,0.019242069880266194
4,d33,0.4094030343609958,0.9000735037389241,4.485021700795812,12,0.4003876934841543,5.3850952045347364,0.005208021645213293
4,d34,0.9158303170117368,0.1904041414108747,16.93542198487188,28,0.3992958430082832,17.125826126282753,0.016562691980400356
4,d35,0.5658120032268632,0.0730273189076899,5.790872029232468,14,0.40078919776117444,5.8638993481401585,0.005671081674609801
4,d36,0.6140482222139992,0.6283400454437265,22.219136004574125,47,0.4073453799141599,22.84747605001785,0.02209620169886408
4,d37,0.4821213165850166,0.2041415713138661,16.317064271449116,26,0.40147213972131074,16.52120584276298,0.01597795291746711
4,d38,0.7639718259096395,0.4468174574773836,25.66965452456462,56,0.3926566578835852,26.116471982042004,0.02525770598531744
4,d39,1.0,0.1273734868813091,6.86634478634938,11,0.018048442868015737,6.993718273230689,0.006763749713623882
4,d40,1.0,0.3017682512486745,4.057710247065457,8,0.1311470206075253,4.3594784983141315,0.004216129431090262
4,d41,1.0,0.2469737301341866,12.002981574431075,24,0.30445550951156164,12.249955304565262,0.011847150320638263
4,d42,0.9357815987985836,0.8495861051218173,0.4221998201469488,1,0.3998692862459212,1.271785925268766,0.0012299668576517965
4,d43,0.8396428866509466,0.2179595435495449,29.05033081699476,60,0.400990270040655,29.268290360544302,0.028305885769251127
4,d44,1.0,0.6823319381851302,20.900697141182984,41,0.16879073172975215,21.583029079368114,0.02087333247515513
4,d45,0.7030794458486492,0.1861247600403534,7.273709829195929,18,0.40236178587044785,7.459834589236283,0.007214539118591132
4,d46,1.0,0.6538686303833499,10.186518361694917,20,0.024553461341702686,10.840386992078267,0.010483931658198052
4,d47,1.0,0.1391328076011917,11.870439225332738,31,0.3224314957112049,12.00957203293393,0.011614671370080633
4,d48,0.6205459956643096,0.484017762343897,7.300250854529924,15,0.3976832657278875,7.784268616873821,0.0075283050547917
4,d49,0.6509652227320426,0.8138284459558288,5.4911038216191015,14,0.40414703328504537,6.30493226757493,0.00609761247925253
4,d50,1.0,0.1464049330716936,2.40441040367531,7,0.29242979591984675,2.5508153367470037,0.002466939020044346
4,d51,1.0,0.3660915419148296,12.079164253183617,25,0.3623678746075064,12.445255795098447,0.012036028909295542
4,d52,1.0,0.6024049540095762,0.6310752814845952,1,0.1335817436841279,1.2334802354941714,0.0011929207416772971
4,d53,0.4153435184241378,0.043445465085906,5.540627777714628,14,0.3975144922845259,5.584073242800534,0.005400456855892151
4,d54,1.0,0.4878484261523147,9.043498644292601,17,0.333615514454335,9.531347070444916,0.009217935796031335
4,d55,1.0,0.2676511989587375,7.704915740399356,14,0.03345277901737954,7.972566939358093,0.007710411721806544
4,d56,1.0,0.2352217504365444,6.111446822419712,10,0.11524289073959956,6.346668572856256,0.006137976404687559
4,d57,1.0,0.5031062205331591,17.449765492004012,30,0.09985369783949613,17.95287171253717,0.017362542521791716
4,d58,1.0,0.7652957803972872,12.092461026812286,22,0.18614721932975187,12.857756807209572,0.01243496599734146
4,d59,1.0,0.2785415708873054,0.586622407910269,2,0.11735549333924244,0.8651639787975745,0.0008367155188718553
4,d60,0.4530691010978995,0.6341458655587995,15.372323923962288,30,0.40434445577999434,16.006469789521088,0.015480142497217155
4,d61,0.5068950431605513,0.8878624212898746,20.402828798435834,42,0.39919180661396647,21.29069121972571,0.020590607315635036
4,d62,0.8810361814027524,0.4980689154368473,3.6785618497827355,7,0.4003224718454232,4.176630765219583,0.0040392941263155775
4,d63,1.0,0.5868707054277651,8.933465273105288,22,0.04387198625011938,9.520335978533053,0.009207286772599748
4,d64,0.654208034357211,0.8659825989947968,1.4682858723470162,2,0.40079290903707954,2.334268471341813,0.0022575126832019387
4,d65,1.0,0.8262963710263229,29.61842532266549,54,0.2646980539595787,30.444721693691815,0.029443633499686792
4,d66,1.0,0.7694785527235976,37.34225661322925,71,0.23501885960536173,38.11173516595285,0.03685853901223052
4,d67,0.5760745289285015,0.9169920807946326,18.86614256612966,36,0.39003580596187803,19.783134646924292,0.019132622458483062
4,d68,0.873369980470108,0.3277302362645178,4.4155169694807475,12,0.4018195152929045,4.7432472057452655,0.004587278994680857
4,d69,0.8738333218056984,0.7957833956176842,2.025836087977634,5,0.39813765943885226,2.821619483595318,0.002728838541748604
4,d70,1.0,0.10508190786601,5.68318570816296,11,0.08081687782049628,5.78826761602897,0.005597936877175515
4,d71,1.0,0.5430077933202487,5.608649669832472,9,0.10906177647987199,6.151657463152721,0.00594937768139334
4,d72,1.0,0.4363575029985441,3.851552761912197,8,0.07362027806811439,4.2879102649107415,0.004146914515751224
4,d73,0.4674677422714061,0.8436386228790356,7.797022607232708,23,0.39693454413181173,8.640661230111743,0.008356537629545078
4,d74,0.8966088693064289,0.3615195821952451,10.200073947529667,17,0.40039223513770916,10.561593529724911,0.010214305526935311
4,d75,0.9746293793880668,0.365584666592786,24.67529747744626,54,0.4015752462908924,25.040882144039045,0.024217483863900956
4,d76,1.0,0.1129787309299515,3.339088825202505,7,0.29570634776321286,3.4520675561324565,0.003338556120221777
4,d77,0.6542711304075597,0.2887596219715777,0.4913208684868736,2,0.3951194389517539,0.7800804904584513,0.0007544297593652709
4,d78,0.9368160302349912,0.8539911936979437,1.6830048506545119,3,0.398364854368622,2.5369960443524557,0.0024535741358261928
4,d79,0.6682169375493792,0.6092329103607209,19.132397219888805,39,0.3994898134493906,19.741630130249526,0.019092482699944666
4,d80,1.0,0.9025653819796856,12.29420538861045,28,0.21179828860692668,13.196770770590136,0.012762832449512769
4,d81,1.0,0.8673533346226489,3.6119563121497014,7,0.1993154092876756,4.47930964677235,0.004332020272614407
4,d82,1.0,0.2413743301854386,6.220761499209874,14,0.28579163653291684,6.462135829395312,0.006249646848482574
4,d83,1.0,0.9834214774010058,3.119967544999006,5,0.1958841929627617,4.103389022400012,0.0039684607301638695
4,d84,1.0,0.8926937029287524,13.53174017211645,32,0.38722830370343836,14.424433875045203,0.013950127339981496
4,d85,1.0,0.4427630638911477,9.963640215932525,16,0.004769842510564164,10.406403279823673,0.010064218267580806
4,d86,0.5435155109136522,0.4624106724908055,8.771531688640515,17,0.3992132761343856,9.23394236113132,0.008930310395798991
4,d87,1.0,0.270694995865657,7.39034865350214,19,0.01142486370401397,7.661043649367797,0.00740913199031892
4,d88,1.0,0.0920662406924429,15.804958096538694,28,0.05683006723407163,15.897024337231137,0.01537429584774358
4,d89,0.8100009917072433,0.4545954163571419,32.861921333381645,65,0.4038554848899457,33.31651674973879,0.03222099773271178
4,d90,1.0,0.2367012264626057,15.975563207634995,29,0.0901297860048801,16.2122644340976,0.01567917016947092
4,d91,1.0,0.397035394488437,0.6595869025805066,1,0.197680263667789,1.0566222970689436,0.0010218782741883744
4,d92,0.9305900956354336,0.2328557197307569,0.0,0,0.0,0.2328557197307569,0.0002251989208191313
4,d93,1.0,0.3530180492575545,4.359469042066079,6,0.07656124292772869,4.712487091323633,0.004557530339247208
4,d94,0.530392256788138,0.0547321770051526,8.991570470878079,22,0.3984560390869847,9.046302647883232,0.008748840681526393
4,d95,0.9304011260016312,0.6835341219591398,0.922756377660167,2,0.4009858868953611,1.6062904996193068,0.0015534721992423155
4,d96,0.7455306175895896,0.7282142121533487,14.26564081552891,33,0.4068581078778748,14.993855027682258,0.01450082469546721
4,d97,0.4042710944505345,0.6829353338644084,8.676959721363467,16,0.400899804503486,9.359895055227875,0.00905212149332154
4,d98,0.9338480167445092,0.4716822415158711,2.0444143647915647,6,0.4004799182697704,2.516096606307436,0.002433361916435977
4,d99,0.9414739621638828,0.4733438217980411,3.4452195015596985,9,0.4008785466566226,3.9185633233577395,0.0037897124992331975
4,d100,0.7482105918290327,0.5991346407809729,11.646244617908401,23,0.39632375936725,12.245379258689374,0.011842724745032646
5,d1,1.0,0.6113047022702557,13.722392928860307,24,0.3494340390828987,14.333697631130562,0.01386237469970972
5,d2,1.0,0.4939656381711477,5.332503341026566,10,0.13651802906861507,5.826468979197713,0.005634882097028253
5,d3,0.9884693494414027,0.3244126329386243,6.873596928151602,12,0.49877129134402587,7.198009561090226,0.00696132346277599
5,d4,1.0,0.4488741264327569,17.207128818054557,38,0.14983890323510748,17.656002944487312,0.017075435439917006
5,d5,1.0,0.3770782987358936,10.094709692964281,19,0.4000323022799518,10.471787991700175,0.01012745298893394
5,d6,0.6245014614097485,0.9410440826651544,8.02115971482273,19,0.5045596811751052,8.962203797487884,0.00866750718294169
5,d7,0.5262212851512604,0.7786285541496077,15.825977785563417,35,0.49537796288377134,16.604606339713026,0.01605861102597587
5,d8,1.0,0.7941431291160147,13.981701247823862,25,0.3769050181044756,14.775844376939876,0.01428998270571051
5,d9,1.0,0.4446969168644754,5.417780334268802,13,0.4755983985838034,5.862477251133277,0.005669706339223493
5,d10,0.8143485732319947,0.6411853212437485,14.539372349008978,35,0.4923762816556136,15.180557670252727,0.014681388151969652
5,d11,0.5129658002609551,0.4343314804627135,3.2035348121743246,5,0.5007235375515393,3.637866292637038,0.0035182453930417447
5,d12,1.0,0.1936586649349718,11.758735404984524,23,0.12180056597462109,11.952394069919496,0.011559373541964684
5,d13,1.0,0.8852114162040516,12.016537596142758,21,0.4937126157815315,12.901749012346809,0.012477511643773571
5,d14,1.0,0.1744367993785583,2.0472183932657333,3,0.45432252442826965,2.221655192644292,0.002148602372293926
5,d15,0.8081433129804165,0.4069817224912835,4.425524317665656,13,0.4986388579633279,4.8325060401569395,0.004673602805864557
5,d16,0.985483917169024,0.195995144533855,4.359622076622027,9,0.5006340941386679,4.555617221155882,0.004405818689167656
5,d17,0.96369814860184,0.7157943570835169,11.892874041195334,21,0.5038024032772698,12.608668398278851,0.012194068153197402
5,d18,1.0,0.5876211117391754,7.374630065308359,17,0.34172355501229523,7.962251177047535,0.007700435164037422
5,d19,0.5645924756622677,0.3094112672137011,10.747321363760815,19,0.502934525269551,11.056732630974516,0.010693163385293674
5,d20,0.6706040861918494,0.1919625787356293,2.2361043084923105,6,0.5005280852664878,2.42806688722794,0.0023482268046180845
5,d21,0.6745034817816524,0.9857688480178474,2.089535576881735,6,0.5006890459024964,3.0753044248995822,0.002974181774355653
5,d22,0.7867821130034347,0.8524396209435144,16.66002694843651,33,0.5005982129411984,17.512466569380024,0.016936618850786934
5,d23,1.0,0.6658927728842667,9.245767321369643,22,0.41112744353914016,9.911660094253909,0.009585743306339758
5,d24,0.9645978847235156,0.6980691261430666,8.727807576092609,16,0.4981937548946562,9.425876702235675,0.009115933521289787
5,d25,1.0,0.3295363735742088,2.9929397923876024,6,0.45628323350118566,3.3224761659618114,0.00321322597480974
5,d26,0.5917319320962545,0.4258718268257104,13.125886945286483,24,0.4986113800297037,13.551758772112194,0.013106147678955888
5,d27,0.7515461287328162,0.4554322151331479,0.6764768106553986,3,0.4992928818183134,1.1319090257885465,0.0010946894126876185
5,d28,0.654777698992784,0.688988609150576,10.811651340791089,21,0.49962963376091374,11.500639949941664,0.011122474073004953
5,d29,1.0,0.9885882560521442,3.259768984419887,6,0.11824994115470878,4.248357240472031,0.004108662080169957
5,d30,1.0,0.0234537744007987,9.748807783719759,18,0.06892665450824571,9.772261558120558,0.009450928495102588
5,d31,1.0,0.7780081544782027,16.222564120700152,39,0.44584255620138374,17.000572275178357,0.016441556746403248
5,d32,0.7344981479828094,0.4098458376430103,19.48645746070859,39,0.49863892531377274,19.8963032983516,0.019242069880266194
5,d33,0.5094030343609958,0.9000735037389241,4.485021700795812,12,0.5003876934841542,5.3850952045347364,0.005208021645213293
5,d34,1.0,0.1904041414108747,16.93542198487188,28,0.4834655259965464,17.125826126282753,0.016562691980400356
5,d35,0.6658120032268632,0.0730273189076899,5.790872029232468,14,0.5007891977611744,5.8638993481401585,0.005671081674609801
5,d36,0.7140482222139992,0.6283400454437265,22.219136004574125,47,0.50734537991416,22.84747605001785,0.02209620169886408
5,d37,0.5821213165850166,0.2041415713138661,16.317064271449116,26,0.5014721397213108,16.52120584276298,0.01597795291746711
5,d38,0.8639718259096395,0.4468174574773836,25.66965452456462,56,0.4926566578835852,26.116471982042004,0.02525770598531744
5,d39,1.0,0.1273734868813091,6.86634478634938,11,0.018048442868015737,6.993718273230689,0.006763749713623882
5,d40,1.0,0.3017682512486745,4.057710247065457,8,0.1311470206075253,4.3594784983141315,0.004216129431090262
5,d41,1.0,0.2469737301341866,12.002981574431075,24,0.30445550951156164,12.249955304565262,0.011847150320638263
5,d42,1.0,0.8495861051218173,0.4221998201469488,1,0.46408768744733764,1.271785925268766,0.0012299668576517965
5,d43,0.9396428866509464,0.2179595435495449,29.05033081699476,60,0.5009902700406549,29.268290360544302,0.028305885769251127
5,d44,1.0,0.6823319381851302,20.900697141182984,41,0.16879073172975215,21.583029079368114,0.02087333247515513
5,d45,0.8030794458486492,0.1861247600403534,7.273709829195929,18,0.5023617858704479,7.459834589236283,0.007214539118591132
5,d46,1.0,0.6538686303833499,10.186518361694917,20,0.024553461341702686,10.840386992078267,0.010483931658198052
5,d47,1.0,0.1391328076011917,11.870439225332738,31,0.3224314957112049,12.00957203293393,0.011614671370080633
5,d48,0.7205459956643095,0.484017762343897,7.300250854529924,15,0.4976832657278874,7.784268616873821,0.0075283050547917
5,d49,0.7509652227320426,0.8138284459558288,5.4911038216191015,14,0.5041470332850453,6.30493226757493,0.00609761247925253
5,d50,1.0,0.1464049330716936,2.40441040367531,7,0.29242979591984675,2.5508153367470037,0.002466939020044346
5,d51,1.0,0.3660915419148296,12.079164253183617,25,0.3623678746075064,12.445255795098447,0.012036028909295542
5,d52,1.0,0.6024049540095762,0.6310752814845952,1,0.1335817436841279,1.2334802354941714,0.0011929207416772971
5,d53,0.5153435184241378,0.043445465085906,5.540627777714628,14,0.49751449228452593,5.584073242800534,0.005400456855892151
5,d54,1.0,0.4878484261523147,9.043498644292601,17,0.333615514454335,9.531347070444916,0.009217935796031335
5,d55,1.0,0.2676511989587375,7.704915740399356,14,0.03345277901737954,7.972566939358093,0.007710411721806544
5,d56,1.0,0.2352217504365444,6.111446822419712,10,0.11524289073959956,6.346668572856256,0.006137976404687559
5,d57,1.0,0.5031062205331591,17.449765492004012,30,0.09985369783949613,17.95287171253717,0.017362542521791716
5,d58,1.0,0.7652957803972872,12.092461026812286,22,0.18614721932975187,12.857756807209572,0.01243496599734146
5,d59,1.0,0.2785415708873054,0.586622407910269,2,0.11735549333924244,0.8651639787975745,0.0008367155188718553
5,d60,0.5530691010978995,0.6341458655587995,15.372323923962288,30,0.5043444557799944,16.006469789521088,0.015480142497217155
5,d61,0.6068950431605513,0.8878624212898746,20.402828798435834,42,0.49919180661396645,21.29069121972571,0.020590607315635036
5,d62,0.9810361814027524,0.4980689154368473,3.6785618497827355,7,0.5003224718454231,4.176630765219583,0.0040392941263155775
5,d63,1.0,0.5868707054277651,8.933465273105288,22,0.04387198625011938,9.520335978533053,0.009207286772599748
5,d64,0.754208034357211,0.8659825989947968,1.4682858723470162,2,0.5007929090370795,2.334268471341813,0.0022575126832019387
5,d65,1.0,0.8262963710263229,29.61842532266549,54,0.2646980539595787,30.444721693691815,0.029443633499686792
5,d66,1.0,0.7694785527235976,37.34225661322925,71,0.23501885960536173,38.11173516595285,0.03685853901223052
5,d67,0.6760745289285015,0.9169920807946326,18.86614256612966,36,0.49003580596187796,19.783134646924292,0.019132622458483062
5,d68,0.973369980470108,0.3277302362645178,4.4155169694807475,12,0.5018195152929045,4.7432472057452655,0.004587278994680857
5,d69,0.9738333218056984,0.7957833956176842,2.025836087977634,5,0.49813765943885224,2.821619483595318,0.002728838541748604
5,d70,1.0,0.10508190786601,5.68318570816296,11,0.08081687782049628,5.78826761602897,0.005597936877175515
5,d71,1.0,0.5430077933202487,5.608649669832472,9,0.10906177647987199,6.151657463152721,0.00594937768139334
5,d72,1.0,0.4363575029985441,3.851552761912197,8,0.07362027806811439,4.2879102649107415,0.004146914515751224
5,d73,0.5674677422714061,0.8436386228790356,7.797022607232708,23,0.49693454413181176,8.640661230111743,0.008356537629545078
5,d74,0.9966088693064288,0.3615195821952451,10.200073947529667,17,0.500392235137709,10.561593529724911,0.010214305526935311
5,d75,1.0,0.365584666592786,24.67529747744626,54,0.4269458669028256,25.040882144039045,0.024217483863900956
5,d76,1.0,0.1129787309299515,3.339088825202505,7,0.29570634776321286,3.4520675561324565,0.003338556120221777
5,d77,0.7542711304075597,0.2887596219715777,0.4913208684868736,2,0.49511943895175387,0.7800804904584513,0.0007544297593652709
5,d78,1.0,0.8539911936979437,1.6830048506545119,3,0.4615488241336308,2.5369960443524557,0.0024535741358261928
5,d79,0.7682169375493791,0.6092329103607209,19.132397219888805,39,0.4994898134493906,19.741630130249526,0.019092482699944666
5,d80,1.0,0.9025653819796856,12.29420538861045,28,0.21179828860692668,13.196770770590136,0.012762832449512769
5,d81,1.0,0.8673533346226489,3.6119563121497014,7,0.1993154092876756,4.47930964677235,0.004332020272614407
5,d82,1.0,0.2413743301854386,6.220761499209874,14,0.28579163653291684,6.462135829395312,0.006249646848482574
5,d83,1.0,0.9834214774010058,3.119967544999006,5,0.1958841929627617,4.103389022400012,0.0039684607301638695
5,d84,1.0,0.8926937029287524,13.53174017211645,32,0.38722830370343836,14.424433875045203,0.013950127339981496
5,d85,1.0,0.4427630638911477,9.963640215932525,16,0.004769842510564164,10.406403279823673,0.010064218267580806
5,d86,0.6435155109136522,0.4624106724908055,8.771531688640515,17,0.4992132761343856,9.23394236113132,0.008930310395798991
5,d87,1.0,0.270694995865657,7.39034865350214,19,0.01142486370401397,7.661043649367797,0.00740913199031892
5,d88,1.0,0.0920662406924429,15.804958096538694,28,0.05683006723407163,15.897024337231137,0.01537429584774358
5,d89,0.9100009917072432,0.4545954163571419,32.861921333381645,65,0.5038554848899457,33.31651674973879,0.03222099773271178
5,d90,1.0,0.2367012264626057,15.975563207634995,29,0.0901297860048801,16.2122644340976,0.01567917016947092
5,d91,1.0,0.397035394488437,0.6595869025805066,1,0.197680263667789,1.0566222970689436,0.0010218782741883744
5,d92,1.0,0.2328557197307569,0.0,0,0.0,0.2328557197307569,0.0002251989208191313
5,d93,1.0,0.3530180492575545,4.359469042066079,6,0.07656124292772869,4.712487091323633,0.004557530339247208
5,d94,0.6303922567881379,0.0547321770051526,8.991570470878079,22,0.49845603908698466,9.046302647883232,0.008748840681526393
5,d95,1.0,0.6835341219591398,0.922756377660167,2,0.4705847608937299,1.6062904996193068,0.0015534721992423155
5,d96,0.8455306175895896,0.7282142121533487,14.26564081552891,33,0.5068581078778748,14.993855027682258,0.01450082469546721
5,d97,0.5042710944505345,0.6829353338644084,8.676959721363467,16,0.500899804503486,9.359895055227875,0.00905212149332154
5,d98,1.0,0.4716822415158711,2.0444143647915647,6,0.46663190152526113,2.516096606307436,0.002433361916435977
5,d99,1.0,0.4733438217980411,3.4452195015596985,9,0.4594045844927398,3.9185633233577395,0.0037897124992331975
5,d100,0.8482105918290327,0.5991346407809729,11.646244617908401,23,0.49632375936724993,12.245379258689374,0.011842724745032646
6,d1,1.0,0.6113047022702557,13.722392928860307,24,0.3494340390828987,14.333697631130562,0.01386237469970972
6,d2,1.0,0.4939656381711477,5.332503341026566,10,0.13651802906861507,5.826468979197713,0.005634882097028253
6,d3,1.0,0.3244126329386243,6.873596928151602,12,0.5103019419026232,7.198009561090226,0.00696132346277599
6,d4,1.0,0.4488741264327569,17.207128818054557,38,0.14983890323510748,17.656002944487312,0.017075435439917006
6,d5,1.0,0.3770782987358936,10.094709692964281,19,0.4000323022799518,10.471787991700175,0.01012745298893394
6,d6,0.7245014614097485,0.9410440826651544,8.02115971482273,19,0.6045596811751052,8.962203797487884,0.00866750718294169
6,d7,0.6262212851512604,0.7786285541496077,15.825977785563417,35,0.5953779628837713,16.604606339713026,0.01605861102597587
6,d8,1.0,0.7941431291160147,13.981701247823862,25,0.3769050181044756,14.775844376939876,0.01428998270571051
6,d9,1.0,0.4446969168644754,5.417780334268802,13,0.4755983985838034,5.862477251133277,0.005669706339223493
6,d10,0.9143485732319948,0.6411853212437485,14.539372349008978,35,0.5923762816556136,15.180557670252727,0.014681388151969652
6,d11,0.612965800260955,0.4343314804627135,3.2035348121743246,5,0.6007235375515392,3.637866292637038,0.0035182453930417447
6,d12,1.0,0.1936586649349718,11.758735404984524,23,0.12180056597462109,11.952394069919496,0.011559373541964684
6,d13,1.0,0.8852114162040516,12.016537596142758,21,0.4937126157815315,12.901749012346809,0.012477511643773571
6,d14,1.0,0.1744367993785583,2.0472183932657333,3,0.45432252442826965,2.221655192644292,0.002148602372293926
6,d15,0.9081433129804164,0.4069817224912835,4.425524317665656,13,0.5986388579633277,4.8325060401569395,0.004673602805864557
6,d16,1.0,0.195995144533855,4.359622076622027,9,0.515150176969644,4.555617221155882,0.004405818689167656
6,d17,1.0,0.7157943570835169,11.892874041195334,21,0.5401042546754297,12.608668398278851,0.012194068153197402
6,d18,1.0,0.5876211117391754,7.374630065308359,17,0.34172355501229523,7.962251177047535,0.007700435164037422
6,d19,0.6645924756622676,0.3094112672137011,10.747321363760815,19,0.6029345252695508,11.056732630974516,0.010693163385293674
6,d20,0.7706040861918494,0.1919625787356293,2.2361043084923105,6,0.6005280852664878,2.42806688722794,0.0023482268046180845
6,d21,0.7745034817816524,0.9857688480178474,2.089535576881735,6,0.6006890459024964,3.0753044248995822,0.002974181774355653
6,d22,0.8867821130034347,0.8524396209435144,16.66002694843651,33,0.6005982129411985,17.512466569380024,0.016936618850786934
6,d23,1.0,0.6658927728842667,9.245767321369643,22,0.41112744353914016,9.911660094253909,0.009585743306339758
6,d24,1.0,0.6980691261430666,8.727807576092609,16,0.5335958701711406,9.425876702235675,0.009115933521289787
6,d25,1.0,0.3295363735742088,2.9929397923876024,6,0.45628323350118566,3.3224761659618114,0.00321322597480974
6,d26,0.6917319320962545,0.4258718268257104,13.125886945286483,24,0.5986113800297037,13.551758772112194,0.013106147678955888
6,d27,0.8515461287328162,0.4554322151331479,0.6764768106553986,3,0.5992928818183133,1.1319090257885465,0.0010946894126876185
6,d28,0.754777698992784,0.688988609150576,10.811651340791089,21,0.5996296337609137,11.500639949941664,0.011122474073004953
6,d29,1.0,0.9885882560521442,3.259768984419887,6,0.11824994115470878,4.248357240472031,0.004108662080169957
6,d30,1.0,0.0234537744007987,9.748807783719759,18,0.06892665450824571,9.772261558120558,0.009450928495102588
6,d31,1.0,0.7780081544782027,16.222564120700152,39,0.44584255620138374,17.000572275178357,0.016441556746403248
6,d32,0.8344981479828094,0.4098458376430103,19.48645746070859,39,0.5986389253137726,19.8963032983516,0.019242069880266194
6,d33,0.6094030343609957,0.9000735037389241,4.485021700795812,12,0.6003876934841542,5.3850952045347364,0.005208021645213293
6,d34,1.0,0.1904041414108747,16.93542198487188,28,0.4834655259965464,17.125826126282753,0.016562691980400356
6,d35,0.7658120032268632,0.0730273189076899,5.790872029232468,14,0.6007891977611743,5.8638993481401585,0.005671081674609801
6,d36,0.8140482222139992,0.6283400454437265,22.219136004574125,47,0.6073453799141599,22.84747605001785,0.02209620169886408
6,d37,0.6821213165850166,0.2041415713138661,16.317064271449116,26,0.6014721397213108,16.52120584276298,0.01597795291746711
6,d38,0.9639718259096396,0.4468174574773836,25.66965452456462,56,0.5926566578835853,26.116471982042004,0.02525770598531744
6,d39,1.0,0.1273734868813091,6.86634478634938,11,0.018048442868015737,6.993718273230689,0.006763749713623882
6,d40,1.0,0.3017682512486745,4.057710247065457,8,0.1311470206075253,4.3594784983141315,0.004216129431090262
6,d41,1.0,0.2469737301341866,12.002981574431075,24,0.30445550951156164,12.249955304565262,0.011847150320638263
6,d42,1.0,0.8495861051218173,0.4221998201469488,1,0.46408768744733764,1.271785925268766,0.0012299668576517965
6,d43,1.0,0.2179595435495449,29.05033081699476,60,0.5613473833897085,29.268290360544302,0.028305885769251127
6,d44,1.0,0.6823319381851302,20.900697141182984,41,0.16879073172975215,21.583029079368114,0.02087333247515513
6,d45,0.9030794458486492,0.1861247600403534,7.273709829195929,18,0.6023617858704478,7.459834589236283,0.007214539118591132
6,d46,1.0,0.6538686303833499,10.186518361694917,20,0.024553461341702686,10.840386992078267,0.010483931658198052
6,d47,1.0,0.1391328076011917,11.870439225332738,31,0.3224314957112049,12.00957203293393,0.011614671370080633
6,d48,0.8205459956643095,0.484017762343897,7.300250854529924,15,0.5976832657278874,7.784268616873821,0.0075283050547917
6,d49,0.8509652227320426,0.8138284459558288,5.4911038216191015,14,0.6041470332850453,6.30493226757493,0.00609761247925253
6,d50,1.0,0.1464049330716936,2.40441040367531,7,0.29242979591984675,2.5508153367470037,0.002466939020044346
6,d51,1.0,0.3660915419148296,12.079164253183617,25,0.3623678746075064,12.445255795098447,0.012036028909295542
6,d52,1.0,0.6024049540095762,0.6310752814845952,1,0.1335817436841279,1.2334802354941714,0.0011929207416772971
6,d53,0.6153435184241378,0.043445465085906,5.540627777714628,14,0.597514492284526,5.584073242800534,0.005400456855892151
6,d54,1.0,0.4878484261523147,9.043498644292601,17,0.333615514454335,9.531347070444916,0.009217935796031335
6,d55,1.0,0.2676511989587375,7.704915740399356,14,0.03345277901737954,7.972566939358093,0.007710411721806544
6,d56,1.0,0.2352217504365444,6.111446822419712,10,0.11524289073959956,6.346668572856256,0.006137976404687559
6,d57,1.0,0.5031062205331591,17.449765492004012,30,0.09985369783949613,17.95287171253717,0.017362542521791716
6,d58,1.0,0.7652957803972872,12.092461026812286,22,0.18614721932975187,12.857756807209572,0.01243496599734146
6,d59,1.0,0.2785415708873054,0.586622407910269,2,0.11735549333924244,0.8651639787975745,0.0008367155188718553
6,d60,0.6530691010978995,0.6341458655587995,15.372323923962288,30,0.6043444557799944,16.006469789521088,0.015480142497217155
6,d61,0.7068950431605513,0.8878624212898746,20.402828798435834,42,0.5991918066139664,21.29069121972571,0.020590607315635036
6,d62,1.0,0.4980689154368473,3.6785618497827355,7,0.5192862904426707,4.176630765219583,0.0040392941263155775
6,d63,1.0,0.5868707054277651,8.933465273105288,22,0.04387198625011938,9.520335978533053,0.009207286772599748
6,d64,0.8542080343572109,0.8659825989947968,1.4682858723470162,2,0.6007929090370795,2.334268471341813,0.0022575126832019387
6,d65,1.0,0.8262963710263229,29.61842532266549,54,0.2646980539595787,30.444721693691815,0.029443633499686792
6,d66,1.0,0.7694785527235976,37.34225661322925,71,0.23501885960536173,38.11173516595285,0.03685853901223052
6,d67,0.7760745289285015,0.9169920807946326,18.86614256612966,36,0.590035805961878,19.783134646924292,0.019132622458483062
6,d68,1.0,0.3277302362645178,4.4155169694807475,12,0.5284495348227964,4.7432472057452655,0.004587278994680857
6,d69,1.0,0.7957833956176842,2.025836087977634,5,0.5243043376331539,2.821619483595318,0.002728838541748604
6,d70,1.0,0.10508190786601,5.68318570816296,11,0.08081687782049628,5.78826761602897,0.005597936877175515
6,d71,1.0,0.5430077933202487,5.608649669832472,9,0.10906177647987199,6.151657463152721,0.00594937768139334
6,d72,1.0,0.4363575029985441,3.851552761912197,8,0.07362027806811439,4.2879102649107415,0.004146914515751224
6,d73,0.667467742271406,0.8436386228790356,7.797022607232708,23,0.5969345441318117,8.640661230111743,0.008356537629545078
6,d74,1.0,0.3615195821952451,10.200073947529667,17,0.5037833658312802,10.561593529724911,0.010214305526935311
6,d75,1.0,0.365584666592786,24.67529747744626,54,0.4269458669028256,25.040882144039045,0.024217483863900956
6,d76,1.0,0.1129787309299515,3.339088825202505,7,0.29570634776321286,3.4520675561324565,0.003338556120221777
6,d77,0.8542711304075596,0.2887596219715777,0.4913208684868736,2,0.5951194389517539,0.7800804904584513,0.0007544297593652709
6,d78,1.0,0.8539911936979437,1.6830048506545119,3,0.4615488241336308,2.5369960443524557,0.0024535741358261928
6,d79,0.8682169375493791,0.6092329103607209,19.132397219888805,39,0.5994898134493906,19.741630130249526,0.019092482699944666
6,d80,1.0,0.9025653819796856,12.29420538861045,28,0.21179828860692668,13.196770770590136,0.012762832449512769
6,d81,1.0,0.8673533346226489,3.6119563121497014,7,0.1993154092876756,4.47930964677235,0.004332020272614407
6,d82,1.0,0.2413743301854386,6.220761499209874,14,0.28579163653291684,6.462135829395312,0.006249646848482574
6,d83,1.0,0.9834214774010058,3.119967544999006,5,0.1958841929627617,4.103389022400012,0.0039684607301638695
6,d84,1.0,0.8926937029287524,13.53174017211645,32,0.38722830370343836,14.424433875045203,0.013950127339981496
6,d85,1.0,0.4427630638911477,9.963640215932525,16,0.004769842510564164,10.406403279823673,0.010064218267580806
6,d86,0.7435155109136522,0.4624106724908055,8.771531688640515,17,0.5992132761343856,9.23394236113132,0.008930310395798991
6,d87,1.0,0.270694995865657,7.39034865350214,19,0.01142486370401397,7.661043649367797,0.00740913199031892
6,d88,1.0,0.0920662406924429,15.804958096538694,28,0.05683006723407163,15.897024337231137,0.01537429584774358
6,d89,1.0,0.4545954163571419,32.861921333381645,65,0.5938544931827024,33.31651674973879,0.03222099773271178
6,d90,1.0,0.2367012264626057,15.975563207634995,29,0.0901297860048801,16.2122644340976,0.01567917016947092
6,d91,1.0,0.397035394488437,0.6595869025805066,1,0.197680263667789,1.0566222970689436,0.0010218782741883744
6,d92,1.0,0.2328557197307569,0.0,0,0.0,0.2328557197307569,0.0002251989208191313
6,d93,1.0,0.3530180492575545,4.359469042066079,6,0.07656124292772869,4.712487091323633,0.004557530339247208
6,d94,0.7303922567881379,0.0547321770051526,8.991570470878079,22,0.5984560390869846,9.046302647883232,0.008748840681526393
6,d95,1.0,0.6835341219591398,0.922756377660167,2,0.4705847608937299,1.6062904996193068,0.0015534721992423155
6,d96,0.9455306175895896,0.7282142121533487,14.26564081552891,33,0.6068581078778748,14.993855027682258,0.01450082469546721
6,d97,0.6042710944505345,0.6829353338644084,8.676959721363467,16,0.600899804503486,9.359895055227875,0.00905212149332154
6,d98,1.0,0.4716822415158711,2.0444143647915647,6,0.46663190152526113,2.516096606307436,0.002433361916435977
6,d99,1.0,0.4733438217980411,3.4452195015596985,9,0.4594045844927398,3.9185633233577395,0.0037897124992331975
6,d100,0.9482105918290328,0.5991346407809729,11.646244617908401,23,0.59632375936725,12.245379258689374,0.011842724745032646
7,d1,1.0,0.6113047022702557,13.722392928860307,24,0.3494340390828987,14.333697631130562,0.01386237469970972
7,d2,1.0,0.4939656381711477,5.332503341026566,10,0.13651802906861507,5.826468979197713,0.005634882097028253
7,d3,1.0,0.3244126329386243,6.873596928151602,12,0.5103019419026232,7.198009561090226,0.00696132346277599
7,d4,1.0,0.4488741264327569,17.207128818054557,38,0.14983890323510748,17.656002944487312,0.017075435439917006
7,d5,1.0,0.3770782987358936,10.094709692964281,19,0.4000323022799518,10.471787991700175,0.01012745298893394
7,d6,0.8245014614097484,0.9410440826651544,8.02115971482273,19,0.7045596811751051,8.962203797487884,0.00866750718294169
7,d7,0.7262212851512604,0.7786285541496077,15.825977785563417,35,0.6953779628837713,16.604606339713026,0.01605861102597587
7,d8,1.0,0.7941431291160147,13.981701247823862,25,0.3769050181044756,14.775844376939876,0.01428998270571051
7,d9,1.0,0.4446969168644754,5.417780334268802,13,0.4755983985838034,5.862477251133277,0.005669706339223493
7,d10,1.0,0.6411853212437485,14.539372349008978,35,0.6780277084236188,15.180557670252727,0.014681388151969652
7,d11,0.712965800260955,0.4343314804627135,3.2035348121743246,5,0.7007235375515392,3.637866292637038,0.0035182453930417447
7,d12,1.0,0.1936586649349718,11.758735404984524,23,0.12180056597462109,11.952394069919496,0.011559373541964684
7,d13,1.0,0.8852114162040516,12.016537596142758,21,0.4937126157815315,12.901749012346809,0.012477511643773571
7,d14,1.0,0.1744367993785583,2.0472183932657333,3,0.45432252442826965,2.221655192644292,0.002148602372293926
7,d15,1.0,0.4069817224912835,4.425524317665656,13,0.6904955449829113,4.8325060401569395,0.004673602805864557
7,d16,1.0,0.195995144533855,4.359622076622027,9,0.515150176969644,4.555617221155882,0.004405818689167656
7,d17,1.0,0.7157943570835169,11.892874041195334,21,0.5401042546754297,12.608668398278851,0.012194068153197402
7,d18,1.0,0.5876211117391754,7.374630065308359,17,0.34172355501229523,7.962251177047535,0.007700435164037422
7,d19,0.7645924756622676,0.3094112672137011,10.747321363760815,19,0.7029345252695509,11.056732630974516,0.010693163385293674
7,d20,0.8706040861918494,0.1919625787356293,2.2361043084923105,6,0.7005280852664878,2.42806688722794,0.0023482268046180845
7,d21,0.8745034817816524,0.9857688480178474,2.089535576881735,6,0.7006890459024963,3.0753044248995822,0.002974181774355653
7,d22,0.9867821130034348,0.8524396209435144,16.66002694843651,33,0.7005982129411986,17.512466569380024,0.016936618850786934
7,d23,1.0,0.6658927728842667,9.245767321369643,22,0.41112744353914016,9.911660094253909,0.009585743306339758
7,d24,1.0,0.6980691261430666,8.727807576092609,16,0.5335958701711406,9.425876702235675,0.009115933521289787
7,d25,1.0,0.3295363735742088,2.9929397923876024,6,0.45628323350118566,3.3224761659618114,0.00321322597480974
7,d26,0.7917319320962545,0.4258718268257104,13.125886945286483,24,0.6986113800297037,13.551758772112194,0.013106147678955888
7,d27,0.9515461287328162,0.4554322151331479,0.6764768106553986,3,0.6992928818183133,1.1319090257885465,0.0010946894126876185
7,d28,0.854777698992784,0.688988609150576,10.811651340791089,21,0.6996296337609137,11.500639949941664,0.011122474073004953
7,d29,1.0,0.9885882560521442,3.259768984419887,6,0.11824994115470878,4.248357240472031,0.004108662080169957
7,d30,1.0,0.0234537744007987,9.748807783719759,18,0.06892665450824571,9.772261558120558,0.009450928495102588
7,d31,1.0,0.7780081544782027,16.222564120700152,39,0.44584255620138374,17.000572275178357,0.016441556746403248
7,d32,0.9344981479828094,0.4098458376430103,19.48645746070859,39,0.6986389253137727,19.8963032983516,0.019242069880266194
7,d33,0.7094030343609957,0.9000735037389241,4.485021700795812,12,0.7003876934841542,5.3850952045347364,0.005208021645213293
7,d34,1.0,0.1904041414108747,16.93542198487188,28,0.4834655259965464,17.125826126282753,0.016562691980400356
7,d35,0.8658120032268631,0.0730273189076899,5.790872029232468,14,0.7007891977611743,5.8638993481401585,0.005671081674609801
7,d36,0.9140482222139992,0.6283400454437265,22.219136004574125,47,0.7073453799141598,22.84747605001785,0.02209620169886408
7,d37,0.7821213165850166,0.2041415713138661,16.317064271449116,26,0.7014721397213107,16.52120584276298,0.01597795291746711
7,d38,1.0,0.4468174574773836,25.66965452456462,56,0.6286848319739456,26.116471982042004,0.02525770598531744
7,d39,1.0,0.1273734868813091,6.86634478634938,11,0.018048442868015737,6.993718273230689,0.006763749713623882
7,d40,1.0,0.3017682512486745,4.057710247065457,8,0.1311470206075253,4.3594784983141315,0.004216129431090262
7,d41,1.0,0.2469737301341866,12.002981574431075,24,0.30445550951156164,12.249955304565262,0.011847150320638263
7,d42,1.0,0.8495861051218173,0.4221998201469488,1,0.46408768744733764,1.271785925268766,0.0012299668576517965
7,d43,1.0,0.2179595435495449,29.05033081699476,60,0.5613473833897085,29.268290360544302,0.028305885769251127
7,d44,1.0,0.6823319381851302,20.900697141182984,41,0.16879073172975215,21.583029079368114,0.02087333247515513
7,d45,1.0,0.1861247600403534,7.273709829195929,18,0.6992823400217987,7.459834589236283,0.007214539118591132
7,d46,1.0,0.6538686303833499,10.186518361694917,20,0.024553461341702686,10.840386992078267,0.010483931658198052
7,d47,1.0,0.1391328076011917,11.870439225332738,31,0.3224314957112049,12.00957203293393,0.011614671370080633
7,d48,0.9205459956643096,0.484017762343897,7.300250854529924,15,0.6976832657278875,7.784268616873821,0.0075283050547917
7,d49,0.9509652227320424,0.8138284459558288,5.4911038216191015,14,0.7041470332850451,6.30493226757493,0.00609761247925253
7,d50,1.0,0.1464049330716936,2.40441040367531,7,0.29242979591984675,2.5508153367470037,0.002466939020044346
7,d51,1.0,0.3660915419148296,12.079164253183617,25,0.3623678746075064,12.445255795098447,0.012036028909295542
7,d52,1.0,0.6024049540095762,0.6310752814845952,1,0.1335817436841279,1.2334802354941714,0.0011929207416772971
7,d53,0.7153435184241378,0.043445465085906,5.540627777714628,14,0.6975144922845259,5.584073242800534,0.005400456855892151
7,d54,1.0,0.4878484261523147,9.043498644292601,17,0.333615514454335,9.531347070444916,0.009217935796031335
7,d55,1.0,0.2676511989587375,7.704915740399356,14,0.03345277901737954,7.972566939358093,0.007710411721806544
7,d56,1.0,0.2352217504365444,6.111446822419712,10,0.11524289073959956,6.346668572856256,0.006137976404687559
7,d57,1.0,0.5031062205331591,17.449765492004012,30,0.09985369783949613,17.95287171253717,0.017362542521791716
7,d58,1.0,0.7652957803972872,12.092461026812286,22,0.18614721932975187,12.857756807209572,0.01243496599734146
7,d59,1.0,0.2785415708873054,0.586622407910269,2,0.11735549333924244,0.8651639787975745,0.0008367155188718553
7,d60,0.7530691010978995,0.6341458655587995,15.372323923962288,30,0.7043444557799944,16.006469789521088,0.015480142497217155
7,d61,0.8068950431605513,0.8878624212898746,20.402828798435834,42,0.6991918066139664,21.29069121972571,0.020590607315635036
7,d62,1.0,0.4980689154368473,3.6785618497827355,7,0.5192862904426707,4.176630765219583,0.0040392941263155775
7,d63,1.0,0.5868707054277651,8.933465273105288,22,0.04387198625011938,9.520335978533053,0.009207286772599748
7,d64,0.9542080343572108,0.8659825989947968,1.4682858723470162,2,0.7007929090370794,2.334268471341813,0.0022575126832019387
7,d65,1.0,0.8262963710263229,29.61842532266549,54,0.2646980539595787,30.444721693691815,0.029443633499686792
7,d66,1.0,0.7694785527235976,37.34225661322925,71,0.23501885960536173,38.11173516595285,0.03685853901223052
7,d67,0.8760745289285015,0.9169920807946326,18.86614256612966,36,0.690035805961878,19.783134646924292,0.019132622458483062
7,d68,1.0,0.3277302362645178,4.4155169694807475,12,0.5284495348227964,4.7432472057452655,0.004587278994680857
7,d69,1.0,0.7957833956176842,2.025836087977634,5,0.5243043376331539,2.821619483595318,0.002728838541748604
7,d70,1.0,0.10508190786601,5.68318570816296,11,0.08081687782049628,5.78826761602897,0.005597936877175515
7,d71,1.0,0.5430077933202487,5.608649669832472,9,0.10906177647987199,6.151657463152721,0.00594937768139334
7,d72,1.0,0.4363575029985441,3.851552761912197,8,0.07362027806811439,4.2879102649107415,0.004146914515751224
7,d73,0.767467742271406,0.8436386228790356,7.797022607232708,23,0.6969345441318117,8.640661230111743,0.008356537629545078
7,d74,1.0,0.3615195821952451,10.200073947529667,17,0.5037833658312802,10.561593529724911,0.010214305526935311
7,d75,1.0,0.365584666592786,24.67529747744626,54,0.4269458669028256,25.040882144039045,0.024217483863900956
7,d76,1.0,0.1129787309299515,3.339088825202505,7,0.29570634776321286,3.4520675561324565,0.003338556120221777
7,d77,0.9542711304075596,0.2887596219715777,0.4913208684868736,2,0.6951194389517538,0.7800804904584513,0.0007544297593652709
7,d78,1.0,0.8539911936979437,1.6830048506545119,3,0.4615488241336308,2.5369960443524557,0.0024535741358261928
7,d79,0.9682169375493792,0.6092329103607209,19.132397219888805,39,0.6994898134493907,19.741630130249526,0.019092482699944666
7,d80,1.0,0.9025653819796856,12.29420538861045,28,0.21179828860692668,13.196770770590136,0.012762832449512769
7,d81,1.0,0.8673533346226489,3.6119563121497014,7,0.1993154092876756,4.47930964677235,0.004332020272614407
7,d82,1.0,0.2413743301854386,6.220761499209874,14,0.28579163653291684,6.462135829395312,0.006249646848482574
7,d83,1.0,0.9834214774010058,3.119967544999006,5,0.1958841929627617,4.103389022400012,0.0039684607301638695
7,d84,1.0,0.8926937029287524,13.53174017211645,32,0.38722830370343836,14.424433875045203,0.013950127339981496
7,d85,1.0,0.4427630638911477,9.963640215932525,16,0.004769842510564164,10.406403279823673,0.010064218267580806
7,d86,0.8435155109136522,0.4624106724908055,8.771531688640515,17,0.6992132761343856,9.23394236113132,0.008930310395798991
7,d87,1.0,0.270694995865657,7.39034865350214,19,0.01142486370401397,7.661043649367797,0.00740913199031892
7,d88,1.0,0.0920662406924429,15.804958096538694,28,0.05683006723407163,15.897024337231137,0.01537429584774358
7,d89,1.0,0.4545954163571419,32.861921333381645,65,0.5938544931827024,33.31651674973879,0.03222099773271178
7,d90,1.0,0.2367012264626057,15.975563207634995,29,0.0901297860048801,16.2122644340976,0.01567917016947092
7,d91,1.0,0.397035394488437,0.6595869025805066,1,0.197680263667789,1.0566222970689436,0.0010218782741883744
7,d92,1.0,0.2328557197307569,0.0,0,0.0,0.2328557197307569,0.0002251989208191313
7,d93,1.0,0.3530180492575545,4.359469042066079,6,0.07656124292772869,4.712487091323633,0.004557530339247208
7,d94,0.8303922567881379,0.0547321770051526,8.991570470878079,22,0.6984560390869846,9.046302647883232,0.008748840681526393
7,d95,1.0,0.6835341219591398,0.922756377660167,2,0.4705847608937299,1.6062904996193068,0.0015534721992423155
7,d96,1.0,0.7282142121533487,14.26564081552891,33,0.6613274902882852,14.993855027682258,0.01450082469546721
7,d97,0.7042710944505345,0.6829353338644084,8.676959721363467,16,0.700899804503486,9.359895055227875,0.00905212149332154
7,d98,1.0,0.4716822415158711,2.0444143647915647,6,0.46663190152526113,2.516096606307436,0.002433361916435977
7,d99,1.0,0.4733438217980411,3.4452195015596985,9,0.4594045844927398,3.9185633233577395,0.0037897124992331975
7,d100,1.0,0.5991346407809729,11.646244617908401,23,0.6481131675382172,12.245379258689374,0.011842724745032646
8,d1,1.0,0.6113047022702557,13.722392928860307,24,0.3494340390828987,14.333697631130562,0.01386237469970972
8,d2,1.0,0.4939656381711477,5.332503341026566,10,0.13651802906861507,5.826468979197713,0.005634882097028253
8,d3,1.0,0.3244126329386243,6.873596928151602,12,0.5103019419026232,7.198009561090226,0.00696132346277599
8,d4,1.0,0.4488741264327569,17.207128818054557,38,0.14983890323510748,17.656002944487312,0.017075435439917006
8,d5,1.0,0.3770782987358936,10.094709692964281,19,0.4000323022799518,10.471787991700175,0.01012745298893394
8,d6,0.9245014614097484,0.9410440826651544,8.02115971482273,19,0.8045596811751051,8.962203797487884,0.00866750718294169
8,d7,0.8262212851512604,0.7786285541496077,15.825977785563417,35,0.7953779628837713,16.604606339713026,0.01605861102597587
8,d8,1.0,0.7941431291160147,13.981701247823862,25,0.3769050181044756,14.775844376939876,0.01428998270571051
8,d9,1.0,0.4446969168644754,5.417780334268802,13,0.4755983985838034,5.862477251133277,0.005669706339223493
8,d10,1.0,0.6411853212437485,14.539372349008978,35,0.6780277084236188,15.180557670252727,0.014681388151969652
8,d11,0.812965800260955,0.4343314804627135,3.2035348121743246,5,0.8007235375515391,3.637866292637038,0.0035182453930417447
8,d12,1.0,0.1936586649349718,11.758735404984524,23,0.12180056597462109,11.952394069919496,0.011559373541964684
8,d13,1.0,0.8852114162040516,12.016537596142758,21,0.4937126157815315,12.901749012346809,0.012477511643773571
8,d14,1.0,0.1744367993785583,2.0472183932657333,3,0.45432252442826965,2.221655192644292,0.002148602372293926
8,d15,1.0,0.4069817224912835,4.425524317665656,13,0.6904955449829113,4.8325060401569395,0.004673602805864557
8,d16,1.0,0.195995144533855,4.359622076622027,9,0.515150176969644,4.555617221155882,0.004405818689167656
8,d17,1.0,0.7157943570835169,11.892874041195334,21,0.5401042546754297,12.608668398278851,0.012194068153197402
8,d18,1.0,0.5876211117391754,7.374630065308359,17,0.34172355501229523,7.962251177047535,0.007700435164037422
8,d19,0.8645924756622676,0.3094112672137011,10.747321363760815,19,0.8029345252695508,11.056732630974516,0.010693163385293674
8,d20,0.9706040861918492,0.1919625787356293,2.2361043084923105,6,0.8005280852664877,2.42806688722794,0.0023482268046180845
8,d21,0.9745034817816524,0.9857688480178474,2.089535576881735,6,0.8006890459024963,3.0753044248995822,0.002974181774355653
8,d22,1.0,0.8524396209435144,16.66002694843651,33,0.7138160999377638,17.512466569380024,0.016936618850786934
8,d23,1.0,0.6658927728842667,9.245767321369643,22,0.41112744353914016,9.911660094253909,0.009585743306339758
8,d24,1.0,0.6980691261430666,8.727807576092609,16,0.5335958701711406,9.425876702235675,0.009115933521289787
8,d25,1.0,0.3295363735742088,2.9929397923876024,6,0.45628323350118566,3.3224761659618114,0.00321322597480974
8,d26,0.8917319320962545,0.4258718268257104,13.125886945286483,24,0.7986113800297036,13.551758772112194,0.013106147678955888
8,d27,1.0,0.4554322151331479,0.6764768106553986,3,0.7477467530854972,1.1319090257885465,0.0010946894126876185
8,d28,0.954777698992784,0.688988609150576,10.811651340791089,21,0.7996296337609137,11.500639949941664,0.011122474073004953
8,d29,1.0,0.9885882560521442,3.259768984419887,6,0.11824994115470878,4.248357240472031,0.004108662080169957
8,d30,1.0,0.0234537744007987,9.748807783719759,18,0.06892665450824571,9.772261558120558,0.009450928495102588
8,d31,1.0,0.7780081544782027,16.222564120700152,39,0.44584255620138374,17.000572275178357,0.016441556746403248
8,d32,1.0,0.4098458376430103,19.48645746070859,39,0.7641407773309633,19.8963032983516,0.019242069880266194
8,d33,0.8094030343609957,0.9000735037389241,4.485021700795812,12,0.8003876934841542,5.3850952045347364,0.005208021645213293
8,d34,1.0,0.1904041414108747,16.93542198487188,28,0.4834655259965464,17.125826126282753,0.016562691980400356
8,d35,0.9658120032268632,0.0730273189076899,5.790872029232468,14,0.8007891977611744,5.8638993481401585,0.005671081674609801
8,d36,1.0,0.6283400454437265,22.219136004574125,47,0.7932971577001607,22.84747605001785,0.02209620169886408
8,d37,0.8821213165850166,0.2041415713138661,16.317064271449116,26,0.8014721397213107,16.52120584276298,0.01597795291746711
8,d38,1.0,0.4468174574773836,25.66965452456462,56,0.6286848319739456,26.116471982042004,0.02525770598531744
8,d39,1.0,0.1273734868813091,6.86634478634938,11,0.018048442868015737,6.993718273230689,0.006763749713623882
8,d40,1.0,0.3017682512486745,4.057710247065457,8,0.1311470206075253,4.3594784983141315,0.004216129431090262
8,d41,1.0,0.2469737301341866,12.002981574431075,24,0.30445550951156164,12.249955304565262,0.011847150320638263
8,d42,1.0,0.8495861051218173,0.4221998201469488,1,0.46408768744733764,1.271785925268766,0.0012299668576517965
8,d43,1.0,0.2179595435495449,29.05033081699476,60,0.5613473833897085,29.268290360544302,0.028305885769251127
8,d44,1.0,0.6823319381851302,20.900697141182984,41,0.16879073172975215,21.583029079368114,0.02087333247515513
8,d45,1.0,0.1861247600403534,7.273709829195929,18,0.6992823400217987,7.459834589236283,0.007214539118591132
8,d46,1.0,0.6538686303833499,10.186518361694917,20,0.024553461341702686,10.840386992078267,0.010483931658198052
8,d47,1.0,0.1391328076011917,11.870439225332738,31,0.3224314957112049,12.00957203293393,0.011614671370080633
8,d48,1.0,0.484017762343897,7.300250854529924,15,0.7771372700635779,7.784268616873821,0.0075283050547917
8,d49,1.0,0.8138284459558288,5.4911038216191015,14,0.7531818105530028,6.30493226757493,0.00609761247925253
8,d50,1.0,0.1464049330716936,2.40441040367531,7,0.29242979591984675,2.5508153367470037,0.002466939020044346
8,d51,1.0,0.3660915419148296,12.079164253183617,25,0.3623678746075064,12.445255795098447,0.012036028909295542
8,d52,1.0,0.6024049540095762,0.6310752814845952,1,0.1335817436841279,1.2334802354941714,0.0011929207416772971
8,d53,0.8153435184241378,0.043445465085906,5.540627777714628,14,0.7975144922845259,5.584073242800534,0.005400456855892151
8,d54,1.0,0.4878484261523147,9.043498644292601,17,0.333615514454335,9.531347070444916,0.009217935796031335
8,d55,1.0,0.2676511989587375,7.704915740399356,14,0.03345277901737954,7.972566939358093,0.007710411721806544
8,d56,1.0,0.2352217504365444,6.111446822419712,10,0.11524289073959956,6.346668572856256,0.006137976404687559
8,d57,1.0,0.5031062205331591,17.449765492004012,30,0.09985369783949613,17.95287171253717,0.017362542521791716
8,d58,1.0,0.7652957803972872,12.092461026812286,22,0.18614721932975187,12.857756807209572,0.01243496599734146
8,d59,1.0,0.2785415708873054,0.586622407910269,2,0.11735549333924244,0.8651639787975745,0.0008367155188718553
8,d60,0.8530691010978995,0.6341458655587995,15.372323923962288,30,0.8043444557799942,16.006469789521088,0.015480142497217155
8,d61,0.9068950431605513,0.8878624212898746,20.402828798435834,42,0.7991918066139664,21.29069121972571,0.020590607315635036
8,d62,1.0,0.4980689154368473,3.6785618497827355,7,0.5192862904426707,4.176630765219583,0.0040392941263155775
8,d63,1.0,0.5868707054277651,8.933465273105288,22,0.04387198625011938,9.520335978533053,0.009207286772599748
8,d64,1.0,0.8659825989947968,1.4682858723470162,2,0.7465848746798686,2.334268471341813,0.0022575126832019387
8,d65,1.0,0.8262963710263229,29.61842532266549,54,0.2646980539595787,30.444721693691815,0.029443633499686792
8,d66,1.0,0.7694785527235976,37.34225661322925,71,0.23501885960536173,38.11173516595285,0.03685853901223052
8,d67,0.9760745289285014,0.9169920807946326,18.86614256612966,36,0.7900358059618778,19.783134646924292,0.019132622458483062
8,d68,1.0,0.3277302362645178,4.4155169694807475,12,0.5284495348227964,4.7432472057452655,0.004587278994680857
8,d69,1.0,0.7957833956176842,2.025836087977634,5,0.5243043376331539,2.821619483595318,0.002728838541748604
8,d70,1.0,0.10508190786601,5.68318570816296,11,0.08081687782049628,5.78826761602897,0.005597936877175515
8,d71,1.0,0.5430077933202487,5.608649669832472,9,0.10906177647987199,6.151657463152721,0.00594937768139334
8,d72,1.0,0.4363575029985441,3.851552761912197,8,0.07362027806811439,4.2879102649107415,0.004146914515751224
8,d73,0.867467742271406,0.8436386228790356,7.797022607232708,23,0.7969345441318118,8.640661230111743,0.008356537629545078
8,d74,1.0,0.3615195821952451,10.200073947529667,17,0.5037833658312802,10.561593529724911,0.010214305526935311
8,d75,1.0,0.365584666592786,24.67529747744626,54,0.4269458669028256,25.040882144039045,0.024217483863900956
8,d76,1.0,0.1129787309299515,3.339088825202505,7,0.29570634776321286,3.4520675561324565,0.003338556120221777
8,d77,1.0,0.2887596219715777,0.4913208684868736,2,0.7408483085441943,0.7800804904584513,0.0007544297593652709
8,d78,1.0,0.8539911936979437,1.6830048506545119,3,0.4615488241336308,2.5369960443524557,0.0024535741358261928
8,d79,1.0,0.6092329103607209,19.132397219888805,39,0.7312728759000114,19.741630130249526,0.019092482699944666
8,d80,1.0,0.9025653819796856,12.29420538861045,28,0.21179828860692668,13.196770770590136,0.012762832449512769
8,d81,1.0,0.8673533346226489,3.6119563121497014,7,0.1993154092876756,4.47930964677235,0.004332020272614407
8,d82,1.0,0.2413743301854386,6.220761499209874,14,0.28579163653291684,6.462135829395312,0.006249646848482574
8,d83,1.0,0.9834214774010058,3.119967544999006,5,0.1958841929627617,4.103389022400012,0.0039684607301638695
8,d84,1.0,0.8926937029287524,13.53174017211645,32,0.38722830370343836,14.424433875045203,0.013950127339981496
8,d85,1.0,0.4427630638911477,9.963640215932525,16,0.004769842510564164,10.406403279823673,0.010064218267580806
8,d86,0.9435155109136522,0.4624106724908055,8.771531688640515,17,0.7992132761343855,9.23394236113132,0.008930310395798991
8,d87,1.0,0.270694995865657,7.39034865350214,19,0.01142486370401397,7.661043649367797,0.00740913199031892
8,d88,1.0,0.0920662406924429,15.804958096538694,28,0.05683006723407163,15.897024337231137,0.01537429584774358
8,d89,1.0,0.4545954163571419,32.861921333381645,65,0.5938544931827024,33.31651674973879,0.03222099773271178
8,d90,1.0,0.2367012264626057,15.975563207634995,29,0.0901297860048801,16.2122644340976,0.01567917016947092
8,d91,1.0,0.397035394488437,0.6595869025805066,1,0.197680263667789,1.0566222970689436,0.0010218782741883744
8,d92,1.0,0.2328557197307569,0.0,0,0.0,0.2328557197307569,0.0002251989208191313
8,d93,1.0,0.3530180492575545,4.359469042066079,6,0.07656124292772869,4.712487091323633,0.004557530339247208
8,d94,0.930392256788138,0.0547321770051526,8.991570470878079,22,0.7984560390869846,9.046302647883232,0.008748840681526393
8,d95,1.0,0.6835341219591398,0.922756377660167,2,0.4705847608937299,1.6062904996193068,0.0015534721992423155
8,d96,1.0,0.7282142121533487,14.26564081552891,33,0.6613274902882852,14.993855027682258,0.01450082469546721
8,d97,0.8042710944505345,0.6829353338644084,8.676959721363467,16,0.800899804503486,9.359895055227875,0.00905212149332154
8,d98,1.0,0.4716822415158711,2.0444143647915647,6,0.46663190152526113,2.516096606307436,0.002433361916435977
8,d99,1.0,0.4733438217980411,3.4452195015596985,9,0.4594045844927398,3.9185633233577395,0.0037897124992331975
8,d100,1.0,0.5991346407809729,11.646244617908401,23,0.6481131675382172,12.245379258689374,0.011842724745032646
9,d1,1.0,0.6113047022702557,13.722392928860307,24,0.3494340390828987,14.333697631130562,0.01386237469970972
9,d2,1.0,0.4939656381711477,5.332503341026566,10,0.13651802906861507,5.826468979197713,0.005634882097028253
9,d3,1.0,0.3244126329386243,6.873596928151602,12,0.5103019419026232,7.198009561090226,0.00696132346277599
9,d4,1.0,0.4488741264327569,17.207128818054557,38,0.14983890323510748,17.656002944487312,0.017075435439917006
9,d5,1.0,0.3770782987358936,10.094709692964281,19,0.4000323022799518,10.471787991700175,0.01012745298893394
9,d6,1.0,0.9410440826651544,8.02115971482273,19,0.8800582197653567,8.962203797487884,0.00866750718294169
9,d7,0.9262212851512605,0.7786285541496077,15.825977785563417,35,0.8953779628837714,16.604606339713026,0.01605861102597587
9,d8,1.0,0.7941431291160147,13.981701247823862,25,0.3769050181044756,14.775844376939876,0.01428998270571051
9,d9,1.0,0.4446969168644754,5.417780334268802,13,0.4755983985838034,5.862477251133277,0.005669706339223493
9,d10,1.0,0.6411853212437485,14.539372349008978,35,0.6780277084236188,15.180557670252727,0.014681388151969652
9,d11,0.912965800260955,0.4343314804627135,3.2035348121743246,5,0.9007235375515391,3.637866292637038,0.0035182453930417447
9,d12,1.0,0.1936586649349718,11.758735404984524,23,0.12180056597462109,11.952394069919496,0.011559373541964684
9,d13,1.0,0.8852114162040516,12.016537596142758,21,0.4937126157815315,12.901749012346809,0.012477511643773571
9,d14,1.0,0.1744367993785583,2.0472183932657333,3,0.45432252442826965,2.221655192644292,0.002148602372293926
9,d15,1.0,0.4069817224912835,4.425524317665656,13,0.6904955449829113,4.8325060401569395,0.004673602805864557
9,d16,1.0,0.195995144533855,4.359622076622027,9,0.515150176969644,4.555617221155882,0.004405818689167656
9,d17,1.0,0.7157943570835169,11.892874041195334,21,0.5401042546754297,12.608668398278851,0.012194068153197402
9,d18,1.0,0.5876211117391754,7.374630065308359,17,0.34172355501229523,7.962251177047535,0.007700435164037422
9,d19,0.9645924756622676,0.3094112672137011,10.747321363760815,19,0.9029345252695509,11.056732630974516,0.010693163385293674
9,d20,1.0,0.1919625787356293,2.2361043084923105,6,0.8299239990746384,2.42806688722794,0.0023482268046180845
9,d21,1.0,0.9857688480178474,2.089535576881735,6,0.826185564120844,3.0753044248995822,0.002974181774355653
9,d22,1.0,0.8524396209435144,16.66002694843651,33,0.7138160999377638,17.512466569380024,0.016936618850786934
9,d23,1.0,0.6658927728842667,9.245767321369643,22,0.41112744353914016,9.911660094253909,0.009585743306339758
9,d24,1.0,0.6980691261430666,8.727807576092609,16,0.5335958701711406,9.425876702235675,0.009115933521289787
9,d25,1.0,0.3295363735742088,2.9929397923876024,6,0.45628323350118566,3.3224761659618114,0.00321322597480974
9,d26,0.9917319320962544,0.4258718268257104,13.125886945286483,24,0.8986113800297035,13.551758772112194,0.013106147678955888
9,d27,1.0,0.4554322151331479,0.6764768106553986,3,0.7477467530854972,1.1319090257885465,0.0010946894126876185
9,d28,1.0,0.688988609150576,10.811651340791089,21,0.8448519347681296,11.500639949941664,0.011122474073004953
9,d29,1.0,0.9885882560521442,3.259768984419887,6,0.11824994115470878,4.248357240472031,0.004108662080169957
9,d30,1.0,0.0234537744007987,9.748807783719759,18,0.06892665450824571,9.772261558120558,0.009450928495102588
9,d31,1.0,0.7780081544782027,16.222564120700152,39,0.44584255620138374,17.000572275178357,0.016441556746403248
9,d32,1.0,0.4098458376430103,19.48645746070859,39,0.7641407773309633,19.8963032983516,0.019242069880266194
9,d33,0.9094030343609956,0.9000735037389241,4.485021700795812,12,0.900387693484154,5.3850952045347364,0.005208021645213293
9,d34,1.0,0.1904041414108747,16.93542198487188,28,0.4834655259965464,17.125826126282753,0.016562691980400356
9,d35,1.0,0.0730273189076899,5.790872029232468,14,0.8349771945343113,5.8638993481401585,0.005671081674609801
9,d36,1.0,0.6283400454437265,22.219136004574125,47,0.7932971577001607,22.84747605001785,0.02209620169886408
9,d37,0.9821213165850166,0.2041415713138661,16.317064271449116,26,0.9014721397213107,16.52120584276298,0.01597795291746711
9,d38,1.0,0.4468174574773836,25.66965452456462,56,0.6286848319739456,26.116471982042004,0.02525770598531744
9,d39,1.0,0.1273734868813091,6.86634478634938,11,0.018048442868015737,6.993718273230689,0.006763749713623882
9,d40,1.0,0.3017682512486745,4.057710247065457,8,0.1311470206075253,4.3594784983141315,0.004216129431090262
9,d41,1.0,0.2469737301341866,12.002981574431075,24,0.30445550951156164,12.249955304565262,0.011847150320638263
9,d42,1.0,0.8495861051218173,0.4221998201469488,1,0.46408768744733764,1.271785925268766,0.0012299668576517965
9,d43,1.0,0.2179595435495449,29.05033081699476,60,0.5613473833897085,29.268290360544302,0.028305885769251127
9,d44,1.0,0.6823319381851302,20.900697141182984,41,0.16879073172975215,21.583029079368114,0.02087333247515513
9,d45,1.0,0.1861247600403534,7.273709829195929,18,0.6992823400217987,7.459834589236283,0.007214539118591132
9,d46,1.0,0.6538686303833499,10.186518361694917,20,0.024553461341702686,10.840386992078267,0.010483931658198052
9,d47,1.0,0.1391328076011917,11.870439225332738,31,0.3224314957112049,12.00957203293393,0.011614671370080633
9,d48,1.0,0.484017762343897,7.300250854529924,15,0.7771372700635779,7.784268616873821,0.0075283050547917
9,d49,1.0,0.8138284459558288,5.4911038216191015,14,0.7531818105530028,6.30493226757493,0.00609761247925253
9,d50,1.0,0.1464049330716936,2.40441040367531,7,0.29242979591984675,2.5508153367470037,0.002466939020044346
9,d51,1.0,0.3660915419148296,12.079164253183617,25,0.3623678746075064,12.445255795098447,0.012036028909295542
9,d52,1.0,0.6024049540095762,0.6310752814845952,1,0.1335817436841279,1.2334802354941714,0.0011929207416772971
9,d53,0.9153435184241376,0.043445465085906,5.540627777714628,14,0.8975144922845258,5.584073242800534,0.005400456855892151
9,d54,1.0,0.4878484261523147,9.043498644292601,17,0.333615514454335,9.531347070444916,0.009217935796031335
9,d55,1.0,0.2676511989587375,7.704915740399356,14,0.03345277901737954,7.972566939358093,0.007710411721806544
9,d56,1.0,0.2352217504365444,6.111446822419712,10,0.11524289073959956,6.346668572856256,0.006137976404687559
9,d57,1.0,0.5031062205331591,17.449765492004012,30,0.09985369783949613,17.95287171253717,0.017362542521791716
9,d58,1.0,0.7652957803972872,12.092461026812286,22,0.18614721932975187,12.857756807209572,0.01243496599734146
9,d59,1.0,0.2785415708873054,0.586622407910269,2,0.11735549333924244,0.8651639787975745,0.0008367155188718553
9,d60,0.9530691010978994,0.6341458655587995,15.372323923962288,30,0.9043444557799943,16.006469789521088,0.015480142497217155
9,d61,1.0,0.8878624212898746,20.402828798435834,42,0.8922967634534151,21.29069121972571,0.020590607315635036
9,d62,1.0,0.4980689154368473,3.6785618497827355,7,0.5192862904426707,4.176630765219583,0.0040392941263155775
9,d63,1.0,0.5868707054277651,8.933465273105288,22,0.04387198625011938,9.520335978533053,0.009207286772599748
9,d64,1.0,0.8659825989947968,1.4682858723470162,2,0.7465848746798686,2.334268471341813,0.0022575126832019387
9,d65,1.0,0.8262963710263229,29.61842532266549,54,0.2646980539595787,30.444721693691815,0.029443633499686792
9,d66,1.0,0.7694785527235976,37.34225661322925,71,0.23501885960536173,38.11173516595285,0.03685853901223052
9,d67,1.0,0.9169920807946326,18.86614256612966,36,0.8139612770333764,19.783134646924292,0.019132622458483062
9,d68,1.0,0.3277302362645178,4.4155169694807475,12,0.5284495348227964,4.7432472057452655,0.004587278994680857
9,d69,1.0,0.7957833956176842,2.025836087977634,5,0.5243043376331539,2.821619483595318,0.002728838541748604
9,d70,1.0,0.10508190786601,5.68318570816296,11,0.08081687782049628,5.78826761602897,0.005597936877175515
9,d71,1.0,0.5430077933202487,5.608649669832472,9,0.10906177647987199,6.151657463152721,0.00594937768139334
9,d72,1.0,0.4363575029985441,3.851552761912197,8,0.07362027806811439,4.2879102649107415,0.004146914515751224
9,d73,0.967467742271406,0.8436386228790356,7.797022607232708,23,0.8969345441318117,8.640661230111743,0.008356537629545078
9,d74,1.0,0.3615195821952451,10.200073947529667,17,0.5037833658312802,10.561593529724911,0.010214305526935311
9,d75,1.0,0.365584666592786,24.67529747744626,54,0.4269458669028256,25.040882144039045,0.024217483863900956
9,d76,1.0,0.1129787309299515,3.339088825202505,7,0.29570634776321286,3.4520675561324565,0.003338556120221777
9,d77,1.0,0.2887596219715777,0.4913208684868736,2,0.7408483085441943,0.7800804904584513,0.0007544297593652709
9,d78,1.0,0.8539911936979437,1.6830048506545119,3,0.4615488241336308,2.5369960443524557,0.0024535741358261928
9,d79,1.0,0.6092329103607209,19.132397219888805,39,0.7312728759000114,19.741630130249526,0.019092482699944666
9,d80,1.0,0.9025653819796856,12.29420538861045,28,0.21179828860692668,13.196770770590136,0.012762832449512769
9,d81,1.0,0.8673533346226489,3.6119563121497014,7,0.1993154092876756,4.47930964677235,0.004332020272614407
9,d82,1.0,0.2413743301854386,6.220761499209874,14,0.28579163653291684,6.462135829395312,0.006249646848482574
9,d83,1.0,0.9834214774010058,3.119967544999006,5,0.1958841929627617,4.103389022400012,0.0039684607301638695
9,d84,1.0,0.8926937029287524,13.53174017211645,32,0.38722830370343836,14.424433875045203,0.013950127339981496
9,d85,1.0,0.4427630638911477,9.963640215932525,16,0.004769842510564164,10.406403279823673,0.010064218267580806
9,d86,1.0,0.4624106724908055,8.771531688640515,17,0.8556977652207333,9.23394236113132,0.008930310395798991
9,d87,1.0,0.270694995865657,7.39034865350214,19,0.01142486370401397,7.661043649367797,0.00740913199031892
9,d88,1.0,0.0920662406924429,15.804958096538694,28,0.05683006723407163,15.897024337231137,0.01537429584774358
9,d89,1.0,0.4545954163571419,32.861921333381645,65,0.5938544931827024,33.31651674973879,0.03222099773271178
9,d90,1.0,0.2367012264626057,15.975563207634995,29,0.0901297860048801,16.2122644340976,0.01567917016947092
9,d91,1.0,0.397035394488437,0.6595869025805066,1,0.197680263667789,1.0566222970689436,0.0010218782741883744
9,d92,1.0,0.2328557197307569,0.0,0,0.0,0.2328557197307569,0.0002251989208191313
9,d93,1.0,0.3530180492575545,4.359469042066079,6,0.07656124292772869,4.712487091323633,0.004557530339247208
9,d94,1.0,0.0547321770051526,8.991570470878079,22,0.8680637822988466,9.046302647883232,0.008748840681526393
9,d95,1.0,0.6835341219591398,0.922756377660167,2,0.4705847608937299,1.6062904996193068,0.0015534721992423155
9,d96,1.0,0.7282142121533487,14.26564081552891,33,0.6613274902882852,14.993855027682258,0.01450082469546721
9,d97,0.9042710944505344,0.6829353338644084,8.676959721363467,16,0.900899804503486,9.359895055227875,0.00905212149332154
9,d98,1.0,0.4716822415158711,2.0444143647915647,6,0.46663190152526113,2.516096606307436,0.002433361916435977
9,d99,1.0,0.4733438217980411,3.4452195015596985,9,0.4594045844927398,3.9185633233577395,0.0037897124992331975
9,d100,1.0,0.5991346407809729,11.646244617908401,23,0.6481131675382172,12.245379258689374,0.011842724745032646
