epoch,drep_id,opinion,stake,delegated_stake,indegree,avg_distance,Wprime,Wprime_share
0,d1,0.3862165995835288,0.4884693494414028,6.12322198078222,14,0.0014132631240386503,6.611691330223623,0.006374015506633781
0,d2,0.450241291355605,0.3770782987358936,5.4215278329499865,12,0.0012187147822363131,5.79860613168588,0.0055901589403111835
0,d3,0.6522591650467103,0.6274282350072956,9.373290158411859,18,0.001355122318457173,10.000718393419154,0.00964121446894215
0,d4,0.6443367495184003,0.6411853212437485,7.082300578546225,16,0.0018818976558819048,7.723485899789973,0.0074458434962758
0,d5,0.1615535697275935,0.5444230936121223,2.7632536692859713,8,0.004386737605004316,3.3076767628980934,0.0031887730271478953
0,d6,0.3904884089184546,0.195995144533855,1.059190074397327,3,0.001164117601796688,1.255185218931182,0.0012100640591904755
0,d7,0.4256883903597749,0.0645924756622676,9.277160153594288,17,0.0014002172960712045,9.341752629256556,0.009005937080853448
0,d8,0.5596628379581408,0.9857688480178474,1.846628086138904,4,0.0005936214587377586,2.832396934156751,0.002730578467377801
0,d9,0.3807477577498914,0.4645978847235158,5.338972455778012,9,0.0007585650368649691,5.803570340501528,0.005594944696691622
0,d10,0.6422725194213029,0.4258718268257104,6.750950964514472,12,0.0017183082247106407,7.176822791340182,0.006918831729372014
0,d11,0.5571269770041206,0.8816447243746165,10.685074333793903,19,0.0013564726081682675,11.56671905816852,0.011150920839365475
0,d12,0.131995409903569,0.4098458376430103,2.514256461556204,7,0.0031780970959893024,2.9241022991992143,0.0028189872253835077
0,d13,0.1437821171245273,0.1658120032268633,3.105928664085741,5,0.0036019155821857217,3.2717406673126046,0.0031541287554979615
0,d14,0.2388650567882838,0.2041415713138661,0.284163788467741,1,0.0005927943770741018,0.48830535978160705,0.00047075185149562633
0,d15,0.3702025489713947,0.5357815987985837,0.509294820871708,3,0.0002590142215026329,1.0450764196702917,0.0010075082111206863
0,d16,0.7571795782483717,0.6823319381851302,18.044889965907235,40,0.004332146720599092,18.727221904092364,0.018054019289617872
0,d17,0.3566808863944987,0.2205459956643096,3.450155702693858,10,0.0009224628967930137,3.6707016983581675,0.003538748011209799
0,d18,0.358541673495542,0.1464049330716936,15.612946003885304,30,0.0021957747024427985,15.759350936956997,0.015192836784056288
0,d19,0.3777742963178163,0.0153435184241378,6.12414817413819,14,0.0009427920217682914,6.139491692562328,0.005918790411820084
0,d20,0.2404475632918323,0.2676511989587375,42.34838807373219,87,0.018630099342994543,42.61603927269093,0.041084085990786695
0,d21,0.8367244379858754,0.1068950431605513,15.317257409827391,31,0.012622510550693458,15.424152452987942,0.014869687951494768
0,d22,0.4661514327285211,0.8659825989947968,3.7231680459436096,8,0.0009060940501542034,4.589150644938407,0.004424180729581409
0,d23,0.48181702785236,0.1760745289285016,3.4847672846882713,6,9.674287321802717e-05,3.660841813616773,0.00352924256773152
0,d24,0.3131050727943643,0.10508190786601,50.10434621611311,101,0.01602871840987133,50.209428123979116,0.0484045091425393
0,d25,0.8574098737683421,0.496608869306429,17.588398495823355,31,0.02795475913470272,18.085007365129783,0.017434890956868752
0,d26,0.4983399053567895,0.1129787309299515,16.756937214914327,29,0.0014326799197293826,16.86991594584428,0.01626347941303289
0,d27,0.3864079686083435,0.2682169375493792,1.7186205939653263,4,0.0011711216439296568,1.9868375315147055,0.0019154150734693154
0,d28,0.3377087472127748,0.8673533346226489,3.942477347198693,6,0.001478317967896418,4.809830681821342,0.004636927802431945
0,d29,0.4524106594962402,0.6112706779071959,11.523973618440758,19,0.001362106869454988,12.135244296347954,0.011699008840313609
0,d30,0.7084058191016271,0.4624106724908055,15.611811029251626,33,0.003910311099512171,16.07422170174243,0.015496388634420741
0,d31,0.3386898460073282,0.5305900956354336,1.8526696346096754,4,7.081110233095322e-05,2.383259730245109,0.002297586762327632
0,d32,0.4448108382164217,0.0547321770051526,16.241858445493353,26,0.0030503286526743075,16.296590622498506,0.015710763879467866
0,d33,0.5713696095645261,0.0042710944505345,21.076155879414664,43,0.002268264240766827,21.080426973865197,0.02032263179069692
0,d34,0.5824571201440985,0.4733438217980411,10.751798328590711,21,0.003002830101981911,11.225142150388752,0.010821622873360364
0,d35,0.445080705866929,0.6858598972114482,6.139436297844362,14,0.0009918185409582678,6.82529619505581,0.006579941744374031
0,d36,0.6428491055401374,0.8705521518953744,0.1238285718775026,1,0.0004738058725259897,0.994380723772877,0.0009586349144662306
0,d37,0.6331550625258634,0.0612264541271615,8.914874557872722,18,0.0019913162569013356,8.976101011999884,0.008653429838453049
0,d38,0.5230232154695205,0.5123888115174334,3.716234000718143,6,0.0005292333165018981,4.228622812235576,0.004076613082901329
0,d39,0.5235568747153306,0.4422080628277681,5.986710117356809,13,0.0012287803703681867,6.428918180184577,0.006197812651061911
0,d40,0.4321020780252951,0.0381180467534172,14.376053830041831,32,0.002249988505841816,14.41417187679525,0.013896013965139236
0,d41,0.7254648811932107,0.7330780276295283,7.896024149077269,13,0.0032279579399502236,8.629102176706798,0.0083189048513546
0,d42,0.5826727116129281,0.6600732244837185,3.1252221325569782,6,0.0006966094624505555,3.7852953570406966,0.003649222278825017
0,d43,0.4650252718472646,0.2647829831443443,7.550716128721326,16,0.0015875075175062446,7.81549911186567,0.007534549034888086
0,d44,0.4704128653723852,0.5395451245308905,24.3533156041204,47,0.0020067211891343084,24.89286072865129,0.023998016901302
0,d45,0.5448537391180057,0.4073335225250493,13.551902165307737,26,0.0011232963738078779,13.959235687832786,0.013457431735850933
0,d46,0.5858703603877821,0.7371358537080552,15.418544658664954,28,0.0020029873449994573,16.15568051237301,0.01557491917920552
0,d47,0.3700767767766291,0.8204349903201831,6.534806868495029,15,0.003365820288153128,7.355241858815212,0.00709083702211252
0,d48,0.3236170265966182,0.6744959024664872,7.665487691950556,13,0.0016961426577164057,8.339983594417044,0.008040179448922885
0,d49,0.5976422484945852,0.6723761257003955,5.045815915439052,10,0.0008843986905179624,5.718192041139448,0.005512635560211484
0,d50,0.4820577570959681,0.3110659971888709,4.292269342927059,10,0.0023089579084889346,4.6033353401159305,0.004437855516032057
0,d51,0.6693372718446366,0.5627641174589416,18.80613156514492,33,0.0037967317653768875,19.36889568260386,0.018672626301069847
0,d52,0.7202386412025077,0.9527484508240278,1.980646717332946,3,0.0007504494625637145,2.9333951681569737,0.0028279460360537984
0,d53,0.3911459936597999,0.0738058073055961,3.590139205247371,6,0.0008486532420214724,3.663945012552967,0.003532234213462023
0,d54,0.4584662854409748,0.6617411490783438,11.89833469012703,27,0.0016938218876888368,12.560075839205373,0.012108568619594588
0,d55,0.4812949268182745,0.2173968415080795,6.594987194590287,15,0.0029499080594416675,6.812384036098366,0.006567493749253229
0,d56,0.4179196404382824,0.0271671424002741,10.247656956637627,18,0.0012870627519056081,10.2748240990379,0.009905466674740692
0,d57,0.520578829864801,0.5523670065202334,5.2849669594961775,11,0.000630025081423503,5.837333966016411,0.005627494593812237
0,d58,0.3940609767149655,0.2088661051907878,14.466801613190684,33,0.002521129775319725,14.675667718381472,0.014148109603901378
0,d59,0.517835093703932,0.0304324713071912,7.384122397888686,20,0.0015943746672663572,7.414554869195877,0.007148017859666638
0,d60,0.6603820460614556,0.2441125077921133,11.408062159628711,21,0.0017890225623375731,11.652174667420825,0.011233304506614594
0,d61,0.1190906956649291,0.3396223303720793,4.7855796345208725,8,0.021640650694574035,5.125201964892952,0.004940962178546331
0,d62,0.3391033765864686,0.5819727585806332,15.943281447687912,31,0.003982816151165958,16.525254206268546,0.015931207508179036
0,d63,0.5937506519144466,0.0697869101720041,6.3581067731635335,12,0.0021765355414371246,6.427893683335538,0.006196824982630926
0,d64,0.5114045779888319,0.061134838390738,15.23505801952358,31,0.0016945981651569353,15.296192857914317,0.014746328223630055
0,d65,0.6926779692927613,0.2192367022419535,18.62783367688174,36,0.003207926281861941,18.847070379123693,0.0181695594744423
0,d66,0.838258619948461,0.416651003991029,2.2689706233173474,4,0.0017571937439842256,2.6856216273083766,0.002589079411369869
0,d67,0.2372001047028663,0.1095342378602383,5.5762886355874945,13,0.0025482634083359287,5.685822873447733,0.005481429993209184
0,d68,0.7223472710659771,0.2358367391446861,2.8117356700724985,7,0.00048193392329151256,3.0475724092171848,0.0029380188553482576
0,d69,0.412022265296254,0.8057497763096095,6.573402446410878,15,0.0008615584438222523,7.379152222720487,0.0071138878607995585
0,d70,0.5976915716671948,0.6615382478708512,5.081006053869371,8,0.0006412315166881427,5.742544301740222,0.005536112410375581
0,d71,0.7753935254554237,0.9532450602827024,11.601453429220983,22,0.0052935603835267,12.554698489503686,0.012103384573838175
0,d72,0.7200515848641112,0.8135466378420463,5.456145995415362,12,0.0026789187938003056,6.269692633257408,0.006044310913839751
0,d73,0.6323702357024397,0.2465758596168992,24.030379787108817,46,0.004999704158828463,24.276955646725717,0.02340425225822763
0,d74,0.3245366202722103,0.0249182791854667,2.910987209751336,5,0.0008183337941524594,2.9359054889368026,0.002830366116299243
0,d75,0.7913326451339235,0.4539938264734323,20.169980994650782,39,0.008616993982070139,20.623974821124214,0.019882588093207944
0,d76,0.1668220687961897,0.9139428164460672,7.871397898420342,14,0.004515723526996128,8.78534071486641,0.008469526956232789
0,d77,0.3153561304077068,0.8192447071784767,6.2306019623095565,10,0.0020382947042764167,7.0498466694880335,0.006796420121020291
0,d78,0.7405289001624982,0.6417288777484423,16.273972535550094,33,0.003551355287184542,16.915701413298535,0.016307618993203224
0,d79,0.4078642791252231,0.392942761722586,20.052859110784333,40,0.0028554061220393222,20.44580187250692,0.019710820071891243
0,d80,0.3146924859763326,0.1696376294380355,3.365234603617023,5,0.0004091452621600822,3.534872233055059,0.003407801317715185
0,d81,0.5421396112737187,0.4836058296608834,14.08922995872085,32,0.002557589583144955,14.572835788381733,0.014048974256581215
0,d82,0.3308780300888796,0.7315047052996154,6.318480643841281,14,0.0014464382179088361,7.049985349140896,0.006796553815443344
0,d83,0.5044762847321907,0.6798597864912188,9.845795300570616,24,0.001641692657840722,10.525655087061836,0.010147280838069874
0,d84,0.4240016491622051,0.7456837793544112,8.333365024699267,15,0.0016863903489809336,9.079048804053679,0.008752676882840165
0,d85,0.5635876237186975,0.4421231259529313,11.639752556845439,19,0.0016506275382279602,12.08187568279837,0.011647558711542839
0,d86,0.3533789480454132,0.1204309134488827,18.38285231543966,34,0.002727523364558318,18.50328322888854,0.017838130719357605
0,d87,0.4141901250717854,0.0205203984577977,6.211034404044475,11,0.0007153150294053914,6.231554802502273,0.006007544054577677
0,d88,0.6115059790073664,0.3468249568782421,22.95997371095156,50,0.0046116032944521065,23.3067986678298,0.022468970298060498
0,d89,0.4896240178334312,0.6122854110355505,15.750925024028584,31,0.0017727995345385536,16.363210435064133,0.015774988855670434
0,d90,0.5941395502240032,0.3730251727692044,2.5706627186786166,7,0.0006976510947671282,2.943687891447821,0.002837868758483602
0,d91,0.3293986104535455,0.6386125882064059,4.200184953508744,11,0.000960841905370077,4.83879754171515,0.004664853367150553
0,d92,0.1977297954318764,0.4473469334645794,12.064196300888506,28,0.006745204763854436,12.511543234353086,0.012061780655599397
0,d93,0.6550234155260443,0.3575923809381158,5.005714459942524,12,0.0009517978260719465,5.36330684088064,0.005170507705696539
0,d94,0.6073501272161405,0.1354534932662909,8.822070473603995,21,0.0012903052411135836,8.957523966870285,0.008635520597411774
0,d95,0.601513468777383,0.6209945983805449,6.633367600433748,17,0.0010182180461306113,7.254362198814293,0.00699358376496023
0,d96,0.371315160117374,0.1863589762176125,6.111262394630958,17,0.001271706090694713,6.297621370848571,0.006071235674478986
0,d97,0.528859155067582,0.7641297145552959,19.8733765138219,34,0.0028683774100798235,20.637506228377195,0.019895633076004223
0,d98,0.6867323808101021,0.9463252093187112,15.817784438131694,36,0.00298266918343011,16.764109647450404,0.016161476619348438
0,d99,0.5502661734258218,0.0438536644798878,13.48624743165391,27,0.0014111161628205496,13.530101096133798,0.013043723592910481
0,d100,0.2278883004385705,0.9513057831481097,10.163136369028473,23,0.004895763557562567,11.114442152176583,0.01071490229764879
1,d1,0.4862165995835288,0.4884693494414028,6.12322198078222,14,0.10140127953115763,6.611691330223623,0.006374015506633781
1,d2,0.5502412913556051,0.3770782987358936,5.4215278329499865,12,0.10106064965292387,5.79860613168588,0.0055901589403111835
1,d3,0.7522591650467103,0.6274282350072956,9.373290158411859,18,0.101106331480887,10.000718393419154,0.00964121446894215
1,d4,0.7443367495184002,0.6411853212437485,7.082300578546225,16,0.09822878577776747,7.723485899789973,0.0074458434962758
1,d5,0.2615535697275934,0.5444230936121223,2.7632536692859713,8,0.10438673760500423,3.3076767628980934,0.0031887730271478953
1,d6,0.4904884089184546,0.195995144533855,1.059190074397327,3,0.10101266502049681,1.255185218931182,0.0012100640591904755
1,d7,0.5256883903597749,0.0645924756622676,9.277160153594288,17,0.09882828429018022,9.341752629256556,0.009005937080853448
1,d8,0.6596628379581407,0.9857688480178474,1.846628086138904,4,0.09941947527431155,2.832396934156751,0.002730578467377801
1,d9,0.4807477577498914,0.4645978847235158,5.338972455778012,9,0.10024097480969058,5.803570340501528,0.005594944696691622
1,d10,0.7422725194213029,0.4258718268257104,6.750950964514472,12,0.10169557879108289,7.176822791340182,0.006918831729372014
1,d11,0.6571269770041206,0.8816447243746165,10.685074333793903,19,0.100932183286918,11.56671905816852,0.011150920839365475
1,d12,0.231995409903569,0.4098458376430103,2.514256461556204,7,0.10025884496361437,2.9241022991992143,0.0028189872253835077
1,d13,0.2437821171245273,0.1658120032268633,3.105928664085741,5,0.10019960644062739,3.2717406673126046,0.0031541287554979615
1,d14,0.3388650567882838,0.2041415713138661,0.284163788467741,1,0.10059279437707414,0.48830535978160705,0.00047075185149562633
1,d15,0.4702025489713948,0.5357815987985837,0.509294820871708,3,0.09974098577849745,1.0450764196702917,0.0010075082111206863
1,d16,0.8571795782483717,0.6823319381851302,18.044889965907235,40,0.09964928005574099,18.727221904092364,0.018054019289617872
1,d17,0.4566808863944986,0.2205459956643096,3.450155702693858,10,0.10059338886213745,3.6707016983581675,0.003538748011209799
1,d18,0.4585416734955421,0.1464049330716936,15.612946003885304,30,0.09790615810374667,15.759350936956997,0.015192836784056288
1,d19,0.4777742963178163,0.0153435184241378,6.12414817413819,14,0.1004517833623225,6.139491692562328,0.005918790411820084
1,d20,0.3404475632918323,0.2676511989587375,42.34838807373219,87,0.08138792588433032,42.61603927269093,0.041084085990786695
1,d21,0.9367244379858752,0.1068950431605513,15.317257409827391,31,0.11262251055069332,15.424152452987942,0.014869687951494768
1,d22,0.5661514327285212,0.8659825989947968,3.7231680459436096,8,0.09910340234632842,4.589150644938407,0.004424180729581409
1,d23,0.58181702785236,0.1760745289285016,3.4847672846882713,6,0.1000308945574151,3.660841813616773,0.00352924256773152
1,d24,0.4131050727943643,0.10508190786601,50.10434621611311,101,0.11601451174439674,50.209428123979116,0.0484045091425393
1,d25,0.957409873768342,0.496608869306429,17.588398495823355,31,0.07462732530214851,18.085007365129783,0.017434890956868752
1,d26,0.5983399053567895,0.1129787309299515,16.756937214914327,29,0.10038235800933397,16.86991594584428,0.01626347941303289
1,d27,0.4864079686083435,0.2682169375493792,1.7186205939653263,4,0.09882887835607038,1.9868375315147055,0.0019154150734693154
1,d28,0.4377087472127748,0.8673533346226489,3.942477347198693,6,0.10147831796789646,4.809830681821342,0.004636927802431945
1,d29,0.5524106594962402,0.6112706779071959,11.523973618440758,19,0.09878001104825843,12.135244296347954,0.011699008840313609
1,d30,0.8084058191016271,0.4624106724908055,15.611811029251626,33,0.10190191181422717,16.07422170174243,0.015496388634420741
1,d31,0.4386898460073282,0.5305900956354336,1.8526696346096754,4,0.10005479249867338,2.383259730245109,0.002297586762327632
1,d32,0.5448108382164217,0.0547321770051526,16.241858445493353,26,0.10304027997733517,16.296590622498506,0.015710763879467866
1,d33,0.6713696095645261,0.0042710944505345,21.076155879414664,43,0.09925998192685183,21.080426973865197,0.02032263179069692
1,d34,0.6824571201440984,0.4733438217980411,10.751798328590711,21,0.10299511852441198,11.225142150388752,0.010821622873360364
1,d35,0.545080705866929,0.6858598972114482,6.139436297844362,14,0.09901921842505368,6.82529619505581,0.006579941744374031
1,d36,0.7428491055401374,0.8705521518953744,0.1238285718775026,1,0.09952619412747399,0.994380723772877,0.0009586349144662306
1,d37,0.7331550625258634,0.0612264541271615,8.914874557872722,18,0.09808271889172904,8.976101011999884,0.008653429838453049
1,d38,0.6230232154695204,0.5123888115174334,3.716234000718143,6,0.1004309274543362,4.228622812235576,0.004076613082901329
1,d39,0.6235568747153306,0.4422080628277681,5.986710117356809,13,0.09880245886600598,6.428918180184577,0.006197812651061911
1,d40,0.5321020780252952,0.0381180467534172,14.376053830041831,32,0.0987295544820943,14.41417187679525,0.013896013965139236
1,d41,0.8254648811932107,0.7330780276295283,7.896024149077269,13,0.09723107377730801,8.629102176706798,0.0083189048513546
1,d42,0.6826727116129281,0.6600732244837185,3.1252221325569782,6,0.09930339053754943,3.7852953570406966,0.003649222278825017
1,d43,0.5650252718472646,0.2647829831443443,7.550716128721326,16,0.1015011763730822,7.81549911186567,0.007534549034888086
1,d44,0.5704128653723852,0.5395451245308905,24.3533156041204,47,0.09864752516824707,24.89286072865129,0.023998016901302
1,d45,0.6448537391180057,0.4073335225250493,13.551902165307737,26,0.09942434409290743,13.959235687832786,0.013457431735850933
1,d46,0.685870360387782,0.7371358537080552,15.418544658664954,28,0.09842559228519697,16.15568051237301,0.01557491917920552
1,d47,0.4700767767766292,0.8204349903201831,6.534806868495029,15,0.1033658202881532,7.355241858815212,0.00709083702211252
1,d48,0.4236170265966182,0.6744959024664872,7.665487691950556,13,0.10164837067917444,8.339983594417044,0.008040179448922885
1,d49,0.6976422484945852,0.6723761257003955,5.045815915439052,10,0.10088439869051795,5.718192041139448,0.005512635560211484
1,d50,0.5820577570959681,0.3110659971888709,4.292269342927059,10,0.09769104209151105,4.6033353401159305,0.004437855516032057
1,d51,0.7693372718446366,0.5627641174589416,18.80613156514492,33,0.09768790829658817,19.36889568260386,0.018672626301069847
1,d52,0.8202386412025077,0.9527484508240278,1.980646717332946,3,0.09924955053743627,2.9333951681569737,0.0028279460360537984
1,d53,0.4911459936597999,0.0738058073055961,3.590139205247371,6,0.0991513467579785,3.663945012552967,0.003532234213462023
1,d54,0.5584662854409748,0.6617411490783438,11.89833469012703,27,0.09920823276447976,12.560075839205373,0.012108568619594588
1,d55,0.5812949268182745,0.2173968415080795,6.594987194590287,15,0.1029499080594417,6.812384036098366,0.006567493749253229
1,d56,0.5179196404382824,0.0271671424002741,10.247656956637627,18,0.09913605301793899,10.2748240990379,0.009905466674740692
1,d57,0.620578829864801,0.5523670065202334,5.2849669594961775,11,0.10038139971478464,5.837333966016411,0.005627494593812237
1,d58,0.4940609767149655,0.2088661051907878,14.466801613190684,33,0.0977250239371126,14.675667718381472,0.014148109603901378
1,d59,0.617835093703932,0.0304324713071912,7.384122397888686,20,0.10143849394783447,7.414554869195877,0.007148017859666638
1,d60,0.7603820460614555,0.2441125077921133,11.408062159628711,21,0.09919382467838062,11.652174667420825,0.011233304506614594
1,d61,0.2190906956649291,0.3396223303720793,4.7855796345208725,8,0.12048526697143783,5.125201964892952,0.004940962178546331
1,d62,0.4391033765864687,0.5819727585806332,15.943281447687912,31,0.09601718384883413,16.525254206268546,0.015931207508179036
1,d63,0.6937506519144466,0.0697869101720041,6.3581067731635335,12,0.10214677667816752,6.427893683335538,0.006196824982630926
1,d64,0.6114045779888319,0.061134838390738,15.23505801952358,31,0.09982091749876208,15.296192857914317,0.014746328223630055
1,d65,0.7926779692927612,0.2192367022419535,18.62783367688174,36,0.097605443272207,18.847070379123693,0.0181695594744423
1,d66,0.9382586199484608,0.416651003991029,2.2689706233173474,4,0.09859698472051501,2.6856216273083766,0.002589079411369869
1,d67,0.3372001047028663,0.1095342378602383,5.5762886355874945,13,0.10254826340833596,5.685822873447733,0.005481429993209184
1,d68,0.822347271065977,0.2358367391446861,2.8117356700724985,7,0.09981788539584904,3.0475724092171848,0.0029380188553482576
1,d69,0.512022265296254,0.8057497763096095,6.573402446410878,15,0.10034975206627321,7.379152222720487,0.0071138878607995585
1,d70,0.6976915716671948,0.6615382478708512,5.081006053869371,8,0.09935876848331184,5.742544301740222,0.005536112410375581
1,d71,0.8753935254554237,0.9532450602827024,11.601453429220983,22,0.10106795079382945,12.554698489503686,0.012103384573838175
1,d72,0.8200515848641112,0.8135466378420463,5.456145995415362,12,0.10267891879380027,6.269692633257408,0.006044310913839751
1,d73,0.7323702357024396,0.2465758596168992,24.030379787108817,46,0.10497334435248995,24.276955646725717,0.02340425225822763
1,d74,0.4245366202722103,0.0249182791854667,2.910987209751336,5,0.09941661391695684,2.9359054889368026,0.002830366116299243
1,d75,0.8913326451339235,0.4539938264734323,20.169980994650782,39,0.09396085493438446,20.623974821124214,0.019882588093207944
1,d76,0.2668220687961897,0.9139428164460672,7.871397898420342,14,0.09588647949468054,8.78534071486641,0.008469526956232789
1,d77,0.4153561304077068,0.8192447071784767,6.2306019623095565,10,0.09801103104934947,7.0498466694880335,0.006796420121020291
1,d78,0.8405289001624981,0.6417288777484423,16.273972535550094,33,0.09884271224798455,16.915701413298535,0.016307618993203224
1,d79,0.5078642791252231,0.392942761722586,20.052859110784333,40,0.10244170051946835,20.44580187250692,0.019710820071891243
1,d80,0.4146924859763325,0.1696376294380355,3.365234603617023,5,0.10025074780969642,3.534872233055059,0.003407801317715185
1,d81,0.6421396112737187,0.4836058296608834,14.08922995872085,32,0.10237411573856128,14.572835788381733,0.014048974256581215
1,d82,0.4308780300888796,0.7315047052996154,6.318480643841281,14,0.09873192430044354,7.049985349140896,0.006796553815443344
1,d83,0.6044762847321907,0.6798597864912188,9.845795300570616,24,0.09941034189678377,10.525655087061836,0.010147280838069874
1,d84,0.5240016491622052,0.7456837793544112,8.333365024699267,15,0.10161149618114981,9.079048804053679,0.008752676882840165
1,d85,0.6635876237186975,0.4421231259529313,11.639752556845439,19,0.09916125457138644,12.08187568279837,0.011647558711542839
1,d86,0.4533789480454132,0.1204309134488827,18.38285231543966,34,0.10218769442147646,18.50328322888854,0.017838130719357605
1,d87,0.5141901250717854,0.0205203984577977,6.211034404044475,11,0.09945224754100361,6.231554802502273,0.006007544054577677
1,d88,0.7115059790073663,0.3468249568782421,22.95997371095156,50,0.09571449730621985,23.3067986678298,0.022468970298060498
1,d89,0.5896240178334312,0.6122854110355505,15.750925024028584,31,0.10046282739444999,16.363210435064133,0.015774988855670434
1,d90,0.6941395502240032,0.3730251727692044,2.5706627186786166,7,0.0993578416633001,2.943687891447821,0.002837868758483602
1,d91,0.4293986104535455,0.6386125882064059,4.200184953508744,11,0.10077973616426544,4.83879754171515,0.004664853367150553
1,d92,0.2977297954318764,0.4473469334645794,12.064196300888506,28,0.09996285050265756,12.511543234353086,0.012061780655599397
1,d93,0.7550234155260442,0.3575923809381158,5.005714459942524,12,0.09987837175153409,5.36330684088064,0.005170507705696539
1,d94,0.7073501272161404,0.1354534932662909,8.822070473603995,21,0.1002480271999932,8.957523966870285,0.008635520597411774
1,d95,0.701513468777383,0.6209945983805449,6.633367600433748,17,0.09982988849053978,7.254362198814293,0.00699358376496023
1,d96,0.471315160117374,0.1863589762176125,6.111262394630958,17,0.09884601563474352,6.297621370848571,0.006071235674478986
1,d97,0.6288591550675819,0.7641297145552959,19.8733765138219,34,0.09760772269504307,20.637506228377195,0.019895633076004223
1,d98,0.7867323808101021,0.9463252093187112,15.817784438131694,36,0.10192524930223448,16.764109647450404,0.016161476619348438
1,d99,0.6502661734258218,0.0438536644798878,13.48624743165391,27,0.10015795089298075,13.530101096133798,0.013043723592910481
1,d100,0.3278883004385705,0.9513057831481097,10.163136369028473,23,0.10346302800328007,11.114442152176583,0.01071490229764879
2,d1,0.5862165995835288,0.4884693494414028,6.12322198078222,14,0.20140127953115758,6.611691330223623,0.006374015506633781
2,d2,0.650241291355605,0.3770782987358936,5.4215278329499865,12,0.20106064965292383,5.79860613168588,0.0055901589403111835
2,d3,0.8522591650467103,0.6274282350072956,9.373290158411859,18,0.20110633148088697,10.000718393419154,0.00964121446894215
2,d4,0.8443367495184002,0.6411853212437485,7.082300578546225,16,0.19822878577776745,7.723485899789973,0.0074458434962758
2,d5,0.3615535697275934,0.5444230936121223,2.7632536692859713,8,0.20438673760500423,3.3076767628980934,0.0031887730271478953
2,d6,0.5904884089184546,0.195995144533855,1.059190074397327,3,0.20101266502049678,1.255185218931182,0.0012100640591904755
2,d7,0.6256883903597749,0.0645924756622676,9.277160153594288,17,0.1988282842901802,9.341752629256556,0.009005937080853448
2,d8,0.7596628379581407,0.9857688480178474,1.846628086138904,4,0.19941947527431153,2.832396934156751,0.002730578467377801
2,d9,0.5807477577498914,0.4645978847235158,5.338972455778012,9,0.20024097480969055,5.803570340501528,0.005594944696691622
2,d10,0.8422725194213029,0.4258718268257104,6.750950964514472,12,0.20169557879108288,7.176822791340182,0.006918831729372014
2,d11,0.7571269770041206,0.8816447243746165,10.685074333793903,19,0.20093218328691798,11.56671905816852,0.011150920839365475
2,d12,0.331995409903569,0.4098458376430103,2.514256461556204,7,0.2002588449636144,2.9241022991992143,0.0028189872253835077
2,d13,0.3437821171245273,0.1658120032268633,3.105928664085741,5,0.20019960644062737,3.2717406673126046,0.0031541287554979615
2,d14,0.4388650567882838,0.2041415713138661,0.284163788467741,1,0.2005927943770741,0.48830535978160705,0.00047075185149562633
2,d15,0.5702025489713948,0.5357815987985837,0.509294820871708,3,0.19974098577849744,1.0450764196702917,0.0010075082111206863
2,d16,0.9571795782483716,0.6823319381851302,18.044889965907235,40,0.19964928005574095,18.727221904092364,0.018054019289617872
2,d17,0.5566808863944986,0.2205459956643096,3.450155702693858,10,0.20059338886213748,3.6707016983581675,0.003538748011209799
2,d18,0.5585416734955421,0.1464049330716936,15.612946003885304,30,0.19790615810374665,15.759350936956997,0.015192836784056288
2,d19,0.5777742963178163,0.0153435184241378,6.12414817413819,14,0.20045178336232247,6.139491692562328,0.005918790411820084
2,d20,0.4404475632918323,0.2676511989587375,42.34838807373219,87,0.18138792588433034,42.61603927269093,0.041084085990786695
2,d21,1.0,0.1068950431605513,15.317257409827391,31,0.1758980725648181,15.424152452987942,0.014869687951494768
2,d22,0.6661514327285212,0.8659825989947968,3.7231680459436096,8,0.1991034023463284,4.589150644938407,0.004424180729581409
2,d23,0.68181702785236,0.1760745289285016,3.4847672846882713,6,0.20003089455741507,3.660841813616773,0.00352924256773152
2,d24,0.5131050727943643,0.10508190786601,50.10434621611311,101,0.2160145117443968,50.209428123979116,0.0484045091425393
2,d25,1.0,0.496608869306429,17.588398495823355,31,0.11721745153380654,18.085007365129783,0.017434890956868752
2,d26,0.6983399053567895,0.1129787309299515,16.756937214914327,29,0.20038235800933396,16.86991594584428,0.01626347941303289
2,d27,0.5864079686083435,0.2682169375493792,1.7186205939653263,4,0.1988288783560704,1.9868375315147055,0.0019154150734693154
2,d28,0.5377087472127748,0.8673533346226489,3.942477347198693,6,0.2014783179678965,4.809830681821342,0.004636927802431945
2,d29,0.6524106594962402,0.6112706779071959,11.523973618440758,19,0.1987800110482584,12.135244296347954,0.011699008840313609
2,d30,0.9084058191016272,0.4624106724908055,15.611811029251626,33,0.20190191181422726,16.07422170174243,0.015496388634420741
2,d31,0.5386898460073282,0.5305900956354336,1.8526696346096754,4,0.20005479249867336,2.383259730245109,0.002297586762327632
2,d32,0.6448108382164217,0.0547321770051526,16.241858445493353,26,0.20304027997733515,16.296590622498506,0.015710763879467866
2,d33,0.771369609564526,0.0042710944505345,21.076155879414664,43,0.19925998192685182,21.080426973865197,0.02032263179069692
2,d34,0.7824571201440984,0.4733438217980411,10.751798328590711,21,0.20299511852441196,11.225142150388752,0.010821622873360364
2,d35,0.645080705866929,0.6858598972114482,6.139436297844362,14,0.19901921842505366,6.82529619505581,0.006579941744374031
2,d36,0.8428491055401374,0.8705521518953744,0.1238285718775026,1,0.19952619412747397,0.994380723772877,0.0009586349144662306
2,d37,0.8331550625258634,0.0612264541271615,8.914874557872722,18,0.19808271889172901,8.976101011999884,0.008653429838453049
2,d38,0.7230232154695204,0.5123888115174334,3.716234000718143,6,0.2004309274543362,4.228622812235576,0.004076613082901329
2,d39,0.7235568747153306,0.4422080628277681,5.986710117356809,13,0.19880245886600595,6.428918180184577,0.006197812651061911
2,d40,0.6321020780252952,0.0381180467534172,14.376053830041831,32,0.19872955448209428,14.41417187679525,0.013896013965139236
2,d41,0.9254648811932108,0.7330780276295283,7.896024149077269,13,0.19723107377730809,8.629102176706798,0.0083189048513546
2,d42,0.7826727116129281,0.6600732244837185,3.1252221325569782,6,0.19930339053754942,3.7852953570406966,0.003649222278825017
2,d43,0.6650252718472646,0.2647829831443443,7.550716128721326,16,0.20150117637308218,7.81549911186567,0.007534549034888086
2,d44,0.6704128653723852,0.5395451245308905,24.3533156041204,47,0.19864752516824705,24.89286072865129,0.023998016901302
2,d45,0.7448537391180057,0.4073335225250493,13.551902165307737,26,0.1994243440929074,13.959235687832786,0.013457431735850933
2,d46,0.785870360387782,0.7371358537080552,15.418544658664954,28,0.19842559228519693,16.15568051237301,0.01557491917920552
2,d47,0.5700767767766292,0.8204349903201831,6.534806868495029,15,0.2033658202881532,7.355241858815212,0.00709083702211252
2,d48,0.5236170265966182,0.6744959024664872,7.665487691950556,13,0.2016483706791745,8.339983594417044,0.008040179448922885
2,d49,0.7976422484945852,0.6723761257003955,5.045815915439052,10,0.2008843986905179,5.718192041139448,0.005512635560211484
2,d50,0.682057757095968,0.3110659971888709,4.292269342927059,10,0.19769104209151103,4.6033353401159305,0.004437855516032057
2,d51,0.8693372718446366,0.5627641174589416,18.80613156514492,33,0.19768790829658814,19.36889568260386,0.018672626301069847
2,d52,0.9202386412025076,0.9527484508240278,1.980646717332946,3,0.19924955053743623,2.9333951681569737,0.0028279460360537984
2,d53,0.5911459936597999,0.0738058073055961,3.590139205247371,6,0.19915134675797855,3.663945012552967,0.003532234213462023
2,d54,0.6584662854409747,0.6617411490783438,11.89833469012703,27,0.19920823276447977,12.560075839205373,0.012108568619594588
2,d55,0.6812949268182745,0.2173968415080795,6.594987194590287,15,0.20294990805944169,6.812384036098366,0.006567493749253229
2,d56,0.6179196404382824,0.0271671424002741,10.247656956637627,18,0.19913605301793896,10.2748240990379,0.009905466674740692
2,d57,0.7205788298648009,0.5523670065202334,5.2849669594961775,11,0.2003813997147846,5.837333966016411,0.005627494593812237
2,d58,0.5940609767149655,0.2088661051907878,14.466801613190684,33,0.19772502393711258,14.675667718381472,0.014148109603901378
2,d59,0.717835093703932,0.0304324713071912,7.384122397888686,20,0.20143849394783447,7.414554869195877,0.007148017859666638
2,d60,0.8603820460614555,0.2441125077921133,11.408062159628711,21,0.19919382467838057,11.652174667420825,0.011233304506614594
2,d61,0.3190906956649291,0.3396223303720793,4.7855796345208725,8,0.2204852669714378,5.125201964892952,0.004940962178546331
2,d62,0.5391033765864687,0.5819727585806332,15.943281447687912,31,0.19601718384883413,16.525254206268546,0.015931207508179036
2,d63,0.7937506519144466,0.0697869101720041,6.3581067731635335,12,0.2021467766781675,6.427893683335538,0.006196824982630926
2,d64,0.7114045779888318,0.061134838390738,15.23505801952358,31,0.19982091749876205,15.296192857914317,0.014746328223630055
2,d65,0.8926779692927612,0.2192367022419535,18.62783367688174,36,0.19760544327220697,18.847070379123693,0.0181695594744423
2,d66,1.0,0.416651003991029,2.2689706233173474,4,0.16033836477205418,2.6856216273083766,0.002589079411369869
2,d67,0.4372001047028663,0.1095342378602383,5.5762886355874945,13,0.20254826340833593,5.685822873447733,0.005481429993209184
2,d68,0.922347271065977,0.2358367391446861,2.8117356700724985,7,0.19981788539584902,3.0475724092171848,0.0029380188553482576
2,d69,0.612022265296254,0.8057497763096095,6.573402446410878,15,0.2003497520662732,7.379152222720487,0.0071138878607995585
2,d70,0.7976915716671947,0.6615382478708512,5.081006053869371,8,0.1993587684833118,5.742544301740222,0.005536112410375581
2,d71,0.9753935254554236,0.9532450602827024,11.601453429220983,22,0.2010679507938293,12.554698489503686,0.012103384573838175
2,d72,0.9200515848641112,0.8135466378420463,5.456145995415362,12,0.20267891879380026,6.269692633257408,0.006044310913839751
2,d73,0.8323702357024396,0.2465758596168992,24.030379787108817,46,0.20497334435248996,24.276955646725717,0.02340425225822763
2,d74,0.5245366202722103,0.0249182791854667,2.910987209751336,5,0.1994166139169568,2.9359054889368026,0.002830366116299243
2,d75,0.9913326451339236,0.4539938264734323,20.169980994650782,39,0.19396085493438456,20.623974821124214,0.019882588093207944
2,d76,0.3668220687961897,0.9139428164460672,7.871397898420342,14,0.19588647949468058,8.78534071486641,0.008469526956232789
2,d77,0.5153561304077068,0.8192447071784767,6.2306019623095565,10,0.19801103104934945,7.0498466694880335,0.006796420121020291
2,d78,0.940528900162498,0.6417288777484423,16.273972535550094,33,0.19884271224798442,16.915701413298535,0.016307618993203224
2,d79,0.6078642791252231,0.392942761722586,20.052859110784333,40,0.2024417005194683,20.44580187250692,0.019710820071891243
2,d80,0.5146924859763325,0.1696376294380355,3.365234603617023,5,0.20025074780969648,3.534872233055059,0.003407801317715185
2,d81,0.7421396112737186,0.4836058296608834,14.08922995872085,32,0.20237411573856126,14.572835788381733,0.014048974256581215
2,d82,0.5308780300888796,0.7315047052996154,6.318480643841281,14,0.1987319243004435,7.049985349140896,0.006796553815443344
2,d83,0.7044762847321907,0.6798597864912188,9.845795300570616,24,0.19941034189678375,10.525655087061836,0.010147280838069874
2,d84,0.6240016491622051,0.7456837793544112,8.333365024699267,15,0.2016114961811498,9.079048804053679,0.008752676882840165
2,d85,0.7635876237186975,0.4421231259529313,11.639752556845439,19,0.19916125457138642,12.08187568279837,0.011647558711542839
2,d86,0.5533789480454132,0.1204309134488827,18.38285231543966,34,0.20218769442147647,18.50328322888854,0.017838130719357605
2,d87,0.6141901250717854,0.0205203984577977,6.211034404044475,11,0.19945224754100357,6.231554802502273,0.006007544054577677
2,d88,0.8115059790073663,0.3468249568782421,22.95997371095156,50,0.19571449730621981,23.3067986678298,0.022468970298060498
2,d89,0.6896240178334312,0.6122854110355505,15.750925024028584,31,0.20046282739444996,16.363210435064133,0.015774988855670434
2,d90,0.7941395502240032,0.3730251727692044,2.5706627186786166,7,0.1993578416633001,2.943687891447821,0.002837868758483602
2,d91,0.5293986104535455,0.6386125882064059,4.200184953508744,11,0.20077973616426545,4.83879754171515,0.004664853367150553
2,d92,0.3977297954318763,0.4473469334645794,12.064196300888506,28,0.19996285050265747,12.511543234353086,0.012061780655599397
2,d93,0.8550234155260442,0.3575923809381158,5.005714459942524,12,0.19987837175153408,5.36330684088064,0.005170507705696539
2,d94,0.8073501272161404,0.1354534932662909,8.822070473603995,21,0.20024802719999318,8.957523966870285,0.008635520597411774
2,d95,0.8015134687773829,0.6209945983805449,6.633367600433748,17,0.19982988849053976,7.254362198814293,0.00699358376496023
2,d96,0.571315160117374,0.1863589762176125,6.111262394630958,17,0.19884601563474355,6.297621370848571,0.006071235674478986
2,d97,0.7288591550675819,0.7641297145552959,19.8733765138219,34,0.19760772269504306,20.637506228377195,0.019895633076004223
2,d98,0.8867323808101021,0.9463252093187112,15.817784438131694,36,0.20192524930223443,16.764109647450404,0.016161476619348438
2,d99,0.7502661734258218,0.0438536644798878,13.48624743165391,27,0.20015795089298075,13.530101096133798,0.013043723592910481
2,d100,0.4278883004385705,0.9513057831481097,10.163136369028473,23,0.2034630280032801,11.114442152176583,0.01071490229764879
3,d1,0.6862165995835288,0.4884693494414028,6.12322198078222,14,0.3014012795311576,6.611691330223623,0.006374015506633781
3,d2,0.750241291355605,0.3770782987358936,5.4215278329499865,12,0.30106064965292384,5.79860613168588,0.0055901589403111835
3,d3,0.9522591650467104,0.6274282350072956,9.373290158411859,18,0.30110633148088706,10.000718393419154,0.00964121446894215
3,d4,0.9443367495184002,0.6411853212437485,7.082300578546225,16,0.29822878577776746,7.723485899789973,0.0074458434962758
3,d5,0.4615535697275934,0.5444230936121223,2.7632536692859713,8,0.30438673760500423,3.3076767628980934,0.0031887730271478953
3,d6,0.6904884089184545,0.195995144533855,1.059190074397327,3,0.3010126650204968,1.255185218931182,0.0012100640591904755
3,d7,0.7256883903597748,0.0645924756622676,9.277160153594288,17,0.29882828429018016,9.341752629256556,0.009005937080853448
3,d8,0.8596628379581407,0.9857688480178474,1.846628086138904,4,0.2994194752743115,2.832396934156751,0.002730578467377801
3,d9,0.6807477577498914,0.4645978847235158,5.338972455778012,9,0.30024097480969053,5.803570340501528,0.005594944696691622
3,d10,0.9422725194213027,0.4258718268257104,6.750950964514472,12,0.3016955787910827,7.176822791340182,0.006918831729372014
3,d11,0.8571269770041205,0.8816447243746165,10.685074333793903,19,0.30093218328691795,11.56671905816852,0.011150920839365475
3,d12,0.4319954099035691,0.4098458376430103,2.514256461556204,7,0.3002588449636145,2.9241022991992143,0.0028189872253835077
3,d13,0.4437821171245273,0.1658120032268633,3.105928664085741,5,0.30019960644062743,3.2717406673126046,0.0031541287554979615
3,d14,0.5388650567882838,0.2041415713138661,0.284163788467741,1,0.3005927943770741,0.48830535978160705,0.00047075185149562633
3,d15,0.6702025489713948,0.5357815987985837,0.509294820871708,3,0.2997409857784974,1.0450764196702917,0.0010075082111206863
3,d16,1.0,0.6823319381851302,18.044889965907235,40,0.24246970180736932,18.727221904092364,0.018054019289617872
3,d17,0.6566808863944986,0.2205459956643096,3.450155702693858,10,0.30059338886213743,3.6707016983581675,0.003538748011209799
3,d18,0.658541673495542,0.1464049330716936,15.612946003885304,30,0.2979061581037466,15.759350936956997,0.015192836784056288
3,d19,0.6777742963178163,0.0153435184241378,6.12414817413819,14,0.3004517833623224,6.139491692562328,0.005918790411820084
3,d20,0.5404475632918323,0.2676511989587375,42.34838807373219,87,0.2813879258843303,42.61603927269093,0.041084085990786695
3,d21,1.0,0.1068950431605513,15.317257409827391,31,0.1758980725648181,15.424152452987942,0.014869687951494768
3,d22,0.7661514327285212,0.8659825989947968,3.7231680459436096,8,0.2991034023463284,4.589150644938407,0.004424180729581409
3,d23,0.78181702785236,0.1760745289285016,3.4847672846882713,6,0.30003089455741505,3.660841813616773,0.00352924256773152
3,d24,0.6131050727943643,0.10508190786601,50.10434621611311,101,0.31601451174439676,50.209428123979116,0.0484045091425393
3,d25,1.0,0.496608869306429,17.588398495823355,31,0.11721745153380654,18.085007365129783,0.017434890956868752
3,d26,0.7983399053567894,0.1129787309299515,16.756937214914327,29,0.30038235800933394,16.86991594584428,0.01626347941303289
3,d27,0.6864079686083435,0.2682169375493792,1.7186205939653263,4,0.2988288783560704,1.9868375315147055,0.0019154150734693154
3,d28,0.6377087472127748,0.8673533346226489,3.942477347198693,6,0.3014783179678964,4.809830681821342,0.004636927802431945
3,d29,0.7524106594962402,0.6112706779071959,11.523973618440758,19,0.29878001104825835,12.135244296347954,0.011699008840313609
3,d30,1.0,0.4624106724908055,15.611811029251626,33,0.2934960927126001,16.07422170174243,0.015496388634420741
3,d31,0.6386898460073281,0.5305900956354336,1.8526696346096754,4,0.30005479249867334,2.383259730245109,0.002297586762327632
3,d32,0.7448108382164217,0.0547321770051526,16.241858445493353,26,0.3030402799773351,16.296590622498506,0.015710763879467866
3,d33,0.871369609564526,0.0042710944505345,21.076155879414664,43,0.29925998192685177,21.080426973865197,0.02032263179069692
3,d34,0.8824571201440984,0.4733438217980411,10.751798328590711,21,0.30299511852441197,11.225142150388752,0.010821622873360364
3,d35,0.745080705866929,0.6858598972114482,6.139436297844362,14,0.29901921842505363,6.82529619505581,0.006579941744374031
3,d36,0.9428491055401372,0.8705521518953744,0.1238285718775026,1,0.29952619412747383,0.994380723772877,0.0009586349144662306
3,d37,0.9331550625258632,0.0612264541271615,8.914874557872722,18,0.2980827188917289,8.976101011999884,0.008653429838453049
3,d38,0.8230232154695204,0.5123888115174334,3.716234000718143,6,0.30043092745433614,4.228622812235576,0.004076613082901329
3,d39,0.8235568747153306,0.4422080628277681,5.986710117356809,13,0.2988024588660059,6.428918180184577,0.006197812651061911
3,d40,0.7321020780252951,0.0381180467534172,14.376053830041831,32,0.29872955448209426,14.41417187679525,0.013896013965139236
3,d41,1.0,0.7330780276295283,7.896024149077269,13,0.2717661925840973,8.629102176706798,0.0083189048513546
3,d42,0.882672711612928,0.6600732244837185,3.1252221325569782,6,0.29930339053754934,3.7852953570406966,0.003649222278825017
3,d43,0.7650252718472645,0.2647829831443443,7.550716128721326,16,0.30150117637308216,7.81549911186567,0.007534549034888086
3,d44,0.7704128653723852,0.5395451245308905,24.3533156041204,47,0.29864752516824705,24.89286072865129,0.023998016901302
3,d45,0.8448537391180057,0.4073335225250493,13.551902165307737,26,0.2994243440929074,13.959235687832786,0.013457431735850933
3,d46,0.885870360387782,0.7371358537080552,15.418544658664954,28,0.2984255922851969,16.15568051237301,0.01557491917920552
3,d47,0.6700767767766291,0.8204349903201831,6.534806868495029,15,0.3033658202881532,7.355241858815212,0.00709083702211252
3,d48,0.6236170265966182,0.6744959024664872,7.665487691950556,13,0.3016483706791745,8.339983594417044,0.008040179448922885
3,d49,0.8976422484945852,0.6723761257003955,5.045815915439052,10,0.3008843986905179,5.718192041139448,0.005512635560211484
3,d50,0.782057757095968,0.3110659971888709,4.292269342927059,10,0.297691042091511,4.6033353401159305,0.004437855516032057
3,d51,0.9693372718446366,0.5627641174589416,18.80613156514492,33,0.29768790829658814,19.36889568260386,0.018672626301069847
3,d52,1.0,0.9527484508240278,1.980646717332946,3,0.2790109093349286,2.9333951681569737,0.0028279460360537984
3,d53,0.6911459936597999,0.0738058073055961,3.590139205247371,6,0.2991513467579785,3.663945012552967,0.003532234213462023
3,d54,0.7584662854409747,0.6617411490783438,11.89833469012703,27,0.2992082327644797,12.560075839205373,0.012108568619594588
3,d55,0.7812949268182745,0.2173968415080795,6.594987194590287,15,0.30294990805944166,6.812384036098366,0.006567493749253229
3,d56,0.7179196404382824,0.0271671424002741,10.247656956637627,18,0.29913605301793894,10.2748240990379,0.009905466674740692
3,d57,0.8205788298648009,0.5523670065202334,5.2849669594961775,11,0.3003813997147846,5.837333966016411,0.005627494593812237
3,d58,0.6940609767149655,0.2088661051907878,14.466801613190684,33,0.29772502393711253,14.675667718381472,0.014148109603901378
3,d59,0.8178350937039319,0.0304324713071912,7.384122397888686,20,0.3014384939478344,7.414554869195877,0.007148017859666638
3,d60,0.9603820460614556,0.2441125077921133,11.408062159628711,21,0.2991938246783807,11.652174667420825,0.011233304506614594
3,d61,0.419090695664929,0.3396223303720793,4.7855796345208725,8,0.32048526697143775,5.125201964892952,0.004940962178546331
3,d62,0.6391033765864687,0.5819727585806332,15.943281447687912,31,0.2960171838488341,16.525254206268546,0.015931207508179036
3,d63,0.8937506519144466,0.0697869101720041,6.3581067731635335,12,0.3021467766781675,6.427893683335538,0.006196824982630926
3,d64,0.8114045779888318,0.061134838390738,15.23505801952358,31,0.299820917498762,15.296192857914317,0.014746328223630055
3,d65,0.9926779692927612,0.2192367022419535,18.62783367688174,36,0.29760544327220695,18.847070379123693,0.0181695594744423
3,d66,1.0,0.416651003991029,2.2689706233173474,4,0.16033836477205418,2.6856216273083766,0.002589079411369869
3,d67,0.5372001047028663,0.1095342378602383,5.5762886355874945,13,0.3025482634083359,5.685822873447733,0.005481429993209184
3,d68,1.0,0.2358367391446861,2.8117356700724985,7,0.277470614329872,3.0475724092171848,0.0029380188553482576
3,d69,0.712022265296254,0.8057497763096095,6.573402446410878,15,0.3003497520662732,7.379152222720487,0.0071138878607995585
3,d70,0.8976915716671947,0.6615382478708512,5.081006053869371,8,0.2993587684833118,5.742544301740222,0.005536112410375581
3,d71,1.0,0.9532450602827024,11.601453429220983,22,0.22567442533840573,12.554698489503686,0.012103384573838175
3,d72,1.0,0.8135466378420463,5.456145995415362,12,0.28262733392968903,6.269692633257408,0.006044310913839751
3,d73,0.9323702357024396,0.2465758596168992,24.030379787108817,46,0.3049733443524899,24.276955646725717,0.02340425225822763
3,d74,0.6245366202722102,0.0249182791854667,2.910987209751336,5,0.29941661391695684,2.9359054889368026,0.002830366116299243
3,d75,1.0,0.4539938264734323,20.169980994650782,39,0.20262820980046095,20.623974821124214,0.019882588093207944
3,d76,0.4668220687961897,0.9139428164460672,7.871397898420342,14,0.29588647949468055,8.78534071486641,0.008469526956232789
3,d77,0.6153561304077068,0.8192447071784767,6.2306019623095565,10,0.29801103104934945,7.0498466694880335,0.006796420121020291
3,d78,1.0,0.6417288777484423,16.273972535550094,33,0.2583138120854864,16.915701413298535,0.016307618993203224
3,d79,0.7078642791252231,0.392942761722586,20.052859110784333,40,0.3024417005194683,20.44580187250692,0.019710820071891243
3,d80,0.6146924859763325,0.1696376294380355,3.365234603617023,5,0.3002507478096964,3.534872233055059,0.003407801317715185
3,d81,0.8421396112737186,0.4836058296608834,14.08922995872085,32,0.30237411573856127,14.572835788381733,0.014048974256581215
3,d82,0.6308780300888795,0.7315047052996154,6.318480643841281,14,0.2987319243004435,7.049985349140896,0.006796553815443344
3,d83,0.8044762847321907,0.6798597864912188,9.845795300570616,24,0.2994103418967837,10.525655087061836,0.010147280838069874
3,d84,0.7240016491622051,0.7456837793544112,8.333365024699267,15,0.30161149618114974,9.079048804053679,0.008752676882840165
3,d85,0.8635876237186975,0.4421231259529313,11.639752556845439,19,0.2991612545713864,12.08187568279837,0.011647558711542839
3,d86,0.6533789480454132,0.1204309134488827,18.38285231543966,34,0.3021876944214764,18.50328322888854,0.017838130719357605
3,d87,0.7141901250717854,0.0205203984577977,6.211034404044475,11,0.2994522475410036,6.231554802502273,0.006007544054577677
3,d88,0.9115059790073664,0.3468249568782421,22.95997371095156,50,0.2957144973062199,23.3067986678298,0.022468970298060498
3,d89,0.7896240178334312,0.6122854110355505,15.750925024028584,31,0.3004628273944499,16.363210435064133,0.015774988855670434
3,d90,0.8941395502240032,0.3730251727692044,2.5706627186786166,7,0.29935784166330004,2.943687891447821,0.002837868758483602
3,d91,0.6293986104535455,0.6386125882064059,4.200184953508744,11,0.30077973616426545,4.83879754171515,0.004664853367150553
3,d92,0.4977297954318763,0.4473469334645794,12.064196300888506,28,0.2999628505026575,12.511543234353086,0.012061780655599397
3,d93,0.9550234155260442,0.3575923809381158,5.005714459942524,12,0.29987837175153403,5.36330684088064,0.005170507705696539
3,d94,0.9073501272161404,0.1354534932662909,8.822070473603995,21,0.30024802719999316,8.957523966870285,0.008635520597411774
3,d95,0.9015134687773828,0.6209945983805449,6.633367600433748,17,0.2998298884905396,7.254362198814293,0.00699358376496023
3,d96,0.671315160117374,0.1863589762176125,6.111262394630958,17,0.29884601563474356,6.297621370848571,0.006071235674478986
3,d97,0.8288591550675819,0.7641297145552959,19.8733765138219,34,0.29760772269504304,20.637506228377195,0.019895633076004223
3,d98,0.986732380810102,0.9463252093187112,15.817784438131694,36,0.30192524930223436,16.764109647450404,0.016161476619348438
3,d99,0.8502661734258218,0.0438536644798878,13.48624743165391,27,0.30015795089298075,13.530101096133798,0.013043723592910481
3,d100,0.5278883004385705,0.9513057831481097,10.163136369028473,23,0.30346302800328007,11.114442152176583,0.01071490229764879
4,d1,0.7862165995835287,0.4884693494414028,6.12322198078222,14,0.40140127953115756,6.611691330223623,0.006374015506633781
4,d2,0.850241291355605,0.3770782987358936,5.4215278329499865,12,0.4010606496529238,5.79860613168588,0.0055901589403111835
4,d3,1.0,0.6274282350072956,9.373290158411859,18,0.3488471664341767,10.000718393419154,0.00964121446894215
4,d4,1.0,0.6411853212437485,7.082300578546225,16,0.35389203625936727,7.723485899789973,0.0074458434962758
4,d5,0.5615535697275934,0.5444230936121223,2.7632536692859713,8,0.4043867376050042,3.3076767628980934,0.0031887730271478953
4,d6,0.7904884089184545,0.195995144533855,1.059190074397327,3,0.40101266502049676,1.255185218931182,0.0012100640591904755
4,d7,0.8256883903597748,0.0645924756622676,9.277160153594288,17,0.3988282842901802,9.341752629256556,0.009005937080853448
4,d8,0.9596628379581408,0.9857688480178474,1.846628086138904,4,0.3994194752743116,2.832396934156751,0.002730578467377801
4,d9,0.7807477577498914,0.4645978847235158,5.338972455778012,9,0.4002409748096905,5.803570340501528,0.005594944696691622
4,d10,1.0,0.4258718268257104,6.750950964514472,12,0.35942305936978,7.176822791340182,0.006918831729372014
4,d11,0.9571269770041204,0.8816447243746165,10.685074333793903,19,0.4009321832869178,11.56671905816852,0.011150920839365475
4,d12,0.5319954099035691,0.4098458376430103,2.514256461556204,7,0.40025884496361447,2.9241022991992143,0.0028189872253835077
4,d13,0.5437821171245273,0.1658120032268633,3.105928664085741,5,0.4001996064406274,3.2717406673126046,0.0031541287554979615
4,d14,0.6388650567882838,0.2041415713138661,0.284163788467741,1,0.40059279437707407,0.48830535978160705,0.00047075185149562633
4,d15,0.7702025489713947,0.5357815987985837,0.509294820871708,3,0.3997409857784974,1.0450764196702917,0.0010075082111206863
4,d16,1.0,0.6823319381851302,18.044889965907235,40,0.24246970180736932,18.727221904092364,0.018054019289617872
4,d17,0.7566808863944986,0.2205459956643096,3.450155702693858,10,0.40059338886213747,3.6707016983581675,0.003538748011209799
4,d18,0.758541673495542,0.1464049330716936,15.612946003885304,30,0.39790615810374663,15.759350936956997,0.015192836784056288
4,d19,0.7777742963178162,0.0153435184241378,6.12414817413819,14,0.4004517833623224,6.139491692562328,0.005918790411820084
4,d20,0.6404475632918323,0.2676511989587375,42.34838807373219,87,0.3813879258843303,42.61603927269093,0.041084085990786695
4,d21,1.0,0.1068950431605513,15.317257409827391,31,0.1758980725648181,15.424152452987942,0.014869687951494768
4,d22,0.8661514327285211,0.8659825989947968,3.7231680459436096,8,0.39910340234632835,4.589150644938407,0.004424180729581409
4,d23,0.8818170278523599,0.1760745289285016,3.4847672846882713,6,0.400030894557415,3.660841813616773,0.00352924256773152
4,d24,0.7131050727943643,0.10508190786601,50.10434621611311,101,0.4160145117443967,50.209428123979116,0.0484045091425393
4,d25,1.0,0.496608869306429,17.588398495823355,31,0.11721745153380654,18.085007365129783,0.017434890956868752
4,d26,0.8983399053567894,0.1129787309299515,16.756937214914327,29,0.4003823580093339,16.86991594584428,0.01626347941303289
4,d27,0.7864079686083435,0.2682169375493792,1.7186205939653263,4,0.3988288783560704,1.9868375315147055,0.0019154150734693154
4,d28,0.7377087472127748,0.8673533346226489,3.942477347198693,6,0.40147831796789646,4.809830681821342,0.004636927802431945
4,d29,0.8524106594962402,0.6112706779071959,11.523973618440758,19,0.39878001104825833,12.135244296347954,0.011699008840313609
4,d30,1.0,0.4624106724908055,15.611811029251626,33,0.2934960927126001,16.07422170174243,0.015496388634420741
4,d31,0.7386898460073281,0.5305900956354336,1.8526696346096754,4,0.4000547924986733,2.383259730245109,0.002297586762327632
4,d32,0.8448108382164217,0.0547321770051526,16.241858445493353,26,0.4030402799773351,16.296590622498506,0.015710763879467866
4,d33,0.971369609564526,0.0042710944505345,21.076155879414664,43,0.39925998192685175,21.080426973865197,0.02032263179069692
4,d34,0.9824571201440984,0.4733438217980411,10.751798328590711,21,0.40299511852441194,11.225142150388752,0.010821622873360364
4,d35,0.845080705866929,0.6858598972114482,6.139436297844362,14,0.3990192184250536,6.82529619505581,0.006579941744374031
4,d36,1.0,0.8705521518953744,0.1238285718775026,1,0.3566770885873366,0.994380723772877,0.0009586349144662306
4,d37,1.0,0.0612264541271615,8.914874557872722,18,0.36492765636586566,8.976101011999884,0.008653429838453049
4,d38,0.9230232154695204,0.5123888115174334,3.716234000718143,6,0.4004309274543361,4.228622812235576,0.004076613082901329
4,d39,0.9235568747153304,0.4422080628277681,5.986710117356809,13,0.3988024588660058,6.428918180184577,0.006197812651061911
4,d40,0.8321020780252951,0.0381180467534172,14.376053830041831,32,0.39872955448209424,14.41417187679525,0.013896013965139236
4,d41,1.0,0.7330780276295283,7.896024149077269,13,0.2717661925840973,8.629102176706798,0.0083189048513546
4,d42,0.982672711612928,0.6600732244837185,3.1252221325569782,6,0.3993033905375494,3.7852953570406966,0.003649222278825017
4,d43,0.8650252718472645,0.2647829831443443,7.550716128721326,16,0.40150117637308214,7.81549911186567,0.007534549034888086
4,d44,0.8704128653723852,0.5395451245308905,24.3533156041204,47,0.39864752516824703,24.89286072865129,0.023998016901302
4,d45,0.9448537391180056,0.4073335225250493,13.551902165307737,26,0.3994243440929074,13.959235687832786,0.013457431735850933
4,d46,0.985870360387782,0.7371358537080552,15.418544658664954,28,0.3984255922851969,16.15568051237301,0.01557491917920552
4,d47,0.7700767767766291,0.8204349903201831,6.534806868495029,15,0.40336582028815315,7.355241858815212,0.00709083702211252
4,d48,0.7236170265966182,0.6744959024664872,7.665487691950556,13,0.40164837067917447,8.339983594417044,0.008040179448922885
4,d49,0.9976422484945852,0.6723761257003955,5.045815915439052,10,0.40088439869051784,5.718192041139448,0.005512635560211484
4,d50,0.882057757095968,0.3110659971888709,4.292269342927059,10,0.39769104209151096,4.6033353401159305,0.004437855516032057
4,d51,1.0,0.5627641174589416,18.80613156514492,33,0.32835063645195156,19.36889568260386,0.018672626301069847
4,d52,1.0,0.9527484508240278,1.980646717332946,3,0.2790109093349286,2.9333951681569737,0.0028279460360537984
4,d53,0.7911459936597999,0.0738058073055961,3.590139205247371,6,0.39915134675797853,3.663945012552967,0.003532234213462023
4,d54,0.8584662854409747,0.6617411490783438,11.89833469012703,27,0.39920823276447975,12.560075839205373,0.012108568619594588
4,d55,0.8812949268182745,0.2173968415080795,6.594987194590287,15,0.40294990805944164,6.812384036098366,0.006567493749253229
4,d56,0.8179196404382824,0.0271671424002741,10.247656956637627,18,0.3991360530179389,10.2748240990379,0.009905466674740692
4,d57,0.9205788298648008,0.5523670065202334,5.2849669594961775,11,0.4003813997147845,5.837333966016411,0.005627494593812237
4,d58,0.7940609767149654,0.2088661051907878,14.466801613190684,33,0.3977250239371125,14.675667718381472,0.014148109603901378
4,d59,0.917835093703932,0.0304324713071912,7.384122397888686,20,0.40143849394783454,7.414554869195877,0.007148017859666638
4,d60,1.0,0.2441125077921133,11.408062159628711,21,0.3388117786169251,11.652174667420825,0.011233304506614594
4,d61,0.519090695664929,0.3396223303720793,4.7855796345208725,8,0.4204852669714378,5.125201964892952,0.004940962178546331
4,d62,0.7391033765864686,0.5819727585806332,15.943281447687912,31,0.39601718384883405,16.525254206268546,0.015931207508179036
4,d63,0.9937506519144466,0.0697869101720041,6.3581067731635335,12,0.40214677667816745,6.427893683335538,0.006196824982630926
4,d64,0.9114045779888318,0.061134838390738,15.23505801952358,31,0.399820917498762,15.296192857914317,0.014746328223630055
4,d65,1.0,0.2192367022419535,18.62783367688174,36,0.30492747397944575,18.847070379123693,0.0181695594744423
4,d66,1.0,0.416651003991029,2.2689706233173474,4,0.16033836477205418,2.6856216273083766,0.002589079411369869
4,d67,0.6372001047028663,0.1095342378602383,5.5762886355874945,13,0.4025482634083359,5.685822873447733,0.005481429993209184
4,d68,1.0,0.2358367391446861,2.8117356700724985,7,0.277470614329872,3.0475724092171848,0.0029380188553482576
4,d69,0.812022265296254,0.8057497763096095,6.573402446410878,15,0.40034975206627316,7.379152222720487,0.0071138878607995585
4,d70,0.9976915716671948,0.6615382478708512,5.081006053869371,8,0.39935876848331187,5.742544301740222,0.005536112410375581
4,d71,1.0,0.9532450602827024,11.601453429220983,22,0.22567442533840573,12.554698489503686,0.012103384573838175
4,d72,1.0,0.8135466378420463,5.456145995415362,12,0.28262733392968903,6.269692633257408,0.006044310913839751
4,d73,1.0,0.2465758596168992,24.030379787108817,46,0.3726031086500503,24.276955646725717,0.02340425225822763
4,d74,0.7245366202722102,0.0249182791854667,2.910987209751336,5,0.39941661391695676,2.9359054889368026,0.002830366116299243
4,d75,1.0,0.4539938264734323,20.169980994650782,39,0.20262820980046095,20.623974821124214,0.019882588093207944
4,d76,0.5668220687961897,0.9139428164460672,7.871397898420342,14,0.39588647949468053,8.78534071486641,0.008469526956232789
4,d77,0.7153561304077067,0.8192447071784767,6.2306019623095565,10,0.3980110310493494,7.0498466694880335,0.006796420121020291
4,d78,1.0,0.6417288777484423,16.273972535550094,33,0.2583138120854864,16.915701413298535,0.016307618993203224
4,d79,0.8078642791252231,0.392942761722586,20.052859110784333,40,0.40244170051946826,20.44580187250692,0.019710820071891243
4,d80,0.7146924859763325,0.1696376294380355,3.365234603617023,5,0.40025074780969644,3.534872233055059,0.003407801317715185
4,d81,0.9421396112737186,0.4836058296608834,14.08922995872085,32,0.40237411573856124,14.572835788381733,0.014048974256581215
4,d82,0.7308780300888795,0.7315047052996154,6.318480643841281,14,0.39873192430044346,7.049985349140896,0.006796553815443344
4,d83,0.9044762847321908,0.6798597864912188,9.845795300570616,24,0.3994103418967838,10.525655087061836,0.010147280838069874
4,d84,0.8240016491622051,0.7456837793544112,8.333365024699267,15,0.4016114961811497,9.079048804053679,0.008752676882840165
4,d85,0.9635876237186974,0.4421231259529313,11.639752556845439,19,0.39916125457138635,12.08187568279837,0.011647558711542839
4,d86,0.7533789480454132,0.1204309134488827,18.38285231543966,34,0.40218769442147645,18.50328322888854,0.017838130719357605
4,d87,0.8141901250717853,0.0205203984577977,6.211034404044475,11,0.3994522475410035,6.231554802502273,0.006007544054577677
4,d88,1.0,0.3468249568782421,22.95997371095156,50,0.3842085182988535,23.3067986678298,0.022468970298060498
4,d89,0.8896240178334311,0.6122854110355505,15.750925024028584,31,0.4004628273944499,16.363210435064133,0.015774988855670434
4,d90,0.9941395502240032,0.3730251727692044,2.5706627186786166,7,0.39935784166330013,2.943687891447821,0.002837868758483602
4,d91,0.7293986104535455,0.6386125882064059,4.200184953508744,11,0.4007797361642654,4.83879754171515,0.004664853367150553
4,d92,0.5977297954318763,0.4473469334645794,12.064196300888506,28,0.3999628505026575,12.511543234353086,0.012061780655599397
4,d93,1.0,0.3575923809381158,5.005714459942524,12,0.34485495622548984,5.36330684088064,0.005170507705696539
4,d94,1.0,0.1354534932662909,8.822070473603995,21,0.3928978999838528,8.957523966870285,0.008635520597411774
4,d95,1.0,0.6209945983805449,6.633367600433748,17,0.3983164197131568,7.254362198814293,0.00699358376496023
4,d96,0.771315160117374,0.1863589762176125,6.111262394630958,17,0.39884601563474353,6.297621370848571,0.006071235674478986
4,d97,0.928859155067582,0.7641297145552959,19.8733765138219,34,0.39760772269504313,20.637506228377195,0.019895633076004223
4,d98,1.0,0.9463252093187112,15.817784438131694,36,0.31519286849213235,16.764109647450404,0.016161476619348438
4,d99,0.9502661734258218,0.0438536644798878,13.48624743165391,27,0.40015795089298073,13.530101096133798,0.013043723592910481
4,d100,0.6278883004385705,0.9513057831481097,10.163136369028473,23,0.40346302800328004,11.114442152176583,0.01071490229764879
5,d1,0.8862165995835287,0.4884693494414028,6.12322198078222,14,0.5014012795311575,6.611691330223623,0.006374015506633781
5,d2,0.950241291355605,0.3770782987358936,5.4215278329499865,12,0.5010606496529237,5.79860613168588,0.0055901589403111835
5,d3,1.0,0.6274282350072956,9.373290158411859,18,0.3488471664341767,10.000718393419154,0.00964121446894215
5,d4,1.0,0.6411853212437485,7.082300578546225,16,0.35389203625936727,7.723485899789973,0.0074458434962758
5,d5,0.6615535697275934,0.5444230936121223,2.7632536692859713,8,0.5043867376050042,3.3076767628980934,0.0031887730271478953
5,d6,0.8904884089184545,0.195995144533855,1.059190074397327,3,0.5010126650204968,1.255185218931182,0.0012100640591904755
5,d7,0.9256883903597748,0.0645924756622676,9.277160153594288,17,0.4988282842901801,9.341752629256556,0.009005937080853448
5,d8,1.0,0.9857688480178474,1.846628086138904,4,0.4397566373161708,2.832396934156751,0.002730578467377801
5,d9,0.8807477577498913,0.4645978847235158,5.338972455778012,9,0.5002409748096904,5.803570340501528,0.005594944696691622
5,d10,1.0,0.4258718268257104,6.750950964514472,12,0.35942305936978,7.176822791340182,0.006918831729372014
5,d11,1.0,0.8816447243746165,10.685074333793903,19,0.44380520628279746,11.56671905816852,0.011150920839365475
5,d12,0.6319954099035691,0.4098458376430103,2.514256461556204,7,0.5002588449636144,2.9241022991992143,0.0028189872253835077
5,d13,0.6437821171245273,0.1658120032268633,3.105928664085741,5,0.5001996064406274,3.2717406673126046,0.0031541287554979615
5,d14,0.7388650567882837,0.2041415713138661,0.284163788467741,1,0.500592794377074,0.48830535978160705,0.00047075185149562633
5,d15,0.8702025489713947,0.5357815987985837,0.509294820871708,3,0.49974098577849735,1.0450764196702917,0.0010075082111206863
5,d16,1.0,0.6823319381851302,18.044889965907235,40,0.24246970180736932,18.727221904092364,0.018054019289617872
5,d17,0.8566808863944986,0.2205459956643096,3.450155702693858,10,0.5005933888621374,3.6707016983581675,0.003538748011209799
5,d18,0.858541673495542,0.1464049330716936,15.612946003885304,30,0.49790615810374655,15.759350936956997,0.015192836784056288
5,d19,0.8777742963178162,0.0153435184241378,6.12414817413819,14,0.5004517833623224,6.139491692562328,0.005918790411820084
5,d20,0.7404475632918323,0.2676511989587375,42.34838807373219,87,0.4813879258843303,42.61603927269093,0.041084085990786695
5,d21,1.0,0.1068950431605513,15.317257409827391,31,0.1758980725648181,15.424152452987942,0.014869687951494768
5,d22,0.9661514327285212,0.8659825989947968,3.7231680459436096,8,0.49910340234632844,4.589150644938407,0.004424180729581409
5,d23,0.98181702785236,0.1760745289285016,3.4847672846882713,6,0.5000308945574151,3.660841813616773,0.00352924256773152
5,d24,0.8131050727943643,0.10508190786601,50.10434621611311,101,0.5160145117443967,50.209428123979116,0.0484045091425393
5,d25,1.0,0.496608869306429,17.588398495823355,31,0.11721745153380654,18.085007365129783,0.017434890956868752
5,d26,0.9983399053567894,0.1129787309299515,16.756937214914327,29,0.500382358009334,16.86991594584428,0.01626347941303289
5,d27,0.8864079686083435,0.2682169375493792,1.7186205939653263,4,0.49882887835607037,1.9868375315147055,0.0019154150734693154
5,d28,0.8377087472127748,0.8673533346226489,3.942477347198693,6,0.5014783179678964,4.809830681821342,0.004636927802431945
5,d29,0.9524106594962402,0.6112706779071959,11.523973618440758,19,0.49878001104825836,12.135244296347954,0.011699008840313609
5,d30,1.0,0.4624106724908055,15.611811029251626,33,0.2934960927126001,16.07422170174243,0.015496388634420741
5,d31,0.8386898460073281,0.5305900956354336,1.8526696346096754,4,0.5000547924986732,2.383259730245109,0.002297586762327632
5,d32,0.9448108382164216,0.0547321770051526,16.241858445493353,26,0.5030402799773351,16.296590622498506,0.015710763879467866
5,d33,1.0,0.0042710944505345,21.076155879414664,43,0.42789037236232574,21.080426973865197,0.02032263179069692
5,d34,1.0,0.4733438217980411,10.751798328590711,21,0.4205379983803135,11.225142150388752,0.010821622873360364
5,d35,0.9450807058669288,0.6858598972114482,6.139436297844362,14,0.4990192184250534,6.82529619505581,0.006579941744374031
5,d36,1.0,0.8705521518953744,0.1238285718775026,1,0.3566770885873366,0.994380723772877,0.0009586349144662306
5,d37,1.0,0.0612264541271615,8.914874557872722,18,0.36492765636586566,8.976101011999884,0.008653429838453049
5,d38,1.0,0.5123888115174334,3.716234000718143,6,0.47740771198481574,4.228622812235576,0.004076613082901329
5,d39,1.0,0.4422080628277681,5.986710117356809,13,0.4752455841506754,6.428918180184577,0.006197812651061911
5,d40,0.9321020780252952,0.0381180467534172,14.376053830041831,32,0.49872955448209433,14.41417187679525,0.013896013965139236
5,d41,1.0,0.7330780276295283,7.896024149077269,13,0.2717661925840973,8.629102176706798,0.0083189048513546
5,d42,1.0,0.6600732244837185,3.1252221325569782,6,0.4166306789246213,3.7852953570406966,0.003649222278825017
5,d43,0.9650252718472644,0.2647829831443443,7.550716128721326,16,0.501501176373082,7.81549911186567,0.007534549034888086
5,d44,0.9704128653723852,0.5395451245308905,24.3533156041204,47,0.49864752516824706,24.89286072865129,0.023998016901302
5,d45,1.0,0.4073335225250493,13.551902165307737,26,0.4545706049749017,13.959235687832786,0.013457431735850933
5,d46,1.0,0.7371358537080552,15.418544658664954,28,0.4125552318974149,16.15568051237301,0.01557491917920552
5,d47,0.8700767767766291,0.8204349903201831,6.534806868495029,15,0.5033658202881531,7.355241858815212,0.00709083702211252
5,d48,0.8236170265966182,0.6744959024664872,7.665487691950556,13,0.5016483706791744,8.339983594417044,0.008040179448922885
5,d49,1.0,0.6723761257003955,5.045815915439052,10,0.4032421501959327,5.718192041139448,0.005512635560211484
5,d50,0.982057757095968,0.3110659971888709,4.292269342927059,10,0.49769104209151094,4.6033353401159305,0.004437855516032057
5,d51,1.0,0.5627641174589416,18.80613156514492,33,0.32835063645195156,19.36889568260386,0.018672626301069847
5,d52,1.0,0.9527484508240278,1.980646717332946,3,0.2790109093349286,2.9333951681569737,0.0028279460360537984
5,d53,0.8911459936597999,0.0738058073055961,3.590139205247371,6,0.49915134675797845,3.663945012552967,0.003532234213462023
5,d54,0.9584662854409748,0.6617411490783438,11.89833469012703,27,0.4992082327644798,12.560075839205373,0.012108568619594588
5,d55,0.9812949268182743,0.2173968415080795,6.594987194590287,15,0.5029499080594415,6.812384036098366,0.006567493749253229
5,d56,0.9179196404382824,0.0271671424002741,10.247656956637627,18,0.499136053017939,10.2748240990379,0.009905466674740692
5,d57,1.0,0.5523670065202334,5.2849669594961775,11,0.47980256984998365,5.837333966016411,0.005627494593812237
5,d58,0.8940609767149654,0.2088661051907878,14.466801613190684,33,0.49772502393711254,14.675667718381472,0.014148109603901378
5,d59,1.0,0.0304324713071912,7.384122397888686,20,0.48360340024390247,7.414554869195877,0.007148017859666638
5,d60,1.0,0.2441125077921133,11.408062159628711,21,0.3388117786169251,11.652174667420825,0.011233304506614594
5,d61,0.619090695664929,0.3396223303720793,4.7855796345208725,8,0.5204852669714377,5.125201964892952,0.004940962178546331
5,d62,0.8391033765864686,0.5819727585806332,15.943281447687912,31,0.49601718384883403,16.525254206268546,0.015931207508179036
5,d63,1.0,0.0697869101720041,6.3581067731635335,12,0.4083961247637209,6.427893683335538,0.006196824982630926
5,d64,1.0,0.061134838390738,15.23505801952358,31,0.48841633950993024,15.296192857914317,0.014746328223630055
5,d65,1.0,0.2192367022419535,18.62783367688174,36,0.30492747397944575,18.847070379123693,0.0181695594744423
5,d66,1.0,0.416651003991029,2.2689706233173474,4,0.16033836477205418,2.6856216273083766,0.002589079411369869
5,d67,0.7372001047028662,0.1095342378602383,5.5762886355874945,13,0.5025482634083359,5.685822873447733,0.005481429993209184
5,d68,1.0,0.2358367391446861,2.8117356700724985,7,0.277470614329872,3.0475724092171848,0.0029380188553482576
5,d69,0.912022265296254,0.8057497763096095,6.573402446410878,15,0.5003497520662731,7.379152222720487,0.0071138878607995585
5,d70,1.0,0.6615382478708512,5.081006053869371,8,0.40166719681611707,5.742544301740222,0.005536112410375581
5,d71,1.0,0.9532450602827024,11.601453429220983,22,0.22567442533840573,12.554698489503686,0.012103384573838175
5,d72,1.0,0.8135466378420463,5.456145995415362,12,0.28262733392968903,6.269692633257408,0.006044310913839751
5,d73,1.0,0.2465758596168992,24.030379787108817,46,0.3726031086500503,24.276955646725717,0.02340425225822763
5,d74,0.8245366202722102,0.0249182791854667,2.910987209751336,5,0.49941661391695674,2.9359054889368026,0.002830366116299243
5,d75,1.0,0.4539938264734323,20.169980994650782,39,0.20262820980046095,20.623974821124214,0.019882588093207944
5,d76,0.6668220687961897,0.9139428164460672,7.871397898420342,14,0.4958864794946805,8.78534071486641,0.008469526956232789
5,d77,0.8153561304077067,0.8192447071784767,6.2306019623095565,10,0.4980110310493494,7.0498466694880335,0.006796420121020291
5,d78,1.0,0.6417288777484423,16.273972535550094,33,0.2583138120854864,16.915701413298535,0.016307618993203224
5,d79,0.907864279125223,0.392942761722586,20.052859110784333,40,0.5024417005194682,20.44580187250692,0.019710820071891243
5,d80,0.8146924859763325,0.1696376294380355,3.365234603617023,5,0.5002507478096965,3.534872233055059,0.003407801317715185
5,d81,1.0,0.4836058296608834,14.08922995872085,32,0.46023450446484265,14.572835788381733,0.014048974256581215
5,d82,0.8308780300888795,0.7315047052996154,6.318480643841281,14,0.49873192430044344,7.049985349140896,0.006796553815443344
5,d83,1.0,0.6798597864912188,9.845795300570616,24,0.49493405716459304,10.525655087061836,0.010147280838069874
5,d84,0.9240016491622052,0.7456837793544112,8.333365024699267,15,0.5016114961811499,9.079048804053679,0.008752676882840165
5,d85,1.0,0.4421231259529313,11.639752556845439,19,0.43557363085268896,12.08187568279837,0.011647558711542839
5,d86,0.8533789480454131,0.1204309134488827,18.38285231543966,34,0.5021876944214765,18.50328322888854,0.017838130719357605
5,d87,0.9141901250717852,0.0205203984577977,6.211034404044475,11,0.4994522475410034,6.231554802502273,0.006007544054577677
5,d88,1.0,0.3468249568782421,22.95997371095156,50,0.3842085182988535,23.3067986678298,0.022468970298060498
5,d89,0.9896240178334312,0.6122854110355505,15.750925024028584,31,0.50046282739445,16.363210435064133,0.015774988855670434
5,d90,1.0,0.3730251727692044,2.5706627186786166,7,0.4052182914392969,2.943687891447821,0.002837868758483602
5,d91,0.8293986104535455,0.6386125882064059,4.200184953508744,11,0.5007797361642654,4.83879754171515,0.004664853367150553
5,d92,0.6977297954318763,0.4473469334645794,12.064196300888506,28,0.4999628505026575,12.511543234353086,0.012061780655599397
5,d93,1.0,0.3575923809381158,5.005714459942524,12,0.34485495622548984,5.36330684088064,0.005170507705696539
5,d94,1.0,0.1354534932662909,8.822070473603995,21,0.3928978999838528,8.957523966870285,0.008635520597411774
5,d95,1.0,0.6209945983805449,6.633367600433748,17,0.3983164197131568,7.254362198814293,0.00699358376496023
5,d96,0.871315160117374,0.1863589762176125,6.111262394630958,17,0.4988460156347435,6.297621370848571,0.006071235674478986
5,d97,1.0,0.7641297145552959,19.8733765138219,34,0.46874856762746114,20.637506228377195,0.019895633076004223
5,d98,1.0,0.9463252093187112,15.817784438131694,36,0.31519286849213235,16.764109647450404,0.016161476619348438
5,d99,1.0,0.0438536644798878,13.48624743165391,27,0.4498917774671589,13.530101096133798,0.013043723592910481
5,d100,0.7278883004385704,0.9513057831481097,10.163136369028473,23,0.50346302800328,11.114442152176583,0.01071490229764879
6,d1,0.9862165995835288,0.4884693494414028,6.12322198078222,14,0.6014012795311576,6.611691330223623,0.006374015506633781
6,d2,1.0,0.3770782987358936,5.4215278329499865,12,0.5508193582973188,5.79860613168588,0.0055901589403111835
6,d3,1.0,0.6274282350072956,9.373290158411859,18,0.3488471664341767,10.000718393419154,0.00964121446894215
6,d4,1.0,0.6411853212437485,7.082300578546225,16,0.35389203625936727,7.723485899789973,0.0074458434962758
6,d5,0.7615535697275934,0.5444230936121223,2.7632536692859713,8,0.6043867376050042,3.3076767628980934,0.0031887730271478953
6,d6,0.9904884089184544,0.195995144533855,1.059190074397327,3,0.6010126650204967,1.255185218931182,0.0012100640591904755
6,d7,1.0,0.0645924756622676,9.277160153594288,17,0.5731398939304054,9.341752629256556,0.009005937080853448
6,d8,1.0,0.9857688480178474,1.846628086138904,4,0.4397566373161708,2.832396934156751,0.002730578467377801
6,d9,0.9807477577498912,0.4645978847235158,5.338972455778012,9,0.6002409748096904,5.803570340501528,0.005594944696691622
6,d10,1.0,0.4258718268257104,6.750950964514472,12,0.35942305936978,7.176822791340182,0.006918831729372014
6,d11,1.0,0.8816447243746165,10.685074333793903,19,0.44380520628279746,11.56671905816852,0.011150920839365475
6,d12,0.731995409903569,0.4098458376430103,2.514256461556204,7,0.6002588449636145,2.9241022991992143,0.0028189872253835077
6,d13,0.7437821171245272,0.1658120032268633,3.105928664085741,5,0.6001996064406273,3.2717406673126046,0.0031541287554979615
6,d14,0.8388650567882837,0.2041415713138661,0.284163788467741,1,0.600592794377074,0.48830535978160705,0.00047075185149562633
6,d15,0.9702025489713948,0.5357815987985837,0.509294820871708,3,0.5997409857784974,1.0450764196702917,0.0010075082111206863
6,d16,1.0,0.6823319381851302,18.044889965907235,40,0.24246970180736932,18.727221904092364,0.018054019289617872
6,d17,0.9566808863944986,0.2205459956643096,3.450155702693858,10,0.6005933888621373,3.6707016983581675,0.003538748011209799
6,d18,0.958541673495542,0.1464049330716936,15.612946003885304,30,0.5979061581037466,15.759350936956997,0.015192836784056288
6,d19,0.9777742963178162,0.0153435184241378,6.12414817413819,14,0.6004517833623224,6.139491692562328,0.005918790411820084
6,d20,0.8404475632918322,0.2676511989587375,42.34838807373219,87,0.5813879258843303,42.61603927269093,0.041084085990786695
6,d21,1.0,0.1068950431605513,15.317257409827391,31,0.1758980725648181,15.424152452987942,0.014869687951494768
6,d22,1.0,0.8659825989947968,3.7231680459436096,8,0.5329519696178072,4.589150644938407,0.004424180729581409
6,d23,1.0,0.1760745289285016,3.4847672846882713,6,0.5182138667050551,3.660841813616773,0.00352924256773152
6,d24,0.9131050727943644,0.10508190786601,50.10434621611311,101,0.6160145117443968,50.209428123979116,0.0484045091425393
6,d25,1.0,0.496608869306429,17.588398495823355,31,0.11721745153380654,18.085007365129783,0.017434890956868752
6,d26,1.0,0.1129787309299515,16.756937214914327,29,0.5020424526525445,16.86991594584428,0.01626347941303289
6,d27,0.9864079686083436,0.2682169375493792,1.7186205939653263,4,0.5988288783560705,1.9868375315147055,0.0019154150734693154
6,d28,0.9377087472127748,0.8673533346226489,3.942477347198693,6,0.6014783179678963,4.809830681821342,0.004636927802431945
6,d29,1.0,0.6112706779071959,11.523973618440758,19,0.5463693515520182,12.135244296347954,0.011699008840313609
6,d30,1.0,0.4624106724908055,15.611811029251626,33,0.2934960927126001,16.07422170174243,0.015496388634420741
6,d31,0.938689846007328,0.5305900956354336,1.8526696346096754,4,0.6000547924986732,2.383259730245109,0.002297586762327632
6,d32,1.0,0.0547321770051526,16.241858445493353,26,0.5582294417609134,16.296590622498506,0.015710763879467866
6,d33,1.0,0.0042710944505345,21.076155879414664,43,0.42789037236232574,21.080426973865197,0.02032263179069692
6,d34,1.0,0.4733438217980411,10.751798328590711,21,0.4205379983803135,11.225142150388752,0.010821622873360364
6,d35,1.0,0.6858598972114482,6.139436297844362,14,0.5539385125581247,6.82529619505581,0.006579941744374031
6,d36,1.0,0.8705521518953744,0.1238285718775026,1,0.3566770885873366,0.994380723772877,0.0009586349144662306
6,d37,1.0,0.0612264541271615,8.914874557872722,18,0.36492765636586566,8.976101011999884,0.008653429838453049
6,d38,1.0,0.5123888115174334,3.716234000718143,6,0.47740771198481574,4.228622812235576,0.004076613082901329
6,d39,1.0,0.4422080628277681,5.986710117356809,13,0.4752455841506754,6.428918180184577,0.006197812651061911
6,d40,1.0,0.0381180467534172,14.376053830041831,32,0.5666274764567991,14.41417187679525,0.013896013965139236
6,d41,1.0,0.7330780276295283,7.896024149077269,13,0.2717661925840973,8.629102176706798,0.0083189048513546
6,d42,1.0,0.6600732244837185,3.1252221325569782,6,0.4166306789246213,3.7852953570406966,0.003649222278825017
6,d43,1.0,0.2647829831443443,7.550716128721326,16,0.5364759045258176,7.81549911186567,0.007534549034888086
6,d44,1.0,0.5395451245308905,24.3533156041204,47,0.5282346597958618,24.89286072865129,0.023998016901302
6,d45,1.0,0.4073335225250493,13.551902165307737,26,0.4545706049749017,13.959235687832786,0.013457431735850933
6,d46,1.0,0.7371358537080552,15.418544658664954,28,0.4125552318974149,16.15568051237301,0.01557491917920552
6,d47,0.9700767767766292,0.8204349903201831,6.534806868495029,15,0.6033658202881532,7.355241858815212,0.00709083702211252
6,d48,0.9236170265966182,0.6744959024664872,7.665487691950556,13,0.6016483706791743,8.339983594417044,0.008040179448922885
6,d49,1.0,0.6723761257003955,5.045815915439052,10,0.4032421501959327,5.718192041139448,0.005512635560211484
6,d50,1.0,0.3110659971888709,4.292269342927059,10,0.515633284995543,4.6033353401159305,0.004437855516032057
6,d51,1.0,0.5627641174589416,18.80613156514492,33,0.32835063645195156,19.36889568260386,0.018672626301069847
6,d52,1.0,0.9527484508240278,1.980646717332946,3,0.2790109093349286,2.9333951681569737,0.0028279460360537984
6,d53,0.9911459936597998,0.0738058073055961,3.590139205247371,6,0.5991513467579784,3.663945012552967,0.003532234213462023
6,d54,1.0,0.6617411490783438,11.89833469012703,27,0.540741947323505,12.560075839205373,0.012108568619594588
6,d55,1.0,0.2173968415080795,6.594987194590287,15,0.5216549812411672,6.812384036098366,0.006567493749253229
6,d56,1.0,0.0271671424002741,10.247656956637627,18,0.5812164125796566,10.2748240990379,0.009905466674740692
6,d57,1.0,0.5523670065202334,5.2849669594961775,11,0.47980256984998365,5.837333966016411,0.005627494593812237
6,d58,0.9940609767149654,0.2088661051907878,14.466801613190684,33,0.5977250239371125,14.675667718381472,0.014148109603901378
6,d59,1.0,0.0304324713071912,7.384122397888686,20,0.48360340024390247,7.414554869195877,0.007148017859666638
6,d60,1.0,0.2441125077921133,11.408062159628711,21,0.3388117786169251,11.652174667420825,0.011233304506614594
6,d61,0.719090695664929,0.3396223303720793,4.7855796345208725,8,0.6204852669714377,5.125201964892952,0.004940962178546331
6,d62,0.9391033765864686,0.5819727585806332,15.943281447687912,31,0.596017183848834,16.525254206268546,0.015931207508179036
6,d63,1.0,0.0697869101720041,6.3581067731635335,12,0.4083961247637209,6.427893683335538,0.006196824982630926
6,d64,1.0,0.061134838390738,15.23505801952358,31,0.48841633950993024,15.296192857914317,0.014746328223630055
6,d65,1.0,0.2192367022419535,18.62783367688174,36,0.30492747397944575,18.847070379123693,0.0181695594744423
6,d66,1.0,0.416651003991029,2.2689706233173474,4,0.16033836477205418,2.6856216273083766,0.002589079411369869
6,d67,0.8372001047028662,0.1095342378602383,5.5762886355874945,13,0.6025482634083359,5.685822873447733,0.005481429993209184
6,d68,1.0,0.2358367391446861,2.8117356700724985,7,0.277470614329872,3.0475724092171848,0.0029380188553482576
6,d69,1.0,0.8057497763096095,6.573402446410878,15,0.5883274867700192,7.379152222720487,0.0071138878607995585
6,d70,1.0,0.6615382478708512,5.081006053869371,8,0.40166719681611707,5.742544301740222,0.005536112410375581
6,d71,1.0,0.9532450602827024,11.601453429220983,22,0.22567442533840573,12.554698489503686,0.012103384573838175
6,d72,1.0,0.8135466378420463,5.456145995415362,12,0.28262733392968903,6.269692633257408,0.006044310913839751
6,d73,1.0,0.2465758596168992,24.030379787108817,46,0.3726031086500503,24.276955646725717,0.02340425225822763
6,d74,0.9245366202722102,0.0249182791854667,2.910987209751336,5,0.5994166139169568,2.9359054889368026,0.002830366116299243
6,d75,1.0,0.4539938264734323,20.169980994650782,39,0.20262820980046095,20.623974821124214,0.019882588093207944
6,d76,0.7668220687961896,0.9139428164460672,7.871397898420342,14,0.5958864794946805,8.78534071486641,0.008469526956232789
6,d77,0.9153561304077068,0.8192447071784767,6.2306019623095565,10,0.5980110310493495,7.0498466694880335,0.006796420121020291
6,d78,1.0,0.6417288777484423,16.273972535550094,33,0.2583138120854864,16.915701413298535,0.016307618993203224
6,d79,1.0,0.392942761722586,20.052859110784333,40,0.5945774213942452,20.44580187250692,0.019710820071891243
6,d80,0.9146924859763323,0.1696376294380355,3.365234603617023,5,0.6002507478096962,3.534872233055059,0.003407801317715185
6,d81,1.0,0.4836058296608834,14.08922995872085,32,0.46023450446484265,14.572835788381733,0.014048974256581215
6,d82,0.9308780300888796,0.7315047052996154,6.318480643841281,14,0.5987319243004435,7.049985349140896,0.006796553815443344
6,d83,1.0,0.6798597864912188,9.845795300570616,24,0.49493405716459304,10.525655087061836,0.010147280838069874
6,d84,1.0,0.7456837793544112,8.333365024699267,15,0.5776098470189447,9.079048804053679,0.008752676882840165
6,d85,1.0,0.4421231259529313,11.639752556845439,19,0.43557363085268896,12.08187568279837,0.011647558711542839
6,d86,0.9533789480454132,0.1204309134488827,18.38285231543966,34,0.6021876944214766,18.50328322888854,0.017838130719357605
6,d87,1.0,0.0205203984577977,6.211034404044475,11,0.5852621224692182,6.231554802502273,0.006007544054577677
6,d88,1.0,0.3468249568782421,22.95997371095156,50,0.3842085182988535,23.3067986678298,0.022468970298060498
6,d89,1.0,0.6122854110355505,15.750925024028584,31,0.5108388095610188,16.363210435064133,0.015774988855670434
6,d90,1.0,0.3730251727692044,2.5706627186786166,7,0.4052182914392969,2.943687891447821,0.002837868758483602
6,d91,0.9293986104535454,0.6386125882064059,4.200184953508744,11,0.6007797361642653,4.83879754171515,0.004664853367150553
6,d92,0.7977297954318763,0.4473469334645794,12.064196300888506,28,0.5999628505026574,12.511543234353086,0.012061780655599397
6,d93,1.0,0.3575923809381158,5.005714459942524,12,0.34485495622548984,5.36330684088064,0.005170507705696539
6,d94,1.0,0.1354534932662909,8.822070473603995,21,0.3928978999838528,8.957523966870285,0.008635520597411774
6,d95,1.0,0.6209945983805449,6.633367600433748,17,0.3983164197131568,7.254362198814293,0.00699358376496023
6,d96,0.971315160117374,0.1863589762176125,6.111262394630958,17,0.5988460156347435,6.297621370848571,0.006071235674478986
6,d97,1.0,0.7641297145552959,19.8733765138219,34,0.46874856762746114,20.637506228377195,0.019895633076004223
6,d98,1.0,0.9463252093187112,15.817784438131694,36,0.31519286849213235,16.764109647450404,0.016161476619348438
6,d99,1.0,0.0438536644798878,13.48624743165391,27,0.4498917774671589,13.530101096133798,0.013043723592910481
6,d100,0.8278883004385704,0.9513057831481097,10.163136369028473,23,0.60346302800328,11.114442152176583,0.01071490229764879
7,d1,1.0,0.4884693494414028,6.12322198078222,14,0.6151846799476288,6.611691330223623,0.006374015506633781
7,d2,1.0,0.3770782987358936,5.4215278329499865,12,0.5508193582973188,5.79860613168588,0.0055901589403111835
7,d3,1.0,0.6274282350072956,9.373290158411859,18,0.3488471664341767,10.000718393419154,0.00964121446894215
7,d4,1.0,0.6411853212437485,7.082300578546225,16,0.35389203625936727,7.723485899789973,0.0074458434962758
7,d5,0.8615535697275933,0.5444230936121223,2.7632536692859713,8,0.7043867376050041,3.3076767628980934,0.0031887730271478953
7,d6,1.0,0.195995144533855,1.059190074397327,3,0.6105242561020422,1.255185218931182,0.0012100640591904755
7,d7,1.0,0.0645924756622676,9.277160153594288,17,0.5731398939304054,9.341752629256556,0.009005937080853448
7,d8,1.0,0.9857688480178474,1.846628086138904,4,0.4397566373161708,2.832396934156751,0.002730578467377801
7,d9,1.0,0.4645978847235158,5.338972455778012,9,0.6194932170597992,5.803570340501528,0.005594944696691622
7,d10,1.0,0.4258718268257104,6.750950964514472,12,0.35942305936978,7.176822791340182,0.006918831729372014
7,d11,1.0,0.8816447243746165,10.685074333793903,19,0.44380520628279746,11.56671905816852,0.011150920839365475
7,d12,0.831995409903569,0.4098458376430103,2.514256461556204,7,0.7002588449636143,2.9241022991992143,0.0028189872253835077
7,d13,0.8437821171245272,0.1658120032268633,3.105928664085741,5,0.7001996064406273,3.2717406673126046,0.0031541287554979615
7,d14,0.9388650567882836,0.2041415713138661,0.284163788467741,1,0.7005927943770739,0.48830535978160705,0.00047075185149562633
7,d15,1.0,0.5357815987985837,0.509294820871708,3,0.6295384368071026,1.0450764196702917,0.0010075082111206863
7,d16,1.0,0.6823319381851302,18.044889965907235,40,0.24246970180736932,18.727221904092364,0.018054019289617872
7,d17,1.0,0.2205459956643096,3.450155702693858,10,0.6439125024676389,3.6707016983581675,0.003538748011209799
7,d18,1.0,0.1464049330716936,15.612946003885304,30,0.6393644846082046,15.759350936956997,0.015192836784056288
7,d19,1.0,0.0153435184241378,6.12414817413819,14,0.6226774870445062,6.139491692562328,0.005918790411820084
7,d20,0.9404475632918322,0.2676511989587375,42.34838807373219,87,0.6813879258843302,42.61603927269093,0.041084085990786695
7,d21,1.0,0.1068950431605513,15.317257409827391,31,0.1758980725648181,15.424152452987942,0.014869687951494768
7,d22,1.0,0.8659825989947968,3.7231680459436096,8,0.5329519696178072,4.589150644938407,0.004424180729581409
7,d23,1.0,0.1760745289285016,3.4847672846882713,6,0.5182138667050551,3.660841813616773,0.00352924256773152
7,d24,1.0,0.10508190786601,50.10434621611311,101,0.7029094389500323,50.209428123979116,0.0484045091425393
7,d25,1.0,0.496608869306429,17.588398495823355,31,0.11721745153380654,18.085007365129783,0.017434890956868752
7,d26,1.0,0.1129787309299515,16.756937214914327,29,0.5020424526525445,16.86991594584428,0.01626347941303289
7,d27,1.0,0.2682169375493792,1.7186205939653263,4,0.6124209097477269,1.9868375315147055,0.0019154150734693154
7,d28,1.0,0.8673533346226489,3.942477347198693,6,0.6637695707551217,4.809830681821342,0.004636927802431945
7,d29,1.0,0.6112706779071959,11.523973618440758,19,0.5463693515520182,12.135244296347954,0.011699008840313609
7,d30,1.0,0.4624106724908055,15.611811029251626,33,0.2934960927126001,16.07422170174243,0.015496388634420741
7,d31,1.0,0.5305900956354336,1.8526696346096754,4,0.6613649464913451,2.383259730245109,0.002297586762327632
7,d32,1.0,0.0547321770051526,16.241858445493353,26,0.5582294417609134,16.296590622498506,0.015710763879467866
7,d33,1.0,0.0042710944505345,21.076155879414664,43,0.42789037236232574,21.080426973865197,0.02032263179069692
7,d34,1.0,0.4733438217980411,10.751798328590711,21,0.4205379983803135,11.225142150388752,0.010821622873360364
7,d35,1.0,0.6858598972114482,6.139436297844362,14,0.5539385125581247,6.82529619505581,0.006579941744374031
7,d36,1.0,0.8705521518953744,0.1238285718775026,1,0.3566770885873366,0.994380723772877,0.0009586349144662306
7,d37,1.0,0.0612264541271615,8.914874557872722,18,0.36492765636586566,8.976101011999884,0.008653429838453049
7,d38,1.0,0.5123888115174334,3.716234000718143,6,0.47740771198481574,4.228622812235576,0.004076613082901329
7,d39,1.0,0.4422080628277681,5.986710117356809,13,0.4752455841506754,6.428918180184577,0.006197812651061911
7,d40,1.0,0.0381180467534172,14.376053830041831,32,0.5666274764567991,14.41417187679525,0.013896013965139236
7,d41,1.0,0.7330780276295283,7.896024149077269,13,0.2717661925840973,8.629102176706798,0.0083189048513546
7,d42,1.0,0.6600732244837185,3.1252221325569782,6,0.4166306789246213,3.7852953570406966,0.003649222278825017
7,d43,1.0,0.2647829831443443,7.550716128721326,16,0.5364759045258176,7.81549911186567,0.007534549034888086
7,d44,1.0,0.5395451245308905,24.3533156041204,47,0.5282346597958618,24.89286072865129,0.023998016901302
7,d45,1.0,0.4073335225250493,13.551902165307737,26,0.4545706049749017,13.959235687832786,0.013457431735850933
7,d46,1.0,0.7371358537080552,15.418544658664954,28,0.4125552318974149,16.15568051237301,0.01557491917920552
7,d47,1.0,0.8204349903201831,6.534806868495029,15,0.633289043511524,7.355241858815212,0.00709083702211252
7,d48,1.0,0.6744959024664872,7.665487691950556,13,0.6780313440825563,8.339983594417044,0.008040179448922885
7,d49,1.0,0.6723761257003955,5.045815915439052,10,0.4032421501959327,5.718192041139448,0.005512635560211484
7,d50,1.0,0.3110659971888709,4.292269342927059,10,0.515633284995543,4.6033353401159305,0.004437855516032057
7,d51,1.0,0.5627641174589416,18.80613156514492,33,0.32835063645195156,19.36889568260386,0.018672626301069847
7,d52,1.0,0.9527484508240278,1.980646717332946,3,0.2790109093349286,2.9333951681569737,0.0028279460360537984
7,d53,1.0,0.0738058073055961,3.590139205247371,6,0.6080053530981786,3.663945012552967,0.003532234213462023
7,d54,1.0,0.6617411490783438,11.89833469012703,27,0.540741947323505,12.560075839205373,0.012108568619594588
7,d55,1.0,0.2173968415080795,6.594987194590287,15,0.5216549812411672,6.812384036098366,0.006567493749253229
7,d56,1.0,0.0271671424002741,10.247656956637627,18,0.5812164125796566,10.2748240990379,0.009905466674740692
7,d57,1.0,0.5523670065202334,5.2849669594961775,11,0.47980256984998365,5.837333966016411,0.005627494593812237
7,d58,1.0,0.2088661051907878,14.466801613190684,33,0.6036640472221472,14.675667718381472,0.014148109603901378
7,d59,1.0,0.0304324713071912,7.384122397888686,20,0.48360340024390247,7.414554869195877,0.007148017859666638
7,d60,1.0,0.2441125077921133,11.408062159628711,21,0.3388117786169251,11.652174667420825,0.011233304506614594
7,d61,0.819090695664929,0.3396223303720793,4.7855796345208725,8,0.7204852669714377,5.125201964892952,0.004940962178546331
7,d62,1.0,0.5819727585806332,15.943281447687912,31,0.6569138072623655,16.525254206268546,0.015931207508179036
7,d63,1.0,0.0697869101720041,6.3581067731635335,12,0.4083961247637209,6.427893683335538,0.006196824982630926
7,d64,1.0,0.061134838390738,15.23505801952358,31,0.48841633950993024,15.296192857914317,0.014746328223630055
7,d65,1.0,0.2192367022419535,18.62783367688174,36,0.30492747397944575,18.847070379123693,0.0181695594744423
7,d66,1.0,0.416651003991029,2.2689706233173474,4,0.16033836477205418,2.6856216273083766,0.002589079411369869
7,d67,0.9372001047028662,0.1095342378602383,5.5762886355874945,13,0.7025482634083359,5.685822873447733,0.005481429993209184
7,d68,1.0,0.2358367391446861,2.8117356700724985,7,0.277470614329872,3.0475724092171848,0.0029380188553482576
7,d69,1.0,0.8057497763096095,6.573402446410878,15,0.5883274867700192,7.379152222720487,0.0071138878607995585
7,d70,1.0,0.6615382478708512,5.081006053869371,8,0.40166719681611707,5.742544301740222,0.005536112410375581
7,d71,1.0,0.9532450602827024,11.601453429220983,22,0.22567442533840573,12.554698489503686,0.012103384573838175
7,d72,1.0,0.8135466378420463,5.456145995415362,12,0.28262733392968903,6.269692633257408,0.006044310913839751
7,d73,1.0,0.2465758596168992,24.030379787108817,46,0.3726031086500503,24.276955646725717,0.02340425225822763
7,d74,1.0,0.0249182791854667,2.910987209751336,5,0.6748799936447465,2.9359054889368026,0.002830366116299243
7,d75,1.0,0.4539938264734323,20.169980994650782,39,0.20262820980046095,20.623974821124214,0.019882588093207944
7,d76,0.8668220687961896,0.9139428164460672,7.871397898420342,14,0.6958864794946804,8.78534071486641,0.008469526956232789
7,d77,1.0,0.8192447071784767,6.2306019623095565,10,0.6826549006416427,7.0498466694880335,0.006796420121020291
7,d78,1.0,0.6417288777484423,16.273972535550094,33,0.2583138120854864,16.915701413298535,0.016307618993203224
7,d79,1.0,0.392942761722586,20.052859110784333,40,0.5945774213942452,20.44580187250692,0.019710820071891243
7,d80,1.0,0.1696376294380355,3.365234603617023,5,0.685558261833364,3.534872233055059,0.003407801317715185
7,d81,1.0,0.4836058296608834,14.08922995872085,32,0.46023450446484265,14.572835788381733,0.014048974256581215
7,d82,1.0,0.7315047052996154,6.318480643841281,14,0.667853894211564,7.049985349140896,0.006796553815443344
7,d83,1.0,0.6798597864912188,9.845795300570616,24,0.49493405716459304,10.525655087061836,0.010147280838069874
7,d84,1.0,0.7456837793544112,8.333365024699267,15,0.5776098470189447,9.079048804053679,0.008752676882840165
7,d85,1.0,0.4421231259529313,11.639752556845439,19,0.43557363085268896,12.08187568279837,0.011647558711542839
7,d86,1.0,0.1204309134488827,18.38285231543966,34,0.6488087463760632,18.50328322888854,0.017838130719357605
7,d87,1.0,0.0205203984577977,6.211034404044475,11,0.5852621224692182,6.231554802502273,0.006007544054577677
7,d88,1.0,0.3468249568782421,22.95997371095156,50,0.3842085182988535,23.3067986678298,0.022468970298060498
7,d89,1.0,0.6122854110355505,15.750925024028584,31,0.5108388095610188,16.363210435064133,0.015774988855670434
7,d90,1.0,0.3730251727692044,2.5706627186786166,7,0.4052182914392969,2.943687891447821,0.002837868758483602
7,d91,1.0,0.6386125882064059,4.200184953508744,11,0.67138112571072,4.83879754171515,0.004664853367150553
7,d92,0.8977297954318763,0.4473469334645794,12.064196300888506,28,0.6999628505026575,12.511543234353086,0.012061780655599397
7,d93,1.0,0.3575923809381158,5.005714459942524,12,0.34485495622548984,5.36330684088064,0.005170507705696539
7,d94,1.0,0.1354534932662909,8.822070473603995,21,0.3928978999838528,8.957523966870285,0.008635520597411774
7,d95,1.0,0.6209945983805449,6.633367600433748,17,0.3983164197131568,7.254362198814293,0.00699358376496023
7,d96,1.0,0.1863589762176125,6.111262394630958,17,0.6275308555173695,6.297621370848571,0.006071235674478986
7,d97,1.0,0.7641297145552959,19.8733765138219,34,0.46874856762746114,20.637506228377195,0.019895633076004223
7,d98,1.0,0.9463252093187112,15.817784438131694,36,0.31519286849213235,16.764109647450404,0.016161476619348438
7,d99,1.0,0.0438536644798878,13.48624743165391,27,0.4498917774671589,13.530101096133798,0.013043723592910481
7,d100,0.9278883004385704,0.9513057831481097,10.163136369028473,23,0.70346302800328,11.114442152176583,0.01071490229764879
8,d1,1.0,0.4884693494414028,6.12322198078222,14,0.6151846799476288,6.611691330223623,0.006374015506633781
8,d2,1.0,0.3770782987358936,5.4215278329499865,12,0.5508193582973188,5.79860613168588,0.0055901589403111835
8,d3,1.0,0.6274282350072956,9.373290158411859,18,0.3488471664341767,10.000718393419154,0.00964121446894215
8,d4,1.0,0.6411853212437485,7.082300578546225,16,0.35389203625936727,7.723485899789973,0.0074458434962758
8,d5,0.9615535697275932,0.5444230936121223,2.7632536692859713,8,0.804386737605004,3.3076767628980934,0.0031887730271478953
8,d6,1.0,0.195995144533855,1.059190074397327,3,0.6105242561020422,1.255185218931182,0.0012100640591904755
8,d7,1.0,0.0645924756622676,9.277160153594288,17,0.5731398939304054,9.341752629256556,0.009005937080853448
8,d8,1.0,0.9857688480178474,1.846628086138904,4,0.4397566373161708,2.832396934156751,0.002730578467377801
8,d9,1.0,0.4645978847235158,5.338972455778012,9,0.6194932170597992,5.803570340501528,0.005594944696691622
8,d10,1.0,0.4258718268257104,6.750950964514472,12,0.35942305936978,7.176822791340182,0.006918831729372014
8,d11,1.0,0.8816447243746165,10.685074333793903,19,0.44380520628279746,11.56671905816852,0.011150920839365475
8,d12,0.931995409903569,0.4098458376430103,2.514256461556204,7,0.8002588449636143,2.9241022991992143,0.0028189872253835077
8,d13,0.9437821171245272,0.1658120032268633,3.105928664085741,5,0.8001996064406273,3.2717406673126046,0.0031541287554979615
8,d14,1.0,0.2041415713138661,0.284163788467741,1,0.7617277375887903,0.48830535978160705,0.00047075185149562633
8,d15,1.0,0.5357815987985837,0.509294820871708,3,0.6295384368071026,1.0450764196702917,0.0010075082111206863
8,d16,1.0,0.6823319381851302,18.044889965907235,40,0.24246970180736932,18.727221904092364,0.018054019289617872
8,d17,1.0,0.2205459956643096,3.450155702693858,10,0.6439125024676389,3.6707016983581675,0.003538748011209799
8,d18,1.0,0.1464049330716936,15.612946003885304,30,0.6393644846082046,15.759350936956997,0.015192836784056288
8,d19,1.0,0.0153435184241378,6.12414817413819,14,0.6226774870445062,6.139491692562328,0.005918790411820084
8,d20,1.0,0.2676511989587375,42.34838807373219,87,0.7409403625924981,42.61603927269093,0.041084085990786695
8,d21,1.0,0.1068950431605513,15.317257409827391,31,0.1758980725648181,15.424152452987942,0.014869687951494768
8,d22,1.0,0.8659825989947968,3.7231680459436096,8,0.5329519696178072,4.589150644938407,0.004424180729581409
8,d23,1.0,0.1760745289285016,3.4847672846882713,6,0.5182138667050551,3.660841813616773,0.00352924256773152
8,d24,1.0,0.10508190786601,50.10434621611311,101,0.7029094389500323,50.209428123979116,0.0484045091425393
8,d25,1.0,0.496608869306429,17.588398495823355,31,0.11721745153380654,18.085007365129783,0.017434890956868752
8,d26,1.0,0.1129787309299515,16.756937214914327,29,0.5020424526525445,16.86991594584428,0.01626347941303289
8,d27,1.0,0.2682169375493792,1.7186205939653263,4,0.6124209097477269,1.9868375315147055,0.0019154150734693154
8,d28,1.0,0.8673533346226489,3.942477347198693,6,0.6637695707551217,4.809830681821342,0.004636927802431945
8,d29,1.0,0.6112706779071959,11.523973618440758,19,0.5463693515520182,12.135244296347954,0.011699008840313609
8,d30,1.0,0.4624106724908055,15.611811029251626,33,0.2934960927126001,16.07422170174243,0.015496388634420741
8,d31,1.0,0.5305900956354336,1.8526696346096754,4,0.6613649464913451,2.383259730245109,0.002297586762327632
8,d32,1.0,0.0547321770051526,16.241858445493353,26,0.5582294417609134,16.296590622498506,0.015710763879467866
8,d33,1.0,0.0042710944505345,21.076155879414664,43,0.42789037236232574,21.080426973865197,0.02032263179069692
8,d34,1.0,0.4733438217980411,10.751798328590711,21,0.4205379983803135,11.225142150388752,0.010821622873360364
8,d35,1.0,0.6858598972114482,6.139436297844362,14,0.5539385125581247,6.82529619505581,0.006579941744374031
8,d36,1.0,0.8705521518953744,0.1238285718775026,1,0.3566770885873366,0.994380723772877,0.0009586349144662306
8,d37,1.0,0.0612264541271615,8.914874557872722,18,0.36492765636586566,8.976101011999884,0.008653429838453049
8,d38,1.0,0.5123888115174334,3.716234000718143,6,0.47740771198481574,4.228622812235576,0.004076613082901329
8,d39,1.0,0.4422080628277681,5.986710117356809,13,0.4752455841506754,6.428918180184577,0.006197812651061911
8,d40,1.0,0.0381180467534172,14.376053830041831,32,0.5666274764567991,14.41417187679525,0.013896013965139236
8,d41,1.0,0.7330780276295283,7.896024149077269,13,0.2717661925840973,8.629102176706798,0.0083189048513546
8,d42,1.0,0.6600732244837185,3.1252221325569782,6,0.4166306789246213,3.7852953570406966,0.003649222278825017
8,d43,1.0,0.2647829831443443,7.550716128721326,16,0.5364759045258176,7.81549911186567,0.007534549034888086
8,d44,1.0,0.5395451245308905,24.3533156041204,47,0.5282346597958618,24.89286072865129,0.023998016901302
8,d45,1.0,0.4073335225250493,13.551902165307737,26,0.4545706049749017,13.959235687832786,0.013457431735850933
8,d46,1.0,0.7371358537080552,15.418544658664954,28,0.4125552318974149,16.15568051237301,0.01557491917920552
8,d47,1.0,0.8204349903201831,6.534806868495029,15,0.633289043511524,7.355241858815212,0.00709083702211252
8,d48,1.0,0.6744959024664872,7.665487691950556,13,0.6780313440825563,8.339983594417044,0.008040179448922885
8,d49,1.0,0.6723761257003955,5.045815915439052,10,0.4032421501959327,5.718192041139448,0.005512635560211484
8,d50,1.0,0.3110659971888709,4.292269342927059,10,0.515633284995543,4.6033353401159305,0.004437855516032057
8,d51,1.0,0.5627641174589416,18.80613156514492,33,0.32835063645195156,19.36889568260386,0.018672626301069847
8,d52,1.0,0.9527484508240278,1.980646717332946,3,0.2790109093349286,2.9333951681569737,0.0028279460360537984
8,d53,1.0,0.0738058073055961,3.590139205247371,6,0.6080053530981786,3.663945012552967,0.003532234213462023
8,d54,1.0,0.6617411490783438,11.89833469012703,27,0.540741947323505,12.560075839205373,0.012108568619594588
8,d55,1.0,0.2173968415080795,6.594987194590287,15,0.5216549812411672,6.812384036098366,0.006567493749253229
8,d56,1.0,0.0271671424002741,10.247656956637627,18,0.5812164125796566,10.2748240990379,0.009905466674740692
8,d57,1.0,0.5523670065202334,5.2849669594961775,11,0.47980256984998365,5.837333966016411,0.005627494593812237
8,d58,1.0,0.2088661051907878,14.466801613190684,33,0.6036640472221472,14.675667718381472,0.014148109603901378
8,d59,1.0,0.0304324713071912,7.384122397888686,20,0.48360340024390247,7.414554869195877,0.007148017859666638
8,d60,1.0,0.2441125077921133,11.408062159628711,21,0.3388117786169251,11.652174667420825,0.011233304506614594
8,d61,0.919090695664929,0.3396223303720793,4.7855796345208725,8,0.8204852669714376,5.125201964892952,0.004940962178546331
8,d62,1.0,0.5819727585806332,15.943281447687912,31,0.6569138072623655,16.525254206268546,0.015931207508179036
8,d63,1.0,0.0697869101720041,6.3581067731635335,12,0.4083961247637209,6.427893683335538,0.006196824982630926
8,d64,1.0,0.061134838390738,15.23505801952358,31,0.48841633950993024,15.296192857914317,0.014746328223630055
8,d65,1.0,0.2192367022419535,18.62783367688174,36,0.30492747397944575,18.847070379123693,0.0181695594744423
8,d66,1.0,0.416651003991029,2.2689706233173474,4,0.16033836477205418,2.6856216273083766,0.002589079411369869
8,d67,1.0,0.1095342378602383,5.5762886355874945,13,0.7653481587054697,5.685822873447733,0.005481429993209184
8,d68,1.0,0.2358367391446861,2.8117356700724985,7,0.277470614329872,3.0475724092171848,0.0029380188553482576
8,d69,1.0,0.8057497763096095,6.573402446410878,15,0.5883274867700192,7.379152222720487,0.0071138878607995585
8,d70,1.0,0.6615382478708512,5.081006053869371,8,0.40166719681611707,5.742544301740222,0.005536112410375581
8,d71,1.0,0.9532450602827024,11.601453429220983,22,0.22567442533840573,12.554698489503686,0.012103384573838175
8,d72,1.0,0.8135466378420463,5.456145995415362,12,0.28262733392968903,6.269692633257408,0.006044310913839751
8,d73,1.0,0.2465758596168992,24.030379787108817,46,0.3726031086500503,24.276955646725717,0.02340425225822763
8,d74,1.0,0.0249182791854667,2.910987209751336,5,0.6748799936447465,2.9359054889368026,0.002830366116299243
8,d75,1.0,0.4539938264734323,20.169980994650782,39,0.20262820980046095,20.623974821124214,0.019882588093207944
8,d76,0.9668220687961896,0.9139428164460672,7.871397898420342,14,0.7958864794946805,8.78534071486641,0.008469526956232789
8,d77,1.0,0.8192447071784767,6.2306019623095565,10,0.6826549006416427,7.0498466694880335,0.006796420121020291
8,d78,1.0,0.6417288777484423,16.273972535550094,33,0.2583138120854864,16.915701413298535,0.016307618993203224
8,d79,1.0,0.392942761722586,20.052859110784333,40,0.5945774213942452,20.44580187250692,0.019710820071891243
8,d80,1.0,0.1696376294380355,3.365234603617023,5,0.685558261833364,3.534872233055059,0.003407801317715185
8,d81,1.0,0.4836058296608834,14.08922995872085,32,0.46023450446484265,14.572835788381733,0.014048974256581215
8,d82,1.0,0.7315047052996154,6.318480643841281,14,0.667853894211564,7.049985349140896,0.006796553815443344
8,d83,1.0,0.6798597864912188,9.845795300570616,24,0.49493405716459304,10.525655087061836,0.010147280838069874
8,d84,1.0,0.7456837793544112,8.333365024699267,15,0.5776098470189447,9.079048804053679,0.008752676882840165
8,d85,1.0,0.4421231259529313,11.639752556845439,19,0.43557363085268896,12.08187568279837,0.011647558711542839
8,d86,1.0,0.1204309134488827,18.38285231543966,34,0.6488087463760632,18.50328322888854,0.017838130719357605
8,d87,1.0,0.0205203984577977,6.211034404044475,11,0.5852621224692182,6.231554802502273,0.006007544054577677
8,d88,1.0,0.3468249568782421,22.95997371095156,50,0.3842085182988535,23.3067986678298,0.022468970298060498
8,d89,1.0,0.6122854110355505,15.750925024028584,31,0.5108388095610188,16.363210435064133,0.015774988855670434
8,d90,1.0,0.3730251727692044,2.5706627186786166,7,0.4052182914392969,2.943687891447821,0.002837868758483602
8,d91,1.0,0.6386125882064059,4.200184953508744,11,0.67138112571072,4.83879754171515,0.004664853367150553
8,d92,0.9977297954318762,0.4473469334645794,12.064196300888506,28,0.7999628505026574,12.511543234353086,0.012061780655599397
8,d93,1.0,0.3575923809381158,5.005714459942524,12,0.34485495622548984,5.36330684088064,0.005170507705696539
8,d94,1.0,0.1354534932662909,8.822070473603995,21,0.3928978999838528,8.957523966870285,0.008635520597411774
8,d95,1.0,0.6209945983805449,6.633367600433748,17,0.3983164197131568,7.254362198814293,0.00699358376496023
8,d96,1.0,0.1863589762176125,6.111262394630958,17,0.6275308555173695,6.297621370848571,0.006071235674478986
8,d97,1.0,0.7641297145552959,19.8733765138219,34,0.46874856762746114,20.637506228377195,0.019895633076004223
8,d98,1.0,0.9463252093187112,15.817784438131694,36,0.31519286849213235,16.764109647450404,0.016161476619348438
8,d99,1.0,0.0438536644798878,13.48624743165391,27,0.4498917774671589,13.530101096133798,0.013043723592910481
8,d100,1.0,0.9513057831481097,10.163136369028473,23,0.7755747275647096,11.114442152176583,0.01071490229764879
9,d1,1.0,0.4884693494414028,6.12322198078222,14,0.6151846799476288,6.611691330223623,0.006374015506633781
9,d2,1.0,0.3770782987358936,5.4215278329499865,12,0.5508193582973188,5.79860613168588,0.0055901589403111835
9,d3,1.0,0.6274282350072956,9.373290158411859,18,0.3488471664341767,10.000718393419154,0.00964121446894215
9,d4,1.0,0.6411853212437485,7.082300578546225,16,0.35389203625936727,7.723485899789973,0.0074458434962758
9,d5,1.0,0.5444230936121223,2.7632536692859713,8,0.8428331678774108,3.3076767628980934,0.0031887730271478953
9,d6,1.0,0.195995144533855,1.059190074397327,3,0.6105242561020422,1.255185218931182,0.0012100640591904755
9,d7,1.0,0.0645924756622676,9.277160153594288,17,0.5731398939304054,9.341752629256556,0.009005937080853448
9,d8,1.0,0.9857688480178474,1.846628086138904,4,0.4397566373161708,2.832396934156751,0.002730578467377801
9,d9,1.0,0.4645978847235158,5.338972455778012,9,0.6194932170597992,5.803570340501528,0.005594944696691622
9,d10,1.0,0.4258718268257104,6.750950964514472,12,0.35942305936978,7.176822791340182,0.006918831729372014
9,d11,1.0,0.8816447243746165,10.685074333793903,19,0.44380520628279746,11.56671905816852,0.011150920839365475
9,d12,1.0,0.4098458376430103,2.514256461556204,7,0.8682634350600454,2.9241022991992143,0.0028189872253835077
9,d13,1.0,0.1658120032268633,3.105928664085741,5,0.8564174893161001,3.2717406673126046,0.0031541287554979615
9,d14,1.0,0.2041415713138661,0.284163788467741,1,0.7617277375887903,0.48830535978160705,0.00047075185149562633
9,d15,1.0,0.5357815987985837,0.509294820871708,3,0.6295384368071026,1.0450764196702917,0.0010075082111206863
9,d16,1.0,0.6823319381851302,18.044889965907235,40,0.24246970180736932,18.727221904092364,0.018054019289617872
9,d17,1.0,0.2205459956643096,3.450155702693858,10,0.6439125024676389,3.6707016983581675,0.003538748011209799
9,d18,1.0,0.1464049330716936,15.612946003885304,30,0.6393644846082046,15.759350936956997,0.015192836784056288
9,d19,1.0,0.0153435184241378,6.12414817413819,14,0.6226774870445062,6.139491692562328,0.005918790411820084
9,d20,1.0,0.2676511989587375,42.34838807373219,87,0.7409403625924981,42.61603927269093,0.041084085990786695
9,d21,1.0,0.1068950431605513,15.317257409827391,31,0.1758980725648181,15.424152452987942,0.014869687951494768
9,d22,1.0,0.8659825989947968,3.7231680459436096,8,0.5329519696178072,4.589150644938407,0.004424180729581409
9,d23,1.0,0.1760745289285016,3.4847672846882713,6,0.5182138667050551,3.660841813616773,0.00352924256773152
9,d24,1.0,0.10508190786601,50.10434621611311,101,0.7029094389500323,50.209428123979116,0.0484045091425393
9,d25,1.0,0.496608869306429,17.588398495823355,31,0.11721745153380654,18.085007365129783,0.017434890956868752
9,d26,1.0,0.1129787309299515,16.756937214914327,29,0.5020424526525445,16.86991594584428,0.01626347941303289
9,d27,1.0,0.2682169375493792,1.7186205939653263,4,0.6124209097477269,1.9868375315147055,0.0019154150734693154
9,d28,1.0,0.8673533346226489,3.942477347198693,6,0.6637695707551217,4.809830681821342,0.004636927802431945
9,d29,1.0,0.6112706779071959,11.523973618440758,19,0.5463693515520182,12.135244296347954,0.011699008840313609
9,d30,1.0,0.4624106724908055,15.611811029251626,33,0.2934960927126001,16.07422170174243,0.015496388634420741
9,d31,1.0,0.5305900956354336,1.8526696346096754,4,0.6613649464913451,2.383259730245109,0.002297586762327632
9,d32,1.0,0.0547321770051526,16.241858445493353,26,0.5582294417609134,16.296590622498506,0.015710763879467866
9,d33,1.0,0.0042710944505345,21.076155879414664,43,0.42789037236232574,21.080426973865197,0.02032263179069692
9,d34,1.0,0.4733438217980411,10.751798328590711,21,0.4205379983803135,11.225142150388752,0.010821622873360364
9,d35,1.0,0.6858598972114482,6.139436297844362,14,0.5539385125581247,6.82529619505581,0.006579941744374031
9,d36,1.0,0.8705521518953744,0.1238285718775026,1,0.3566770885873366,0.994380723772877,0.0009586349144662306
9,d37,1.0,0.0612264541271615,8.914874557872722,18,0.36492765636586566,8.976101011999884,0.008653429838453049
9,d38,1.0,0.5123888115174334,3.716234000718143,6,0.47740771198481574,4.228622812235576,0.004076613082901329
9,d39,1.0,0.4422080628277681,5.986710117356809,13,0.4752455841506754,6.428918180184577,0.006197812651061911
9,d40,1.0,0.0381180467534172,14.376053830041831,32,0.5666274764567991,14.41417187679525,0.013896013965139236
9,d41,1.0,0.7330780276295283,7.896024149077269,13,0.2717661925840973,8.629102176706798,0.0083189048513546
9,d42,1.0,0.6600732244837185,3.1252221325569782,6,0.4166306789246213,3.7852953570406966,0.003649222278825017
9,d43,1.0,0.2647829831443443,7.550716128721326,16,0.5364759045258176,7.81549911186567,0.007534549034888086
9,d44,1.0,0.5395451245308905,24.3533156041204,47,0.5282346597958618,24.89286072865129,0.023998016901302
9,d45,1.0,0.4073335225250493,13.551902165307737,26,0.4545706049749017,13.959235687832786,0.013457431735850933
9,d46,1.0,0.7371358537080552,15.418544658664954,28,0.4125552318974149,16.15568051237301,0.01557491917920552
9,d47,1.0,0.8204349903201831,6.534806868495029,15,0.633289043511524,7.355241858815212,0.00709083702211252
9,d48,1.0,0.6744959024664872,7.665487691950556,13,0.6780313440825563,8.339983594417044,0.008040179448922885
9,d49,1.0,0.6723761257003955,5.045815915439052,10,0.4032421501959327,5.718192041139448,0.005512635560211484
9,d50,1.0,0.3110659971888709,4.292269342927059,10,0.515633284995543,4.6033353401159305,0.004437855516032057
9,d51,1.0,0.5627641174589416,18.80613156514492,33,0.32835063645195156,19.36889568260386,0.018672626301069847
9,d52,1.0,0.9527484508240278,1.980646717332946,3,0.2790109093349286,2.9333951681569737,0.0028279460360537984
9,d53,1.0,0.0738058073055961,3.590139205247371,6,0.6080053530981786,3.663945012552967,0.003532234213462023
9,d54,1.0,0.6617411490783438,11.89833469012703,27,0.540741947323505,12.560075839205373,0.012108568619594588
9,d55,1.0,0.2173968415080795,6.594987194590287,15,0.5216549812411672,6.812384036098366,0.006567493749253229
9,d56,1.0,0.0271671424002741,10.247656956637627,18,0.5812164125796566,10.2748240990379,0.009905466674740692
9,d57,1.0,0.5523670065202334,5.2849669594961775,11,0.47980256984998365,5.837333966016411,0.005627494593812237
9,d58,1.0,0.2088661051907878,14.466801613190684,33,0.6036640472221472,14.675667718381472,0.014148109603901378
9,d59,1.0,0.0304324713071912,7.384122397888686,20,0.48360340024390247,7.414554869195877,0.007148017859666638
9,d60,1.0,0.2441125077921133,11.408062159628711,21,0.3388117786169251,11.652174667420825,0.011233304506614594
9,d61,1.0,0.3396223303720793,4.7855796345208725,8,0.9013945713065087,5.125201964892952,0.004940962178546331
9,d62,1.0,0.5819727585806332,15.943281447687912,31,0.6569138072623655,16.525254206268546,0.015931207508179036
9,d63,1.0,0.0697869101720041,6.3581067731635335,12,0.4083961247637209,6.427893683335538,0.006196824982630926
9,d64,1.0,0.061134838390738,15.23505801952358,31,0.48841633950993024,15.296192857914317,0.014746328223630055
9,d65,1.0,0.2192367022419535,18.62783367688174,36,0.30492747397944575,18.847070379123693,0.0181695594744423
9,d66,1.0,0.416651003991029,2.2689706233173474,4,0.16033836477205418,2.6856216273083766,0.002589079411369869
9,d67,1.0,0.1095342378602383,5.5762886355874945,13,0.7653481587054697,5.685822873447733,0.005481429993209184
9,d68,1.0,0.2358367391446861,2.8117356700724985,7,0.277470614329872,3.0475724092171848,0.0029380188553482576
9,d69,1.0,0.8057497763096095,6.573402446410878,15,0.5883274867700192,7.379152222720487,0.0071138878607995585
9,d70,1.0,0.6615382478708512,5.081006053869371,8,0.40166719681611707,5.742544301740222,0.005536112410375581
9,d71,1.0,0.9532450602827024,11.601453429220983,22,0.22567442533840573,12.554698489503686,0.012103384573838175
9,d72,1.0,0.8135466378420463,5.456145995415362,12,0.28262733392968903,6.269692633257408,0.006044310913839751
9,d73,1.0,0.2465758596168992,24.030379787108817,46,0.3726031086500503,24.276955646725717,0.02340425225822763
9,d74,1.0,0.0249182791854667,2.910987209751336,5,0.6748799936447465,2.9359054889368026,0.002830366116299243
9,d75,1.0,0.4539938264734323,20.169980994650782,39,0.20262820980046095,20.623974821124214,0.019882588093207944
9,d76,1.0,0.9139428164460672,7.871397898420342,14,0.8290644106984909,8.78534071486641,0.008469526956232789
9,d77,1.0,0.8192447071784767,6.2306019623095565,10,0.6826549006416427,7.0498466694880335,0.006796420121020291
9,d78,1.0,0.6417288777484423,16.273972535550094,33,0.2583138120854864,16.915701413298535,0.016307618993203224
9,d79,1.0,0.392942761722586,20.052859110784333,40,0.5945774213942452,20.44580187250692,0.019710820071891243
9,d80,1.0,0.1696376294380355,3.365234603617023,5,0.685558261833364,3.534872233055059,0.003407801317715185
9,d81,1.0,0.4836058296608834,14.08922995872085,32,0.46023450446484265,14.572835788381733,0.014048974256581215
9,d82,1.0,0.7315047052996154,6.318480643841281,14,0.667853894211564,7.049985349140896,0.006796553815443344
9,d83,1.0,0.6798597864912188,9.845795300570616,24,0.49493405716459304,10.525655087061836,0.010147280838069874
9,d84,1.0,0.7456837793544112,8.333365024699267,15,0.5776098470189447,9.079048804053679,0.008752676882840165
9,d85,1.0,0.4421231259529313,11.639752556845439,19,0.43557363085268896,12.08187568279837,0.011647558711542839
9,d86,1.0,0.1204309134488827,18.38285231543966,34,0.6488087463760632,18.50328322888854,0.017838130719357605
9,d87,1.0,0.0205203984577977,6.211034404044475,11,0.5852621224692182,6.231554802502273,0.006007544054577677
9,d88,1.0,0.3468249568782421,22.95997371095156,50,0.3842085182988535,23.3067986678298,0.022468970298060498
9,d89,1.0,0.6122854110355505,15.750925024028584,31,0.5108388095610188,16.363210435064133,0.015774988855670434
9,d90,1.0,0.3730251727692044,2.5706627186786166,7,0.4052182914392969,2.943687891447821,0.002837868758483602
9,d91,1.0,0.6386125882064059,4.200184953508744,11,0.67138112571072,4.83879754171515,0.004664853367150553
9,d92,1.0,0.4473469334645794,12.064196300888506,28,0.8022330550707811,12.511543234353086,0.012061780655599397
9,d93,1.0,0.3575923809381158,5.005714459942524,12,0.34485495622548984,5.36330684088064,0.005170507705696539
9,d94,1.0,0.1354534932662909,8.822070473603995,21,0.3928978999838528,8.957523966870285,0.008635520597411774
9,d95,1.0,0.6209945983805449,6.633367600433748,17,0.3983164197131568,7.254362198814293,0.00699358376496023
9,d96,1.0,0.1863589762176125,6.111262394630958,17,0.6275308555173695,6.297621370848571,0.006071235674478986
9,d97,1.0,0.7641297145552959,19.8733765138219,34,0.46874856762746114,20.637506228377195,0.019895633076004223
9,d98,1.0,0.9463252093187112,15.817784438131694,36,0.31519286849213235,16.764109647450404,0.016161476619348438
9,d99,1.0,0.0438536644798878,13.48624743165391,27,0.4498917774671589,13.530101096133798,0.013043723592910481
9,d100,1.0,0.9513057831481097,10.163136369028473,23,0.7755747275647096,11.114442152176583,0.01071490229764879
