epoch,drep_id,opinion,stake,delegated_stake,indegree,avg_distance,Wprime,Wprime_share
0,d1,0.6544398189618225,0.6113047022702557,13.722392928860307,24,0.004030854047003429,14.333697631130562,0.01386237469970972
0,d2,0.8657904556599825,0.4939656381711477,5.332503341026566,10,0.0023780753663299125,5.826468979197713,0.005634882097028253
0,d3,0.4884693494414028,0.3244126329386243,6.873596928151602,12,0.0016705256872800028,7.198009561090226,0.00696132346277599
0,d4,0.8521109433758144,0.4488741264327569,17.207128818054557,38,0.004746359130574514,17.656002944487312,0.017075435439917006
0,d5,0.5976278055296033,0.3770782987358936,10.094709692964281,19,0.0027154417297488194,10.471787991700175,0.01012745298893394
0,d6,0.1245014614097484,0.9410440826651544,8.02115971482273,19,0.004647202175136425,8.962203797487884,0.00866750718294169
0,d7,0.0262212851512604,0.7786285541496077,15.825977785563417,35,0.006302696725542498,16.604606339713026,0.01605861102597587
0,d8,0.6274282350072956,0.7941431291160147,13.981701247823862,25,0.004823676144010825,14.775844376939876,0.01428998270571051
0,d9,0.5265792043051974,0.4446969168644754,5.417780334268802,13,0.0024317701223493483,5.862477251133277,0.005669706339223493
0,d10,0.3143485732319948,0.6411853212437485,14.539372349008978,35,0.007869604587909902,15.180557670252727,0.014681388151969652
0,d11,0.012965800260955,0.4343314804627135,3.2035348121743246,5,0.0008086798676562399,3.637866292637038,0.0035182453930417447
0,d12,0.8799873829195879,0.1936586649349718,11.758735404984524,23,0.002019680836760793,11.952394069919496,0.011559373541964684
0,d13,0.506101177231038,0.8852114162040516,12.016537596142758,21,0.0024511025882417185,12.901749012346809,0.012477511643773571
0,d14,0.5444230936121223,0.1744367993785583,2.0472183932657333,3,0.0012543819596080679,2.221655192644292,0.002148602372293926
0,d15,0.3081433129804166,0.4069817224912835,4.425524317665656,13,0.0015383599046822243,4.8325060401569395,0.004673602805864557
0,d16,0.485483917169024,0.195995144533855,4.359622076622027,9,0.0010947044778215004,4.555617221155882,0.004405818689167656
0,d17,0.4636981486018401,0.7157943570835169,11.892874041195334,21,0.0038454376102940685,12.608668398278851,0.012194068153197402
0,d18,0.6562992050084688,0.5876211117391754,7.374630065308359,17,0.002209662074811606,7.962251177047535,0.007700435164037422
0,d19,0.0645924756622676,0.3094112672137011,10.747321363760815,19,0.0030525302994585156,11.056732630974516,0.010693163385293674
0,d20,0.1706040861918495,0.1919625787356293,2.2361043084923105,6,0.001635949179733832,2.42806688722794,0.0023482268046180845
0,d21,0.1745034817816525,0.9857688480178474,2.089535576881735,6,0.0010394660459722195,3.0753044248995822,0.002974181774355653
0,d22,0.2867821130034348,0.8524396209435144,16.66002694843651,33,0.004368167872009907,17.512466569380024,0.016936618850786934
0,d23,0.5928511758762783,0.6658927728842667,9.245767321369643,22,0.004631428970530341,9.911660094253909,0.009585743306339758
0,d24,0.4645978847235158,0.6980691261430666,8.727807576092609,16,0.0018335573127117345,9.425876702235675,0.009115933521289787
0,d25,0.54418885648056,0.3295363735742088,2.9929397923876024,6,0.0004807017323268381,3.3224761659618114,0.00321322597480974
0,d26,0.0917319320962545,0.4258718268257104,13.125886945286483,24,0.0029293447257018063,13.551758772112194,0.013106147678955888
0,d27,0.2515461287328163,0.4554322151331479,0.6764768106553986,3,0.0007071181816865613,1.1319090257885465,0.0010946894126876185
0,d28,0.1547776989927841,0.688988609150576,10.811651340791089,21,0.002824557223531561,11.500639949941664,0.011122474073004953
0,d29,0.8816447243746165,0.9885882560521442,3.259768984419887,6,0.00034961557973584023,4.248357240472031,0.004108662080169957
0,d30,0.9310925732279818,0.0234537744007987,9.748807783719759,18,0.0016269227164709811,9.772261558120558,0.009450928495102588
0,d31,0.5482226586022307,0.7780081544782027,16.222564120700152,39,0.006100560160430406,17.000572275178357,0.016441556746403248
0,d32,0.2344981479828095,0.4098458376430103,19.48645746070859,39,0.0039683916029934615,19.8963032983516,0.019242069880266194
0,d33,0.0094030343609957,0.9000735037389241,4.485021700795812,12,0.00121016173744805,5.3850952045347364,0.005208021645213293
0,d34,0.515830317011737,0.1904041414108747,16.93542198487188,28,0.0025603525033580377,17.125826126282753,0.016562691980400356
0,d35,0.1658120032268633,0.0730273189076899,5.790872029232468,14,0.0019529934092668685,5.8638993481401585,0.005671081674609801
0,d36,0.2140482222139993,0.6283400454437265,22.219136004574125,47,0.007958663179955541,22.84747605001785,0.02209620169886408
0,d37,0.0821213165850166,0.2041415713138661,16.317064271449116,26,0.003590430266204785,16.52120584276298,0.01597795291746711
0,d38,0.3639718259096396,0.4468174574773836,25.66965452456462,56,0.009178081311210591,26.116471982042004,0.02525770598531744
0,d39,0.9837124663063006,0.1273734868813091,6.86634478634938,11,0.0017609091743163415,6.993718273230689,0.006763749713623882
0,d40,0.8668445628519528,0.3017682512486745,4.057710247065457,8,0.0020084165405219317,4.3594784983141315,0.004216129431090262
0,d41,0.7000735673961688,0.2469737301341866,12.002981574431075,24,0.005310189789086007,12.249955304565262,0.011847150320638263
0,d42,0.5357815987985837,0.8495861051218173,0.4221998201469488,1,0.0001307137540786929,1.271785925268766,0.0012299668576517965
0,d43,0.4396428866509466,0.2179595435495449,29.05033081699476,60,0.006552340087637874,29.268290360544302,0.028305885769251127
0,d44,0.8328760100402087,0.6823319381851302,20.900697141182984,41,0.005308466764125024,21.583029079368114,0.02087333247515513
0,d45,0.3030794458486493,0.1861247600403534,7.273709829195929,18,0.002844709058859597,7.459834589236283,0.007214539118591132
0,d46,0.9755901817670072,0.6538686303833499,10.186518361694917,20,0.0015170399383316103,10.840386992078267,0.010483931658198052
0,d47,0.6743192461462838,0.1391328076011917,11.870439225332738,31,0.004388753527822427,12.00957203293393,0.011614671370080633
0,d48,0.2205459956643096,0.484017762343897,7.300250854529924,15,0.0032695548962925667,7.784268616873821,0.0075283050547917
0,d49,0.2509652227320427,0.8138284459558288,5.4911038216191015,14,0.004147033285045434,6.30493226757493,0.00609761247925253
0,d50,0.7066151143844396,0.1464049330716936,2.40441040367531,7,0.0010482740999934656,2.5508153367470037,0.002466939020044346
0,d51,0.6344371556795654,0.3660915419148296,12.079164253183617,25,0.004464073029467373,12.445255795098447,0.012036028909295542
0,d52,0.8666370322756829,0.6024049540095762,0.6310752814845952,1,0.0002187759598107908,1.2334802354941714,0.0011929207416772971
0,d53,0.0153435184241378,0.043445465085906,5.540627777714628,14,0.0028872946556100644,5.584073242800534,0.005400456855892151
0,d54,0.6671007577243941,0.4878484261523147,9.043498644292601,17,0.0025526101898820062,9.531347070444916,0.009217935796031335
0,d55,0.9665935345745804,0.2676511989587375,7.704915740399356,14,0.002536605279408886,7.972566939358093,0.007710411721806544
0,d56,0.8837891182365298,0.2352217504365444,6.111446822419712,10,0.0009910412579203665,6.346668572856256,0.006137976404687559
0,d57,0.8960927939461778,0.5031062205331591,17.449765492004012,30,0.00416366388917702,17.95287171253717,0.017362542521791716
0,d58,0.808713605691692,0.7652957803972872,12.092461026812286,22,0.005336148534483781,12.857756807209572,0.01243496599734146
0,d59,0.8835605560536158,0.2785415708873054,0.586622407910269,2,0.0009160493928582758,0.8651639787975745,0.0008367155188718553
0,d60,0.0530691010978995,0.6341458655587995,15.372323923962288,30,0.005928442066703138,16.006469789521088,0.015480142497217155
0,d61,0.1068950431605513,0.8878624212898746,20.402828798435834,42,0.003871803615380674,21.29069121972571,0.020590607315635036
0,d62,0.4810361814027525,0.4980689154368473,3.6785618497827355,7,0.0011620825832945405,4.176630765219583,0.0040392941263155775
0,d63,0.9588885552695924,0.5868707054277651,8.933465273105288,22,0.004137819594365166,9.520335978533053,0.009207286772599748
0,d64,0.254208034357211,0.8659825989947968,1.4682858723470162,2,0.0007929090370795422,2.334268471341813,0.0022575126832019387
0,d65,0.728807609223443,0.8262963710263229,29.61842532266549,54,0.008991688853722991,30.444721693691815,0.029443633499686792
0,d66,0.7651449313999641,0.7694785527235976,37.34225661322925,71,0.008499225350613981,38.11173516595285,0.03685853901223052
0,d67,0.1760745289285016,0.9169920807946326,18.86614256612966,36,0.010023286891216614,19.783134646924292,0.019132622458483062
0,d68,0.4733699804701081,0.3277302362645178,4.4155169694807475,12,0.0018195152929045416,4.7432472057452655,0.004587278994680857
0,d69,0.4738333218056985,0.7957833956176842,2.025836087977634,5,0.0018623405611476796,2.821619483595318,0.002728838541748604
0,d70,0.9202588659866592,0.10508190786601,5.68318570816296,11,0.0013015414031273163,5.78826761602897,0.005597936877175515
0,d71,0.8928386014560008,0.5430077933202487,5.608649669832472,9,0.0023000241023749656,6.151657463152721,0.00594937768139334
0,d72,0.9246557343897472,0.4363575029985441,3.851552761912197,8,0.0017930795923083442,4.2879102649107415,0.004146914515751224
0,d73,0.067467742271406,0.8436386228790356,7.797022607232708,23,0.003065455868188298,8.640661230111743,0.008356537629545078
0,d74,0.496608869306429,0.3615195821952451,10.200073947529667,17,0.0016510526046177082,10.561593529724911,0.010214305526935311
0,d75,0.5746293793880668,0.365584666592786,24.67529747744626,54,0.005692560082079757,25.040882144039045,0.024217483863900956
0,d76,0.7060377125073254,0.1129787309299515,3.339088825202505,7,0.0017440602705382263,3.4520675561324565,0.003338556120221777
0,d77,0.2542711304075598,0.2887596219715777,0.4913208684868736,2,0.004880561048246024,0.7800804904584513,0.0007544297593652709
0,d78,0.5368160302349912,0.8539911936979437,1.6830048506545119,3,0.001635145631377936,2.5369960443524557,0.0024535741358261928
0,d79,0.2682169375493792,0.6092329103607209,19.132397219888805,39,0.0039810035118324595,19.741630130249526,0.019092482699944666
0,d80,0.7971016943513751,0.9025653819796856,12.29420538861045,28,0.008969323019497127,13.196770770590136,0.012762832449512769
0,d81,0.8009676948429488,0.8673533346226489,3.6119563121497014,7,0.000674656522359794,4.47930964677235,0.004332020272614407
0,d82,0.7114870336058631,0.2413743301854386,6.220761499209874,14,0.0034387408548049608,6.462135829395312,0.006249646848482574
0,d83,0.8034162723982934,0.9834214774010058,3.119967544999006,5,0.0006995346389449209,4.103389022400012,0.0039684607301638695
0,d84,0.6112706779071959,0.8926937029287524,13.53174017211645,32,0.004420242662924356,14.424433875045203,0.013950127339981496
0,d85,0.997974812425625,0.4427630638911477,9.963640215932525,16,0.0028753637859999584,10.406403279823673,0.010064218267580806
0,d86,0.1435155109136522,0.4624106724908055,8.771531688640515,17,0.0033279312612775956,9.23394236113132,0.008930310395798991
0,d87,0.9868092549045336,0.270694995865657,7.39034865350214,19,0.0021598984043359414,7.661043649367797,0.00740913199031892
0,d88,0.9376854924595306,0.0920662406924429,15.804958096538694,28,0.005807001578794542,15.897024337231137,0.01537429584774358
0,d89,0.4100009917072433,0.4545954163571419,32.861921333381645,65,0.01047742266505186,33.31651674973879,0.03222099773271178
0,d90,0.9149656348427831,0.2367012264626057,15.975563207634995,29,0.00554914230256217,16.2122644340976,0.01567917016947092
0,d91,0.8031993908453471,0.397035394488437,0.6595869025805066,1,0.0008796545131360967,1.0566222970689436,0.0010218782741883744
0,d92,0.5305900956354336,0.2328557197307569,0.0,0,0.0,0.2328557197307569,0.0002251989208191313
0,d93,0.9236596612673486,0.3530180492575545,4.359469042066079,6,0.00030805973042826357,4.712487091323633,0.004557530339247208
0,d94,0.1303922567881379,0.0547321770051526,8.991570470878079,22,0.002387867328036732,9.046302647883232,0.008748840681526393
0,d95,0.5304011260016314,0.6835341219591398,0.922756377660167,2,0.0009858868953612765,1.6062904996193068,0.0015534721992423155
0,d96,0.3455306175895897,0.7282142121533487,14.26564081552891,33,0.006858107877874898,14.993855027682258,0.01450082469546721
0,d97,0.0042710944505345,0.6829353338644084,8.676959721363467,16,0.0018972580842546436,9.359895055227875,0.00905212149332154
0,d98,0.5338480167445093,0.4716822415158711,2.0444143647915647,6,0.0007496234548163653,2.516096606307436,0.002433361916435977
0,d99,0.5414739621638829,0.4733438217980411,3.4452195015596985,9,0.0010521618308203281,3.9185633233577395,0.0037897124992331975
0,d100,0.3482105918290328,0.5991346407809729,11.646244617908401,23,0.003705522961068804,12.245379258689374,0.011842724745032646
1,d1,0.7544398189618224,0.6113047022702557,13.71362643417331,24,0.005598158273072552,14.324931136443565,0.01385389646629908
1,d2,0.9657904556599824,0.4939656381711477,7.553864415083325,14,0.003259993493192995,8.047830053254472,0.007783200021988944
1,d3,0.5884693494414028,0.3244126329386243,4.672447589508414,10,0.0019058015722094423,4.996860222447038,0.004832552667721662
1,d4,0.9521109433758144,0.4488741264327569,15.059836343367653,32,0.0044589942734059446,15.50871046980041,0.014998750578829347
1,d5,0.6976278055296032,0.3770782987358936,8.087951946430525,17,0.003448912489922387,8.46503024516642,0.008186681770656058
1,d6,0.2245014614097485,0.9410440826651544,8.865859993292663,19,0.0037502804144385104,9.806904075957817,0.009484431892143588
1,d7,0.1262212851512604,0.7786285541496077,12.37808005196969,31,0.005407449902919849,13.156708606119297,0.0127240876155231
1,d8,0.7274282350072956,0.7941431291160147,8.248789513308445,17,0.0035619079883771367,9.042932642424459,0.008745581489124554
1,d9,0.6265792043051974,0.4446969168644754,6.685724138409858,11,0.0028975263773604546,7.130421055274334,0.006895957412987234
1,d10,0.4143485732319948,0.6411853212437485,19.0135560798729,36,0.007439784741201845,19.65474140111665,0.019008451059859998
1,d11,0.112965800260955,0.4343314804627135,4.540782261082441,7,0.0006315530626273329,4.9751137415451545,0.004811521258072887
1,d12,0.979987382919588,0.1936586649349718,10.523670912557403,19,0.0036290831709162295,10.717329577492375,0.010364920637143558
1,d13,0.606101177231038,0.8852114162040516,7.93705579987834,15,0.0016572144443349386,8.822267216082391,0.008532172018522818
1,d14,0.6444230936121222,0.1744367993785583,1.5471186609133607,3,0.0006695679269462795,1.721555460291919,0.0016649469990958278
1,d15,0.4081433129804166,0.4069817224912835,5.37717074577297,11,0.0016924109185170984,5.784152468264254,0.0055939570443558715
1,d16,0.585483917169024,0.195995144533855,5.051356292381162,11,0.001286103387545746,5.247351436915017,0.005074807190127587
1,d17,0.5636981486018401,0.7157943570835169,13.060669490420933,31,0.006274879161639874,13.77646384750445,0.013323463966223503
1,d18,0.7562992050084688,0.5876211117391754,7.966755983266477,13,0.0026586885591058243,8.554377095005652,0.00827309070312999
1,d19,0.1645924756622676,0.3094112672137011,4.716505226288417,13,0.002182009568578227,5.025916493502118,0.004860653505838064
1,d20,0.2706040861918495,0.1919625787356293,5.683076564344557,12,0.0009576329987203425,5.875039143080186,0.005681855169036052
1,d21,0.2745034817816525,0.9857688480178474,2.0355732636166577,4,0.0007231813629625244,3.021342111634505,0.002921993858481176
1,d22,0.3867821130034348,0.8524396209435144,15.294481354466956,35,0.004146134078985633,16.14692097541047,0.015615975344813196
1,d23,0.6928511758762783,0.6658927728842667,7.756105239847204,15,0.0038899703185472758,8.421998012731471,0.008145064530950742
1,d24,0.5645978847235158,0.6980691261430666,8.180831453673715,14,0.002129689292076956,8.878900579816781,0.0085869431549591
1,d25,0.64418885648056,0.3295363735742088,1.3280560202892204,4,0.00047532447138806666,1.6575923938634292,0.0016030871764183621
1,d26,0.1917319320962545,0.4258718268257104,13.679280683226954,27,0.0032774163582758547,14.105152510052665,0.013641344635751092
1,d27,0.3515461287328163,0.4554322151331479,1.759795341311538,5,0.00037389653056064677,2.215227556444686,0.002142386090652903
1,d28,0.2547776989927841,0.688988609150576,3.1680135504889133,9,0.003276082547059399,3.8570021596394892,0.003730175599518
1,d29,0.9816447243746164,0.9885882560521442,2.648579676669497,5,0.00033923890073688233,3.637167932721641,0.0035175699967084574
1,d30,1.0,0.0234537744007987,0.9644871239357709,1,0.0009795167758888113,0.9879408983365695,0.0009554552681623119
1,d31,0.6482226586022307,0.7780081544782027,19.237898817822938,36,0.005889241412421965,20.015906972301142,0.019357740727134722
1,d32,0.3344981479828095,0.4098458376430103,15.549605338734372,35,0.004465267937431816,15.959451176377382,0.015434669957609283
1,d33,0.1094030343609957,0.9000735037389241,5.085378431217162,11,0.0011608454430079927,5.985451934956086,0.005788637349881043
1,d34,0.615830317011737,0.1904041414108747,14.622997587409241,33,0.0030948446361210354,14.813401728820116,0.014326305090756636
1,d35,0.2658120032268632,0.0730273189076899,9.445025726901411,19,0.002100776239233294,9.5180530458091,0.0092050789076337
1,d36,0.3140482222139993,0.6283400454437265,15.556197769149215,42,0.007503229569636805,16.18453781459294,0.015652355261090597
1,d37,0.1821213165850166,0.2041415713138661,9.633246404221522,19,0.0036060625076420956,9.837387975535387,0.009513913415273727
1,d38,0.4639718259096396,0.4468174574773836,33.301669364307806,66,0.008213038992916215,33.74848682178519,0.03263876369595928
1,d39,1.0,0.1273734868813091,0.0,0,0.0,0.1273734868813091,0.0001231851715723682
1,d40,0.9668445628519527,0.3017682512486745,5.19482092155089,10,0.003287562025270496,5.496589172799564,0.005315849451032763
1,d41,0.8000735673961687,0.2469737301341866,9.580677247341399,22,0.005255829424672065,9.827650977475585,0.009504496590736967
1,d42,0.6357815987985836,0.8495861051218173,0.852430327258021,2,0.00018120859101983244,1.7020164323798384,0.0016460504566156036
1,d43,0.5396428866509466,0.2179595435495449,19.773294166704485,46,0.006007952946723161,19.99125371025403,0.019333898117581905
1,d44,0.9328760100402088,0.6823319381851302,24.519659454646952,44,0.005144302115660329,25.20199139283208,0.024373295492681735
1,d45,0.4030794458486493,0.1861247600403534,6.341626281187502,14,0.0038545038414992444,6.527751041227856,0.006313104490455434
1,d46,1.0,0.6538686303833499,0.0,0,0.0,0.6538686303833499,0.0006323680178012141
1,d47,0.7743192461462838,0.1391328076011917,19.52980489428642,40,0.005056665201366872,19.668937701887614,0.01902218055560501
1,d48,0.3205459956643096,0.484017762343897,5.789535280816851,12,0.002563996442532135,6.2735530431607485,0.006067265071499839
1,d49,0.3509652227320426,0.8138284459558288,9.094696657432024,19,0.004468072668233332,9.908525103387854,0.00958271140074332
1,d50,0.8066151143844396,0.1464049330716936,0.8412554540759638,2,0.0010151367496502028,0.9876603871476575,0.0009551839807870492
1,d51,0.7344371556795654,0.3660915419148296,16.518840787785503,29,0.003973909355546339,16.884932329700334,0.01632971929205449
1,d52,0.9666370322756828,0.6024049540095762,0.0,0,0.0,0.6024049540095762,0.0005825965782413034
1,d53,0.1153435184241378,0.043445465085906,8.205887724785692,16,0.001968910104439236,8.249333189871598,0.007978077300332443
1,d54,0.7671007577243941,0.4878484261523147,8.415282612538428,17,0.0022132738756625026,8.903131038690743,0.008610376864020136
1,d55,1.0,0.2676511989587375,0.0,0,0.0,0.2676511989587375,0.0002588502495500128
1,d56,0.9837891182365298,0.2352217504365444,4.512460387683722,10,0.002919879190440777,4.7476821381202665,0.004591568096902226
1,d57,0.9960927939461778,0.5031062205331591,5.489897520598363,8,0.0007701979319273133,5.993003741131522,0.005795940836361468
1,d58,0.908713605691692,0.7652957803972872,19.119951540399903,35,0.005092936665447637,19.88524732079719,0.019231377447128908
1,d59,0.9835605560536158,0.2785415708873054,2.3032995098833657,4,0.0004378729339551968,2.5818410807706713,0.0024969445706050928
1,d60,0.1530691010978995,0.6341458655587995,17.70707077125113,33,0.005158591877360604,18.34121663680993,0.017738117826331935
1,d61,0.2068950431605513,0.8878624212898746,16.55363859476081,34,0.00450384936584668,17.441501016050683,0.01686798679809963
1,d62,0.5810361814027525,0.4980689154368473,4.659627581203193,12,0.0011988319042749718,5.15769649664004,0.004988100297896751
1,d63,1.0,0.5868707054277651,0.0,0,0.0,0.5868707054277651,0.0005675731292987353
1,d64,0.354208034357211,0.8659825989947968,1.6225168997842068,4,0.000531278640878749,2.4884994987790034,0.0024066722613984336
1,d65,0.828807609223443,0.8262963710263229,29.508829574412115,58,0.008440684060110677,30.33512594543844,0.029337641496305616
1,d66,0.8651449313999641,0.7694785527235976,32.55754129808489,66,0.009596269560099319,33.32701985080849,0.032231155469137074
1,d67,0.2760745289285016,0.9169920807946326,18.62874861346269,37,0.009105449423204683,19.545740694257322,0.01890303453162687
1,d68,0.5733699804701081,0.3277302362645178,3.904717951097613,9,0.002566863343341367,4.232448187362131,0.004093276151081564
1,d69,0.5738333218056985,0.7957833956176842,5.030034459683169,12,0.0013183226153008858,5.825817855300854,0.005634252383491209
1,d70,1.0,0.10508190786601,0.0,0,0.0,0.10508190786601,0.00010162658781327376
1,d71,0.9928386014560008,0.5430077933202487,6.387143837216809,16,0.001536261589987313,6.930151630537058,0.0067022732794128
1,d72,1.0,0.4363575029985441,0.0,0,0.0,0.4363575029985441,0.0004220091259953846
1,d73,0.167467742271406,0.8436386228790356,6.101321827000572,15,0.0031624811377141625,6.944960449879607,0.006716595152796043
1,d74,0.596608869306429,0.3615195821952451,7.532495299735805,18,0.00215145362025689,7.89401488193105,0.007634442625659164
1,d75,0.6746293793880668,0.365584666592786,19.387089688633438,46,0.005575155758091402,19.752674355226223,0.019103163766954357
1,d76,0.8060377125073254,0.1129787309299515,3.119967544999006,5,0.0019219054700870598,3.2329462759289576,0.0031266400208990216
1,d77,0.3542711304075597,0.2887596219715777,6.91860404880922,14,0.003422235671620854,7.207363670780798,0.0069703699891399355
1,d78,0.6368160302349912,0.8539911936979437,1.4260115292227773,4,0.0010617016076505115,2.280002722920721,0.0022050313097746388
1,d79,0.3682169375493792,0.6092329103607209,13.379093683378343,27,0.0032763652198985697,13.988326593739064,0.013528360207848915
1,d80,0.8971016943513751,0.9025653819796856,24.026458804095302,39,0.007664679326581177,24.929024186074987,0.02410930403714958
1,d81,0.9009676948429488,0.8673533346226489,2.971782776712072,7,0.0009382261074596387,3.839136111334721,0.0037128970254628364
1,d82,0.811487033605863,0.2413743301854386,9.734271662952795,18,0.0033953867237057622,9.975645993138233,0.0096476252106926
1,d83,0.9034162723982934,0.9834214774010058,6.266336369749737,11,0.0015213378388124956,7.249757847150743,0.007011370153441532
1,d84,0.7112706779071959,0.8926937029287524,9.514691879200726,23,0.0037311082311655723,10.407385582129479,0.01006516826966553
1,d85,1.0,0.4427630638911477,0.0,0,0.0,0.4427630638911477,0.00042820405821316954
1,d86,0.2435155109136522,0.4624106724908055,14.789054591961387,31,0.003591499348734753,15.251465264452193,0.014749964151348422
1,d87,1.0,0.270694995865657,0.0,0,0.0,0.270694995865657,0.00026179395984161935
1,d88,1.0,0.0920662406924429,0.0,0,0.0,0.0920662406924429,8.903890388342462e-05
1,d89,0.5100009917072433,0.4545954163571419,49.88760225377635,87,0.009874117098515003,50.342197670133494,0.048686837497855066
1,d90,1.0,0.2367012264626057,0.0,0,0.0,0.2367012264626057,0.0002289179789853484
1,d91,0.9031993908453472,0.397035394488437,1.2811866845390842,3,0.00048531418199534065,1.6782220790275213,0.001623038512984901
1,d92,0.6305900956354336,0.2328557197307569,2.5025573532216594,4,0.0008946615299265104,2.7354130729524164,0.0026454667840485144
1,d93,1.0,0.3530180492575545,0.0,0,0.0,0.3530180492575545,0.0003414100534631422
1,d94,0.2303922567881379,0.0547321770051526,9.656576691366679,20,0.0030121564391370247,9.711308868371832,0.009391980061418809
1,d95,0.6304011260016313,0.6835341219591398,1.7540898599693053,3,0.0012453370535271402,2.437623981928445,0.002357469641406497
1,d96,0.4455306175895897,0.7282142121533487,18.96486553584819,38,0.00676647800449871,19.69307974800154,0.019045528759108483
1,d97,0.1042710944505345,0.6829353338644084,109.12547229361448,224,0.04986361506308543,109.80840762747889,0.10619767005581178
1,d98,0.6338480167445093,0.4716822415158711,2.6512377575465296,5,0.00034670317982032905,3.122919999062401,0.0030202316456151967
1,d99,0.6414739621638829,0.4733438217980411,3.3188712656454085,6,0.0011435616531722537,3.7922150874434495,0.003667518866162044
1,d100,0.4482105918290328,0.5991346407809729,6.869202824527889,15,0.002780115427091312,7.468337465308862,0.007222762401736665
2,d1,0.8544398189618224,0.6113047022702557,9.937497060282157,23,0.004883395794235366,10.548801762552412,0.010201934380690983
2,d2,1.0,0.4939656381711477,0.0,0,0.0,0.4939656381711477,0.00047772298127999403
2,d3,0.6884693494414028,0.3244126329386243,4.569255369909722,9,0.0016703842405577404,4.8936680028483455,0.0047327536311447356
2,d4,1.0,0.4488741264327569,0.0,0,0.0,0.4488741264327569,0.00043411417582170353
2,d5,0.7976278055296032,0.3770782987358936,8.943548830731412,17,0.003800938074303366,9.320627129467306,0.009014144781758208
2,d6,0.3245014614097485,0.9410440826651544,7.217984293262648,16,0.0047272973193454824,8.159028375927802,0.007890741903682408
2,d7,0.2262212851512604,0.7786285541496077,20.292185161389227,42,0.006701948442039706,21.070813715538836,0.02037795985860652
2,d8,0.8274282350072956,0.7941431291160147,12.819790134225178,25,0.0041704857954650175,13.613933263341192,0.013166277738648804
2,d9,0.7265792043051974,0.4446969168644754,5.640762231771054,12,0.0022447194051598007,6.08545914863553,0.005885356110411296
2,d10,0.5143485732319948,0.6411853212437485,23.185653490045944,42,0.005781316416057114,23.826838811289694,0.023043360897632648
2,d11,0.212965800260955,0.4343314804627135,3.2476547422924837,6,0.0009530369544731484,3.681986222755197,0.0035609145645815847
2,d12,1.0,0.1936586649349718,0.9644871239357709,1,0.0009795167758888113,1.1581457888707427,0.0011200634543419505
2,d13,0.7061011772310379,0.8852114162040516,7.006211746703974,20,0.002291374522900874,7.891423162908025,0.007631936127954377
2,d14,0.7444230936121222,0.1744367993785583,3.5747281725886926,7,0.0014004457245681953,3.749164971967251,0.003625884331448494
2,d15,0.5081433129804166,0.4069817224912835,5.415970293279476,12,0.0012561142612395049,5.82295201577076,0.0056314807789535825
2,d16,0.685483917169024,0.195995144533855,2.8040891176741165,5,0.001453508207463572,3.0000842622079715,0.0029014350130496516
2,d17,0.6636981486018401,0.7157943570835169,14.557550615278764,29,0.006319563711687063,15.273344972362281,0.01477112440721367
2,d18,0.8562992050084688,0.5876211117391754,4.162497952668279,11,0.0017071909852230747,4.750119064407454,0.0045939248917906015
2,d19,0.2645924756622677,0.3094112672137011,7.278974751187848,15,0.001734997313603152,7.588386018401549,0.007338863499161417
2,d20,0.3706040861918495,0.1919625787356293,5.210380792722363,12,0.0010676187094052908,5.4023433714579925,0.005224702655161067
2,d21,0.3745034817816525,0.9857688480178474,0.8766110603799822,1,0.001713793594120383,1.8623799083978296,0.0018011408352406736
2,d22,0.4867821130034347,0.8524396209435144,16.912729789845116,32,0.0038238562515712365,17.76516941078863,0.01718101227706371
2,d23,0.7928511758762783,0.6658927728842667,7.129652905749159,17,0.004587467777936152,7.795545678633426,0.007539211302408075
2,d24,0.6645978847235158,0.6980691261430666,5.6580217090358165,10,0.001536966643920412,6.356090835178883,0.006147088842677844
2,d25,0.74418885648056,0.3295363735742088,2.0223220944419786,3,0.0007459842346308291,2.3518584680161876,0.0022745242828004423
2,d26,0.2917319320962545,0.4258718268257104,9.327200870090378,19,0.003239295434872105,9.753072696916089,0.009432370605092447
2,d27,0.4515461287328163,0.4554322151331479,1.7584352603124707,2,0.0004981789047795449,2.2138674754456185,0.0021410707320541505
2,d28,0.3547776989927841,0.688988609150576,13.133054579330167,26,0.00287846602119039,13.822043188480743,0.013367544560040896
2,d29,1.0,0.9885882560521442,0.0,0,0.0,0.9885882560521442,0.0009560813393582436
2,d30,1.0,0.0234537744007987,0.0,0,0.0,0.0234537744007987,2.2682563650583104e-05
2,d31,0.7482226586022307,0.7780081544782027,18.105654244851095,30,0.0060181677644489855,18.8836623993293,0.018262726800779804
2,d32,0.4344981479828095,0.4098458376430103,17.122688812901927,35,0.004566907092301163,17.53253465054494,0.016956027050106553
2,d33,0.2094030343609957,0.9000735037389241,3.601487008640715,9,0.0008027773184555504,4.501560512379639,0.004353539481710265
2,d34,0.7158303170117369,0.1904041414108747,6.556561122769682,13,0.0030237226791849114,6.746965264180557,0.006525110476369088
2,d35,0.3658120032268632,0.0730273189076899,8.503358997329006,17,0.0025214921724519817,8.576386316236695,0.008294376213638521
2,d36,0.4140482222139993,0.6283400454437265,15.691193080417888,34,0.008289357974458384,16.319533125861614,0.01578291163500531
2,d37,0.2821213165850166,0.2041415713138661,12.439428673916051,25,0.0029856503171803994,12.643570245229917,0.012227822352050928
2,d38,0.5639718259096396,0.4468174574773836,33.892717867861975,76,0.009563652391880046,34.33953532533936,0.03321037724836016
2,d39,1.0,0.1273734868813091,0.0,0,0.0,0.1273734868813091,0.0001231851715723682
2,d40,1.0,0.3017682512486745,0.0,0,0.0,0.3017682512486745,0.0002918454594856219
2,d41,0.9000735673961687,0.2469737301341866,18.98317677951139,32,0.004147439679141454,19.230150509645576,0.01859782163379532
2,d42,0.7357815987985836,0.8495861051218173,0.9852795581321049,2,0.00012934663370950394,1.8348656632539222,0.0017745313178935138
2,d43,0.6396428866509466,0.2179595435495449,23.81001224370439,47,0.006859726021823174,24.027971787253932,0.02323788018700488
2,d44,1.0,0.6823319381851302,0.0,0,0.0,0.6823319381851302,0.0006598953905765757
2,d45,0.5030794458486493,0.1861247600403534,14.889997521859105,23,0.0038964877287168543,15.076122281899458,0.01458038682471139
2,d46,1.0,0.6538686303833499,0.0,0,0.0,0.6538686303833499,0.0006323680178012141
2,d47,0.8743192461462838,0.1391328076011917,21.858270838203598,42,0.00617730842942033,21.99740364580479,0.021274081511014467
2,d48,0.4205459956643096,0.484017762343897,12.830065794187066,21,0.0030274410584452786,13.314083556530962,0.012876287737717436
2,d49,0.4509652227320426,0.8138284459558288,8.129030136828579,19,0.003932338475463928,8.942858582784408,0.008648798080673231
2,d50,0.9066151143844396,0.1464049330716936,4.972716783473972,9,0.0010217562333744033,5.119121716545665,0.004950793939873281
2,d51,0.8344371556795653,0.3660915419148296,14.94591406906794,29,0.004483717643787843,15.312005610982771,0.01480851380054951
2,d52,1.0,0.6024049540095762,0.0,0,0.0,0.6024049540095762,0.0005825965782413034
2,d53,0.2153435184241378,0.043445465085906,5.643805475185774,13,0.0015411257494243795,5.68725094027168,0.005500241847860443
2,d54,0.8671007577243941,0.4878484261523147,8.9408136546637,15,0.0016606522386774772,9.428662080816014,0.009118627310607436
2,d55,1.0,0.2676511989587375,0.0,0,0.0,0.2676511989587375,0.0002588502495500128
2,d56,1.0,0.2352217504365444,0.0,0,0.0,0.2352217504365444,0.00022748715132592042
2,d57,1.0,0.5031062205331591,0.0,0,0.0,0.5031062205331591,0.0004865630015550531
2,d58,1.0,0.7652957803972872,0.0,0,0.0,0.7652957803972872,0.0007401312024981784
2,d59,1.0,0.2785415708873054,0.0,0,0.0,0.2785415708873054,0.00026938252253204734
2,d60,0.2530691010978995,0.6341458655587995,12.72430237723509,28,0.006874743142188887,13.358448242793889,0.01291919361729146
2,d61,0.3068950431605513,0.8878624212898746,11.722574417458937,32,0.004181816283535235,12.61043683874881,0.012195778443525793
2,d62,0.6810361814027525,0.4980689154368473,2.754562372630737,9,0.0013682293966918015,3.252631288067584,0.0031456777473291733
2,d63,1.0,0.5868707054277651,0.0,0,0.0,0.5868707054277651,0.0005675731292987353
2,d64,0.454208034357211,0.8659825989947968,0.0,0,0.0,0.8659825989947968,0.0008375072210692001
2,d65,0.928807609223443,0.8262963710263229,32.76101997265717,59,0.007594199616760454,33.58731634368349,0.03248289285122171
2,d66,0.965144931399964,0.7694785527235976,31.45310826834628,62,0.008731977600211592,32.222586821069875,0.03116303858241545
2,d67,0.3760745289285016,0.9169920807946326,15.294481354466956,35,0.009211098499095436,16.21147343526159,0.015678405180384773
2,d68,0.6733699804701081,0.3277302362645178,3.871259785440829,10,0.002286181169070056,4.198990021705347,0.004060918162163758
2,d69,0.6738333218056984,0.7957833956176842,4.551299368189618,11,0.0011178002707609965,5.347082763807302,0.005171259135624016
2,d70,1.0,0.10508190786601,0.0,0,0.0,0.10508190786601,0.00010162658781327376
2,d71,1.0,0.5430077933202487,0.0,0,0.0,0.5430077933202487,0.0005251525244623219
2,d72,1.0,0.4363575029985441,0.0,0,0.0,0.4363575029985441,0.0004220091259953846
2,d73,0.2674677422714061,0.8436386228790356,9.501254167952885,20,0.0030973181293200537,10.34489279083192,0.010004730376297665
2,d74,0.696608869306429,0.3615195821952451,6.933296414599694,12,0.0027813117314379743,7.294815996794939,0.00705494669382333
2,d75,0.7746293793880668,0.365584666592786,24.572530562684683,50,0.005402510709744512,24.938115229277468,0.02411809614721965
2,d76,0.9060377125073252,0.1129787309299515,7.365176307156298,13,0.0009564321667619916,7.478155038086249,0.007232257151520297
2,d77,0.4542711304075597,0.2887596219715777,5.913225187341974,12,0.004210734332833523,6.201984809313552,0.005998050155731587
2,d78,0.7368160302349912,0.8539911936979437,3.62356056608815,5,0.0005101880675947523,4.477551759786094,0.004330320188748376
2,d79,0.4682169375493792,0.6092329103607209,20.385268633122593,41,0.0036555959824750087,20.994501543483313,0.020304156995562664
2,d80,0.9971016943513752,0.9025653819796856,21.341380932051756,43,0.007621717062042365,22.24394631403144,0.021512517323906275
2,d81,1.0,0.8673533346226489,0.0,0,0.0,0.8673533346226489,0.0008388328839495345
2,d82,0.911487033605863,0.2413743301854386,11.686118625722145,22,0.004218795281153073,11.927492955907583,0.011535291230354894
2,d83,1.0,0.9834214774010058,0.0,0,0.0,0.9834214774010058,0.0009510844555467011
2,d84,0.8112706779071959,0.8926937029287524,9.273365766249983,16,0.0021423960071611237,10.166059469178736,0.009831777480447118
2,d85,1.0,0.4427630638911477,0.0,0,0.0,0.4427630638911477,0.00042820405821316954
2,d86,0.3435155109136522,0.4624106724908055,11.635446921596857,24,0.002542084141899971,12.097857594087664,0.011700053911332872
2,d87,1.0,0.270694995865657,0.0,0,0.0,0.270694995865657,0.00026179395984161935
2,d88,1.0,0.0920662406924429,0.0,0,0.0,0.0920662406924429,8.903890388342462e-05
2,d89,0.6100009917072433,0.4545954163571419,39.28814017993432,83,0.009803782807927612,39.74273559629146,0.03843590862630951
2,d90,1.0,0.2367012264626057,0.0,0,0.0,0.2367012264626057,0.0002289179789853484
2,d91,1.0,0.397035394488437,0.0,0,0.0,0.397035394488437,0.0003839800133283306
2,d92,0.7305900956354335,0.2328557197307569,0.2151634473640339,1,0.0008136351616986337,0.4480191670947908,0.0004332873293930359
2,d93,1.0,0.3530180492575545,0.0,0,0.0,0.3530180492575545,0.0003414100534631422
2,d94,0.3303922567881379,0.0547321770051526,8.965459618091327,24,0.0020852024173552627,9.02019179509648,0.008723588409965085
2,d95,0.7304011260016313,0.6835341219591398,1.0625979966085057,2,0.0006418535241116685,1.7461321185676455,0.0016887155237746878
2,d96,0.5455306175895897,0.7282142121533487,12.63499672280606,28,0.0057345834639063965,13.363210934959408,0.012923799701853646
2,d97,0.2042710944505345,0.6829353338644084,198.34747437620786,410,0.10370503204058086,199.03040971007226,0.19248586003695034
2,d98,0.7338480167445093,0.4716822415158711,4.180738498330831,8,0.00074466794274132,4.6524207398467015,0.00449943909911882
2,d99,0.7414739621638828,0.4733438217980411,5.4917766234284064,10,0.0008899526160697779,5.9651204452264475,0.0057689744034391255
2,d100,0.5482105918290328,0.5991346407809729,10.65425188964771,25,0.003130816586389198,11.253386530428683,0.010883350879863952
3,d1,0.9544398189618224,0.6113047022702557,11.794695219424172,25,0.004999600898455831,12.405999921694427,0.01199806385378125
3,d2,1.0,0.4939656381711477,0.0,0,0.0,0.4939656381711477,0.00047772298127999414
3,d3,0.7884693494414028,0.3244126329386243,2.3680820927951265,7,0.0014511040378802909,2.692494725733751,0.002603959684767639
3,d4,1.0,0.4488741264327569,0.0,0,0.0,0.4488741264327569,0.00043411417582170364
3,d5,0.8976278055296032,0.3770782987358936,15.335479099117038,26,0.0027762115453190917,15.712557397852931,0.015195894579684482
3,d6,0.4245014614097485,0.9410440826651544,13.62107601664987,25,0.0038660210788195215,14.562120099315024,0.014083286143866905
3,d7,0.3262212851512605,0.7786285541496077,15.490753925284746,35,0.005399159824995652,16.269382479434356,0.015734410050131816
3,d8,0.9274282350072957,0.7941431291160147,13.856779928808145,26,0.0027509257458085755,14.650923057924158,0.014169169069428908
3,d9,0.8265792043051974,0.4446969168644754,6.903635250875664,12,0.002594702430553588,7.348332167740139,0.007106703137500842
3,d10,0.6143485732319948,0.6411853212437485,23.062811585788406,47,0.005861248720562909,23.703996907032156,0.022924558300461532
3,d11,0.3129658002609551,0.4343314804627135,2.0368903277701076,5,0.0009526961023277436,2.471221808232821,0.002389962698628208
3,d12,1.0,0.1936586649349718,14.754972423098879,28,0.007061273401596533,14.948631088033851,0.014457087816614556
3,d13,0.8061011772310379,0.8852114162040516,7.616283871708639,15,0.0029917952464083132,8.50149528791269,0.008221947764051362
3,d14,0.8444230936121222,0.1744367993785583,2.5396690328541958,7,0.0008458372881810902,2.7141058322327543,0.00262486017141624
3,d15,0.6081433129804166,0.4069817224912835,2.96533277878701,6,0.0013572850718455893,3.372314501278294,0.0032614255180362112
3,d16,0.785483917169024,0.195995144533855,5.593280985672218,11,0.000999575831081547,5.789276130206073,0.005598912229228608
3,d17,0.76369814860184,0.7157943570835169,12.506682511270894,22,0.005232844137157406,13.222476868354411,0.01278769327527079
3,d18,0.9562992050084688,0.5876211117391754,2.8677008909819324,8,0.003095536085038139,3.4553220027211076,0.0033417035535786856
3,d19,0.3645924756622677,0.3094112672137011,6.330486234043726,15,0.0023215944605223544,6.639897501257427,0.006421563332701385
3,d20,0.4706040861918494,0.1919625787356293,4.366914563348254,11,0.0012091841275262466,4.558877142083883,0.004408971416855816
3,d21,0.4745034817816524,0.9857688480178474,1.7186583729455736,5,0.000710386337988067,2.704427220963421,0.0026154998137861932
3,d22,0.5867821130034347,0.8524396209435144,15.299409287947366,36,0.004170724561545362,16.15184890889088,0.01562074123719901
3,d23,0.8928511758762783,0.6658927728842667,11.631915844242513,19,0.00496868953019821,12.29780861712678,0.011893430112944565
3,d24,0.7645978847235158,0.6980691261430666,6.464683115206339,12,0.001810959644411414,7.162752241349406,0.006927225479845664
3,d25,0.84418885648056,0.3295363735742088,3.27708960199264,6,0.00037140975008885063,3.606625975566849,0.0034880323250596097
3,d26,0.3917319320962545,0.4258718268257104,9.968287086763848,22,0.003480150071733392,10.394158913589559,0.01005237652254991
3,d27,0.5515461287328163,0.4554322151331479,3.096271260114654,7,0.0008138005456671696,3.551703475247802,0.003434915795155002
3,d28,0.4547776989927841,0.688988609150576,7.5006688828863535,15,0.0033390721751177005,8.189657492036929,0.007920363868310956
3,d29,1.0,0.9885882560521442,0.0,0,0.0,0.9885882560521442,0.0009560813393582438
3,d30,1.0,0.0234537744007987,0.0,0,0.0,0.0234537744007987,2.2682563650583107e-05
3,d31,0.8482226586022307,0.7780081544782027,12.32914817965143,28,0.005781871339143223,13.107156334129632,0.012676164729243515
3,d32,0.5344981479828095,0.4098458376430103,8.932758401991208,22,0.004180552381986633,9.342604239634218,0.009035399237083741
3,d33,0.3094030343609958,0.9000735037389241,4.0597918569370535,12,0.001100975354183173,4.959865360675978,0.004796774276895237
3,d34,0.8158303170117369,0.1904041414108747,8.727729822538677,16,0.003909100682375342,8.918133963949552,0.008624886460697945
3,d35,0.4658120032268632,0.0730273189076899,14.983643062770728,26,0.0020225197909037873,15.056670381678417,0.014561574544975578
3,d36,0.5140482222139993,0.6283400454437265,30.00345835805652,51,0.008071735700081744,30.631798403500245,0.029624558723288615
3,d37,0.3821213165850167,0.2041415713138661,8.150101434456726,20,0.002345994665103718,8.354243005770591,0.008079537454934208
3,d38,0.6639718259096395,0.4468174574773836,26.782956240867478,63,0.008692492049747234,27.22977369834486,0.026334399937037335
3,d39,1.0,0.1273734868813091,0.0,0,0.0,0.1273734868813091,0.00012318517157236823
3,d40,1.0,0.3017682512486745,0.0,0,0.0,0.3017682512486745,0.000291845459485622
3,d41,1.0,0.2469737301341866,0.0,0,0.0,0.2469737301341866,0.00023885270055295883
3,d42,0.8357815987985836,0.8495861051218173,1.6507897809352272,2,0.000587576620622976,2.5003758860570446,0.0024181581274159724
3,d43,0.7396428866509466,0.2179595435495449,31.711462093502053,56,0.006241195177211584,31.929421637051597,0.03087951330273156
3,d44,1.0,0.6823319381851302,0.0,0,0.0,0.6823319381851302,0.0006598953905765758
3,d45,0.6030794458486493,0.1861247600403534,11.588240495972537,24,0.0034367130621112455,11.77436525601289,0.01138719869990869
3,d46,1.0,0.6538686303833499,0.0,0,0.0,0.6538686303833499,0.0006323680178012142
3,d47,0.9743192461462836,0.1391328076011917,20.51194544824544,40,0.0052372599564057655,20.651078255846635,0.01997202620723863
3,d48,0.5205459956643096,0.484017762343897,12.15024308228952,23,0.0024208602639210716,12.634260844633417,0.012218819064649493
3,d49,0.5509652227320426,0.8138284459558288,9.699890714703237,21,0.004174553151199089,10.513719160659067,0.01016800537050801
3,d50,1.0,0.1464049330716936,0.0,0,0.0,0.1464049330716936,0.0001415908227140175
3,d51,0.9344371556795652,0.3660915419148296,14.253465509164739,24,0.00429281176373469,14.61955705107957,0.01413883444462358
3,d52,1.0,0.6024049540095762,0.0,0,0.0,0.6024049540095762,0.0005825965782413036
3,d53,0.3153435184241379,0.043445465085906,4.947289628677751,13,0.0021683576812831376,4.990735093763657,0.004826628946496474
3,d54,0.967100757724394,0.4878484261523147,8.480436877267666,14,0.0027186059159668907,8.96828530341998,0.008673388715825856
3,d55,1.0,0.2676511989587375,0.0,0,0.0,0.2676511989587375,0.00025885024955001285
3,d56,1.0,0.2352217504365444,0.0,0,0.0,0.2352217504365444,0.00022748715132592045
3,d57,1.0,0.5031062205331591,0.0,0,0.0,0.5031062205331591,0.0004865630015550532
3,d58,1.0,0.7652957803972872,0.0,0,0.0,0.7652957803972872,0.0007401312024981786
3,d59,1.0,0.2785415708873054,0.0,0,0.0,0.2785415708873054,0.0002693825225320474
3,d60,0.3530691010978996,0.6341458655587995,20.36929085622087,43,0.005472169624995773,21.00343672177967,0.02031279836590132
3,d61,0.4068950431605513,0.8878624212898746,12.076275691201467,23,0.003393967801857293,12.96413811249134,0.01253784925557744
3,d62,0.7810361814027524,0.4980689154368473,6.7157860454891445,13,0.002080724679280751,7.213854960925992,0.006976647831647357
3,d63,1.0,0.5868707054277651,0.0,0,0.0,0.5868707054277651,0.0005675731292987354
3,d64,0.554208034357211,0.8659825989947968,0.5748203358266596,2,0.0009139667508355487,1.4408029348214564,0.0013934262229418264
3,d65,1.0,0.8262963710263229,0.0,0,0.0,0.8262963710263229,0.0007991259619778787
3,d66,1.0,0.7694785527235976,0.0,0,0.0,0.7694785527235976,0.0007441764362377938
3,d67,0.4760745289285015,0.9169920807946326,18.09972800265452,34,0.010211121505256354,19.01672008344915,0.018391409260910613
3,d68,0.7733699804701081,0.3277302362645178,3.139633064792184,8,0.0014113229786300308,3.467363301056702,0.0033533489080220832
3,d69,0.7738333218056984,0.7957833956176842,4.603989819980771,9,0.0015536658659362798,5.399773215598455,0.005222217011576389
3,d70,1.0,0.10508190786601,0.0,0,0.0,0.10508190786601,0.00010162658781327378
3,d71,1.0,0.5430077933202487,0.0,0,0.0,0.5430077933202487,0.000525152524462322
3,d72,1.0,0.4363575029985441,0.0,0,0.0,0.4363575029985441,0.0004220091259953847
3,d73,0.3674677422714061,0.8436386228790356,9.161832361285587,17,0.00286100348590957,10.005470984164623,0.009676469491607623
3,d74,0.7966088693064289,0.3615195821952451,6.525413138610076,13,0.002780481674377875,6.886932720805321,0.006660475500763343
3,d75,0.8746293793880667,0.365584666592786,25.230482225653923,48,0.005754815433287382,25.596066892246707,0.024754412938678114
3,d76,1.0,0.1129787309299515,0.0,0,0.0,0.1129787309299515,0.00010926374628185469
3,d77,0.5542711304075597,0.2887596219715777,7.33536568987323,17,0.004224269298018381,7.624125311844808,0.0073734276074580345
3,d78,0.8368160302349912,0.8539911936979437,2.5521220474090915,6,0.0011030003359106533,3.406113241107035,0.0032941128823117376
3,d79,0.5682169375493792,0.6092329103607209,19.169796069060887,40,0.0039700605046308875,19.779028979421607,0.01912865179419396
3,d80,1.0,0.9025653819796856,0.0,0,0.0,0.9025653819796856,0.0008728870831498192
3,d81,1.0,0.8673533346226489,0.0,0,0.0,0.8673533346226489,0.0008388328839495346
3,d82,1.0,0.2413743301854386,0.0,0,0.0,0.2413743301854386,0.00023343742096630846
3,d83,1.0,0.9834214774010058,0.0,0,0.0,0.9834214774010058,0.0009510844555467013
3,d84,0.9112706779071958,0.8926937029287524,21.60839581971763,40,0.0044730613426435025,22.50108952264638,0.02176120510852678
3,d85,1.0,0.4427630638911477,0.0,0,0.0,0.4427630638911477,0.00042820405821316964
3,d86,0.4435155109136522,0.4624106724908055,14.968831886524988,32,0.0031388440555840513,15.431242559015793,0.014923829980241604
3,d87,1.0,0.270694995865657,0.0,0,0.0,0.270694995865657,0.0002617939598416194
3,d88,1.0,0.0920662406924429,0.0,0,0.0,0.0920662406924429,8.903890388342465e-05
3,d89,0.7100009917072433,0.4545954163571419,27.17747795849917,60,0.009352754373971407,27.63207337485631,0.02672347113142766
3,d90,1.0,0.2367012264626057,0.0,0,0.0,0.2367012264626057,0.00022891797898534847
3,d91,1.0,0.397035394488437,0.0,0,0.0,0.397035394488437,0.0003839800133283307
3,d92,0.8305900956354335,0.2328557197307569,0.3876412380714286,2,0.0012809221167383034,0.6204969578021855,0.0006000936778799219
3,d93,1.0,0.3530180492575545,0.0,0,0.0,0.3530180492575545,0.00034141005346314233
3,d94,0.430392256788138,0.0547321770051526,8.582933049222241,18,0.0023013308388050158,8.637665226227394,0.00835364014073825
3,d95,0.8304011260016313,0.6835341219591398,2.652656516287384,5,0.0008531229956422858,3.3361906382465234,0.0032264894856296245
3,d96,0.6455306175895896,0.7282142121533487,13.626282914096977,28,0.007130928009338043,14.354497126250326,0.013882490262513883
3,d97,0.3042710944505346,0.6829353338644084,287.27230309404973,599,0.15492764624342456,287.95523842791414,0.27848664835530995
3,d98,0.8338480167445093,0.4716822415158711,3.565650542474276,7,0.0008433448718234386,4.037332783990147,0.003904576563519935
3,d99,0.8414739621638828,0.4733438217980411,2.7437986586300873,5,0.0014041888329838325,3.2171424804281283,0.003111355888322214
3,d100,0.6482105918290327,0.5991346407809729,13.680885962013168,23,0.0035809320806271723,14.28002060279414,0.013810462687979374
4,d1,1.0,0.6113047022702557,0.9644871239357709,1,0.0009795167758888113,1.5757918262060264,0.0015239763880720875
4,d2,1.0,0.4939656381711477,0.0,0,0.0,0.4939656381711477,0.00047772298127999414
4,d3,0.8884693494414028,0.3244126329386243,4.647575110862506,8,0.0016259567209793158,4.9719877438011295,0.004808498049885211
4,d4,1.0,0.4488741264327569,0.0,0,0.0,0.4488741264327569,0.00043411417582170364
4,d5,0.9976278055296032,0.3770782987358936,4.757362729834101,7,0.0010985973035472377,5.134441028569995,0.00496560951983653
4,d6,0.5245014614097485,0.9410440826651544,15.319699613416697,28,0.003929244620798471,16.26074369608185,0.015726055328631208
4,d7,0.4262212851512604,0.7786285541496077,20.947833013841755,38,0.005118671457146246,21.726461567991365,0.02101204859381309
4,d8,1.0,0.7941431291160147,0.0,0,0.0,0.7941431291160147,0.0007680299880958102
4,d9,0.9265792043051974,0.4446969168644754,9.588190906529588,16,0.0018222613411914973,10.032887823394063,0.009702984805957129
4,d10,0.7143485732319947,0.6411853212437485,13.259921351149243,27,0.0073310574136808354,13.901106672392991,0.013444008265866234
4,d11,0.4129658002609551,0.4343314804627135,3.1813858309946124,5,0.0008578556171108476,3.6157173114573258,0.003496824718193465
4,d12,1.0,0.1936586649349718,0.0,0,0.0,0.1936586649349718,0.0001872907498302216
4,d13,0.906101177231038,0.8852114162040516,16.442886501260876,30,0.0018553442212974392,17.328097917464927,0.016758312638286907
4,d14,0.9444230936121222,0.1744367993785583,2.7527048454671377,7,0.001267019055237533,2.927141644845696,0.0028308909064642496
4,d15,0.7081433129804166,0.4069817224912835,3.166693131579808,10,0.0011769602246356147,3.5736748540710916,0.003456164707595866
4,d16,0.885483917169024,0.195995144533855,5.697382373247662,9,0.0010616742739694275,5.893377517781517,0.005699590538375882
4,d17,0.86369814860184,0.7157943570835169,7.853781560159481,18,0.006684475008307896,8.569575917242998,0.008287789755270648
4,d18,1.0,0.5876211117391754,0.0,0,0.0,0.5876211117391754,0.0005682988606301405
4,d19,0.4645924756622677,0.3094112672137011,11.37682926962557,19,0.0019848445207113134,11.686240536839271,0.01130197171180492
4,d20,0.5706040861918494,0.1919625787356293,4.987423176991646,10,0.0009659592907028003,5.179385755727275,0.005009076367307714
4,d21,0.5745034817816524,0.9857688480178474,1.931651132743011,7,0.000640609292734573,2.9174199807608585,0.002821488911688244
4,d22,0.6867821130034347,0.8524396209435144,11.47590303372779,25,0.004194940311239246,12.328342654671303,0.011922960125397033
4,d23,0.9928511758762782,0.6658927728842667,11.632139015664793,27,0.003268693966538275,12.298031788549059,0.011893645946008545
4,d24,0.8645978847235157,0.6980691261430666,7.086278315799556,12,0.0017684348784780812,7.784347441942623,0.007528381287922017
4,d25,0.94418885648056,0.3295363735742088,1.0524020795910884,2,0.0005832439471060158,1.3819384531652972,0.0013364973325590936
4,d26,0.4917319320962545,0.4258718268257104,15.806491449401497,28,0.0032157252247434942,16.232363276227208,0.015698608118268287
4,d27,0.6515461287328163,0.4554322151331479,0.94617837289656,2,0.00041352775614428294,1.4016105880297078,0.0013555226051476137
4,d28,0.5547776989927841,0.688988609150576,10.710447942959618,26,0.0030011654182697375,11.399436552110194,0.01102459846144072
4,d29,1.0,0.9885882560521442,0.0,0,0.0,0.9885882560521442,0.0009560813393582438
4,d30,1.0,0.0234537744007987,0.0,0,0.0,0.0234537744007987,2.2682563650583107e-05
4,d31,0.9482226586022308,0.7780081544782027,11.550636244238026,26,0.00541356063179785,12.328644398716229,0.01192325194744615
4,d32,0.6344981479828095,0.4098458376430103,12.957887802289495,25,0.003844975271888744,13.367733639932505,0.012928173690520546
4,d33,0.4094030343609958,0.9000735037389241,3.492084511265658,7,0.0010785961578826386,4.392158015004582,0.004247734374701222
4,d34,0.9158303170117368,0.1904041414108747,10.691618558493545,21,0.0027965831061513477,10.88202269990442,0.01052419829403947
4,d35,0.5658120032268632,0.0730273189076899,11.306149293508856,21,0.002307599224053769,11.379176612416545,0.0110050047123151
4,d36,0.6140482222139992,0.6283400454437265,20.413704326076466,45,0.008637713620494158,21.04204437152019,0.02035013651274599
4,d37,0.4821213165850166,0.2041415713138661,9.531655445328918,18,0.0026366827828555317,9.735797016642783,0.009415662986492988
4,d38,0.7639718259096395,0.4468174574773836,35.164782583246996,69,0.00988116198123057,35.61160004072438,0.03444061372890715
4,d39,1.0,0.1273734868813091,0.0,0,0.0,0.1273734868813091,0.00012318517157236823
4,d40,1.0,0.3017682512486745,0.0,0,0.0,0.3017682512486745,0.000291845459485622
4,d41,1.0,0.2469737301341866,0.0,0,0.0,0.2469737301341866,0.00023885270055295883
4,d42,0.9357815987985836,0.8495861051218173,0.8918324274367758,1,0.0009654539918677596,1.7414185325585931,0.0016841569306525002
4,d43,0.8396428866509466,0.2179595435495449,27.233586592226203,56,0.00659897645224021,27.451546135775747,0.02654888001781272
4,d44,1.0,0.6823319381851302,0.0,0,0.0,0.6823319381851302,0.0006598953905765758
4,d45,0.7030794458486492,0.1861247600403534,9.424818856210646,20,0.0025167579883549505,9.610943616251,0.009294915035524296
4,d46,1.0,0.6538686303833499,0.0,0,0.0,0.6538686303833499,0.0006323680178012142
4,d47,1.0,0.1391328076011917,0.0,0,0.0,0.1391328076011917,0.00013455782043298296
4,d48,0.6205459956643096,0.484017762343897,14.995900965076386,28,0.0017613585671372525,15.479918727420282,0.014970905571113823
4,d49,0.6509652227320426,0.8138284459558288,9.142233915833346,19,0.0033601509068212675,9.956062361789176,0.009628685531432729
4,d50,1.0,0.1464049330716936,0.0,0,0.0,0.1464049330716936,0.0001415908227140175
4,d51,1.0,0.3660915419148296,0.0,0,0.0,0.3660915419148296,0.0003540536614499223
4,d52,1.0,0.6024049540095762,0.0,0,0.0,0.6024049540095762,0.0005825965782413036
4,d53,0.4153435184241378,0.043445465085906,3.9845704717476464,11,0.0024650336794605184,4.028015936833553,0.0038955660744173794
4,d54,1.0,0.4878484261523147,0.0,0,0.0,0.4878484261523147,0.0004718069164023271
4,d55,1.0,0.2676511989587375,0.0,0,0.0,0.2676511989587375,0.00025885024955001285
4,d56,1.0,0.2352217504365444,0.0,0,0.0,0.2352217504365444,0.00022748715132592045
4,d57,1.0,0.5031062205331591,0.0,0,0.0,0.5031062205331591,0.0004865630015550532
4,d58,1.0,0.7652957803972872,0.0,0,0.0,0.7652957803972872,0.0007401312024981786
4,d59,1.0,0.2785415708873054,0.0,0,0.0,0.2785415708873054,0.0002693825225320474
4,d60,0.4530691010978995,0.6341458655587995,18.778299546561644,39,0.007143142895376928,19.412445412120444,0.018774122286214927
4,d61,0.5068950431605513,0.8878624212898746,20.110316526551347,35,0.0041929266151139975,20.99817894784122,0.020307713478924013
4,d62,0.8810361814027524,0.4980689154368473,11.669547724951602,24,0.0013988141964352968,12.16761664038845,0.011767519129548144
4,d63,1.0,0.5868707054277651,0.0,0,0.0,0.5868707054277651,0.0005675731292987354
4,d64,0.654208034357211,0.8659825989947968,2.4239378220634116,4,0.00048423608812372954,3.2899204210582083,0.003181740733101992
4,d65,1.0,0.8262963710263229,0.0,0,0.0,0.8262963710263229,0.0007991259619778787
4,d66,1.0,0.7694785527235976,0.0,0,0.0,0.7694785527235976,0.0007441764362377938
4,d67,0.5760745289285015,0.9169920807946326,18.445863752863513,42,0.008243817414308283,19.362855833658145,0.018726163320180088
4,d68,0.873369980470108,0.3277302362645178,1.6225867532403782,4,0.001855745896388039,1.950316989504896,0.00188618635522272
4,d69,0.8738333218056984,0.7957833956176842,3.3417388174950644,6,0.00197158367923315,4.1375222131127485,0.0040014715478560855
4,d70,1.0,0.10508190786601,0.0,0,0.0,0.10508190786601,0.00010162658781327378
4,d71,1.0,0.5430077933202487,0.0,0,0.0,0.5430077933202487,0.000525152524462322
4,d72,1.0,0.4363575029985441,0.0,0,0.0,0.4363575029985441,0.0004220091259953847
4,d73,0.4674677422714061,0.8436386228790356,10.140459940873493,24,0.002977057127643059,10.984098563752529,0.010622917683053637
4,d74,0.8966088693064289,0.3615195821952451,13.349148356189563,21,0.0019861109059198722,13.710667938384807,0.013259831568680555
4,d75,0.9746293793880668,0.365584666592786,26.969814456647043,48,0.005492647854172798,27.335399123239828,0.02643655216986594
4,d76,1.0,0.1129787309299515,0.0,0,0.0,0.1129787309299515,0.00010926374628185469
4,d77,0.6542711304075597,0.2887596219715777,9.248757838628562,17,0.0028806225931396513,9.537517460600139,0.009223903290433428
4,d78,0.9368160302349912,0.8539911936979437,2.1242506922932884,5,0.0011166752072778508,2.978241885991232,0.0028803108613310573
4,d79,0.6682169375493792,0.6092329103607209,16.019257444356494,37,0.004405025497612011,16.628490354717215,0.016081709682989706
4,d80,1.0,0.9025653819796856,0.0,0,0.0,0.9025653819796856,0.0008728870831498192
4,d81,1.0,0.8673533346226489,0.0,0,0.0,0.8673533346226489,0.0008388328839495346
4,d82,1.0,0.2413743301854386,0.0,0,0.0,0.2413743301854386,0.00023343742096630846
4,d83,1.0,0.9834214774010058,0.0,0,0.0,0.9834214774010058,0.0009510844555467013
4,d84,1.0,0.8926937029287524,0.0,0,0.0,0.8926937029287524,0.0008633400062237575
4,d85,1.0,0.4427630638911477,0.0,0,0.0,0.4427630638911477,0.00042820405821316964
4,d86,0.5435155109136522,0.4624106724908055,12.922242410673599,29,0.0029542876678143324,13.384653083164405,0.012944536785921812
4,d87,1.0,0.270694995865657,0.0,0,0.0,0.270694995865657,0.0002617939598416194
4,d88,1.0,0.0920662406924429,0.0,0,0.0,0.0920662406924429,8.903890388342465e-05
4,d89,0.8100009917072433,0.4545954163571419,29.719827681409246,58,0.00961265576386577,30.174423097766386,0.029182222905299343
4,d90,1.0,0.2367012264626057,0.0,0,0.0,0.2367012264626057,0.00022891797898534847
4,d91,1.0,0.397035394488437,0.0,0,0.0,0.397035394488437,0.0003839800133283307
4,d92,0.9305900956354336,0.2328557197307569,2.2593465775387735,4,0.0007962906742497999,2.4922022972695306,0.0024102533038784795
4,d93,1.0,0.3530180492575545,0.0,0,0.0,0.3530180492575545,0.00034141005346314233
4,d94,0.530392256788138,0.0547321770051526,3.8045340497769966,10,0.0027813705899823018,3.8592662267821494,0.0037323652192438063
4,d95,0.9304011260016312,0.6835341219591398,2.119608285347553,6,0.0007103510965412174,2.8031424073066926,0.0027109690316291933
4,d96,0.7455306175895896,0.7282142121533487,21.816982742821622,38,0.006021493159179434,22.545196954974973,0.02180386219323136
4,d97,0.4042710944505345,0.6829353338644084,373.1898321544314,792,0.2049459093943047,373.8727674882958,0.36157902352314497
4,d98,0.9338480167445092,0.4716822415158711,3.9926838182821194,6,0.0006987800039131206,4.464366059797991,0.004317568063050116
4,d99,0.9414739621638828,0.4733438217980411,4.154561512414278,6,0.0007103421963212675,4.627905334212319,0.004475729812962184
4,d100,0.7482105918290327,0.5991346407809729,9.162545385981522,16,0.0029104548314175457,9.761680026762495,0.009440694907346163
5,d1,1.0,0.6113047022702557,0.9644871239357709,1,0.0009795167758888113,1.5757918262060264,0.001523976388072087
5,d2,1.0,0.4939656381711477,0.0,0,0.0,0.4939656381711477,0.00047772298127999403
5,d3,0.9884693494414027,0.3244126329386243,5.81621168818743,15,0.0019622591617447505,6.1406243211260545,0.005938707332902338
5,d4,1.0,0.4488741264327569,0.0,0,0.0,0.4488741264327569,0.00043411417582170353
5,d5,1.0,0.3770782987358936,0.0,0,0.0,0.3770782987358936,0.00036467914998104643
5,d6,0.6245014614097485,0.9410440826651544,15.676547095066214,32,0.004227659102469264,16.617591177731367,0.016071168894479685
5,d7,0.5262212851512604,0.7786285541496077,13.867489558200328,31,0.005519386582225315,14.646118112349935,0.014164522120841338
5,d8,1.0,0.7941431291160147,0.0,0,0.0,0.7941431291160147,0.0007680299880958101
5,d9,1.0,0.4446969168644754,0.0,0,0.0,0.4446969168644754,0.0004300743219246206
5,d10,0.8143485732319947,0.6411853212437485,16.466186627392936,29,0.00798485019704738,17.107371948636686,0.01654484461596668
5,d11,0.5129658002609551,0.4343314804627135,3.4594383180010913,5,0.000876874533408234,3.8937697984638047,0.003765734238978853
5,d12,1.0,0.1936586649349718,0.0,0,0.0,0.1936586649349718,0.00018729074983022157
5,d13,1.0,0.8852114162040516,0.0,0,0.0,0.8852114162040516,0.0008561037532444008
5,d14,1.0,0.1744367993785583,0.0,0,0.0,0.1744367993785583,0.00016870094072250487
5,d15,0.8081433129804165,0.4069817224912835,5.283840995101606,10,0.0018824422218535087,5.69082271759289,0.005503696177430155
5,d16,0.985483917169024,0.195995144533855,2.3785736618209348,7,0.0009821370196890777,2.57456880635479,0.002489911424276324
5,d17,0.96369814860184,0.7157943570835169,9.965954960729436,22,0.005873874271068735,10.681749317812953,0.010330510333237194
5,d18,1.0,0.5876211117391754,0.0,0,0.0,0.5876211117391754,0.0005682988606301402
5,d19,0.5645924756622677,0.3094112672137011,8.397336934862139,20,0.002982667838357955,8.70674820207584,0.008420451519157608
5,d20,0.6706040861918494,0.1919625787356293,4.369641390015859,11,0.000965204426302203,4.561603968751489,0.004411608579574066
5,d21,0.6745034817816524,0.9857688480178474,4.558656393230545,9,0.000708943301593015,5.544425241248392,0.005362112566250041
5,d22,0.7867821130034347,0.8524396209435144,15.366243097580082,33,0.0046792167757072215,16.218682718523596,0.015685377406844832
5,d23,1.0,0.6658927728842667,0.0,0,0.0,0.6658927728842667,0.0006439967805308257
5,d24,0.9645978847235156,0.6980691261430666,3.268954290578126,7,0.0015956986878131265,3.9670234167211924,0.003836579120078337
5,d25,1.0,0.3295363735742088,0.0,0,0.0,0.3295363735742088,0.0003187005059844345
5,d26,0.5917319320962545,0.4258718268257104,8.855895525493995,22,0.0035286480645086234,9.281767352319706,0.008976562798000067
5,d27,0.7515461287328162,0.4554322151331479,1.8586471281561479,2,0.0005853189336065823,2.3140793432892957,0.0022379874172777717
5,d28,0.654777698992784,0.688988609150576,16.03911863384831,30,0.0026941847457823092,16.728107242998888,0.016178050952864162
5,d29,1.0,0.9885882560521442,0.0,0,0.0,0.9885882560521442,0.0009560813393582436
5,d30,1.0,0.0234537744007987,0.0,0,0.0,0.0234537744007987,2.2682563650583104e-05
5,d31,1.0,0.7780081544782027,0.0,0,0.0,0.7780081544782027,0.0007524255662672172
5,d32,0.7344981479828094,0.4098458376430103,15.81101517923249,29,0.0035808242656699455,16.2208610168755,0.015687484078042938
5,d33,0.5094030343609958,0.9000735037389241,5.364078633883608,11,0.0007722908364269264,6.264152137622532,0.006058173288036771
5,d34,1.0,0.1904041414108747,0.0,0,0.0,0.1904041414108747,0.00018414324206766976
5,d35,0.6658120032268632,0.0730273189076899,7.069582705925204,15,0.0024212348804804346,7.142610024832894,0.0069077455829048935
5,d36,0.7140482222139992,0.6283400454437265,15.879892465365476,37,0.008787932575089393,16.5082325108092,0.01596540617668359
5,d37,0.5821213165850166,0.2041415713138661,12.8574383385005,29,0.0027020600153685,13.061579909814366,0.012632086956181033
5,d38,0.8639718259096395,0.4468174574773836,34.04274508381161,66,0.011580540924891193,34.489562541289,0.03335547124546885
5,d39,1.0,0.1273734868813091,0.0,0,0.0,0.1273734868813091,0.0001231851715723682
5,d40,1.0,0.3017682512486745,0.0,0,0.0,0.3017682512486745,0.0002918454594856219
5,d41,1.0,0.2469737301341866,0.0,0,0.0,0.2469737301341866,0.00023885270055295878
5,d42,1.0,0.8495861051218173,0.0,0,0.0,0.8495861051218173,0.0008216498793226372
5,d43,0.9396428866509464,0.2179595435495449,30.248092267592405,56,0.00722188124754392,30.46605181114195,0.029464262236813227
5,d44,1.0,0.6823319381851302,0.0,0,0.0,0.6823319381851302,0.0006598953905765757
5,d45,0.8030794458486492,0.1861247600403534,8.943548830731412,17,0.0029240750574207933,9.129673590771766,0.008829470207775005
5,d46,1.0,0.6538686303833499,0.0,0,0.0,0.6538686303833499,0.0006323680178012141
5,d47,1.0,0.1391328076011917,0.0,0,0.0,0.1391328076011917,0.00013455782043298294
5,d48,0.7205459956643095,0.484017762343897,8.657044387685257,17,0.002894617983223945,9.141062150029153,0.008840484286610661
5,d49,0.7509652227320426,0.8138284459558288,11.702211483394207,21,0.004110494065049354,12.516039929350036,0.01210448550835613
5,d50,1.0,0.1464049330716936,0.0,0,0.0,0.1464049330716936,0.00014159082271401744
5,d51,1.0,0.3660915419148296,0.0,0,0.0,0.3660915419148296,0.00035405366144992224
5,d52,1.0,0.6024049540095762,0.0,0,0.0,0.6024049540095762,0.0005825965782413034
5,d53,0.5153435184241378,0.043445465085906,10.586330149122515,18,0.0018725709324952408,10.629775614208421,0.010280245637243265
5,d54,1.0,0.4878484261523147,0.0,0,0.0,0.4878484261523147,0.00047180691640232703
5,d55,1.0,0.2676511989587375,0.0,0,0.0,0.2676511989587375,0.0002588502495500128
5,d56,1.0,0.2352217504365444,0.0,0,0.0,0.2352217504365444,0.00022748715132592042
5,d57,1.0,0.5031062205331591,0.0,0,0.0,0.5031062205331591,0.0004865630015550531
5,d58,1.0,0.7652957803972872,0.0,0,0.0,0.7652957803972872,0.0007401312024981784
5,d59,1.0,0.2785415708873054,0.0,0,0.0,0.2785415708873054,0.00026938252253204734
5,d60,0.5530691010978995,0.6341458655587995,19.417359830684866,44,0.005564791485985346,20.051505696243666,0.019392168888159346
5,d61,0.6068950431605513,0.8878624212898746,16.465588084955655,32,0.004351451432916896,17.35345050624553,0.016782831579200037
5,d62,0.9810361814027524,0.4980689154368473,7.7878799117790045,13,0.001545332165934076,8.285948827215853,0.008013488936450144
5,d63,1.0,0.5868707054277651,0.0,0,0.0,0.5868707054277651,0.0005675731292987353
5,d64,0.754208034357211,0.8659825989947968,0.6373920608383496,2,0.000727361188787301,1.5033746598331463,0.001453940454512848
5,d65,1.0,0.8262963710263229,0.0,0,0.0,0.8262963710263229,0.0007991259619778785
5,d66,1.0,0.7694785527235976,0.0,0,0.0,0.7694785527235976,0.0007441764362377935
5,d67,0.6760745289285015,0.9169920807946326,12.287790715865338,28,0.008780870888937808,13.20478279665997,0.012770581022863624
5,d68,0.973369980470108,0.3277302362645178,3.754851875751738,7,0.002107447632675452,4.082582112016256,0.003948337995925602
5,d69,0.9738333218056984,0.7957833956176842,7.139512551522231,13,0.0013436093289384598,7.935295947139916,0.007674366280298397
5,d70,1.0,0.10508190786601,0.0,0,0.0,0.10508190786601,0.00010162658781327376
5,d71,1.0,0.5430077933202487,0.0,0,0.0,0.5430077933202487,0.0005251525244623219
5,d72,1.0,0.4363575029985441,0.0,0,0.0,0.4363575029985441,0.0004220091259953846
5,d73,0.5674677422714061,0.8436386228790356,11.782226840990251,24,0.0032031876027737763,12.625865463869287,0.012210699742134528
5,d74,0.9966088693064288,0.3615195821952451,8.74287403129956,14,0.0017844767507736686,9.104393613494805,0.008805021490742472
5,d75,1.0,0.365584666592786,0.0,0,0.0,0.365584666592786,0.00035356345328305366
5,d76,1.0,0.1129787309299515,0.0,0,0.0,0.1129787309299515,0.00010926374628185466
5,d77,0.7542711304075597,0.2887596219715777,8.906004575818354,14,0.003823643310767899,9.194764197789931,0.008892420495072658
5,d78,1.0,0.8539911936979437,0.0,0,0.0,0.8539911936979437,0.0008259101190736873
5,d79,0.7682169375493791,0.6092329103607209,16.93438963452847,35,0.004455062733545548,17.54362254488919,0.016966750350540696
5,d80,1.0,0.9025653819796856,0.0,0,0.0,0.9025653819796856,0.000872887083149819
5,d81,1.0,0.8673533346226489,0.0,0,0.0,0.8673533346226489,0.0008388328839495345
5,d82,1.0,0.2413743301854386,0.0,0,0.0,0.2413743301854386,0.0002334374209663084
5,d83,1.0,0.9834214774010058,0.0,0,0.0,0.9834214774010058,0.0009510844555467011
5,d84,1.0,0.8926937029287524,0.0,0,0.0,0.8926937029287524,0.0008633400062237574
5,d85,1.0,0.4427630638911477,0.0,0,0.0,0.4427630638911477,0.00042820405821316954
5,d86,0.6435155109136522,0.4624106724908055,9.583644786351464,20,0.0026907907965665777,10.046055458842268,0.009715719461116571
5,d87,1.0,0.270694995865657,0.0,0,0.0,0.270694995865657,0.00026179395984161935
5,d88,1.0,0.0920662406924429,0.0,0,0.0,0.0920662406924429,8.903890388342462e-05
5,d89,0.9100009917072432,0.4545954163571419,49.87385687883019,87,0.008923120980000225,50.32845229518733,0.04867354410051997
5,d90,1.0,0.2367012264626057,0.0,0,0.0,0.2367012264626057,0.0002289179789853484
5,d91,1.0,0.397035394488437,0.0,0,0.0,0.397035394488437,0.0003839800133283306
5,d92,1.0,0.2328557197307569,0.0,0,0.0,0.2328557197307569,0.00022519892081913123
5,d93,1.0,0.3530180492575545,0.0,0,0.0,0.3530180492575545,0.0003414100534631422
5,d94,0.6303922567881379,0.0547321770051526,8.305721604558936,16,0.0027425979383632684,8.36045378156409,0.008085544007007577
5,d95,1.0,0.6835341219591398,0.0,0,0.0,0.6835341219591398,0.0006610580439520061
5,d96,0.8455306175895896,0.7282142121533487,17.962250868892706,38,0.0066723575583624295,18.690465081046057,0.018075882227527134
5,d97,0.5042710944505345,0.6829353338644084,478.64764551494915,994,0.25249480699868576,479.33058084881355,0.46356915624650724
5,d98,1.0,0.4716822415158711,0.0,0,0.0,0.4716822415158711,0.0004561723108272549
5,d99,1.0,0.4733438217980411,0.0,0,0.0,0.4733438217980411,0.0004577792547616005
5,d100,0.8482105918290327,0.5991346407809729,7.76906145098993,17,0.003641335954861628,8.368196091770903,0.00809303173333544
6,d1,1.0,0.6113047022702557,20.92685472140613,41,0.00966457244633277,21.538159423676387,0.020829938230637574
6,d2,1.0,0.4939656381711477,0.0,0,0.0,0.4939656381711477,0.0004777229812799938
6,d3,1.0,0.3244126329386243,0.0,0,0.0,0.3244126329386243,0.00031374524500555473
6,d4,1.0,0.4488741264327569,0.0,0,0.0,0.4488741264327569,0.00043411417582170337
6,d5,1.0,0.3770782987358936,0.0,0,0.0,0.3770782987358936,0.00036467914998104627
6,d6,0.7245014614097485,0.9410440826651544,9.067297584321517,19,0.003540840055215611,10.008341666986672,0.0096792457801793
6,d7,0.6262212851512604,0.7786285541496077,17.854884410981143,33,0.005540379815487065,18.633512965130752,0.018020802820169976
6,d8,1.0,0.7941431291160147,0.0,0,0.0,0.7941431291160147,0.0007680299880958096
6,d9,1.0,0.4446969168644754,0.0,0,0.0,0.4446969168644754,0.0004300743219246204
6,d10,0.9143485732319948,0.6411853212437485,20.728351721870506,38,0.007608580109739059,21.369537043114256,0.020666860518084702
6,d11,0.612965800260955,0.4343314804627135,3.4719335225290044,7,0.0008209728755930497,3.906265002991718,0.0037778185741987633
6,d12,1.0,0.1936586649349718,0.0,0,0.0,0.1936586649349718,0.0001872907498302215
6,d13,1.0,0.8852114162040516,0.0,0,0.0,0.8852114162040516,0.0008561037532444003
6,d14,1.0,0.1744367993785583,0.0,0,0.0,0.1744367993785583,0.0001687009407225048
6,d15,0.9081433129804164,0.4069817224912835,11.198678378392769,21,0.0015636434431442973,11.605660100884052,0.011224040934595605
6,d16,1.0,0.195995144533855,0.0,0,0.0,0.195995144533855,0.00018955040093431637
6,d17,1.0,0.7157943570835169,0.0,0,0.0,0.7157943570835169,0.000692257492880215
6,d18,1.0,0.5876211117391754,0.0,0,0.0,0.5876211117391754,0.00056829886063014
6,d19,0.6645924756622676,0.3094112672137011,5.256673996050924,14,0.002129837689748012,5.5660852632646245,0.00538306035996803
6,d20,0.7706040861918494,0.1919625787356293,4.132524091573761,9,0.0013468255614538485,4.3244866703093905,0.004182288209954407
6,d21,0.7745034817816524,0.9857688480178474,3.7293953380120857,7,0.0007779536328620226,4.715164186029933,0.004560119405298433
6,d22,0.8867821130034347,0.8524396209435144,23.844308124400452,44,0.005063492453739781,24.696747745343966,0.02388466534738572
6,d23,1.0,0.6658927728842667,0.0,0,0.0,0.6658927728842667,0.0006439967805308254
6,d24,1.0,0.6980691261430666,0.0,0,0.0,0.6980691261430666,0.0006751151058103387
6,d25,1.0,0.3295363735742088,0.0,0,0.0,0.3295363735742088,0.00031870050598443436
6,d26,0.6917319320962545,0.4258718268257104,8.972427085383627,17,0.0034626442040651163,9.398298912209338,0.009089262548553148
6,d27,0.8515461287328162,0.4554322151331479,0.1442094954180725,1,0.00010270242369037064,0.5996417105512204,0.0005799241961950225
6,d28,0.754777698992784,0.688988609150576,12.257858496139173,20,0.0032099069073362463,12.946847105289748,0.012521126814032182
6,d29,1.0,0.9885882560521442,0.0,0,0.0,0.9885882560521442,0.0009560813393582431
6,d30,1.0,0.0234537744007987,0.0,0,0.0,0.0234537744007987,2.2682563650583094e-05
6,d31,1.0,0.7780081544782027,0.0,0,0.0,0.7780081544782027,0.0007524255662672169
6,d32,0.8344981479828094,0.4098458376430103,14.530104020524487,29,0.003489034176186998,14.939949858167497,0.014448692044333127
6,d33,0.6094030343609957,0.9000735037389241,1.563752563798381,3,0.0011071536598968497,2.463826067537305,0.002382810145857701
6,d34,1.0,0.1904041414108747,0.0,0,0.0,0.1904041414108747,0.00018414324206766968
6,d35,0.7658120032268632,0.0730273189076899,7.324296112641966,15,0.001718099616601476,7.3973234315496565,0.007154083462760726
6,d36,0.8140482222139992,0.6283400454437265,17.254853781353923,31,0.00895001129596403,17.883193826797648,0.017295155795403177
6,d37,0.6821213165850166,0.2041415713138661,7.255387270033453,19,0.003226911471558607,7.4595288413473195,0.007214243424353008
6,d38,0.9639718259096396,0.4468174574773836,25.15373157289512,48,0.008124332554299306,25.600549030372502,0.02475874769442324
6,d39,1.0,0.1273734868813091,0.0,0,0.0,0.1273734868813091,0.00012318517157236815
6,d40,1.0,0.3017682512486745,0.0,0,0.0,0.3017682512486745,0.0002918454594856218
6,d41,1.0,0.2469737301341866,0.0,0,0.0,0.2469737301341866,0.00023885270055295867
6,d42,1.0,0.8495861051218173,0.0,0,0.0,0.8495861051218173,0.0008216498793226369
6,d43,1.0,0.2179595435495449,0.0,0,0.0,0.2179595435495449,0.00021079256307872688
6,d44,1.0,0.6823319381851302,0.0,0,0.0,0.6823319381851302,0.0006598953905765754
6,d45,0.9030794458486492,0.1861247600403534,16.995101584807347,29,0.0033790544290324093,17.1812263448477,0.016616270520143302
6,d46,1.0,0.6538686303833499,0.0,0,0.0,0.6538686303833499,0.0006323680178012138
6,d47,1.0,0.1391328076011917,0.0,0,0.0,0.1391328076011917,0.00013455782043298288
6,d48,0.8205459956643095,0.484017762343897,10.151749196848275,20,0.002114711651729495,10.635766959192171,0.010286039973865766
6,d49,0.8509652227320426,0.8138284459558288,11.1154018178817,23,0.004368650610581439,11.92923026383753,0.011536971411848422
6,d50,1.0,0.1464049330716936,0.0,0,0.0,0.1464049330716936,0.0001415908227140174
6,d51,1.0,0.3660915419148296,0.0,0,0.0,0.3660915419148296,0.0003540536614499221
6,d52,1.0,0.6024049540095762,0.0,0,0.0,0.6024049540095762,0.0005825965782413032
6,d53,0.6153435184241378,0.043445465085906,9.168230619527245,22,0.002902457726118049,9.211676084613151,0.008908776282536274
6,d54,1.0,0.4878484261523147,0.0,0,0.0,0.4878484261523147,0.0004718069164023268
6,d55,1.0,0.2676511989587375,0.0,0,0.0,0.2676511989587375,0.0002588502495500127
6,d56,1.0,0.2352217504365444,0.0,0,0.0,0.2352217504365444,0.0002274871513259203
6,d57,1.0,0.5031062205331591,0.0,0,0.0,0.5031062205331591,0.0004865630015550529
6,d58,1.0,0.7652957803972872,0.0,0,0.0,0.7652957803972872,0.000740131202498178
6,d59,1.0,0.2785415708873054,0.0,0,0.0,0.2785415708873054,0.00026938252253204723
6,d60,0.6530691010978995,0.6341458655587995,24.043098490332532,45,0.005071068576437364,24.677244355891332,0.02386580327149544
6,d61,0.7068950431605513,0.8878624212898746,12.414463726768524,29,0.0034268835689440003,13.302326148058398,0.012864916938225314
6,d62,1.0,0.4980689154368473,0.0,0,0.0,0.4980689154368473,0.0004816913339282589
6,d63,1.0,0.5868707054277651,0.0,0,0.0,0.5868707054277651,0.0005675731292987351
6,d64,0.8542080343572109,0.8659825989947968,0.8526790607987322,3,0.00033539020279571563,1.7186616597935291,0.0016621483530069238
6,d65,1.0,0.8262963710263229,0.0,0,0.0,0.8262963710263229,0.0007991259619778781
6,d66,1.0,0.7694785527235976,0.0,0,0.0,0.7694785527235976,0.0007441764362377932
6,d67,0.7760745289285015,0.9169920807946326,17.794488896957024,38,0.007502883358934877,18.711480977751656,0.01809620707616567
6,d68,1.0,0.3277302362645178,0.0,0,0.0,0.3277302362645178,0.00031695375836980036
6,d69,1.0,0.7957833956176842,0.0,0,0.0,0.7957833956176842,0.0007696163190927843
6,d70,1.0,0.10508190786601,0.0,0,0.0,0.10508190786601,0.00010162658781327372
6,d71,1.0,0.5430077933202487,0.0,0,0.0,0.5430077933202487,0.0005251525244623216
6,d72,1.0,0.4363575029985441,0.0,0,0.0,0.4363575029985441,0.00042200912599538436
6,d73,0.667467742271406,0.8436386228790356,10.102728393311724,21,0.0038369651886696796,10.94636701619076,0.010586426830256151
6,d74,1.0,0.3615195821952451,0.0,0,0.0,0.3615195821952451,0.00034963203763896535
6,d75,1.0,0.365584666592786,0.0,0,0.0,0.365584666592786,0.0003535634532830535
6,d76,1.0,0.1129787309299515,0.0,0,0.0,0.1129787309299515,0.00010926374628185462
6,d77,0.8542711304075596,0.2887596219715777,6.0336164403997605,14,0.002961606579952671,6.3223760623713385,0.00611448268440653
6,d78,1.0,0.8539911936979437,0.0,0,0.0,0.8539911936979437,0.0008259101190736869
6,d79,0.8682169375493791,0.6092329103607209,13.018089945495987,23,0.0038031865303414054,13.627322855856708,0.013179227052447869
6,d80,1.0,0.9025653819796856,0.0,0,0.0,0.9025653819796856,0.0008728870831498187
6,d81,1.0,0.8673533346226489,0.0,0,0.0,0.8673533346226489,0.0008388328839495341
6,d82,1.0,0.2413743301854386,0.0,0,0.0,0.2413743301854386,0.0002334374209663083
6,d83,1.0,0.9834214774010058,0.0,0,0.0,0.9834214774010058,0.0009510844555467007
6,d84,1.0,0.8926937029287524,0.0,0,0.0,0.8926937029287524,0.000863340006223757
6,d85,1.0,0.4427630638911477,0.0,0,0.0,0.4427630638911477,0.0004282040582131693
6,d86,0.7435155109136522,0.4624106724908055,16.620543493095038,30,0.003052403439247479,17.082954165585843,0.016521229742352216
6,d87,1.0,0.270694995865657,0.0,0,0.0,0.270694995865657,0.00026179395984161924
6,d88,1.0,0.0920662406924429,0.0,0,0.0,0.0920662406924429,8.903890388342458e-05
6,d89,1.0,0.4545954163571419,0.0,0,0.0,0.4545954163571419,0.000439647337378373
6,d90,1.0,0.2367012264626057,0.0,0,0.0,0.2367012264626057,0.0002289179789853483
6,d91,1.0,0.397035394488437,0.0,0,0.0,0.397035394488437,0.00038398001332833043
6,d92,1.0,0.2328557197307569,0.0,0,0.0,0.2328557197307569,0.00022519892081913112
6,d93,1.0,0.3530180492575545,0.0,0,0.0,0.3530180492575545,0.00034141005346314206
6,d94,0.7303922567881379,0.0547321770051526,9.356796731129048,17,0.0036459442473005484,9.411528908134201,0.009102057513642112
6,d95,1.0,0.6835341219591398,0.0,0,0.0,0.6835341219591398,0.0006610580439520057
6,d96,0.9455306175895896,0.7282142121533487,20.78276320642121,37,0.007039081922721723,21.51097741857456,0.020803650028562447
6,d97,0.6042710944505345,0.6829353338644084,582.9575902445187,1216,0.29674701436880313,583.6405255783831,0.5644491647383041
6,d98,1.0,0.4716822415158711,0.0,0,0.0,0.4716822415158711,0.0004561723108272547
6,d99,1.0,0.4733438217980411,0.0,0,0.0,0.4733438217980411,0.00045777925476160033
6,d100,0.9482105918290328,0.5991346407809729,7.67839003003256,17,0.004028294704308152,8.277524670813532,0.008005341784502112
7,d1,1.0,0.6113047022702557,7.5861865872539305,12,0.003920676832348212,8.197491289524185,0.007927940073619912
7,d2,1.0,0.4939656381711477,0.0,0,0.0,0.4939656381711477,0.0004777229812799939
7,d3,1.0,0.3244126329386243,0.0,0,0.0,0.3244126329386243,0.0003137452450055548
7,d4,1.0,0.4488741264327569,0.0,0,0.0,0.4488741264327569,0.0004341141758217034
7,d5,1.0,0.3770782987358936,0.0,0,0.0,0.3770782987358936,0.0003646791499810464
7,d6,0.8245014614097484,0.9410440826651544,10.151749196848275,20,0.0030589564453631923,11.09279327951343,0.010728038281836433
7,d7,0.7262212851512604,0.7786285541496077,16.777920286086456,32,0.006183059855245934,17.556548840236065,0.01697925160138251
7,d8,1.0,0.7941431291160147,0.0,0,0.0,0.7941431291160147,0.0007680299880958099
7,d9,1.0,0.4446969168644754,0.0,0,0.0,0.4446969168644754,0.0004300743219246205
7,d10,1.0,0.6411853212437485,0.0,0,0.0,0.6411853212437485,0.0006201017632554537
7,d11,0.712965800260955,0.4343314804627135,2.021073237466496,4,0.0011766762371398232,2.4554047179292096,0.002374665708410442
7,d12,1.0,0.1936586649349718,0.0,0,0.0,0.1936586649349718,0.00018729074983022152
7,d13,1.0,0.8852114162040516,0.0,0,0.0,0.8852114162040516,0.0008561037532444005
7,d14,1.0,0.1744367993785583,0.0,0,0.0,0.1744367993785583,0.00016870094072250484
7,d15,1.0,0.4069817224912835,0.0,0,0.0,0.4069817224912835,0.00039359928458756376
7,d16,1.0,0.195995144533855,0.0,0,0.0,0.195995144533855,0.0001895504009343164
7,d17,1.0,0.7157943570835169,0.0,0,0.0,0.7157943570835169,0.0006922574928802152
7,d18,1.0,0.5876211117391754,0.0,0,0.0,0.5876211117391754,0.0005682988606301401
7,d19,0.7645924756622676,0.3094112672137011,9.137483492679344,18,0.0023125554106578536,9.446894759893045,0.009136260459823336
7,d20,0.8706040861918494,0.1919625787356293,1.0325316716618462,4,0.0012003373536657869,1.2244942503974756,0.00118423023517562
7,d21,0.8745034817816524,0.9857688480178474,1.4375266775264068,3,0.0006503282764583526,2.4232955255442543,0.002343612335610209
7,d22,0.9867821130034348,0.8524396209435144,18.10383982976877,38,0.0039815614973789035,18.956279450712284,0.01833295604669836
7,d23,1.0,0.6658927728842667,0.0,0,0.0,0.6658927728842667,0.0006439967805308256
7,d24,1.0,0.6980691261430666,0.0,0,0.0,0.6980691261430666,0.0006751151058103388
7,d25,1.0,0.3295363735742088,0.0,0,0.0,0.3295363735742088,0.0003187005059844344
7,d26,0.7917319320962545,0.4258718268257104,5.309134032611191,14,0.0028228687296368215,5.735005859436901,0.005546426482157797
7,d27,0.9515461287328162,0.4554322151331479,1.4337596829735975,4,0.0009066870032199137,1.8891918981067453,0.0018270711888280493
7,d28,0.854777698992784,0.688988609150576,9.975236989555212,22,0.0025790890423011362,10.664225598705787,0.010313562831856362
7,d29,1.0,0.9885882560521442,0.0,0,0.0,0.9885882560521442,0.0009560813393582433
7,d30,1.0,0.0234537744007987,0.0,0,0.0,0.0234537744007987,2.26825636505831e-05
7,d31,1.0,0.7780081544782027,0.0,0,0.0,0.7780081544782027,0.0007524255662672171
7,d32,0.9344981479828094,0.4098458376430103,17.473547706706785,31,0.0040466423359980875,17.883393544349797,0.017295348945810928
7,d33,0.7094030343609957,0.9000735037389241,1.9055806105250794,7,0.0008054035078190866,2.8056541142640037,0.0027133981482377703
7,d34,1.0,0.1904041414108747,0.0,0,0.0,0.1904041414108747,0.00018414324206766973
7,d35,0.8658120032268631,0.0730273189076899,8.207924978970842,13,0.0014481415756569121,8.280952297878532,0.00800865670378733
7,d36,0.9140482222139992,0.6283400454437265,32.97066479244234,58,0.00933147019167112,33.59900483788607,0.032494197002493855
7,d37,0.7821213165850166,0.2041415713138661,15.097352838488417,31,0.0035249632793059164,15.301494409802283,0.014798348230362543
7,d38,1.0,0.4468174574773836,0.0,0,0.0,0.4468174574773836,0.00043212513458291485
7,d39,1.0,0.1273734868813091,0.0,0,0.0,0.1273734868813091,0.00012318517157236818
7,d40,1.0,0.3017682512486745,0.0,0,0.0,0.3017682512486745,0.00029184545948562186
7,d41,1.0,0.2469737301341866,0.0,0,0.0,0.2469737301341866,0.00023885270055295872
7,d42,1.0,0.8495861051218173,0.0,0,0.0,0.8495861051218173,0.000821649879322637
7,d43,1.0,0.2179595435495449,0.0,0,0.0,0.2179595435495449,0.00021079256307872694
7,d44,1.0,0.6823319381851302,0.0,0,0.0,0.6823319381851302,0.0006598953905765755
7,d45,1.0,0.1861247600403534,0.0,0,0.0,0.1861247600403534,0.00018000457599784246
7,d46,1.0,0.6538686303833499,0.0,0,0.0,0.6538686303833499,0.0006323680178012139
7,d47,1.0,0.1391328076011917,0.0,0,0.0,0.1391328076011917,0.0001345578204329829
7,d48,0.9205459956643096,0.484017762343897,12.381598068129716,23,0.0028780015099254684,12.865615830473612,0.01244256659894918
7,d49,0.9509652227320424,0.8138284459558288,10.153132864722503,19,0.0046944756279785164,10.966961310678332,0.010606343939868042
7,d50,1.0,0.1464049330716936,0.0,0,0.0,0.1464049330716936,0.00014159082271401741
7,d51,1.0,0.3660915419148296,0.0,0,0.0,0.3660915419148296,0.00035405366144992213
7,d52,1.0,0.6024049540095762,0.0,0,0.0,0.6024049540095762,0.0005825965782413033
7,d53,0.7153435184241378,0.043445465085906,4.535487885303186,9,0.0029501347767678775,4.578933350389092,0.004428368133721
7,d54,1.0,0.4878484261523147,0.0,0,0.0,0.4878484261523147,0.0004718069164023269
7,d55,1.0,0.2676511989587375,0.0,0,0.0,0.2676511989587375,0.00025885024955001274
7,d56,1.0,0.2352217504365444,0.0,0,0.0,0.2352217504365444,0.00022748715132592037
7,d57,1.0,0.5031062205331591,0.0,0,0.0,0.5031062205331591,0.000486563001555053
7,d58,1.0,0.7652957803972872,0.0,0,0.0,0.7652957803972872,0.0007401312024981783
7,d59,1.0,0.2785415708873054,0.0,0,0.0,0.2785415708873054,0.0002693825225320473
7,d60,0.7530691010978995,0.6341458655587995,23.44871610100206,41,0.006302829198432445,24.08286196656086,0.023290965458682037
7,d61,0.8068950431605513,0.8878624212898746,15.702815710351723,27,0.0042147722229134025,16.5906781316416,0.016045140807463484
7,d62,1.0,0.4980689154368473,0.0,0,0.0,0.4980689154368473,0.00048169133392825903
7,d63,1.0,0.5868707054277651,0.0,0,0.0,0.5868707054277651,0.0005675731292987352
7,d64,0.9542080343572108,0.8659825989947968,1.2134152502285342,2,0.00073522175720242,2.079397849223331,0.0020110227575262938
7,d65,1.0,0.8262963710263229,0.0,0,0.0,0.8262963710263229,0.0007991259619778784
7,d66,1.0,0.7694785527235976,0.0,0,0.0,0.7694785527235976,0.0007441764362377934
7,d67,0.8760745289285015,0.9169920807946326,26.342360519237122,48,0.007123962601814274,27.259352600031754,0.026363006220561754
7,d68,1.0,0.3277302362645178,0.0,0,0.0,0.3277302362645178,0.00031695375836980047
7,d69,1.0,0.7957833956176842,0.0,0,0.0,0.7957833956176842,0.0007696163190927845
7,d70,1.0,0.10508190786601,0.0,0,0.0,0.10508190786601,0.00010162658781327373
7,d71,1.0,0.5430077933202487,0.0,0,0.0,0.5430077933202487,0.0005251525244623217
7,d72,1.0,0.4363575029985441,0.0,0,0.0,0.4363575029985441,0.00042200912599538447
7,d73,0.767467742271406,0.8436386228790356,8.386198222173423,15,0.0036521607398275627,9.229836845052459,0.00892633987795457
7,d74,1.0,0.3615195821952451,0.0,0,0.0,0.3615195821952451,0.00034963203763896546
7,d75,1.0,0.365584666592786,0.0,0,0.0,0.365584666592786,0.00035356345328305355
7,d76,1.0,0.1129787309299515,0.0,0,0.0,0.1129787309299515,0.00010926374628185463
7,d77,0.9542711304075596,0.2887596219715777,3.5139495245404566,11,0.0032424831654749298,3.802709146512034,0.0036776678579067594
7,d78,1.0,0.8539911936979437,0.0,0,0.0,0.8539911936979437,0.0008259101190736871
7,d79,0.9682169375493792,0.6092329103607209,18.63377690905901,33,0.004920933234789831,19.24300981941973,0.018610258101694692
7,d80,1.0,0.9025653819796856,0.0,0,0.0,0.9025653819796856,0.0008728870831498188
7,d81,1.0,0.8673533346226489,0.0,0,0.0,0.8673533346226489,0.0008388328839495343
7,d82,1.0,0.2413743301854386,0.0,0,0.0,0.2413743301854386,0.00023343742096630836
7,d83,1.0,0.9834214774010058,0.0,0,0.0,0.9834214774010058,0.0009510844555467009
7,d84,1.0,0.8926937029287524,0.0,0,0.0,0.8926937029287524,0.0008633400062237572
7,d85,1.0,0.4427630638911477,0.0,0,0.0,0.4427630638911477,0.00042820405821316943
7,d86,0.8435155109136522,0.4624106724908055,12.61144096734046,27,0.0027686662862541744,13.073851639831265,0.012643955165214438
7,d87,1.0,0.270694995865657,0.0,0,0.0,0.270694995865657,0.0002617939598416193
7,d88,1.0,0.0920662406924429,0.0,0,0.0,0.0920662406924429,8.903890388342461e-05
7,d89,1.0,0.4545954163571419,0.0,0,0.0,0.4545954163571419,0.0004396473373783731
7,d90,1.0,0.2367012264626057,0.0,0,0.0,0.2367012264626057,0.00022891797898534836
7,d91,1.0,0.397035394488437,0.0,0,0.0,0.397035394488437,0.00038398001332833054
7,d92,1.0,0.2328557197307569,0.0,0,0.0,0.2328557197307569,0.00022519892081913117
7,d93,1.0,0.3530180492575545,0.0,0,0.0,0.3530180492575545,0.00034141005346314217
7,d94,0.8303922567881379,0.0547321770051526,9.9313871006273,20,0.00274638199083998,9.986119277632453,0.009657754110975816
7,d95,1.0,0.6835341219591398,0.0,0,0.0,0.6835341219591398,0.000661058043952006
7,d96,1.0,0.7282142121533487,0.0,0,0.0,0.7282142121533487,0.0007042689562949432
7,d97,0.7042710944505345,0.6829353338644084,678.2774624317714,1414,0.3480344309623043,678.9603977656358,0.6566347136868426
7,d98,1.0,0.4716822415158711,0.0,0,0.0,0.4716822415158711,0.0004561723108272548
7,d99,1.0,0.4733438217980411,0.0,0,0.0,0.4733438217980411,0.00045777925476160044
7,d100,1.0,0.5991346407809729,0.0,0,0.0,0.5991346407809729,0.000579433799973827
8,d1,1.0,0.6113047022702557,12.841528481750943,25,0.006419194592599919,13.452833184021198,0.01301047497782898
8,d2,1.0,0.4939656381711477,0.0,0,0.0,0.4939656381711477,0.00047772298127999403
8,d3,1.0,0.3244126329386243,0.0,0,0.0,0.3244126329386243,0.0003137452450055549
8,d4,1.0,0.4488741264327569,0.0,0,0.0,0.4488741264327569,0.00043411417582170353
8,d5,1.0,0.3770782987358936,0.0,0,0.0,0.3770782987358936,0.00036467914998104643
8,d6,0.9245014614097484,0.9410440826651544,15.022081805180381,27,0.0039088381428625234,15.963125887845536,0.015438223836628904
8,d7,0.8262212851512604,0.7786285541496077,19.189107355995787,38,0.006084808046424511,19.967735910145397,0.019311153633527024
8,d8,1.0,0.7941431291160147,0.0,0,0.0,0.7941431291160147,0.0007680299880958101
8,d9,1.0,0.4446969168644754,0.0,0,0.0,0.4446969168644754,0.0004300743219246206
8,d10,1.0,0.6411853212437485,0.0,0,0.0,0.6411853212437485,0.0006201017632554539
8,d11,0.812965800260955,0.4343314804627135,2.034282106576476,3,0.001318361482890329,2.468613587039189,0.0023874402413798196
8,d12,1.0,0.1936586649349718,0.0,0,0.0,0.1936586649349718,0.00018729074983022157
8,d13,1.0,0.8852114162040516,0.0,0,0.0,0.8852114162040516,0.0008561037532444008
8,d14,1.0,0.1744367993785583,0.0,0,0.0,0.1744367993785583,0.00016870094072250487
8,d15,1.0,0.4069817224912835,0.0,0,0.0,0.4069817224912835,0.00039359928458756387
8,d16,1.0,0.195995144533855,0.0,0,0.0,0.195995144533855,0.00018955040093431645
8,d17,1.0,0.7157943570835169,0.0,0,0.0,0.7157943570835169,0.0006922574928802153
8,d18,1.0,0.5876211117391754,0.0,0,0.0,0.5876211117391754,0.0005682988606301402
8,d19,0.8645924756622676,0.3094112672137011,5.332503341026566,10,0.0019252289560068082,5.641914608240267,0.005456396272329049
8,d20,0.9706040861918492,0.1919625787356293,3.2024858052046197,6,0.0009477294829378832,3.394448383940249,0.003282831590838601
8,d21,0.9745034817816524,0.9857688480178474,4.09141360290206,9,0.0006759751117244214,5.077182450919907,0.004910233727868233
8,d22,1.0,0.8524396209435144,0.0,0,0.0,0.8524396209435144,0.0008244095653820114
8,d23,1.0,0.6658927728842667,0.0,0,0.0,0.6658927728842667,0.0006439967805308257
8,d24,1.0,0.6980691261430666,0.0,0,0.0,0.6980691261430666,0.000675115105810339
8,d25,1.0,0.3295363735742088,0.0,0,0.0,0.3295363735742088,0.0003187005059844345
8,d26,0.8917319320962545,0.4258718268257104,15.14427176743228,23,0.003978034349764939,15.57014359425799,0.01505816364949126
8,d27,1.0,0.4554322151331479,0.0,0,0.0,0.4554322151331479,0.0004404566204035753
8,d28,0.954777698992784,0.688988609150576,5.736461067907767,16,0.0021443360477954518,6.425449677058343,0.006214167016057393
8,d29,1.0,0.9885882560521442,0.0,0,0.0,0.9885882560521442,0.0009560813393582436
8,d30,1.0,0.0234537744007987,0.0,0,0.0,0.0234537744007987,2.2682563650583104e-05
8,d31,1.0,0.7780081544782027,0.0,0,0.0,0.7780081544782027,0.0007524255662672172
8,d32,1.0,0.4098458376430103,0.0,0,0.0,0.4098458376430103,0.0003963692214481073
8,d33,0.8094030343609957,0.9000735037389241,5.283840995101606,10,0.001131726528327681,6.18391449884053,0.005980574036089362
8,d34,1.0,0.1904041414108747,0.0,0,0.0,0.1904041414108747,0.00018414324206766976
8,d35,0.9658120032268632,0.0730273189076899,7.6440575914592195,14,0.0026029291001360816,7.71708491036691,0.00746333049363649
8,d36,1.0,0.6283400454437265,0.0,0,0.0,0.6283400454437265,0.0006076788678628311
8,d37,0.8821213165850166,0.2041415713138661,19.864982493035935,37,0.0024477643192177254,20.0691240643498,0.019409207926275665
8,d38,1.0,0.4468174574773836,0.0,0,0.0,0.4468174574773836,0.0004321251345829149
8,d39,1.0,0.1273734868813091,0.0,0,0.0,0.1273734868813091,0.0001231851715723682
8,d40,1.0,0.3017682512486745,0.0,0,0.0,0.3017682512486745,0.0002918454594856219
8,d41,1.0,0.2469737301341866,0.0,0,0.0,0.2469737301341866,0.00023885270055295878
8,d42,1.0,0.8495861051218173,0.0,0,0.0,0.8495861051218173,0.0008216498793226372
8,d43,1.0,0.2179595435495449,0.0,0,0.0,0.2179595435495449,0.00021079256307872697
8,d44,1.0,0.6823319381851302,0.0,0,0.0,0.6823319381851302,0.0006598953905765757
8,d45,1.0,0.1861247600403534,0.0,0,0.0,0.1861247600403534,0.0001800045759978425
8,d46,1.0,0.6538686303833499,0.0,0,0.0,0.6538686303833499,0.0006323680178012141
8,d47,1.0,0.1391328076011917,0.0,0,0.0,0.1391328076011917,0.00013455782043298294
8,d48,1.0,0.484017762343897,0.0,0,0.0,0.484017762343897,0.0004681022130921655
8,d49,1.0,0.8138284459558288,0.0,0,0.0,0.8138284459558288,0.0007870680092079161
8,d50,1.0,0.1464049330716936,0.0,0,0.0,0.1464049330716936,0.00014159082271401744
8,d51,1.0,0.3660915419148296,0.0,0,0.0,0.3660915419148296,0.00035405366144992224
8,d52,1.0,0.6024049540095762,0.0,0,0.0,0.6024049540095762,0.0005825965782413034
8,d53,0.8153435184241378,0.043445465085906,4.774337925134205,9,0.0037827621407976342,4.817783390220111,0.0046593642684508935
8,d54,1.0,0.4878484261523147,0.0,0,0.0,0.4878484261523147,0.00047180691640232703
8,d55,1.0,0.2676511989587375,0.0,0,0.0,0.2676511989587375,0.0002588502495500128
8,d56,1.0,0.2352217504365444,0.0,0,0.0,0.2352217504365444,0.00022748715132592042
8,d57,1.0,0.5031062205331591,0.0,0,0.0,0.5031062205331591,0.0004865630015550531
8,d58,1.0,0.7652957803972872,0.0,0,0.0,0.7652957803972872,0.0007401312024981784
8,d59,1.0,0.2785415708873054,0.0,0,0.0,0.2785415708873054,0.00026938252253204734
8,d60,0.8530691010978995,0.6341458655587995,18.918718603241754,41,0.005551674010534601,19.552864468800554,0.018909924061079483
8,d61,0.9068950431605513,0.8878624212898746,21.663287314160584,42,0.0032247838843693856,22.55114973545046,0.02180961923342991
8,d62,1.0,0.4980689154368473,0.0,0,0.0,0.4980689154368473,0.0004816913339282591
8,d63,1.0,0.5868707054277651,0.0,0,0.0,0.5868707054277651,0.0005675731292987353
8,d64,1.0,0.8659825989947968,0.0,0,0.0,0.8659825989947968,0.0008375072210692001
8,d65,1.0,0.8262963710263229,0.0,0,0.0,0.8262963710263229,0.0007991259619778785
8,d66,1.0,0.7694785527235976,0.0,0,0.0,0.7694785527235976,0.0007441764362377935
8,d67,0.9760745289285014,0.9169920807946326,16.99264591296407,31,0.005908079771297814,17.9096379937587,0.017320730421048952
8,d68,1.0,0.3277302362645178,0.0,0,0.0,0.3277302362645178,0.0003169537583698005
8,d69,1.0,0.7957833956176842,0.0,0,0.0,0.7957833956176842,0.0007696163190927846
8,d70,1.0,0.10508190786601,0.0,0,0.0,0.10508190786601,0.00010162658781327376
8,d71,1.0,0.5430077933202487,0.0,0,0.0,0.5430077933202487,0.0005251525244623219
8,d72,1.0,0.4363575029985441,0.0,0,0.0,0.4363575029985441,0.0004220091259953846
8,d73,0.867467742271406,0.8436386228790356,6.126312206076459,12,0.0028404262273815464,6.969950828955495,0.0067407637942417335
8,d74,1.0,0.3615195821952451,0.0,0,0.0,0.3615195821952451,0.0003496320376389655
8,d75,1.0,0.365584666592786,0.0,0,0.0,0.365584666592786,0.00035356345328305366
8,d76,1.0,0.1129787309299515,0.0,0,0.0,0.1129787309299515,0.00010926374628185466
8,d77,1.0,0.2887596219715777,0.0,0,0.0,0.2887596219715777,0.00027926458203100893
8,d78,1.0,0.8539911936979437,0.0,0,0.0,0.8539911936979437,0.0008259101190736873
8,d79,1.0,0.6092329103607209,0.0,0,0.0,0.6092329103607209,0.0005892000166427988
8,d80,1.0,0.9025653819796856,0.0,0,0.0,0.9025653819796856,0.000872887083149819
8,d81,1.0,0.8673533346226489,0.0,0,0.0,0.8673533346226489,0.0008388328839495345
8,d82,1.0,0.2413743301854386,0.0,0,0.0,0.2413743301854386,0.0002334374209663084
8,d83,1.0,0.9834214774010058,0.0,0,0.0,0.9834214774010058,0.0009510844555467011
8,d84,1.0,0.8926937029287524,0.0,0,0.0,0.8926937029287524,0.0008633400062237574
8,d85,1.0,0.4427630638911477,0.0,0,0.0,0.4427630638911477,0.00042820405821316954
8,d86,0.9435155109136522,0.4624106724908055,15.102245750989452,27,0.002989361112465271,15.564656423480258,0.015052856908738126
8,d87,1.0,0.270694995865657,0.0,0,0.0,0.270694995865657,0.00026179395984161935
8,d88,1.0,0.0920662406924429,0.0,0,0.0,0.0920662406924429,8.903890388342462e-05
8,d89,1.0,0.4545954163571419,0.0,0,0.0,0.4545954163571419,0.0004396473373783732
8,d90,1.0,0.2367012264626057,0.0,0,0.0,0.2367012264626057,0.0002289179789853484
8,d91,1.0,0.397035394488437,0.0,0,0.0,0.397035394488437,0.0003839800133283306
8,d92,1.0,0.2328557197307569,0.0,0,0.0,0.2328557197307569,0.00022519892081913123
8,d93,1.0,0.3530180492575545,0.0,0,0.0,0.3530180492575545,0.0003414100534631422
8,d94,0.930392256788138,0.0547321770051526,12.500770142075451,22,0.0020957828932792843,12.555502319080604,0.012142650289494182
8,d95,1.0,0.6835341219591398,0.0,0,0.0,0.6835341219591398,0.0006610580439520061
8,d96,1.0,0.7282142121533487,0.0,0,0.0,0.7282142121533487,0.0007042689562949433
8,d97,0.8042710944505345,0.6829353338644084,772.2879198978362,1598,0.40183945696638546,772.9708552317006,0.7475539042978786
8,d98,1.0,0.4716822415158711,0.0,0,0.0,0.4716822415158711,0.0004561723108272549
8,d99,1.0,0.4733438217980411,0.0,0,0.0,0.4733438217980411,0.0004577792547616005
8,d100,1.0,0.5991346407809729,0.0,0,0.0,0.5991346407809729,0.0005794337999738272
9,d1,1.0,0.6113047022702557,5.3232610366192485,7,0.0029001644365741646,5.934565738889504,0.005739424401828767
9,d2,1.0,0.4939656381711477,0.0,0,0.0,0.4939656381711477,0.00047772298127999403
9,d3,1.0,0.3244126329386243,0.0,0,0.0,0.3244126329386243,0.0003137452450055549
9,d4,1.0,0.4488741264327569,0.0,0,0.0,0.4488741264327569,0.00043411417582170353
9,d5,1.0,0.3770782987358936,0.0,0,0.0,0.3770782987358936,0.00036467914998104643
9,d6,1.0,0.9410440826651544,0.0,0,0.0,0.9410440826651544,0.0009101005210628297
9,d7,0.9262212851512605,0.7786285541496077,21.32361209540151,39,0.004708535554837401,22.10224064955112,0.02137547124768438
9,d8,1.0,0.7941431291160147,0.0,0,0.0,0.7941431291160147,0.0007680299880958101
9,d9,1.0,0.4446969168644754,0.0,0,0.0,0.4446969168644754,0.0004300743219246206
9,d10,1.0,0.6411853212437485,0.0,0,0.0,0.6411853212437485,0.0006201017632554539
9,d11,0.912965800260955,0.4343314804627135,2.2943897341081407,4,0.0009080285035380498,2.728721214570854,0.002638994968421461
9,d12,1.0,0.1936586649349718,0.0,0,0.0,0.1936586649349718,0.00018729074983022157
9,d13,1.0,0.8852114162040516,0.0,0,0.0,0.8852114162040516,0.0008561037532444008
9,d14,1.0,0.1744367993785583,0.0,0,0.0,0.1744367993785583,0.00016870094072250487
9,d15,1.0,0.4069817224912835,0.0,0,0.0,0.4069817224912835,0.00039359928458756387
9,d16,1.0,0.195995144533855,0.0,0,0.0,0.195995144533855,0.00018955040093431645
9,d17,1.0,0.7157943570835169,0.0,0,0.0,0.7157943570835169,0.0006922574928802153
9,d18,1.0,0.5876211117391754,0.0,0,0.0,0.5876211117391754,0.0005682988606301402
9,d19,0.9645924756622676,0.3094112672137011,7.5641514921750055,15,0.0025471420256969247,7.873562759388706,0.007614663013071928
9,d20,1.0,0.1919625787356293,0.0,0,0.0,0.1919625787356293,0.00018565043460777483
9,d21,1.0,0.9857688480178474,0.0,0,0.0,0.9857688480178474,0.0009533546395485649
9,d22,1.0,0.8524396209435144,0.0,0,0.0,0.8524396209435144,0.0008244095653820114
9,d23,1.0,0.6658927728842667,0.0,0,0.0,0.6658927728842667,0.0006439967805308257
9,d24,1.0,0.6980691261430666,0.0,0,0.0,0.6980691261430666,0.000675115105810339
9,d25,1.0,0.3295363735742088,0.0,0,0.0,0.3295363735742088,0.0003187005059844345
9,d26,0.9917319320962544,0.4258718268257104,10.200311806803512,23,0.0022654772766652715,10.626183633629223,0.010276771768742315
9,d27,1.0,0.4554322151331479,0.0,0,0.0,0.4554322151331479,0.0004404566204035753
9,d28,1.0,0.688988609150576,0.0,0,0.0,0.688988609150576,0.0006663331758257411
9,d29,1.0,0.9885882560521442,0.0,0,0.0,0.9885882560521442,0.0009560813393582436
9,d30,1.0,0.0234537744007987,0.0,0,0.0,0.0234537744007987,2.2682563650583104e-05
9,d31,1.0,0.7780081544782027,0.0,0,0.0,0.7780081544782027,0.0007524255662672172
9,d32,1.0,0.4098458376430103,0.0,0,0.0,0.4098458376430103,0.0003963692214481073
9,d33,0.9094030343609956,0.9000735037389241,6.962651217164947,13,0.0012975749747518284,7.862724720903871,0.0076041813526969825
9,d34,1.0,0.1904041414108747,0.0,0,0.0,0.1904041414108747,0.00018414324206766976
9,d35,1.0,0.0730273189076899,0.0,0,0.0,0.0730273189076899,7.062602296109313e-05
9,d36,1.0,0.6283400454437265,0.0,0,0.0,0.6283400454437265,0.0006076788678628311
9,d37,0.9821213165850166,0.2041415713138661,15.86569394089078,29,0.003572172438763254,16.069835512204648,0.015541424618101969
9,d38,1.0,0.4468174574773836,0.0,0,0.0,0.4468174574773836,0.0004321251345829149
9,d39,1.0,0.1273734868813091,0.0,0,0.0,0.1273734868813091,0.0001231851715723682
9,d40,1.0,0.3017682512486745,0.0,0,0.0,0.3017682512486745,0.0002918454594856219
9,d41,1.0,0.2469737301341866,0.0,0,0.0,0.2469737301341866,0.00023885270055295878
9,d42,1.0,0.8495861051218173,0.0,0,0.0,0.8495861051218173,0.0008216498793226372
9,d43,1.0,0.2179595435495449,0.0,0,0.0,0.2179595435495449,0.00021079256307872697
9,d44,1.0,0.6823319381851302,0.0,0,0.0,0.6823319381851302,0.0006598953905765757
9,d45,1.0,0.1861247600403534,0.0,0,0.0,0.1861247600403534,0.0001800045759978425
9,d46,1.0,0.6538686303833499,0.0,0,0.0,0.6538686303833499,0.0006323680178012141
9,d47,1.0,0.1391328076011917,0.0,0,0.0,0.1391328076011917,0.00013455782043298294
9,d48,1.0,0.484017762343897,0.0,0,0.0,0.484017762343897,0.0004681022130921655
9,d49,1.0,0.8138284459558288,0.0,0,0.0,0.8138284459558288,0.0007870680092079161
9,d50,1.0,0.1464049330716936,0.0,0,0.0,0.1464049330716936,0.00014159082271401744
9,d51,1.0,0.3660915419148296,0.0,0,0.0,0.3660915419148296,0.00035405366144992224
9,d52,1.0,0.6024049540095762,0.0,0,0.0,0.6024049540095762,0.0005825965782413034
9,d53,0.9153435184241376,0.043445465085906,8.030263694721084,15,0.002793510078998818,8.07370915980699,0.007808228167632645
9,d54,1.0,0.4878484261523147,0.0,0,0.0,0.4878484261523147,0.00047180691640232703
9,d55,1.0,0.2676511989587375,0.0,0,0.0,0.2676511989587375,0.0002588502495500128
9,d56,1.0,0.2352217504365444,0.0,0,0.0,0.2352217504365444,0.00022748715132592042
9,d57,1.0,0.5031062205331591,0.0,0,0.0,0.5031062205331591,0.0004865630015550531
9,d58,1.0,0.7652957803972872,0.0,0,0.0,0.7652957803972872,0.0007401312024981784
9,d59,1.0,0.2785415708873054,0.0,0,0.0,0.2785415708873054,0.00026938252253204734
9,d60,0.9530691010978994,0.6341458655587995,18.24559662552141,36,0.005733806031625078,18.87974249108021,0.018258935787578902
9,d61,1.0,0.8878624212898746,0.0,0,0.0,0.8878624212898746,0.0008586675875582138
9,d62,1.0,0.4980689154368473,0.0,0,0.0,0.4980689154368473,0.0004816913339282591
9,d63,1.0,0.5868707054277651,0.0,0,0.0,0.5868707054277651,0.0005675731292987353
9,d64,1.0,0.8659825989947968,0.0,0,0.0,0.8659825989947968,0.0008375072210692001
9,d65,1.0,0.8262963710263229,0.0,0,0.0,0.8262963710263229,0.0007991259619778785
9,d66,1.0,0.7694785527235976,0.0,0,0.0,0.7694785527235976,0.0007441764362377935
9,d67,1.0,0.9169920807946326,0.0,0,0.0,0.9169920807946326,0.0008868394009535872
9,d68,1.0,0.3277302362645178,0.0,0,0.0,0.3277302362645178,0.0003169537583698005
9,d69,1.0,0.7957833956176842,0.0,0,0.0,0.7957833956176842,0.0007696163190927846
9,d70,1.0,0.10508190786601,0.0,0,0.0,0.10508190786601,0.00010162658781327376
9,d71,1.0,0.5430077933202487,0.0,0,0.0,0.5430077933202487,0.0005251525244623219
9,d72,1.0,0.4363575029985441,0.0,0,0.0,0.4363575029985441,0.0004220091259953846
9,d73,0.967467742271406,0.8436386228790356,6.63509310578228,14,0.0039458235870117875,7.478731728661316,0.0072328148792639045
9,d74,1.0,0.3615195821952451,0.0,0,0.0,0.3615195821952451,0.0003496320376389655
9,d75,1.0,0.365584666592786,0.0,0,0.0,0.365584666592786,0.00035356345328305366
9,d76,1.0,0.1129787309299515,0.0,0,0.0,0.1129787309299515,0.00010926374628185466
9,d77,1.0,0.2887596219715777,0.0,0,0.0,0.2887596219715777,0.00027926458203100893
9,d78,1.0,0.8539911936979437,0.0,0,0.0,0.8539911936979437,0.0008259101190736873
9,d79,1.0,0.6092329103607209,0.0,0,0.0,0.6092329103607209,0.0005892000166427988
9,d80,1.0,0.9025653819796856,0.0,0,0.0,0.9025653819796856,0.000872887083149819
9,d81,1.0,0.8673533346226489,0.0,0,0.0,0.8673533346226489,0.0008388328839495345
9,d82,1.0,0.2413743301854386,0.0,0,0.0,0.2413743301854386,0.0002334374209663084
9,d83,1.0,0.9834214774010058,0.0,0,0.0,0.9834214774010058,0.0009510844555467011
9,d84,1.0,0.8926937029287524,0.0,0,0.0,0.8926937029287524,0.0008633400062237574
9,d85,1.0,0.4427630638911477,0.0,0,0.0,0.4427630638911477,0.00042820405821316954
9,d86,1.0,0.4624106724908055,0.0,0,0.0,0.4624106724908055,0.00044720561101348574
9,d87,1.0,0.270694995865657,0.0,0,0.0,0.270694995865657,0.00026179395984161935
9,d88,1.0,0.0920662406924429,0.0,0,0.0,0.0920662406924429,8.903890388342462e-05
9,d89,1.0,0.4545954163571419,0.0,0,0.0,0.4545954163571419,0.0004396473373783732
9,d90,1.0,0.2367012264626057,0.0,0,0.0,0.2367012264626057,0.0002289179789853484
9,d91,1.0,0.397035394488437,0.0,0,0.0,0.397035394488437,0.0003839800133283306
9,d92,1.0,0.2328557197307569,0.0,0,0.0,0.2328557197307569,0.00022519892081913123
9,d93,1.0,0.3530180492575545,0.0,0,0.0,0.3530180492575545,0.0003414100534631422
9,d94,1.0,0.0547321770051526,0.0,0,0.0,0.0547321770051526,5.293246483227355e-05
9,d95,1.0,0.6835341219591398,0.0,0,0.0,0.6835341219591398,0.0006610580439520061
9,d96,1.0,0.7282142121533487,0.0,0,0.0,0.7282142121533487,0.0007042689562949433
9,d97,0.9042710944505344,0.6829353338644084,881.3082294168639,1805,0.449275525113896,881.9911647507283,0.8529893906129259
9,d98,1.0,0.4716822415158711,0.0,0,0.0,0.4716822415158711,0.0004561723108272549
9,d99,1.0,0.4733438217980411,0.0,0,0.0,0.4733438217980411,0.0004577792547616005
9,d100,1.0,0.5991346407809729,0.0,0,0.0,0.5991346407809729,0.0005794337999738272
