active_stake,bech32,block,block_epoch,cluster_name,cluster_order,delegator,fixed_cost,hash,impersonator,itn,live_stake,margin,mithril,name,owner_stake,pledge,pool_fee,reg_time,retiring_epoch,reward_amount,ros_0,ros_1,ros_12,ros_18,ros_2,ros_3,ros_36,ros_6,ros_73,ticker,total_block,valid_meta
0,pool1lu2luhmkyayq9njh848kfknn6evwzmn3gzsxar7z3sttg7grxcm,0,0,p2p.org,3,1,340000000,ff15fe5f76274802ce573d4f64da73d658e16e7140a06e8fc28c16b4,False,False,0,0.04,False,P2P & Tangem,0,0,0,1753784195,,0,0,0,0,0,0,0,0,0,0,PPTG1,0,True
0,pool1hju4yeclny559p5wrnpgprhs3wqpne8zg8glmtfm4muwcyrxju5,0,0,,,2,170000000,bcb952671f992942868e1cc2808ef08b8019e4e241d1fdad3baef8ec,False,False,55396550,0,False,0️⃣% Fees 💰 Pool 🔥,46762482,9000000,0,1753709510,,0,0,0,0,0,0,0,0,0,0,0️⃣%,0,True
1799695,pool1av640ert5ktadalakrc5lkgrf988tu0t0j58d9hptd06u57qlms,0,0,,,1,340000000,eb3557e46ba597d6f7fdb0f14fd903494e75f1eb7ca87696e15b5fae,False,False,251799695,0.05,False,,251799695,500000000,0,1752758119,,0,0,0,0,0,0,0,0,0,0,,0,True
37270858,pool1kl2vuauwfc5k0avf874ym5tcm04ywa22frleszhujeccj4va3lt,0,0,n,15,3,340000000,b7d4ce778e4e2967f5893faa4dd178dbea47754a48ff980afc967189,False,False,37270858,0.05,False,n/a,7638638,0,0,1751937083,,0,0,0,0,0,0,0,0,0,0,N/A,0,True
37270858,pool1qtscx3ge0rgmpffgqen5uup8r8tnav7a2veduweskqx7gf8gjec,0,0,n,14,3,340000000,02e183451978d1b0a52806674e702719d73eb3dd5332de3b30b00de4,False,False,37270858,0.05,False,n/a,7638638,0,0,1751936892,,0,0,0,0,0,0,0,0,0,0,N/A,0,True
12135629055547,pool1f776th42gqa5ammpj738evvnlga5jk4ll0gr4uupkrqnqpjsfyt,3,4,,,2,10000000000,4fbda5deaa403b4eef6197a27cb193fa3b495abffbd03af381b0c130,False,False,12138767319243,1,False,,8413557818,0,8037115514,1751592918,,0,0,0,0,0,0,0,0,0,0,,37,True
4759195068,pool1xpeupsjcwntlt78ak74kk9ymfhn2pac000yu9dp42qlpz58f0un,0,0,,,5,170000000,3073c0c25874d7f5f8fdb7ab6b149b4de6a0f70f7bc9c2b435503e11,False,False,8425151075,0,True,BAT Community Stake Pool,422924693,420690000,0,1751367881,,0,0,0,0,0,0,0,0,0,0,BAT,0,True
5284943385,pool1fhrhklkcqy5mlygak5hszc3phplq7qq5a6wn30hjrv4e6ydrl9g,0,0,,,3,340000000,4dc77b7ed80129bf911db52f016221b87e0f0014ee9d38bef21b2b9d,False,False,6933583812,0.005,False,AnimePool,4997129522,1000000000,0,1751253732,,0,0,0,0,0,0,0,0,0,0,ANIME,0,True
259155994644,pool1v8gvy6tjp8x8wg5h4jw20p9up04lxgw0l0lgery9mz4h7h9x25n,0,3,,,39,170000000,61d0c2697209cc772297ac9ca784bc0bebf321cffbfe8c8c85d8ab7f,False,False,248632947209,0,False,300,207293072,1000000,340000000,1749928743,,706969055,0.0128,0,0.0128,0.0128,0,0,0.0128,0.0128,0.0128,300,4,True
58094519220526,pool197na7w0h8hjc8wdvwys7nsalhtpctefa3m23udeqxpfk6nzq8l9,10,8,n,13,3,340000000,2fa7df39f73de583b9ac7121e9c3bfbac385e53d8ed51e372030536d,False,False,38111606138595,0.03,False,n/a,5336106879,0,5326802035,1749758888,,106273265900,0.0195,0,0.0195,0.0195,0.0122,0.0154,0.0195,0.0195,0.0195,N/A,390,True
50084017150539,pool1j6xfryctrxm4aplw3vnrtgfsvqdr35exenxqse5kzxmfue7qqmr,12,8,n,12,2,340000000,968c91930b19b75e87ee8b2635a130601a38d326cccc08669611b69e,False,False,50106682388348,0.03,False,n/a,5188508013,0,5179006135,1749758851,,101494531815,0.0196,0,0.0196,0.0196,0.0105,0.0148,0.0196,0.0196,0.0196,N/A,365,True
50092060000087,pool1q5q3rld4nll02w8sqhf9582jcf22t99yt27z0pqksvpnv4rdra9,15,8,n,11,2,340000000,050111fdb59ffef538f005d25a1d52c254a594a45abc278416830336,False,False,50115422629829,0.03,False,n/a,5451087839,0,5441285411,1749758655,,109974895038,0.0215,0,0.0215,0.0215,0.0157,0.0183,0.0215,0.0215,0.0215,N/A,381,True
50082265747942,pool1y6gnk7t3n6rvpr67f68mehxgqs5x24n0esz9l5j7m4aqzn4e0qw,15,8,n,10,2,340000000,26913b79719e86c08f5e4e8fbcdcc8042865566fcc045fd25edd7a01,False,False,48701096142747,0.03,False,n/a,5020736961,0,5011466422,1749758307,,96077414408,0.0192,0,0.0192,0.0192,0.0115,0.0157,0.0192,0.0192,0.0192,N/A,357,True
52682954908115,pool1095d0cr8yp0selmnrst5hnuf8jcl6vlkxlr2j6kq4x6qs4yxuwt,11,8,n,9,2,340000000,7968d7e067205f0cff731c174bcf893cb1fd33f637c6a96ac0a9b408,False,False,51805620958549,0.03,False,n/a,5156681357,0,5147210949,1749757992,,100466487426,0.0190,0,0.0190,0.0190,0.0135,0.0156,0.0190,0.0190,0.0190,N/A,369,True
247639650,pool10vgnav004xgw03qkqfy6864zq53lzjkcf0syeu4g3uj8xaytlm8,0,0,piertwo.com,1,1,170000000,7b113eb1efa990e7c4160249a3eaa20523f14ad84be04cf2a88f2473,False,False,247639650,0.08,False,Pier Two,247639650,100000000,0,1749686976,,0,0,0,0,0,0,0,0,0,0,Pier2,0,True
728911990716,pool1z4f2vmmwckcm6c4fmhn3vmymhsg8gjukx5905g54hlhqs9kaht9,1,4,,,30,170000000,1552a66f6ec5b1bd62a9dde7166c9bbc10744b96350afa2295bfee08,False,False,806052775208,0.015,False,LivingInn Stake Pool,50822071227,50000000000,523360285,1749400138,,877325493,0.0151,0,0.0151,0.0151,0,0,0.0151,0.0128,0.0151,LIVIN,5,True
450053587794,pool1n9sygh53tantskvg6fadljx95tt6s57y5d9wuahcke0lgkguyeq,0,3,,,2,340000000,9960445e915f66b85988d27adfc8c5a2d7a853c4a34aee76f8b65ff4,False,False,450402284445,0.005,False,NEW BREED POOL,2131741844,500000000,1021895607,1749185561,,377226009,0.0086,0,0.0086,0.0086,0,0.0196,0.0086,0.0100,0.0086,NBD,4,True
378155562,pool1m4njkh73pdj90xxkgaz9dnh7gffweeupft8nfurlntg6cgqfmy8,0,0,piertwo.com,0,3,170000000,dd672b5fd10b645798d6474456cefe4252ece7814acf34f07f9ad1ac,False,False,378155562,0.01,False,Pier Two,150000000,100000000,0,1749093750,,0,0,0,0,0,0,0,0,0,0,Pier2,0,True
7979240965,pool1ra2su7cvnmr83pu9nvvz4a9carsgc9egc3e5fuk7h9pycyp5ela,0,0,ledger.com,9,8,170000000,1f550e7b0c9ec67887859b182af4b8e8e08c1728c47344f2deb9424c,False,False,38499407686,0.06,False,Ledger by Figment 4,4843326,2000000,0,1749056468,,0,0,0,0,0,0,0,0,0,0,LBF4,0,True
7817950,pool1fza7ms33y7mnq63etrgz0caqhaw2tsxme0gp52ltv9wwgwurged,0,0,wavepool.digital,15,1,340000000,48bbedc23127b7306a3958d027e3a0bf5ca5c0dbcbd01a2beb615ce4,False,False,7817950,0.04,False,WPBJ,7817950,5000000,0,1748637571,,0,0,0,0,0,0,0,0,0,0,WPBJ5,0,True
1080419061952,pool1q8fqknvzyj9p4ezhxqdghlc7rnmwvwuku9eevgvl25cpjy385gg,0,8,,,205,170000000,01d20b4d82248a1ae457301a8bff1e1cf6e63b96e17396219f553019,False,False,1064151248433,0,False,Porto Cripto Pool 🇧🇷 🇵🇹,11246226981,10000000000,1190000000,1748132402,,3370266553,0.0207,0,0.0207,0.0207,0.0174,0.0115,0.0207,0.0214,0.0207,PORTO,15,True
264588792692,pool1c3fjkls7d2aujud8y5xy5e0azu0ueatwn34u7jy3ql85ze3xya8,0,4,cardanians.io,7,8,340000000,c4532b7e1e6abbc971a7250c4a65fd171fccf56e9c6bcf489107cf41,False,False,260294831519,0.04,False,Cardano Yoda Pool,65599261410,10000000000,1361660482,1747828303,,39851638,0.0014,0,0.0014,0.0014,0,0.0009,0.0014,0.0013,0.0014,MANDA,4,True
84168002698,pool18mtj9n5sgxw6jqsq3jzl732h6yalfkx8e9249z2d5rs8smduvcv,0,1,,,6,170000000,3ed722ce90419da902008c85ff4557d13bf4d8c7c95552894da0e078,False,False,84168002698,0,False,FluffPool,50802542890,50000000000,170000000,1747487927,,179947052,0.0146,0,0.0146,0.0146,0.0791,0.0521,0.0146,0.0268,0.0146,FLUFF,1,True
25251249220650,pool1wr79nyuty7wjgkey5vlfx9rn0x5ecxgge5mq45fpftqhye2shc0,9,11,ledger.com,8,4,170000000,70fc59938b279d245b24a33e93147379a99c1908cd360ad1214ac172,False,False,25261012707781,0.02,False,Bitvavo by Figment 4,5191783,2000000,3125870238,1747324959,,78197641873,0.0224,0,0.0224,0.0224,0.0082,0.0127,0.0224,0.0202,0.0224,BTV4,268,True
302461296687,pool1eg6k5zz4ndk6a3sa3z7ug97y84ghj0zljs26zkhthzzkw3p82ew,0,2,,,7,340000000,ca356a08559b6daec61d88bdc417c43d51793c5f9415a15aebb88567,False,False,302482336902,0.03,False,POEM stake pool,11055013,10000000,340305013,1747136070,,9862117,0.0002,0,0.0002,0.0002,0,0.0008,0.0002,0.0004,0.0002,POEM,2,True
1343953686809,pool12hhrd4azpps5jxppcqs2pgtylatg7xkhaqmnetgv2988k3t4drf,0,8,adafrog.io,9,16,340000000,55ee36d7a20861491821c020a0a164ff568f1ad7e8373cad0c514e7b,False,False,1397328781959,0.0249,False,YAM Pool,500000000,500000000,2792763388,1746710841,,2849461194,0.0142,0,0.0142,0.0142,0,0.0061,0.0142,0.0093,0.0142,YAM,16,True
3948466941387,pool1lx7hdfz430vmrwhkrdgxu8c0xclffltavmkejpqzzz4ax0lnfvd,3,7,,,26,170000000,f9bd76a4558bd9b1baf61b506e1f0f363e94fd7d66ed99040210abd3,False,False,3960061459735,0,False,Midnight · 0% Fees ✓,1003808319,1000000000,850000000,1745873665,,4745720814,0.0174,0,0.0174,0.0174,0.0162,0.0174,0.0174,0.0176,0.0174,NIGHT,27,True
598078359,pool1j045vdrzmj3hl36p50c6mhhpwtu2q7cmecnrqjuqq0khja02sr0,0,0,,,5,340000000,93eb463462dca37fc741a3f1addee172f8a07b1bce26304b8003ed79,False,False,541048457,0.005,False,Bids N Buys Stake Pool,110780331,100000000,0,1745480894,,0,0,0,0,0,0,0,0,0,0,BNB,0,True
1192256424202,pool1a6wdglfp93m2z4nhptx9xhjazgyqusjpu387gdrp899cj98yuqq,0,11,,,5,340000000,ee9cd47d212c76a156770acc535e5d12080e4241e44fe43461394b89,False,False,1192256424202,0.05,False,HyvenBlock,12800217202,9500000000,3600457196,1745073121,,3808686827,0.0159,0,0.0162,0.0159,0.0003,0.0141,0.0159,0.0245,0.0159,HYVEN,22,True
12117198888316,pool1c60f68y8406zjmacluvcu8c0krgngp6h2qkkqhdz4mtl62ns0dq,5,19,,,14,500000000,c69e9d1c87abf4296fb8ff198e1f0fb0d1340757502d605da2aed7fd,False,False,12095498345503,0.99994,False,MYUJK Pool,1096761545,1000000000,72190398582,1744865397,,3821663,0.0000,0,0.0000,0.0000,0.0000,0.0000,0.0000,0.0000,0.0000,MYUJK,223,True
28978630850883,pool1xlra52x2es7dmsvpmcp2922h89h346awe7yuu664e50yvrzaaqe,13,20,ranket2.github.io,2,11,20000000000,37c7da28cacc3cddc181de02a2a957396f1aebaecf89ce6b55cd1e46,False,False,28969882722921,0.9999,False,COINTAX,505883572,100000000,175711433201,1744769262,,0,0,0,0,0,0,0,0,0,0,CTAX,542,True
2395856032837,pool1w3xys99a8xmwcwse4tqpqmyqqzykryfc4w7cvvjusej0vnxdlrf,0,16,socious.io,1,29,2000000000,744c4814bd39b6ec3a19aac0106c800089619138abbd86325c8664f6,False,False,2390449404908,0.9999,False,Socious THANK Pool,1495641463,0,9918773677,1744624438,,0,0,0,0,0,0,0,0,0,0,THANK,29,True
999110614085,pool13nn6lk6dx5ww95h5qqeeazyp074j7en8e6qszq62rtj9wcx522z,0,10,,,7,170000000,8ce7afdb4d351ce2d2f400339e88817fab2f6667ce8101034a1ae457,False,False,999817822739,0.02,False,Meria,558766372,1000000,1721451308,1744383221,,3954010105,0.0143,0,0.0126,0.0143,0,0,0.0143,0.0083,0.0143,MERIA,18,True
2752810626498,pool189lfh7azuvxu0hyskwahnp35rtez0mzhsmule3742p3jkza00cq,1,15,,,91,170000000,397e9bfba2e30dc7dc90b3bb7986341af227ec5786f9fcc7d550632b,False,False,2526273979750,0,False,SEBI,1012470893,1000000000,2210000000,1744287989,,9118521814,0.0159,0,0.0165,0.0164,0.0233,0.0154,0.0159,0.0188,0.0159,SEBI,35,True
16134908126961,pool1a0kp4vl4fh0p0rs8s08rm7qq3vkj3epwraayk3sdgm8sz0zwt7t,4,20,biglazycat.com,1,593,170000000,ebec1ab3f54dde178e0783ce3df8008b2d28e42e1f7a4b460d46cf01,False,False,16990833316558,0,False,BigLazyCat2,4130061759,1000000000,3060000000,1744250276,,66907466675,0.0216,0,0.0206,0.0216,0.0139,0.0154,0.0216,0.0195,0.0216,BLC2,213,True
74000001000000,pool1a5ld0eulnjxwpg6qyjs6hxzqwj0esft7k0qsf6nj8pkfxy5lml3,11,2,,,1,340000000,ed3ed7e79f9c8ce0a34024a1ab9840749f98257eb3c104ea72386c93,False,False,74000001000000,1,False,,74000001000000,73000000000000,0,1743170338,,0,0,0,0,0,0,0,0,0,0,,78,True
74033839802858,pool1cxjqg6nn588ura2rx4uptwprgzw82j89j2gjguwhtun4ypw2sh4,30,22,,,1,340000000,c1a4046a73a1cfc1f543357815b823409c7548e592912471d75f2752,False,False,74000216200000,1,False,,74000216200000,73000000000000,658184320571,1743170014,,0,0,0,0,0,0,0,0,0,0,,1544,True
131788338823,pool1j0ys5378p896epefs0q2ehx3h9rrd4gupd33adkza7g3q02f6np,0,9,,,7,170000000,93c90a47c709cbac872983c0acdcd1b94636d51c0b631eb6c2ef9110,False,False,168963227228,0,False,LaoBai 老白- 0% fee,11756286004,10000000000,1530000000,1743114495,,3807048659,0.0220,0,0.0265,0.0235,0,0,0.0220,0.0062,0.0220,LBAI,15,True
1121059518004,pool1e984zjl55jxym2v57f4axfss0geg0qundlhcmmwlj8ekqrk5e62,0,11,,,2,170000000,c94f514bf4a48c4da994f26bd326107a328783936fef8deddf91f360,False,False,1121308042038,0,False,MOLEHOLE,5340470827,1500000000,3755619575,1743095634,,118539862,0.0005,0,0.0006,0.0005,0.0001,0.0001,0.0005,0.0001,0.0005,MOLEH,13,True
941087371911,pool1qeqylk3pnenvt3j4mah2dafcnd3h8uc3fqhvfzrxlxf3xuvdvvp,0,14,no-tax.biz,1,2,340000000,06404fda219e66c5c655df6ea6f5389b6373f311482ec48866f99313,False,False,942133462902,0.9999,False,LILIE Stake Pool,1892955315,750000000,6037974443,1743062797,,161820,0.0000,0,0.0000,0.0000,0,0,0.0000,0.0000,0.0000,LILIE,19,True
721080377,pool1gn4vygcs9trs7pzzdcwv6djr69eq5ux8dmwy028zk5vhcpgn8ty,0,0,,,2,340000000,44eac223102ac70f04426e1ccd3643d1720a70c76edc47a8e2b5197c,False,False,721080377,0.01,False,哪吒矿池,204237406,100000000,0,1742811739,,0,0,0,0,0,0,0,0,0,0,NEZHA,0,True
7832808035,pool10hua8csg69l59hv4v48fpzcap726l48g77kckdg27zm5v349p69,0,0,,,5,170000000,7df9d3e208d17f42dd95654e908b1d0f95afd4e8f7ad8b350af0b746,False,False,42468253455,0,False,TerraTrust,7642189688,5000000000,0,1742674798,,0,0,0,0,0,0,0,0,0,0,TERRA,0,True
19080362401518,pool1fuu0vcmzc28lqm09m4j3llg64ghf9j36tcsp9vcy3kpnz9pg9hn,10,24,quarashi777.github.io,1,9,170000000,4f38f66362c28ff06de5dd651ffd1aaa2e92ca3a5e2012b3048d8331,False,False,19088041939999,1,False,AID POOL,129308470588,80000000,129211775483,1742478845,,0,0,0,0,0,0,0,0,0,0,AID,394,True
74030068698106,pool1kphkk90f2mculhcndpdd3a7ukvptzqrgyr9jtuvw6c5z2dptuph,19,22,,,1,340000000,b06f6b15e956f1cfdf13685ad8f7dcb302b1006820cb25f18ed62825,False,False,74001376722102,1,False,,74001376722102,73000000000000,665548513745,1742472665,,0,0,0,0,0,0,0,0,0,0,,1560,True
74037210678077,pool1ntlyr9hrrdg3gpdkmr267hq46ys2rlj5y25dzx3reuecgd7p5sh,24,22,,,1,340000000,9afe4196e31b511405b6d8d5af5c15d120a1fe5422a8d11a23cf3384,False,False,74000000831419,1,False,,74000000831419,73000000000000,654216172625,1742472257,,0,0,0,0,0,0,0,0,0,0,,1531,True
7199657266388,pool1hx4wc45qhhychdvquhem0q3madcs2mp4r0wllk70zkpxz7jhyf4,6,22,,,1,340000000,b9aaec5680bdc98bb580e5f3b7823beb71056c351bddffdbcf158261,False,False,7186709895328,1,False,,7186709895328,0,143061712064,1742471775,,0,0,0,0,0,0,0,0,0,0,,416,True
4557696374000,pool1nffpy6r7l4ueeedzvvzsta2vty9g6mtet6huuhfzyvndkwd35dl,2,10,thc-room335.com,6,33,340000000,9a5212687efd799ce5a2630505f54c590a8d6d795eafce5d222326db,False,False,4560262083900,0,False,ADA Labo,105694619,100000000,2720000000,1742373825,,8830739835,0.0160,0,0.0164,0.0163,0.0199,0.0171,0.0160,0.0165,0.0160,ALAB,38,True
27980440725,pool158je65d93ghx2sedvazczpxjvnx0k6mwxwup8vv6uxnz2x0xal4,0,1,,,2,340000000,a1e59d51a58a2e65432d67458104d264ccfb6b6e33b813b19ae1a625,False,False,27980440725,0.01,False,Samos Staking,1121419010,1100000000,340152676,1742135318,,15114928,0.0017,0,0.0033,0.0022,0,0,0.0017,0,0.0017,SAMOS,1,True
7369348031887,pool10pd44d65586rldtdzuu88e7mn4sxjctvdksmt05nnqfzqu7g7hd,2,26,thc-room335.com,5,35,340000000,785b5ab754a1f43fb56d173873e7db9d6069616c6da1b5be93981220,False,False,7362248307784,0.9999,False,Rama DeFi Bangkok,129787221,100000000,97720457711,1742054171,,9262984,0.0000,0,0.0000,0.0000,0.0000,0.0000,0.0000,0.0000,0.0000,RDB,288,True
1096386936461,pool1xmtmp6cmmmaatkn3jd9dlht8xjyf7xnqmrurs59kj2ygxuz2jkd,0,13,,,5,345000000,36d7b0eb1bdefbd5da71934adfdd6734889f1a60d8f83850b6928883,False,False,1096735633112,0.15,False,Nirvana,5934641762,500000000,4531565987,1741852374,,2218873964,0.0060,0,0.0035,0.0070,0,0.0001,0.0060,0.0035,0.0060,NRVN,20,True
513640530,pool1wez7d86xlurc8cr7v8qehx7z7qdyegjwyvcawjjsj2dxvagadgy,0,0,,,1,345000000,7645e69f46ff0783e07e61c19b9bc2f01a4ca24e2331d74a50929a66,False,False,513467241,0.08,False,,513467241,100000000,0,1741608516,575,0,0,0,0,0,0,0,0,0,0,,0,True
11467459574640,pool14mhf0xtx45a8979mcnad8upas8apwal4nfqd95arv4wlsuk6m9q,2,26,wavepool.digital,14,4,340000000,aeee979966ad3a72f8bbc4fad3f03d81fa1777f59a40d2d3a3655df8,False,False,11372399196388,0.04,False,GMO Coin Staking Pool,11300733910606,10000000000000,11933861368,1741225843,,90572673068,0.0212,0,0.0209,0.0206,0.0124,0.0193,0.0212,0.0241,0.0212,GMO2,296,True
91358376415,pool1k5a5e3ylva34qpmwdywv7fn75wt3gzv423e9uw2vmw5rqjc2q7t,0,0,,,3,170000000,b53b4cc49f676350076e691ccf267ea39714099554725e394cdba830,False,False,91358376415,0,False,MaxCardano🚀🚀0% Fees🚀🚀,40544709898,500000000,0,1740866295,,0,0,0,0,0,0,0,0,0,0,MAXC,0,True
608742826387,pool1p00qq8zftf8m2ll0r9d24fx6tq7yzxzy5teltpswl7zew5m7nqp,0,3,,,52,340000000,0bde001c495a4fb57fef195aaaa4da583c411844a2f3f5860eff8597,False,False,593319688851,0.02,False,Talos Stake Pool,5900398440,5000000000,1034577777,1740531902,,714311103,0.0009,0,0.0034,0.0017,0.0206,0.0137,0.0009,0.0069,0.0009,TALOS,5,True
518512949,pool1yu9y9qvqu2d399qvzcy2ugnrsw4vh8uzsufq8jhyfrsjk563jqc,0,0,,,1,340000000,270a428180e29b12940c1608ae226383aacb9f82871203cae448e12b,False,False,518512949,0.02,False,ViHorsePool,518512949,500000000,0,1740248517,,0,0,0,0,0,0,0,0,0,0,VHOSS,0,True
211706215829,pool1qm06f4n2hwgeqzm9lsc3rdyqcsvtt2d7z76carwxjv0e274mu24,0,6,ecopool.io,1,10,340000000,06dfa4d66abb91900b65fc3111b480c418b5a9be17b58e8dc6931f95,False,False,211706215829,0.009,False,ECO Pool Two,5086924010,5000000000,1700674799,1740171643,,74303015,0.0011,0,0.0010,0.0010,0,0,0.0011,0.0005,0.0011,ECO,6,True
10430496308,pool12p907u2s7hh84cn8xn26h8ytdtftrv4u8fe6xznl4xasvckxd8r,0,0,,,5,300000000,504aff7150f5ee7ae26734d5ab9c8b6ad2b1b2bc3a73a30a7fa9bb06,False,False,10430496308,0.01,False,APL,185658421,100000000,0,1739636340,,0,0,0,0,0,0,0,0,0,0,APL,0,True
27589827845751,pool1m06dl8dfcy6d0475fanf0mtnnp2tzhw8rarums042q3jux23q0j,2,32,bitcoinsuisse.com,2,380,170000000,dbf4df9da9c134d7d7d44f6697ed739854b15dc71f47cdc1f550232e,False,False,27449010012517,1,False,BitcoinSuisse01,338198163478,100000000,338089781299,1739441268,,0,0,0,0,0,0,0,0,0,0,BTCS,971,True
31109707750,pool15jh849vks9mctm28xe6kgz682vnlu0pzawvftl7ltjtvwpwp59s,0,0,,,2,170000000,a4ae7a9596817785ed473675640b475327fe3c22eb9895ffdf5c96c7,False,False,31108395347,0.03,False,Guava Pool,5116737985,5000000000,0,1739153563,,0,0,0,0,0,0,0,0,0,0,GUAVA,0,True
5028762563351,pool13xzckaj3srgldr67dksx874jxe3c9xnc245xyr44p7cdxh07hft,1,5,dappcentral.net,7,44,340000000,89858b765180d1f68f5e6da063fab23663829a785568620eb50fb0d3,False,False,5482072795315,0.025,False,Late Game Crypto,5007668133,5000000000,732862081,1739067888,,2411781981,0.0079,0,0.0088,0.0085,0.0077,0.0100,0.0079,0.0094,0.0079,LGC,13,True
101148331059,pool1wlzug8x3xu6dy60pdj6mrkcpvc0fa0cjje6fzxegl4f8ua97dvw,0,1,,,8,170000000,77c5c41cd13734d269e16cb5b1db01661e9ebf129674911b28fd527e,False,False,101148331059,0.03,False,TIPFS - Tokens for IPFS storage,100460144794,100000000000,175705133,1739056192,,184465996,0.0043,0,0,0.0074,0,0,0.0043,0,0.0043,TIPFS,1,True
760372987709,pool1ktkhv4sw2y68d4xgfg9sjw829kejnvnh5zajq6g7jycry6cd7h5,0,19,,,95,340000000,b2ed76560e513476d4c84a0b0938ea2db329b277a0bb20691e913032,False,False,818707838183,0.99,True,Empowa LSPO,50717841056,50000000000,8543521015,1738766515,,24480020,0.0001,0,0.0001,0.0001,0.0000,0.0000,0.0001,0.0000,0.0001,EMPL,25,True
21173630474100,pool130c3kgpkjctag540j7sxqfrlhsmpc6d8u0n7j6crm9ayy75mkpt,2,35,,,4,20000000000,8bf11b20369617d452af97a060247fbc361c69a7e3e7e96b03d97a42,False,False,21179906646746,0.9999,False,TOIRO Pool,6472938151,100000000,241600288516,1738489114,,0,0,0,0,0,0,0,0,0,0,TOIRO,699,True
74029589860646,pool1yyar66t9fw9dscj8huhredgwplcnf22zq7q7vugur0t5c9nzt97,24,16,,,1,340000000,213a3d69654b8ad86247bf2e3cb50e0ff134a9420781e6711c1bd74c,False,False,74000000831067,1,False,,74000000831067,73000000000000,458990472836,1737449925,,0,0,0,0,0,0,0,0,0,0,,1095,True
0,pool1hv59awqky90plv68xun2k3rd7jqfe5y2c4ry8f7p0x9pxhd7wqr,0,0,,,1,340000000,bb285eb816215e1fb3473726ab446df4809cd08ac54643a7c1798a13,False,False,0,1,False,,0,73000000000000,0,1737449862,,0,0,0,0,0,0,0,0,0,0,,0,True
637670134157,pool1ht35ft8az9k9u7gnc2yut7usj96he5mqngthunyf2kmnsl2kmed,1,15,,,6,170000000,bae344acfd116c5e7913c289c5fb9091757cd3609a177e4c8955b738,False,False,628798201107,0.03,False,cPoker,102277713233,100000000000,2470137041,1737398810,,2914431204,0.0120,0,0.0101,0.0079,0,0.0067,0.0120,0.0033,0.0120,POKER,16,True
42768792058413,pool18xu4fh88v4naq5u3x9ya5aevfkrfd7a8a4gw6sejdvjnsrpud2a,12,32,stake1u8ww9v63kydymm7hslk4mxyte36str9ehdz06lzsu5r4jlq0e2shk,1,1,340000000,39b954dce76567d053913149da772c4d8696fba7ed50ed43326b2538,False,False,42752345544443,1,False,,42752345544443,0,391882883586,1737323153,,0,0,0,0,0,0,0,0,0,0,,1138,True
209744350921,pool1ksye6zwlzaytspldngc3966aj79zkjvmkykydu2txay75c0krfp,0,0,,,58,170000000,b4099d09df1748b807ed9a3112eb5d978a2b499bb12c46f14b3749ea,False,False,205812340024,0.01,True,The Dutch Stake Pool,3594223452,3500000000,0,1736954992,,0,0,0,0,0,0,0,0,0,0,TDSP,0,True
3300667044,pool1rf2q4a04tgrwpuj5xg4sf0dj737ytaqs8s6yuyps55r6s87x7v7,0,0,,,4,340000000,1a540af5f55a06e0f254322b04bdb2f47c45f4103c344e1030a507a8,False,False,3300667044,0.01,False,Cryptopian,1000986218,1000000000,0,1736621251,,0,0,0,0,0,0,0,0,0,0,CPTN,0,True
24401699929073,pool153sc4fct34a680nyfj4084w8dpax6c0zt0js8zqvg3sj7wtk486,4,38,,,49,340000000,a4618aa70b8d7ba3be644caaf3d5c7687a6d61e25be503880c44612f,False,False,24405193232618,0.03,False,SASA Stake Pool2,96244450,80000000,20187807767,1736395814,,256979118359,0.0232,0,0.0225,0.0231,0.0133,0.0143,0.0232,0.0199,0.0232,SASA2,801,True
177164637973,pool1kftku3r6truhvjm75gsh9pm33zfv7nuwas88m5sxqqknyyj82gf,0,1,,,43,170000000,b2576e447a58f9764b7ea2217287718892cf4f8eec0e7dd206002d32,False,False,177347059154,0.01,False,NORBY,579724864,500000000,171967789,1736256534,,194811136,0.0027,0,0,0,0,0,0.0028,0,0.0027,NORBY,1,True
106406228253,pool18mnua97ndq302yw2c6aaw6msx5rgf79mfnk4xe5y92tvjl45etl,0,2,,,20,170000000,3ee7ce97d36822f511cac6bbd76b70350684f8bb4ced5366842a96c9,False,False,148338048329,0,False,Cahli Pool,2000396964,2000000000,340000000,1735855484,,367512114,0.0402,0,0.0383,0.0660,0,0,0.0438,0.0486,0.0402,CAHLI,2,True
37153809158987,pool1nhhsh9yhlrvj9e3nce0zpx0xm2xlt6tx7gqakhr6hjc8wy84sat,15,39,stake1uxlhuz4u3qn8kvu00v70wxde8ul2w473krvlekrgee49yjcp9mad8,4,2260,340000000,9def0b9497f8d922e633c65e2099e6da8df5e966f201db5c7abcb077,False,False,37122262770591,0.1,False,,0,0,51929508970,1735845425,,354145580861,0.0214,0,0.0192,0.0202,0.0104,0.0167,0.0215,0.0176,0.0214,,1186,True
332645379776,pool17am8pt0vu7zp8du7edlnz7x9sq4pln22rsn802gkr062vtp6fdp,0,13,hodlerstaking.com,1,32,170000000,f77670adece78413b79ecb7f3178c5802a1fcd4a1c2677a9161bf4a6,False,False,332991819843,0,False,Mithril ▫ 0% fee,11200064126,2001000000,2040000000,1735761917,,3735855231,0.0189,0,0.0080,0.0078,0,0.0149,0.0190,0.0153,0.0189,HODLR,17,True
4823917912,pool1w2s88xpylulw3l8naaql9wzxqwra06n8c2lwklmph25zjkvwuvj,0,0,flairstaking.io,1,2,170000000,72a0739824ff3ee8fcf3ef41f2b8460387d7ea67c2beeb7f61baa829,False,False,4823917912,0,False,FlairStaking II,4823917912,4000000000,0,1735745624,,0,0,0,0,0,0,0,0,0,0,FLR2,0,True
7212930013769,pool1jvknf3dwtnqln5hcjrh5m7s979revuj5dlxr0337nwmm6p7250q,1,40,,,7,170000000,932d34c5ae5cc1f9d2f890ef4dfa05f1479672546fcc37c63e9bb7bd,False,False,7209432189204,1,False,SQQQ Stake Pool,329045534,100000000,93438397186,1735567187,,0,0,0,0,0,0,0,0,0,0,SQQQ,268,True
1509977478,pool12ptdh2np3sl3c9zxaaz58ka775hv3z9f4nypgn5dlhp0w4qcd0e,0,0,,,1,170000000,5056dbaa618c3f1c1446ef4543dbbef52ec888a9acc8144e8dfdc2f7,False,False,1509977478,0,False,mingster,1509977478,1000000000,0,1735394808,,0,0,0,0,0,0,0,0,0,0,MINGS,0,True
34614371684,pool1g7axcymry0dz86usn9np76gm2tankhh478k2x3uc7v0pugcv2xp,0,0,,,4,170000000,47ba6c136323da23eb9099661f691b52fb3b5ef5f1eca34798f31e1e,False,False,34614371684,0.02,False,DanubeNode,691294553,500000000,0,1735005694,,0,0,0,0,0,0,0,0,0,0,DANUB,0,True
425148939978,pool1jzzacpnd5zu5ys29v4qjntf50vvdhn69wt2rpdquweclzayyrkt,0,14,,,3,340000000,9085dc066da0b9424145654129ad347b18dbcf4572d430b41c7671f1,False,False,425148939978,0,False,LOHAN,15097892895,10000000000,4760000000,1734998075,,983579647,0.0045,0,0.0056,0.0043,0,0,0.0047,0.0104,0.0045,LOHAN,16,True
45797874077527,pool1jcetszf3sh39hc8nezj5pzj3ukg4fhfjwdqkmwg8ern8u3c4y7v,6,43,,,3,170000000,9632b8093185e25be0f3c8a5408a51e59154dd3273416db907c8e67e,False,False,45814611490518,0.06,False,,3437781903,100000000,61660284989,1734615990,,856814465140,0.0234,0,0.0221,0.0227,0.0099,0.0143,0.0233,0.0196,0.0234,,2646,True
18291594283272,pool1kjhpg98jhm08usqg4sh5x9esa595apyw75qczyjp3z24g0cdate,4,43,,,3,170000000,b4ae1414f2bede7e4008ac2f431730ed0b4e848ef501811241889554,False,False,18295081244310,0.06,False,,1527529140,100000000,26049376002,1734615035,,298910224323,0.0223,0,0.0205,0.0201,0.0125,0.0146,0.0215,0.0162,0.0223,,915,True
166285465168,pool1qcw5gq4zsxupu33q4g7d4hqw87tmlzclqut3c9wexczpwfmqfal,0,8,,,11,170000000,061d4402a281b81e4620aa3cdadc0e3f97bf8b1f07171c15d9360417,False,False,166314886881,0,False,OvO Stake Pool,11696122153,10000000000,1530784454,1734608113,,1311702834,0.0156,0,0.0332,0.0256,0.0401,0.0266,0.0165,0.0266,0.0156,OvO,10,True
4864782956672,pool1k8s63hvxl5un403f0lwqm87f7svwn2j7vpeflgupvkhqkjpknut,2,27,,,2,170000000,b1e1a8dd86fd393abe297fdc0d9fc9f418e9aa5e60729fa38165ae0b,False,False,4866875133294,0.06,False,,856508643,100000000,6597004383,1734602172,,36769735552,0.0121,0,0.0197,0.0185,0.0037,0.0099,0.0139,0.0177,0.0121,,129,True
61489170469,pool17g46wmt95mmn78pkcr2mgdd5n9q8glpg2j034udccrg974mtndm,0,5,,,12,340000000,f22ba76d65a6f73f1c36c0d5b435b49940747c28549f1af1b8c0d05f,False,False,58860804852,0,False,Verdant Stake Pool,2715493398,1000000000,1700000000,1734564580,,825389783,0.0084,0,0.0010,0.0006,0,0,0.0086,0,0.0084,VERD,7,True
972861606079,pool12m0v0myprg2nfvlymzaghvjrzhnlzkh2psn3sur2nhkj5wpkdmh,0,30,dappcentral.net,6,100,170000000,56dec7ec811a1534b3e4d8ba8bb24315e7f15aea0c2718706a9ded2a,False,False,777806947720,0,False,Dapp Central Stake Pool,4736062,1000000000,9391342286,1734495458,,10711942110,0.0153,0,0.0211,0.0175,0,0.0410,0.0154,0.0214,0.0153,DAPP,58,True
146139070,pool1g6czdusgxwskqy8evsnxvqkg2a70rpjtv0maauldl5uusmhm94a,0,0,nvetech.github.io,1,1,340000000,46b026f20833a16010f964266602c8577cf1864b63f7def3edfd39c8,False,False,146139070,0.05,False,Alrescha StakePool,146139070,100000000,0,1733902935,,0,0,0,0,0,0,0,0,0,0,ALRES,0,True
351835611,pool1qelp62ghdjald2mfsmfd4k82y0rnd2e8udypc8vu58fwkpaceml,0,0,,,2,225000000,067e1d29176cbbf6ab6986d2dad8ea23c736ab27e3481c1d9ca1d2eb,False,False,351835611,0.015,False,,156561817,100000000,0,1733803182,,0,0,0,0,0,0,0,0,0,0,,0,True
2507450477,pool13y37atzdckzr0gvj8mtnma49602jjtcw2dhr9zmpy4rase88j6p,0,0,,,1,170000000,8923eeac4dc58437a1923ed73df6a5d3d5292f0e536e328b612547d8,False,False,2507450477,0,False,Bakery,2507450477,2000000000,0,1733099081,,0,0,0,0,0,0,0,0,0,0,BKRY,0,True
1453613918284,pool1phgu0sftpeantu8smmve8w2pa0n4jhhxekrls8h8mnyuvm8m5t8,0,44,,,11,170000000,0dd1c7c12b0e7b35f0f0ded993b941ebe7595ee6cd87f81ee7dcc9c6,False,False,1442901217151,0,False,0dd1,1276885653136,1250000000000,7310000000,1732753335,,39553633705,0.0241,0,0.0236,0.0208,0.0133,0.0118,0.0243,0.0141,0.0241,0dd1,130,True
0,pool1nwljjun9hsly0vkuq2kuxzleteyl35j9s8ap4x9yh4lpuglxmu3,0,0,,,1,310000000,9bbf297265bc3e47b2dc02adc30bf95e49f8d24581fa1a98a4bd7e1e,False,False,0,0.03,False,,0,100000000,0,1732741050,,0,0,0,0,0,0,0,0,0,0,,0,True
3373709283575,pool154xmvhp4jnz7phwcla09uvzqnn3ch54lh2yzrt2znxdgc4trp8x,2,22,,,73,170000000,a54db65c3594c5e0ddd8ff5e5e30409ce38bd2bfba8821ad42999a8c,False,False,3371810356861,0.0199,False,Frogs on Cardano,106427378,100000000,5399198678,1732734381,,15497454211,0.0216,0,0.0254,0.0241,0.0212,0.0180,0.0235,0.0265,0.0216,LEAP,64,True
470150759,pool1uhdcmcn36vq8kk3207tqjwp90t0nwr49pc498wh5vxmgqyr78d5,0,0,,,3,170000000,e5db8de271d3007b5a2a7f960938257adf370ea50e2a53baf461b680,False,False,470150759,0,False,HalalADA,0,0,0,1732378464,,0,0,0,0,0,0,0,0,0,0,HLAL1,0,True
63650555767633,pool1zgjk3dzwcwd02juqntuzknr368hvxjxy8l8uzkxvgu4252d7ekf,16,52,,,3,170000000,122568b44ec39af54b809af82b4c71d1eec348c43fcfc158cc472aaa,False,False,66145550202174,0.03,False,,4508284507,100000000,29974709931,1730474189,,694348955211,0.0242,0,0.0213,0.0231,0.0125,0.0164,0.0238,0.0212,0.0242,,2093,True
62721497811,pool1pjc7paja05sa5uzukgkc0wn6hfwmx37a50akys5hrhx3j96vf2j,0,0,,,6,170000000,0cb1e0f65d7d21da705cb22d87ba7aba5db347dda3fb6242971dcd19,False,False,62721497811,0.02,False,,10597303940,10000000000,0,1729994037,,0,0,0,0,0,0,0,0,0,0,,0,True
144152866,pool19qa8uctj5ql4e2uwslpruak6655h02l8fkmwjlanq8qnqyap357,0,1,,,1,300000000,283a7e6172a03f5cab8e87c23e76dad52977abe74db6e97fb301c130,False,False,144152866,0.01,False,BigBlueWhalePool,144152866,100000000,345622862,1729939568,,40901283,0.0039,0,0,0,0,0,0,0,0.0039,BBWP,1,True
45656619684,pool1fdgzsd07tq6t7zd44na0a72kz6gpedp9avny02z7qsx9ywr3le7,0,19,,,1,170000000,4b502835fe5834bf09b5acfafef95616901cb425eb2647a85e040c52,False,False,895622827265,1,False,,895622827265,20000000000000,159804573507,1729269899,,0,0,0,0,0,0,0,0,0,0,,444,True
154570461949,pool1aa4cn4khwq76cs8u2fkgayrea9xwh7x82lnvz2wep03l6lmzp3g,0,11,,,45,170000000,ef6b89d6d7703dac40fc526c8e9079e94cebf8c757e6c129d90be3fd,False,False,144206722800,0.99,False,CHARLI3,4414180455,10000000,4399958686,1729200398,,25555143,0.0002,0,0.0000,0.0001,0,0,0.0001,0,0.0002,C3L1,12,True
18621456500981,pool1w4g7j8u97pvu2q7gsdaupnng0a2vmyllygfewhc29m2j5cehysn,4,57,,,16,345000000,7551e91f85f059c503c8837bc0ce687f54cd93ff2213975f0a2ed52a,False,False,18640802619792,0.15,False,MIMICPool,1533678631,200000000,69111883610,1728319999,,284109007320,0.0205,0,0.0185,0.0191,0.0065,0.0102,0.0200,0.0158,0.0205,MIMIC,988,True
11206431472662,pool13fpvzhz7p0f4c960k44erfykflr7qdp86t6jnxlfamhqcmfha42,2,49,coinex.com,1,4,340000000,8a42c15c5e0bd35c174fb56b91a4964fc7e03427d2f5299be9eeee0c,False,False,11209918432351,0.1,False,CoinEx Pool,35223179328,2000000,35013037758,1727086600,,171297340004,0.0203,0,0.0201,0.0195,0.0102,0.0147,0.0205,0.0184,0.0203,CET,583,True
123055182,pool1uwk437q9npu9yhsj5r3qdnkq6r47wvyfzjp0c52932esg5rgnkx,0,0,,,3,340000000,e3ad58f8059878525e12a0e206cec0d0ebe730891482fc51458ab304,False,False,123055182,0.03,False,Support charity and help donate to a good cause,107413297,100000000,0,1726864358,,0,0,0,0,0,0,0,0,0,0,HELP,0,True
123042202,pool1llwt52flj60vwd2tv3z4qzynu9p2njvsm95cf603zemlua4f955,0,0,,,3,340000000,ffdcba293f969ec7354b6445500893e142a9c990d96984e9f11677fe,False,False,123042202,0.03,False,Support charity and help donate to a good cause,107414793,100000000,0,1726864358,,0,0,0,0,0,0,0,0,0,0,PRAY,0,True
5248778914587,pool1gnnwyf9vwcgtm3us0w0duuy43r9k7yhnchvyx0xqv9766ysw2a9,0,63,,,16,170000000,44e6e224ac7610bdc7907b9ede709588cb6f12f3c5d8433cc0617dad,False,False,5249476305987,0,False,ADA 2 ALL,7696654407,0,19210000000,1725556833,,90686795423,0.0237,0,0.0227,0.0244,0.0085,0.0115,0.0234,0.0193,0.0237,A2A,301,True
101000000,pool13zagy9a4nnhgme5wcnl0w3xzt523yn76jxh52360rryexc9f9dc,0,0,,,1,170000000,88ba8217b59cee8de68ec4fef744c25d15124fda91af45474f18c993,False,False,101000000,0,False,XODO,101000000,100000000,0,1725446071,,0,0,0,0,0,0,0,0,0,0,XODO,0,True
68194245941710,pool1xsj9s3mfpztls97x7jjql0msmeh5v3wa5vyqhmmmsx8jzsqxrsv,16,57,,,4,340000000,34245847690897f817c6f4a40fbf70de6f4645dda3080bef7b818f21,False,False,68215167020775,0.03,False,,3245597776,100000000,51019797984,1724775794,,1077986802269,0.0223,0,0.0224,0.0229,0.0119,0.0175,0.0239,0.0221,0.0223,,3195,True
517425000,pool1jh5p5627hzqxdzjutfenz83qs7p2qtha4kvst3hs0829sdc0ksm,0,0,,,1,170000000,95e81a695eb880668a5c5a73311e208782a02efdad9905c6f079d458,False,False,517425000,0.03,False,Pao Pool,517425000,500000000,0,1724467473,,0,0,0,0,0,0,0,0,0,0,PAO,0,True
1510867669730,pool1wnpac2c9am0h3yx2luh9tlsdhcpz2tmfyqjm8g8f67afk7fa6mh,1,51,,,49,170000000,74c3dc2b05eedf7890caff2e55fe0dbe02252f692025b3a0e9d7ba9b,False,False,1511966504192,0.05,False,FNX Stake Pool,20142714789,10000000000,9616489894,1723653479,,24443308400,0.0160,0,0.0233,0.0164,0.0286,0.0328,0.0192,0.0315,0.0160,FNX,96,True
1030587411040,pool1j3kzujz0m07detlksr26sx7smft8xn280695zgu60zjhge9566f,1,46,,,3,290000000,946c2e484fdbfcdcaff680d5a81bd0da56734d477e8b41239a78a574,False,False,1030587411040,0.03,False,TCSP1,16563995810,2000000000,14073821939,1723463913,,11235651888,0.0122,0,0.0029,0.0024,0.0021,0.0028,0.0073,0.0028,0.0122,TCSP1,69,True
4763074277,pool1pup39uk3d9hl8vg3v0evn3hxkxygkas0asekng7x9cpx5f2r6d6,0,0,linkberry.info,2,3,170000000,0f0312f2d1696ff3b11163f2c9c6e6b1888b760fec3369a3c62e026a,False,False,4762902528,0.01,False,Domesticated,442351142,100000000,0,1722864960,,0,0,0,0,0,0,0,0,0,0,TAMED,0,True
7222364050,pool13rcsycq8h085yfu7m3s48gqf9gsxg26fp89q27e3l788k8xa4ea,0,0,mattsmith1980.github.io,1,3,345000000,88f1026007bbcf42279edc6153a0092a20642b4909ca057b31ff8e7b,False,False,7222364050,0.15,False,Slashers,246637145,345000000,0,1722283975,,0,0,0,0,0,0,0,0,0,0,SLASH,0,True
62032377244119,pool16f95up5u5lyqne5mnxmlhe0rgdgmya27mph288r6gw0ukegjffa,26,43,,,467,170000000,d24b4e069ca7c809e69b99b7fbe5e34351b2755ed86ea39c7a439fcb,False,False,66066948002019,0,True,Maracuja-Pool,62175957480,30000000000,6970000000,1721510922,,291442929908,0.0246,0,0.0246,0.0247,0.0144,0.0186,0.0249,0.0236,0.0246,MARAC,935,True
9038727711,pool1h92eaq3wksa7j3ecd8llyxva9kuyuz5ucm7a8hpwz8vhzj0wtsf,0,0,,,4,300000000,b9559e822eb43be9473869fff2199d2db84e0a9cc6fdd3dc2e11d971,False,False,10049976235,0.05,False,Stealth_Syntax,9038727711,0,0,1721213397,,0,0,0,0,0,0,0,0,0,0,SSX,0,True
533783500,pool1k26f25u5uqvhxuj20x3p72kx5gx4lc658f55kr328y5xzh0x4et,0,0,,,2,345000000,b2b4955394e01973724a79a21f2ac6a20d5fe3543a694b0e2a392861,False,False,533783500,0.15,False,RareEvo,503901303,100000000,0,1720814066,,0,0,0,0,0,0,0,0,0,0,BICKS,0,True
66747865589627,pool1cunvnkjkzh2lna593sjmkylcr3r5rmxdpr8r9u6pfuer72p24x4,16,68,ledger.com,7,9460,340000000,c726c9da5615d5f9f6858c25bb13f81c4741eccd08ce32f3414f323f,False,False,66768123839375,0.06,False,Ledger by Figment 3,9815889,2000000,96298820062,1720627530,,1157121514867,0.0229,0,0.0204,0.0213,0.0105,0.0123,0.0222,0.0183,0.0229,LBF3,3594,True
8585987,pool17agmzy52u2hh2f8zkuvzrvth94wdr3erlpng50thrlmryqvkz57,0,0,,,2,170000000,f751b1128ae2af7524e2b71821b1772d5cd1c723f8668a3d771ff632,False,False,8585987,0.015,False,Ruby Nodes,1000000,1000000000,0,1720557978,,0,0,0,0,0,0,0,0,0,0,RBN,0,True
2080437962,pool1l5ktcfhhsx66ms6ugguusytr0nnsy49t2684avev6dak55jc00t,0,0,,,7,200000000,fd2cbc26f781b5adc35c4239c811637ce70254ab568f5eb32cd37b6a,False,False,2063382149,0.6,False,PAINS,0,5000000000,0,1720455080,,0,0,0,0,0,0,0,0,0,0,PAINS,0,True
242641668370,pool1qn77pnnf6cf22qjjfd2kadudmdc77rw0uxked3m2arnn2ea2f9v,0,14,,,13,170000000,04fde0ce69d612a502524b556eb78ddb71ef0dcfe1ad96c76ae8e735,False,False,242988209831,0.01,True,BRI₳N,3063067333,500000000,2415368816,1720217015,,3501513311,0.0185,0,0.0151,0.0135,0,0.0190,0.0217,0.0097,0.0185,BRIAN,16,True
28293817258741,pool19kfm6lz5uw7nylq27swr367mqdycmug7tve94l6h3xsz64seqtc,9,10,kiln.fi,7,17,340000000,2d93bd7c54e3bd327c0af41c38ebdb03498df11e5b325aff5789a02d,False,False,28297978156508,0.05,False,Kiln,5981676092,100000000,5874938151,1720096169,,59943824950,0.0232,0,0.0233,0.0233,0.0206,0.0244,0.0232,0.0231,0.0232,KILN8,216,True
2686507139864,pool1agwy5atgc4ptg3whplaxyz28g4dgvsna8auktszctkq8xmtl7dh,0,68,,,7,170000000,ea1c4a7568c542b445d70ffa620947455a86427d3f7965c0585d8073,False,False,2688298326925,0,True,A Cardano Pool Named 8964,103500395279,89640000000,11584236376,1719880729,,63271517414,0.0232,0,0.0224,0.0260,0.0169,0.0129,0.0240,0.0203,0.0234,8964,200,True
71792992138363,pool1aqg8vxzv75zhjzjjd9s20fu6r0xz70yl8lk3teacwy7qyc2p2j7,23,78,kiln.fi,6,28,340000000,e81076184cf505790a526960a7a79a1bcc2f3c9f3fed15e7b8713c02,False,False,72673333158176,0.03,False,Kiln,6799834142,100000000,80656829367,1719588321,,1772410817411,0.0254,0,0.0215,0.0225,0.0096,0.0141,0.0233,0.0197,0.0252,KILN7,4995,True
1454151313533,pool1j55hm5wkgcegrpn25nnfl0rgjdje26fhw9uxmgxf8dez2uups3y,0,58,,,7,340000000,95297dd1d6463281866aa4e69fbc68936595693771786da0c93b7225,False,False,1454704312318,0.04,False,and transform the planet,10000000000,10000000000,20118508835,1719346373,,17724212645,0.0116,0,0.0146,0.0118,0.0002,0.0117,0.0123,0.0117,0.0107,UNITE,101,True
0,pool17dkgt30q7q53eavtrygh4p549wml9eq2339pfkuec6yf7x7h5rz,0,0,coinex.com,0,1,340000000,f36c85c5e0f0291cf58b19117a86952bb7f2e40a8c4a14db99c6889f,False,False,0,0.01,False,,0,10000000,0,1718875812,,0,0,0,0,0,0,0,0,0,0,,0,True
17564777613161,pool13h08lf24fjmxxg0mmuattjv8dvy0r6fc4hrqg4qmj38xsweexrv,3,77,ledger.com,6,16,170000000,8dde7fa5554cb66321fbdf3ab5c9876b08f1e938adc604541b944e68,False,False,35631493126882,0.1,False,qzsbu,3412115,2000000,125524793180,1718814826,,915523138961,0.0237,0,0.0182,0.0186,0.0097,0.0148,0.0219,0.0168,0.0239,qzsbu,2702,True
25187349304850,pool1t6n7rysk6wzm9wqxda6zxpzmm3j6256fs3mp06dc26n6503hhj4,5,80,,,759,170000000,5ea7e19216d385b2b8066f7423045bdc65a55349847617e9b856a7aa,False,False,24784447851938,0.01,True,Cardano Dave Pool,2000308782,2000000000,17787530908,1718544750,,448225563850,0.0246,0,0.0219,0.0222,0.0125,0.0139,0.0233,0.0193,0.0246,DAVE,1283,True
5620585031,pool1zdn25g5v2qlcnerghvj60djfzzex9q6aysr3mdqz37x7qryesjj,0,0,,,2,345000000,1366aa228c503f89e468bb25a7b64910b262835d24071db4028f8de0,False,False,5562442459,0.07,False,Flat Earth,536789741,150000000,0,1718097043,,0,0,0,0,0,0,0,0,0,0,FLAT,0,True
151761214757,pool1rg8yt3kqrzdch8edul6fm7n6achgvfyg8n6zhrpx5a83scz83ys,0,0,,,8,170000000,1a0e45c6c0189b8b9f2de7f49dfa7aee2e8624883cf42b8c26a74f18,False,False,151761214757,0.03,False,CATALYST POOL,285427333,100000000,0,1718080939,,0,0,0,0,0,0,0,0,0,0,CLYST,0,True
7812956423,pool1cvekct2pwhypvwrfw5e936vkk2kqhwsjxzkpf63xsc87klnsxqv,0,0,,,10,170000000,c3336c2d4175c8163869753258e996b2ac0bba1230ac14ea26860feb,False,False,7812956423,0.05,False,ChainPool,308431601,300000000,0,1717165760,,0,0,0,0,0,0,0,0,0,0,CHPL,0,True
73858229523009,pool1w4cetqsly2cz9fq2te95tnk2r56mh6ew6dmpyfctv2ldv8xuj9g,24,77,wavepool.digital,13,22,340000000,757195821f22b022a40a5e4b45ceca1d35bbeb2ed37612270b62bed6,False,False,73885495726341,0.04,False,WPBJ,72700388154266,30000000000000,90712892757,1717115802,,1565109427007,0.0275,0,0.0248,0.0256,0.0131,0.0174,0.0271,0.0222,0.0276,WPBJ4,4132,True
74591324079130,pool1mtuhuh8hkf8am0qzx45y58kll8q83sjh6pwljrflcmw970d82f3,13,82,kiln.fi,5,22,340000000,daf97e5cf7b24fddbc0235684a1edff9c078c257d05df90d3fc6dc5f,False,False,74614269918787,0.03,False,Kiln,7107122067,100000000,71958194244,1716645447,,1447181615209,0.0252,0,0.0228,0.0240,0.0114,0.0160,0.0244,0.0222,0.0253,KILN6,4144,True
62241303302441,pool1jakl9kqhx87ywc7fcxweaxvna9khxhzyh6v8j70u6zpaxa45ghh,2,71,,,4,170000000,976df2d81731fc4763c9c19d9e9993e96d735c44be987979fcd083d3,False,False,62259784195953,1,False,Thunderstruck,39625893544,100000000,1333647403937,1716477195,,0,0,0,0,0,0,0,0,0,0,THNDR,3592,True
5117605227931,pool1uu65k00dp467qsszmqwl6udwnet3zszgx8n3kmn2aq84sae8ha9,1,84,,,587,170000000,e7354b3ded0d75e04202d81dfd71ae9e5711404831e71b6e6ae80f58,False,False,5096343728557,0.9999,False,Nuvola Digital,4916207140,0,162338938782,1716114814,,14841418,0.0000,0,0.0000,0.0000,0.0000,0.0000,0.0000,0.0000,0.0000,NVL,433,True
547629794,pool1ymqwfp9p8m6g09a6ca0mkm0nmc0ezgnvhtj0vpsvnmyjvy8zh7z,0,0,swimmingpoolop.github.io,20,1,170000000,26c0e484a13ef48797bac75fbb6df3de1f91226cbae4f6060c9ec926,False,False,547629794,0.005,False,Emurgo-Alibaba Cloud pool,547629794,500000000,0,1715679724,,0,0,0,0,0,0,0,0,0,0,EMGAL,0,True
1024194958,pool1fttmappcugymuqxvayq2uew72cd8qej2gc5c9ajexsckswj3qza,0,0,,,6,170000000,4ad7be8438e209be00cce900ae65de561a70664a462982f659343168,False,False,1024194958,0,False,Capybara Pool,506259412,500000000,0,1714652285,,0,0,0,0,0,0,0,0,0,0,CAPY,0,True
596445745751,pool1suvska2n58hqxqzzqwpw3558072vkmng0jezzgtlsj625yk7gt8,0,32,,,15,170000000,87190b7553a1ee0300420382e8d2877f94cb6e687cb221217f84b4aa,False,False,618167819425,0,True,AIRX Stake Pool,1078745937,100000000,10710000000,1714578313,,16126532258,0.0144,0,0,0,0,0,0.0169,0,0.0144,AIRX,70,True
2854239338523,pool1w0s8vf9qse980vulgszvusw3800d6dlc7wkusr0aqvzlz75qgqg,1,68,linkberry.info,1,34,300000000,73e07624a0864a77b39f4404ce41d13bdedd37f8f3adc80dfd0305f1,False,False,2850835108119,0.15,False,Linkberry,37315422618,100000000,35724533151,1714557946,,48532033469,0.0167,0,0.0189,0.0183,0.0175,0.0262,0.0187,0.0235,0.0168,LIBE,230,True
5821117922204,pool1pqm2cev326p2mrruzw9xru65uvt3r7f0rdf5gtx54zdskxqhmur,1,90,cornucopias.io,1,590,170000000,0836ac65915682ad8c7c138a61f354e31711f92f1b53442cd4a89b0b,False,False,5831186184158,0.05,False,Cornucopias 2,97357775019,10000000000,518432600161,1714497636,,34657015824,0.0016,0,0.0225,0.0125,0.0071,0.0079,0.0051,0.0168,0.0019,COPIC,1427,True
335473491535,pool10ldeq0mccp8t4gfmvfkwmfcvh2pvz44hj2hmewfpk9udjxug58y,0,19,,,16,170000000,7fdb903f78c04ebaa13b626ceda70cba82c156b792afbcb921b178d9,False,False,335473491535,0,False,Stake Pool Bread,1302880033,100000000,3938437673,1714474339,,4838741966,0.0170,0,0.0199,0.0139,0,0,0.0168,0,0.0187,BREAD,24,True
3567962043149,pool1plgh3y74vhkj7l0wpxtnwtp22czfq004a69y40fptfg4kntvypm,0,82,,,7,340000000,0fd17893d565ed2f7dee0997372c2a5604903df5ee8a4abd215a515b,False,False,3568659435083,0.1,False,TeeNode,865595858,2000000,80993772957,1714028264,,481083956998,0.0223,0,0.0220,0.0238,0,0.0086,0.0241,0.0130,0.0222,Tee,1523,True
1166660135839,pool1lr02c9krwmtzr29e9h2w5e7crr9elss7qfflkr42j0ke6de4vh7,0,52,,,8,170000000,f8deac16c376d621a8b92dd4ea67d818cb9fc21e0253fb0eaa93ed9d,False,False,1167454657914,0.05,False,Namiki-Associates Cardano Pool,17825494158,1000000000,7534589636,1713069150,,17187203412,0.0142,0,0.0143,0.0151,0.0159,0.0284,0.0148,0.0177,0.0148,nmk,89,True
1937600113433,pool1k2cj852umvq5f527x9u7p58mnletdzx29gr4e4npv4nc6m3hch9,0,78,,,15,340000000,b2b123d15cdb0144d15e3179e0d0fb9ff2b688ca2a075cd66165678d,False,False,1938297830516,0,False,₳da Forever Pool [₳4EVR],155485193678,125000000000,26180000000,1712792671,,40205391107,0.0153,0,0.0200,0.0148,0.0060,0.0041,0.0153,0.0219,0.0155,A4EVR,177,True
345144434812,pool1tnymyv08dl3k9wyfz040vq626542ztm60wwyu7szwl5l6x9h3vl,0,47,,,44,340000000,5cc9b231e76fe362b88913eaf6034ad52aa12f7a7b9c4e7a0277e9fd,False,False,327685900255,0.01,False,Viet Cardano Community,5135958883,0,16265071417,1712639200,,28222072313,0.0178,0,0.0006,0.0006,0.0011,0.0007,0.0034,0.0007,0.0149,VCC,109,True
8513036898,pool1ks49mpnl7mhh4eqa7ff3krhqa8nnx7gx04cawe46qnjeufawr5z,0,0,,,6,340000000,b42a5d867ff6ef7ae41df2531b0ee0e9e73379067d71d766ba04e59e,False,False,8514560040,0.9,False,MOMONGA,2839123365,500000000,0,1712478680,,0,0,0,0,0,0,0,0,0,0,MOGA,0,True
50138447802,pool1vy9qerf9fenp893mqrdm58uj45w3etutv4n0vdh8669uvqenkqr,0,52,,,21,345000000,610a0c8d254e6613963b00dbba1f92ad1d1caf8b6566f636e7d68bc6,False,False,50138447802,0.035,False,Malama,6300317,7,18629683851,1712191884,,20347565678,0.0114,0,0.0012,0.0093,0,0,0.0149,0,0.0129,MLMA,102,True
7018637555,pool1zyjvzvvkppsepsv4d75t2lmxt5p3cpn73pw7jk9gstxh78aa9ah,0,0,,,4,170000000,1124c13196086190c1956fa8b57f665d031c067e885de958a882cd7f,False,False,7018637555,0.05,False,Myrmidon,495644361,100000000,0,1712136009,,0,0,0,0,0,0,0,0,0,0,MYR,0,True
231187580932,pool16qr7dz5q4vwf3n87t4lmr0d2zlr5knexpdzkuk4trc8dwed7aw3,0,29,,,2,340000000,d007e68a80ab1c98ccfe5d7fb1bdaa17c74b4f260b456e5aab1e0ed7,False,False,231177408479,0.02,False,YeatAnotherStakePool,703753428,15000000,9996478485,1711231611,,6687446490,0.0083,0,0,0.0003,0,0,0.0024,0,0.0065,YASP,42,True
367289456,pool1mvk6eup390pja32f2r9fgeus5sr5u8l6x9ver65tf7q76t6309z,0,0,,,1,170000000,db2dacf0312bc32ec54950ca946790a4074e1ffa315991ea8b4f81ed,False,False,367289456,0.015,False,CardanoStaker,367289456,100000000,0,1711051164,,0,0,0,0,0,0,0,0,0,0,GSG,0,True
5102275840597,pool1pj5jnehwjtt4esfl0325hr338n98v3kcww3sggce59ugyf2f883,0,95,,,6,340000000,0ca929e6ee92d75cc13f7c554b8e313cca7646d873a3042319a17882,False,False,5089750694390,1,False,mimosa,204846405,100000000,137553190797,1710219973,,42208039272,0.0064,0,0,0,0,0,0,0,0.0031,MIMSA,472,True
197616022,pool15jghwj2w3ag0yxh45w0a8d2aexlrhp3ce3gefm4ap07ssehz8qj,0,0,,,1,170000000,a49177494e8f50f21af5a39fd3b55dc9be3b8638cc5194eebd0bfd08,False,False,197616022,1,False,AuroraPool,197616022,50000000,0,1710174201,,0,0,0,0,0,0,0,0,0,0,AUROR,0,True
197619190,pool1huxl069mddvz0n95zg95u6gyx7ycvy0f0z0rh8md9w6kyvur9h6,0,0,,,1,170000000,bf0df7e8bb6b5827ccb4120b4e690437898611e9789e3b9f6d2bb562,False,False,197619190,1,False,QuantumPools,197619190,50000000,0,1710174068,,0,0,0,0,0,0,0,0,0,0,QTMPL,0,True
197619190,pool1aczlsvfl50xtyfuff4vk3d0v2h9r78hr269ycxwgx00dcng4u9d,0,0,,,1,170000000,ee05f8313fa3ccb227894d5968b5ec55ca3f1ee3568a4c19c833dedc,False,False,197619190,1,False,MythosPool,197619190,50000000,0,1710173771,,0,0,0,0,0,0,0,0,0,0,MYTHX,0,True
197619190,pool1tjd4vxjnr99jvlnrh35gmg7xqmphxjyftpdfn3mlv3zw60yw5y4,0,0,,,1,170000000,5c9b561a53194b267e63bc688da3c606c3734889585a99c77f6444ed,False,False,197619190,1,False,ArtisanStake,197619190,50000000,0,1710173458,,0,0,0,0,0,0,0,0,0,0,ARTSA,0,True
197237368,pool17z4hzv0544uxx8q7yhedvsrtdavtz46nzwqyp2rgtku4x6d0zcn,0,0,,,1,170000000,f0ab7131f4ad78631c1e25f2d6406b6f58b15753138040a8685db953,False,False,197237368,1,False,EcoStakes,197237368,50000000,0,1710173105,,0,0,0,0,0,0,0,0,0,0,ECOST,0,True
62602470,pool17lue2fr93qlstfjwgstpkt22y5lg6h44ry3rz7jxe0mqqnq53wf,0,0,,,1,170000000,f7f9952465883f05a64e44161b2d4a253e8d5eb51922317a46cbf600,False,False,62602470,1,False,OrbitStakes,62602470,50000000,0,1710141333,,0,0,0,0,0,0,0,0,0,0,ORBST,0,True
57602998,pool1je5j68dcgm0hynv4fd2t2xsplmad40adneu68vp3h4nlcdaznwc,0,0,,,1,170000000,96692d1db846df724d954b54b51a01fefadabfad9e79a3b031bd67fc,False,False,57602998,1,False,GalacticGuard,57602998,50000000,0,1710101921,,0,0,0,0,0,0,0,0,0,0,GALGD,0,True
122078687,pool1ymmhkw7r5xj372w7gwel66fwtvqw4uv08j0fs2wycee96qv32j5,0,0,,,1,170000000,26f77b3bc3a1a51f29de43b3fd692e5b00eaf18f3c9e9829c4c6725d,False,False,122078687,1,False,NebulaEarn,122078687,100000000,0,1710100523,,0,0,0,0,0,0,0,0,0,0,NBLRN,0,True
122084935,pool1lzg07gaddygem6f5ch60yv0l0g2529af87hqgw6gkqdmsfs39z9,0,0,,,1,170000000,f890ff23ad69119de934c5f4f231ff7a154517a93fae043b48b01bb8,False,False,122084935,1,False,CosmicValidator,122084935,100000000,0,1710099535,,0,0,0,0,0,0,0,0,0,0,COSMV,0,True
121484627,pool1mlw3uh4m8qy0jlc8x0amx58gwt5xz277ya60xk6xv5daxjzt2gs,0,0,,,1,170000000,dfdd1e5ebb3808f97f0733fbb350e872e8612bde2774f35b46651bd3,False,False,121484627,1,False,AstralStake,121484627,100000000,0,1710014946,,0,0,0,0,0,0,0,0,0,0,ASTRL,0,True
1206074434,pool1yrprrg6segrjprav2xjnvtgl57w6er3ttjskg70fjtwc524u0k4,0,3,,,1,170000000,20c231a350ca07208fac51a5362d1fa79dac8e2b5ca16479e992dd8a,False,False,1206074434,0.01,False,sora,1206074434,500000000,607900469,1709648607,,1572193555,0.0087,0,0,0,0,0,0,0,0,SORA,5,True
13331680324,pool1u3d2q48xqdge5kejkctwehlcz40vwm65rc0jed974zc6vfd4clc,0,47,,,5,170000000,e45aa054e603519a5b32b616ecdff8155ec76f541e1f2cb4bea8b1a6,False,False,13331680324,0,False,CASL,8193921031,1000000,7990000000,1709309726,,24630099717,0.0169,0,0.0072,0.0138,0,0,0.0170,0,0.0111,CASL,80,True
1700687827479,pool167qekemyleju9g7eugaguqxh5telvmmmrs3a7sp897f6za308hg,0,86,,,604,170000000,d7819b6764fe65c2a3d9e23a8e00d7a2f3f66f7b1c23df40272f93a1,False,False,1698449286214,0,True,House Of Titans,1009920314,1000000000,15551546771,1709229367,,70703124867,0.0206,0,0.0172,0.0148,0.0113,0.0253,0.0157,0.0134,0.0201,HOT,222,True
357249041468,pool1e2a7hrepdkn0anf65djlmz8jpycujcg4nmfzs8w2ftvcvlnrw0g,0,20,swimmingpoolop.github.io,19,3,170000000,cabbeb8f216da6fecd3aa365fd88f20931c961159ed2281dca4ad986,False,False,357249041468,0.005,False,Emurgo-Huawei Cloud pool,13850096221,10000000000,3425952556,1708932289,,5164560578,0.0145,0,0.0123,0.0166,0,0,0.0139,0.0182,0.0147,EMGHW,23,True
187716680,pool1wxzumlr95mjxhgxnd6cmxcey38pwe5zwu0ly2mlme07qy8n00r9,0,0,,,3,340000000,7185cdfc65a6e46ba0d36eb1b3632489c2ecd04ee3fe456ffbcbfc02,False,False,187716680,0.05,False,StripperCoin Stake Pool,47622886,1000000,0,1708558975,,0,0,0,0,0,0,0,0,0,0,STRIP,0,True
2213682763,pool1tcjzs5lp05ze2af8tk0pk3e3w6ey9ec0jpu9hxvck32mwxj9xwq,0,3,,,4,340000000,5e242853e17d059575275d9e1b473176b242e70f90785b9998b455b7,False,False,2213682763,0.03,False,Earn Network,1554551998,500000000,1041929636,1708357496,,709058273,0.0045,0,0,0,0,0,0,0,0,EARN,4,True
24932241039117,pool1gecx8vya3f8lyre2gn9w53547p0rhkmq0x78zrw956lkcvn8uyp,7,105,liqwid.finance,1,4,170000000,467063b09d8a4ff20f2a44caea4695f05e3bdb6079bc710dc5a6bf6c,False,False,24959915311808,1,False,Liqwid,24944240458930,20000000000000,1115332192189,1708100255,,0,0,0,0,0,0,0,0,0,0,LQWD,2777,True
6501004,pool1j6uz7hz3mzd5hncsnvdw04q7785kpxx4vfze686zekdly7jz7gl,0,0,,,1,170000000,96b82f5c51d89b4bcf109b1ae7d41ef1e96098d562459d1f42cd9bf2,False,False,6501004,0.05,True,TestPool,6501004,1000000,0,1707625518,,0,0,0,0,0,0,0,0,0,0,TPS,0,True
5051762325176,pool10kjjh9zfs77vzxpp4qpdxwvnh3x8zdf8qcv7pckvdhw02fu6unz,1,106,,,989,170000000,7da52b944987bcc11821a802d33993bc4c7135270619e0e2cc6ddcf5,False,False,5056261950237,0.99,False,Stuff.io Stake Pool,106689710171,100000000000,418979669232,1707325317,,4041697086,0.0003,0,0.0002,0.0003,0.0002,0.0002,0.0003,0.0002,0.0003,STUFF,1056,True
5988647080582,pool107rsdzswa5s3y8wk5z62tgh5lhm790dsyqjp4lq66fht7qnaq9d,0,103,quarashi777.github.io,0,31,340000000,7f87068a0eed21121dd6a0b4a5a2f4fdf7e2bdb020241afc1ad26ebf,False,False,5991087962739,0.005,False,Cardano World,10616691944,1080000000,36113390354,1707318387,,352904688995,0.0247,0,0.0189,0.0198,0.0150,0.0245,0.0200,0.0194,0.0235,WORLD,986,True
417510331775,pool1hc8y5s28zah72qsnnky93zxqcqcrvav7hz2l3sdj5gk5znztcty,0,19,,,8,170000000,be0e4a4147176fe502139d885888c0c03036759eb895f8c1b2a22d41,False,False,412873690314,0.01,False,SNIPE,100592325,100000000,3291563153,1707084098,,4768185273,0.0157,0,0.0185,0.0160,0,0.0105,0.0117,0.0157,0.0158,SNIPE,22,True
0,pool1jp9plcy9uqq0y832sj90r40sed03ft9pjczwy4zgy25hx9cj79e,0,0,,,2,170000000,904a1fe085e000f21e2a848af1d5f0cb5f14aca19604e2544822a973,False,False,0,0.01,False,AdaptusPool,0,100000000,0,1706959378,,0,0,0,0,0,0,0,0,0,0,91283,0,True
1661779713366,pool14ajz2t680q2c7tekek3eqazhnapfl3l4w3cep9tnh9ym6jhph8m,0,70,,,21,170000000,af64252f4778158f2f36cda39074579f429fc7f57471909573b949bd,False,False,1662577853568,0.03,False,Cryptostake.com 🇨🇭🇺🇦,54848491128,50000000000,14647150088,1706271209,,40234653791,0.0176,0,0.0255,0.0225,0.0266,0.0254,0.0216,0.0279,0.0181,CST,142,True
632644176,pool14klr0hf5chszxhqt72nqxl57q4eemz0ys83pcpnc8nmy68fx5vc,0,0,,,3,345000000,adbe37dd34c5e0235c0bf2a6037e9e05739d89e481e21c06783cf64d,False,False,632644176,0.15,False,Blueprint,0,100000000,0,1706139660,,0,0,0,0,0,0,0,0,0,0,BPT,0,True
5425467119651,pool1yraracv4ntq9azvjw2nkw8g4xluujalz8fpt2stz8rw6k0zueuv,3,97,,,1,340000000,20fa3ee1959ac05e899272a7671d1537f9c977e23a42b5416238ddab,False,False,5427563916488,1,False,,5427563916488,5210000000000,202260647880,1706068989,,0,0,0,0,0,0,0,0,0,0,,530,True
218779439,pool15mkly3gw008dmxfrh9eycl5aguyfm0rhdlup2hzukjkrsfdxqew,0,0,,,9,340000000,a6edf2450e7bcedd9923b9724c7e9d47089dbc776ff8155c5cb4ac38,False,False,218779439,0,False,Cardano Stake Pool Cologne,112157950,500000000,0,1705865889,,0,0,0,0,0,0,0,0,0,0,SPCOL,0,True
24683458314562,pool1pjmqlsyny06w0x60rfd3seul5xc9pluh3t08y55ylhks28jeh7c,3,107,,,8,200000000000,0cb60fc09323f4e79b4f1a5b18679fa1b050ff978ade725284fded05,False,False,24691129928661,0.999,False,RIZIN,325257681570,10000000000,974431815964,1705433251,,0,0,0,0,0,0,0,0,0,0,RIZIN,2520,True
29160100586004,pool1wthsvhhxueqfd9eqjdj8pgyprhr4gptn5g63z9rdrtelcfumnvg,9,111,upbit.com,14,1,340000000,72ef065ee6e640969720936470a0811dc7540573a23511146d1af3fc,False,False,29171267631991,1,False,Upbit Staking,29171267631991,200000000000,971267631991,1705391114,,0,0,0,0,0,0,0,0,0,0,UPBIT,2545,True
29304238412882,pool13mxx49xrq4hp6mca8qrzxxmjhfrts0ayh5n6ff9uyuusq9cx4d8,6,111,upbit.com,13,2,340000000,8ecc6a94c3056e1d6f1d3806231b72ba46b83fa4bd27a4a4bc273900,False,False,29317499280357,1,False,Upbit Staking,29316772859806,200000000000,916772859806,1705390990,,0,0,0,0,0,0,0,0,0,0,UPBIT,2402,True
29157491660786,pool1jldj0znj8rltkuj4sumqq5z6p8sdt3yk4qde90q42daru5kgfl6,7,111,upbit.com,12,1,340000000,97db278a7238febb7255873600505a09e0d5c496a81b92bc15537a3e,False,False,29167262826016,1,False,Upbit Staking,29167262826016,200000000000,967262826016,1705390837,,0,0,0,0,0,0,0,0,0,0,UPBIT,2524,True
29343560491606,pool1fgp4f4afdrq26axqlnm80fz49hdkyq4am3ca3r33w0w8sw2x8ap,8,109,upbit.com,11,1,340000000,4a0354d7a968c0ad74c0fcf677a4552ddb6202bddc71d88e3173dc78,False,False,29354378567769,1,False,Upbit Staking,29354378567769,200000000000,954378567769,1705390612,,0,0,0,0,0,0,0,0,0,0,UPBIT,2497,True
29340892510468,pool1hnaps49hfe3uljp4cleu4amhes6wvatufyvgt2tjdtj3xjrgknk,9,110,upbit.com,10,1,340000000,bcfa1854b74e63cfc835c7f3caf777cc34e6757c491885a9726ae513,False,False,29350314705837,1,False,Upbit Staking,29350314705837,200000000000,950314705837,1705390489,,0,0,0,0,0,0,0,0,0,0,UPBIT,2480,True
307490331746,pool1fcgm2ae0j3rmvghwa2064rfxcvugwa2qt89cc4jwtj0ecgh8na8,0,24,,,11,170000000,4e11b5772f9447b622eeea9faa8d26c33887754059cb8c564e5c9f9c,False,False,308509888309,0.025,False,Premium ADA Stake Pool,50521579605,45000000000,4215307645,1705188454,,5382385084,0.0174,0,0.0145,0.0122,0,0.0142,0.0142,0.0214,0.0167,CSPHD,25,True
82008739048,pool1hfzfx33ffjcma9xautgrg4ka0u32s062mmu8gw6fmf2zxftmp66,0,22,,,47,170000000,ba449346294cb1be94dde2d03456dd7f22a83f4adef8743b49da5423,False,False,82008739954,0.01,False,AFICA Stakepool,12764205173,10000000000,3798455282,1704838419,,5787073849,0.0178,0,0.0507,0.0325,0,0,0.0209,0,0.0170,AFICA,24,True
107654580084,pool1tdh56dcqs0sjeq4ehfdamlnzvxkrr5zgsysnhlkphzdzwmw4nvw,0,69,,,83,340000000,5b6f4d370083e12c82b9ba5bddfe6261ac31d04881213bfec1b89a27,False,False,158864162300,0.99,False,Nova Finance,356117604,1000000,102410774332,1704561867,,812129697,0.0011,0,0.0000,0.0000,0,0,0.0000,0,0.0002,NOVAF,245,True
1610838385674,pool1e59h5m5vyggszyafel7zvcnsayt2de7wyxyezlrsmm4a679q3zr,1,111,iagon.com,2,409,340000000,cd0b7a6e8c22110113a9cffc266270e916a6e7ce2189917c70deebdd,False,False,1601677811520,0.99,True,Iagon liquidity stake pool 2,12254616,10000000,330780325925,1704388218,,2995075625,0.0008,0,0.0001,0.0002,0.0002,0.0001,0.0002,0.0001,0.0002,IAGL2,801,True
64482722865355,pool1cpwymxe2fjr20u34f874e2q6za3razk0rttslrxqhc4tu3zxau8,18,110,ledger.com,5,3,170000000,c05c4d9b2a4c86a7f23549fd5ca81a17623e8acf1ad70f8cc0be2abe,False,False,64501901143652,0.02,False,BTV3,9815537,2000000,84788403317,1703186638,,2438651765311,0.0250,0,0.0219,0.0227,0.0108,0.0158,0.0242,0.0198,0.0251,BTV3,6476,True
64692945372347,pool13z5t8wlhtf7ccc0hud8pnvpjeekjdsyn7sq69fcxf3k6kpnlm74,24,115,ledger.com,4,5,170000000,88a8b3bbf75a7d8c61f7e34e19b032ce6d26c093f401a2a7064c6dab,False,False,64717914789878,0.02,False,BTV2,9815537,2000000,90673578808,1703174017,,2669496994632,0.0271,0,0.0236,0.0248,0.0132,0.0180,0.0253,0.0217,0.0259,BTV2,6988,True
64758971315926,pool1p70svj9zrg7lgzkdn8udlslry0t27qs8r9tz9lr955v2yfna2rl,20,110,ledger.com,3,5,340000000,0f9f0648a21a3df40acd99f8dfc3e323d6af0207195622fc65a518a2,False,False,64781636523913,0.02,False,BTV1,9816417,2000000,87155075273,1703102532,,2471318691006,0.0254,0,0.0216,0.0231,0.0115,0.0176,0.0250,0.0207,0.0257,BTV1,6588,True
84658194298210,pool1f2wfjqkf2wx6jq93pdck6hgmy9zgw32lmvrq9zejl7scqxjqfze,22,110,ledger.com,2,11135,340000000,4a9c9902c9538da900b10b716d5d1b214487455fdb06028b32ffa180,False,False,89848263790500,0.06,False,Ledger by Figment 2,9815889,2000000,165025497003,1703093546,,2010119453970,0.0254,0,0.0219,0.0230,0.0106,0.0146,0.0241,0.0195,0.0252,LBF2,5673,True
349715849608,pool162343gl83jtrskacz2cex7szf4yd5t77f5nd0e65fg78ztppuj9,0,19,,,187,340000000,d2a358a3e78c96385bb812b1937a024d48da2fde4d26d7e7544a3c71,False,False,347819984105,0.25,False,GGMC Wilton's Well,1382186512,0,7572821800,1702865746,,1002434714,0.0020,0,0.0003,0.0004,0,0,0.0022,0.0006,0.0026,GGMC,22,True
56703695946,pool1zjecj80kehtj88py42j9hxvfspqnvc7vcqrev5kcsfyzyn0a4kn,0,13,,,20,170000000,14b3891df6cdd7239c24aaa45b998980413663ccc0079652d8824822,False,False,56703695946,0,False,0% Fee + 170ADA⭐LIMO⭐Staking⭐Welcome,3052394743,100000000,2210000000,1702442149,,4604588005,0.0159,0,0.0170,0.0084,0,0,0.0106,0.0351,0.0126,LIMO,17,True
126315081491,pool18lc5x7fma0zsdwl56fa9rw97ayzc4kdue37sncrtdz2e7xfa8y6,0,0,,,2,170000000,3ff143793bebc506bbf4d27a51b8bee9058ad9bccc7d09e06b68959f,False,False,126315081491,0,False,bitManna,1812015,0,0,1702265670,,0,0,0,0,0,0,0,0,0,0,BM1,0,True
37384449877,pool1g7757qwvwzpqn35xfxqmhmw3nz8xe8rcptuqqwkv3cfzk38gedd,0,50,nodeprime2023.github.io,1,7,340000000,47bd4f01cc708209c6864981bbedd1988e6c9c780af8003acc8e122b,False,False,37384449877,0,False,eth2.0s-1,12069105630,100000000,11900000000,1702140780,,132793900477,0.0166,0,0,0,0,0,0,0,0.0095,eth2s,468,True
10791619342410,pool1r3ax7pd3cgad5kttench60ttr23kvfpx3vzvd6c3azppgw7q93t,5,119,,,1125,170000000,1c7a6f05b1c23ada596bccf17d3d6b1aa36624268b04c6eb11e88214,False,False,10253194776460,0.99,False,PALM token 1,320448382285,10000000000,1070489571957,1701962902,,10682584140,0.0006,0,0.0002,0.0002,0.0001,0.0002,0.0002,0.0002,0.0003,PALM1,2677,True
6980266381,pool1elvz3kppg3peep0dcclju3gwf9m37vzyxetuf03we37sqlnsjxr,0,72,,,7,340000000,cfd828d82144439c85edc63f2e450e49771f30443657c4be2ecc7d00,False,False,6980266381,0,False,DC5 FUN,690643891,0,24668729446,1701877825,,18773664586,0.0130,0,0.0007,0.0031,0,0,0.0070,0.0010,0.0094,DC5,106,True
6525642915903,pool1zmhvvzlqp0xrhhqjhxyvfuct83wk4w85jckfkypz4fskcjzze2x,3,118,tkgems.com,1,4,170000000,16eec60be00bcc3bdc12b988c4f30b3c5d6ab8f4962c9b1022aa616c,False,False,6523554864955,1,False,ASCENDANT,20897266052,1399000000,288012796050,1701563782,,0,0.0002,0,0,0,0,0,0,0,0,ASC,731,True
525042337,pool18a8vhtlcz7t0mahmfdlgtpsspvae62egz936j3dt7f9ykr4j2av,0,0,mattsmith1980.github.io,0,1,340000000,3f4ecbaff81796fdf6fb4b7e8586100b3b9d2b281163a945abf24a4b,False,False,525042337,0.15,False,,525042337,500000000,0,1700945435,,0,0,0,0,0,0,0,0,0,0,,0,True
116317756161,pool1cuhcw4dhj577rzz847q5swfvrnthj2vn62hry6ljzp6g6v3ag77,0,42,,,193,340000000,c72f8755b7953de18847af8148392c1cd7792993d2ae326bf210748d,False,False,109272299838,1,False,Mayo,498223288,100000000,25609649891,1700661097,,0,0.0014,0,0,0,0,0,0,0,0,MAYO,61,True
53055256269487,pool1z9m2kxeat06t30yf6ar7sqpert0cjdgxzcv2dv36dcwcqcqtgk4,13,121,stake1uxlhuz4u3qn8kvu00v70wxde8ul2w473krvlekrgee49yjcp9mad8,3,3482,340000000,1176ab1b3d5bf4b8bc89d747e800391adf8935061618a6b23a6e1d80,False,False,52634553687092,0.1,False,,0,0,243657654783,1700136372,,1833348940119,0.0242,0,0.0205,0.0216,0.0088,0.0136,0.0222,0.0184,0.0235,,5432,True
176949028599,pool1pdqcefsvu9mqxfalj5dywcfyymtpqpjqhlnxl99ds62pxv5ungm,0,17,,,13,170000000,0b418ca60ce1760327bf951a47612426d6100640bfe66f94ad869413,False,False,146255369338,0.01,False,Simba Pool,113301873087,107500000000,2926361979,1700108060,,3599836873,0.0187,0,0.0201,0.0361,0,0.0253,0.0264,0.0226,0.0211,SIMBA,17,True
9523117452,pool1ycksh8m4ees8jf6f9muvpqxmprj7j2wk72h2qxcn7ykswv408w6,0,0,,,5,345000000,262d0b9f75ce607927492ef8c080db08e5e929d6f2aea01b13f12d07,False,False,9322946099,0.15,False,Cardano USA,2002623942,2000000000,0,1700086271,,0,0,0,0,0,0,0,0,0,0,CUSA,0,True
3062347912,pool1st58tj7nun3vynlhlmfawrn24ar0pshdle733vtkv43szxt2kq0,0,2,buynfts.exchange,1,29,340000000,82e875cbd3e4e2c24ff7fed3d70e6aaf46f0c2edfe7d18b176656301,False,False,3062347912,0.01,False,CETF Pool,101865684,1000000,682196147,1700067855,,217418620,0.0073,0,0,0,0,0,0,0,0,CETF,2,True
13822061527054,pool1522rtve5zlgnlh3zm5a4mcy3u7gpndg3kkac3xyzxmp6x6weca3,5,99,,,37,340000000,a29435b33417d13fde22dd3b5de091e79019b511b5bb88988236c3a3,False,False,13825960227627,0.25,False,KOG 01,27580663663,80000000,102301693214,1699612937,,207965079802,0.0181,0,0.0180,0.0168,0.0091,0.0134,0.0183,0.0177,0.0177,1112,835,True
139818659,pool10pxym4rs92lj853juzku38z58d9n59ra55qd2mnm820ljx4c6h9,0,0,,,1,340000000,784c4dd4702abf23d232e0adc89c543b4b3a147da500d56e7b3a9ff9,False,False,139818659,0.05,False,John Von Neumann Pool,139818659,10000000,0,1699215815,,0,0,0,0,0,0,0,0,0,0,JVNP,0,True
1731826834,pool1r9mgl8cj0hyht0678cpdljt2pw353672jyy9ak00dzalglx2jq5,0,0,,,7,170000000,19768f9f127dc975bf5e3e02dfc96a0ba348ebca91085ed9ef68bbf4,False,False,1731826834,0.99,False,Reputano_ISPO_Pool_1,115624602,100000000,0,1698747088,,0,0,0,0,0,0,0,0,0,0,REPUT,0,True
100080186173,pool1y4yyg9zq2000akup68w68r0m42td2h2h5cz282ua4u985nzszkv,0,36,,,4,340000000,254844144053defedb81d1dda38dfbaa96d55d57a604a3ab9daf0a7a,False,False,100080186173,0.02,False,HUNADA Pool,100042430950,100000000000,12046195741,1698391131,,7163592243,0.0137,0,0,0,0,0,0.0010,0,0.0034,HUADA,46,True
96112882855,pool1xt2nyju82ea3pz33e5sqwgjx05ks623tkmuw8jvlca3kzmz9mud,0,10,,,10,170000000,32d5324b87567b108a31cd200722467d2d0d2a2bb6f8e3c99fc76361,False,False,96112882855,0.01,False,KinbiPool,1667863319,100000000,1552221084,1698374536,,2199887895,0.0079,0,0.0114,0.0076,0,0,0.0058,0.0229,0.0118,KNB,12,True
0,pool18s9snlm9kwex29wtgjjpkmwcn8j3fk3r22dpsehtjyqs754l70q,0,0,,,1,170000000,3c0b09ff65b3b26515cb44a41b6dd899e514da23529a1866eb91010f,False,False,0,0,False,Skyskipper,0,1144000000,0,1698142884,,0,0,0,0,0,0,0,0,0,0,skys,0,True
7065623281,pool1kl7qlqtzxamrj8qwutn6ww0ksw3m7chwuewztqr6uu6yz0nuqtn,0,0,,,6,340000000,b7fc0f81623776391c0ee2e7a739f683a3bf62eee65c25807ae73441,False,False,7065623281,0.05,False,PoolBoost.io - empower mission-driven SPOs,1100480403,1000000000,0,1698072181,,0,0,0,0,0,0,0,0,0,0,PBST1,0,True
2548713678509,pool1chfk2749hyrwqqpj9fapredjsgw3fdauyxw3hn82kavqva6nv3w,0,114,,,6,340000000,c5d3657aa5b906e000322a7a11e5b2821d14b7bc219d1bcceab75806,False,False,2549411073192,0,False,Kool Stake Pool,9825123102,1000000000,41863690884,1698039753,,81954795203,0.0186,0,0.0147,0.0157,0.0152,0.0170,0.0178,0.0120,0.0170,KSP,306,True
142459441568,pool14n6nrj7rdrcxhwlzx5kytt60pqwnzjm97nuczrpa0ucwzyx2ule,0,17,,,3,170000000,acf531cbc368f06bbbe2352c45af4f081d314b65f4f9810c3d7f30e1,False,False,142459441568,0,False,Make Cardano Journey!,1653642629,777000000,2890000000,1698015977,,4838946227,0.0128,0,0.0075,0.0049,0,0,0.0061,0.0153,0.0130,MAKE,19,True
252286308635,pool1777xvdg0vydjp78cdcfrmpuqj28w3nuasf7h9a2f6cd4z990777,0,30,,,43,170000000,f7bc66350f611b20f8f86e123d8780928ee8cf9d827d72f549d61b51,False,False,252286308635,0.007,True,sevens,85361804579,77700000000,5161966822,1697843467,,8654557238,0.0187,0,0.0117,0.0090,0,0.0173,0.0134,0.0086,0.0124,777,34,True
23877853003566,pool16r6g7plyuh4cqs9f3qy97l4rh5edwx3w9xvd205mhj2e58cpp28,8,125,liqwid.finance,0,11,170000000,d0f48f07e4e5eb8040a988085f7ea3bd32d71a2e2998d53e9bbc959a,False,False,24972813906504,1,False,Liqwid,24954826246490,20000000000000,1628895125520,1697822646,,0,0.0009,0,0,0,0,0,0,0,0,LQWD,3801,True
343736822,pool1gw25vftc9nnqqgld043k2fsjsm76rkkcy2xjzqdm268cvlf698l,0,0,,,2,170000000,43954625782ce60023ed7d6365261286fda1dad8228d2101bb568f86,False,False,343736822,0,False,Sulkta Soaking Pool,343736822,0,0,1697307856,,0,0,0,0,0,0,0,0,0,0,TORT,0,True
1730888197874,pool1vtdw9ec95lw0nj8uk0sgf6ahy7qk2tfjz2faegea7wyl63ejtqp,1,87,,,23,198000000,62dae2e705a7dcf9c8fcb3e084ebb72781652d321293dca33df389fd,False,False,1719938432116,0,False,amberpool.io,66707526320,50000000000,14730000000,1697291608,,49822538419,0.0186,0,0.0111,0.0176,0.0032,0.0142,0.0154,0.0128,0.0174,AMBER,168,True
74404456238997,pool1ljqjqskd4f4zekzddw204u5xtzhyz2cllq5v5dmn27zdwf9c70f,16,130,wavepool.digital,12,50,340000000,fc812042cdaa6a2cd84d6b94faf28658ae412b1ff828ca37735784d7,False,False,74425325388341,0.04,False,WPBJ,73061987688397,30000000000000,178452226905,1697147338,,3238373447366,0.0302,0,0.0254,0.0270,0.0134,0.0177,0.0270,0.0225,0.0285,WPBJ3,7778,True
2452995576,pool10ww24pk8znf747x6d0wcueajegrjwzpv8x9a4aar4t05s7uzf76,0,0,,,1,340000000,7b9caa86c714d3eaf8da6bdd8e67b2ca0727082c398bdaf7a3aadf48,False,False,2452995576,0.018,False,Stakinghouse,2452995576,0,0,1696908453,,0,0,0,0,0,0,0,0,0,0,S10E,0,True
491073525003,pool1yemdr25t4g3ev038yn433dt58d8p52nee7kmcykjlhye6hshu9m,1,83,astarter.io,1,49,340000000,2676d1aa8baa23963e2724eb18b5743b4e1a2a79cfadbc12d2fdc99d,False,False,422601794425,0.99,False,AstarterPool2,0,20000000000,47747341076,1696556656,,701373947456,0.0278,0,0.0000,0.0000,0.0000,0.0000,0.0001,0.0000,0.0006,AA2,1668,True
4585011549,pool1zvsanfncazr5udf0s0s07hzd0e0nkqhza9d8h48ujq65vuamnu3,0,10,,,10,340000000,1321d9a678e8874e352f83e0ff5c4d7e5f3b02e2e95a7bd4fc903546,False,False,4585011549,0.01,False,Stake with FRIES,17024700,1000000,3403083667,1695506564,,802907366,0.0048,0,0,0,0,0,0,0,0.0047,FRIES,10,True
789730983652,pool157dwm0l9jf2h59me75slfww8dylcnumdgjvhpsyhfmlry4cn44a,0,58,,,26,170000000,a79aedbfe592557a1779f521f4b9c7693f89f36d449970c0974efe32,False,False,790685461732,0.03,False,AshiyaPool,1618349632,100000000,10373903692,1695461628,,22376478073,0.0183,0,0.0105,0.0100,0.0081,0.0109,0.0100,0.0100,0.0125,ASY,80,True
553086268510,pool1ddheaqwfuxwqe89lyd9wla222uhzvp8zstmvc30mrzy4zc5yevs,0,45,,,16,170000000,6b6f9e81c9e19c0c9cbf234aeff54a572e2604e282f6cc45fb188951,False,False,553086268510,0,False,Tide Stake Pool,265568809155,5000000000,8330000000,1695460721,,18808152295,0.0183,0,0.0106,0.0089,0,0,0.0112,0.0123,0.0099,TSP,64,True
324290348004,pool1s3nj2yp068r9c9zp8rc7cxxaalrp9pflwz9jualr8c7vyl08kj7,0,33,,,6,170000000,846725102fd1c65c144138f1ec18ddefc612853f708b2e77e33e3cc2,False,False,324638888643,0,False,BootyPool,14422528482,10000000000,6990443817,1695308283,,8729274658,0.0129,0,0.0034,0.0115,0,0,0.0091,0.0068,0.0123,BOOTY,39,True
753685962957,pool13l9hxj5dke9yd8xrxtfdkxgppj4wdyy52k99jded9f4kv5ce7al,0,91,,,444,340000000,8fcb734a8db64a469cc332d2db19010caae69094558a59372d2a6b66,False,False,752964613797,0,False,Tool,10341529154,10000000000,30600000000,1695207593,,50181281680,0.0169,0,0.0086,0.0094,0,0,0.0092,0.0002,0.0099,TOOL,184,True
13053823842,pool1qpn9lpmwp9p88vtp6gt20xdc5e7rf50ew42hp7gdnfltxqvfpka,0,0,,,5,340000000,00665f876e094273b161d216a799b8a67c34d1f9755570f90d9a7eb3,False,False,13053823842,0.05,False,White Shark Pool (WSP),0,10000000000,0,1694956345,,0,0,0,0,0,0,0,0,0,0,WSP,0,True
913366497696,pool1lugxr82p89qm35spzwccle405t5dfdznhrasyrtr2cyv2vyfud6,0,69,coffeepool.jp,1,11,340000000,ff10619d413941b8d20113b18fe6afa2e8d4b453b8fb020d635608c5,False,False,912652312175,0.025,True,CardanoKissa☕️,445989946,101000000,23736048111,1694095971,,22422200674,0.0149,0,0.0030,0.0073,0.0004,0.0003,0.0136,0.0004,0.0116,KISSA,113,True
634788160275,pool1a2ffl2d20yransp2p4hqys5vy6hys8kmtchdvlfqale7ywxssjh,0,62,,,19,400000000,ea929fa9aa7907d9c02a0d6e02428c26ae481edb5e2ed67d20eff3e2,False,False,633885805208,0,False,Zunder,453182173581,350000000000,17850000000,1693829136,,14664408500,0.0127,0,0.0145,0.0181,0,0.0070,0.0175,0.0152,0.0121,ZUND,82,True
5038267335,pool16l00309tdqza9606rltqtrqejx7tcr2swa86jrmz459txfnkgq7,0,12,nodeprime2023.github.io,0,5,340000000,d7def8bcab6805d2e9fa1fd6058c1991bcbc0d50774fa90f62ad0ab3,False,False,5038267335,0,False,eth2.0s,4225926615,100000000,4080000000,1693755333,,42784601740,0.0261,0,0,0,0,0,0,0,0,eth2s,100,True
82387548236,pool1t4zp4wlastva63rqk99k7578e2h3znqdk2arhzuegz6kgj0duc8,0,7,,,8,340000000,5d441abbfd82d9dd4460b14b6f53c7caaf114c0db2ba3b8b9940b564,False,False,82387548236,0.01,False,Stake with Robot,1924929230,50000000000,2389396350,1693734127,,930239053,0.0040,0,0,0,0,0,0,0,0.0020,ROBOT,8,True
5743075585390,pool1g2y0j7rsv7dpu8p6jt2dva3rxfqjl2zu0ag9dd0cfm8guzg0lh0,2,126,socious.io,0,24,340000000,4288f97870679a1e1c3a92d4d6762332412fa85c7f5056b5f84ece8e,False,False,5744121673277,0.03,True,Socious StakePool,1532532486,0,47168017591,1693545503,,162909301082,0.0229,0,0.0142,0.0140,0.0131,0.0146,0.0175,0.0168,0.0219,SOCIO,526,True
12017087,pool1azwa3mcez0mr7520jznl0kamr3wdun5ygzscwtjulhdy5s58vvu,0,0,,,1,340000000,e89dd8ef1913f63f514f90a7f7dbbb1c5cde4e8440a1872e5cfdda4a,False,False,12017087,0,False,zoomout,12017087,5000000,0,1693421896,,0,0,0,0,0,0,0,0,0,0,ZMT,0,True
2114210474190,pool104hlwrk98e6h07e05ywee3thn379ddmmfveje8d6cuvp54zcah6,0,66,,,16,340000000,7d6ff70ec53e7577fb2fa11d9cc5779c7c56b77b4b332c9dbac7181a,False,False,2114018524858,0,False,ADASTATS StakePool,445311896554,100000000000,22440000000,1693157493,,33364213459,0.0111,0,0.0064,0.0072,0,0,0.0065,0,0.0113,ADASC,142,True
2677639395464,pool1c30lqt59t8sjn5lg04r5wk5eucxa5h9cj05xs9gzc8lngl4cmta,1,123,,,181,170000000,c45ff02e8559e129d3e87d47475a99e60dda5cb893e8681502c1ff34,False,False,2664230965486,0.019,False,"RUMOR • Single Stakepool in Europe, Croatia",26361279206,25000000000,28124846949,1692989863,,355657351210,0.0252,0,0.0208,0.0228,0.0098,0.0104,0.0251,0.0227,0.0252,RUMOR,972,True
0,pool1q426xdlg94lcpgrnmfs8dkp9hu08my5rvw574mum96jhg8yhd5v,0,66,d5935b72a1770a1a34f5.github.io,1,0,340000000,0555a337e82d7f80a073da6076d825bf1e7d928363a9eaef9b2ea574,False,False,0,1,False,,0,20000000000000,918459152088,1692936792,,0,0.0012,0,0,0,0,0,0,0,0,,1875,True
0,pool1pntqwmkc3yhpgw8q5280chej2dfwevasc88ql08qfvg6cny8s6l,0,20,d5935b72a1770a1a34f5.github.io,0,0,340000000,0cd6076ed8892e1438e0a28efc5f325352ecb3b0c1ce0fbce04b11ac,False,False,0,1,False,,0,30000000000000,264396394704,1692936653,,0,0,0,0,0,0,0,0,0,0,,675,True
100797210,pool10dzswwk8ycrxfv04nv44fjpqdx4j5euj406df0xsq7xyy0r0ta5,0,3,,,5,345000000,7b45073ac7260664b1f59b2b54c82069ab2a6792abf4d4bcd0078c42,False,False,100797210,0.04,False,ADAForgeServices,2641293,10000000000,1065016528,1692327900,,720396691,0.0063,0,0,0,0,0,0,0,0,ADAFS,4,True
6880037069985,pool1h59405hmvnxz2kyjpll3f65lnqhm7we3u96cws9vzzxzzws9gjc,0,112,,,598,340000000,bd0b57d2fb64cc2558920fff14ea9f982fbf3b31e1758740ac108c21,False,False,6887774883678,0.05,False,LifeStake,20739467503,500000000,43919949225,1691743881,,119139163635,0.0154,0,0.0129,0.0162,0.0111,0.0148,0.0178,0.0104,0.0154,LBA,411,True
1972476830506,pool1gq07hfmull6etsr23l36cvwgfkym6jqn4q2dz5vz4y446yat70t,0,73,,,2,340000000,401feba77cfff595c06a8fe3ac31c84d89bd4813a814d15182a92b5d,False,False,1972476830506,1,False,Milkomeda,0,0,89273970391,1691606194,,0,0.0005,0,0,0,0,0,0,0,0,MKM,205,True
57592631423097,pool1gaztx97t53k47fr7282d70tje8323vvzx8pshgts30t9krw62tm,22,131,,,32566,340000000,4744b317cba46d5f247e51d4df3d72c9e2a8b18231c30ba1708bd65b,False,False,56897364200887,0.1,False,Trust Nodes,12735507361,100000000,259811771202,1691511848,,1951041611437,0.0245,0,0.0191,0.0205,0.0117,0.0131,0.0228,0.0162,0.0241,TW001,5676,True
72123138131042,pool10d6mmw3mn9ku3r7uqqye672dz3sv76lh5kvh5rdpr9l5ug5yknr,19,137,kiln.fi,4,40,340000000,7b75bdba3b996dc88fdc00099d794d1460cf6bf7a5997a0da1197f4e,False,False,72818187792647,0.05,False,kiln,9341268481,100000000,194720042733,1691140442,,2847799559914,0.0260,0,0.0216,0.0220,0.0113,0.0152,0.0237,0.0194,0.0248,KILN4,7653,True
86883798,pool1kttdj98xlssts4kzwyvsuj905f30q096ptzcses2ze25ca9uerx,0,0,copper.co,9,1,340000000,b2d6d914e6fc20b856c271190e48afa262f03cba0ac588660a16554c,False,False,86883798,0.035,False,Copper Stake Pool 10,86883798,0,0,1691084978,,0,0,0,0,0,0,0,0,0,0,COP10,0,True
97052335,pool1lfwwrwm3hrrv0s0ttf8t23p65xru35f7lvty8q0dhq90wudsp66,0,0,copper.co,8,1,340000000,fa5ce1bb71b8c6c7c1eb5a4eb5443aa187c8d13efb164381edb80af7,False,False,97052335,0.035,False,Copper Stake Pool 9,97052335,0,0,1691084615,,0,0,0,0,0,0,0,0,0,0,COP9,0,True
231918723,pool1lf2u2m27y9lsu342xvmyxjfvuyzua487whmddt883kmay4mxjeg,0,79,copper.co,7,3,340000000,fa55c56d5e217f0e46aa333643492ce105ced4fe75f6d6ace78db7d2,False,False,231918723,0.035,False,Copper Stake Pool 8,97052335,0,28456969563,1691084269,,44030733283,0.0171,0,0.0244,0.0164,0,0,0.0154,0,0.0177,COP8,185,True
9527498211,pool129hymvzfw4ns3keud8zd9pdrpxa54jghsqh2j4jjxh4dcljet2f,0,76,copper.co,6,9,340000000,516e4db049756708db3c69c4d285a309bb4ac917802ea9565235eadc,False,False,9527498211,0.035,False,Copper Stake Pool 7,97052335,0,74755994831,1691083878,,1348683858594,0.0275,0,0,0.0264,0,0,0.0242,0,0.0269,COP7,3636,True
68610307761,pool1fveclhv3w9q3nl02j0rwpu8rwgsk4vrxwk27mpdsa8stx27n93q,0,126,copper.co,5,3,340000000,4b338fdd91714119fdea93c6e0f0e372216ab0667595ed85b0e9e0b3,False,False,68610134736,0.035,False,Copper Stake Pool 6,97052335,0,118873165819,1691083470,,2107567494515,0.0267,0,0.0217,0.0243,0,0,0.0255,0.0018,0.0267,COP6,5436,True
67064179010,pool1vale5v0rm72lmz3ssv39a9ywceucqczux4v6zhegfmh7vlgfchf,0,124,copper.co,4,4,340000000,677f9a31e3df95fd8a3083225e948ec67980605c3559a15f284eefe6,False,False,67064179010,0.035,False,Copper Stake Pool 5,97052335,0,117689485279,1691083168,,2082999044379,0.0264,0,0.0236,0.0248,0,0,0.0250,0,0.0260,COP5,5376,True
165029490664,pool1kcfe6evpfmh5rh40yta3qrrudsy956scuwfl7wgts0z926z6kuw,0,124,copper.co,3,5,340000000,b6139d65814eef41deaf22fb100c7c6c085a6a18e393ff390b83c455,False,False,165029490664,0.035,False,Copper Stake Pool 4,97052335,0,116851771742,1691082627,,2059902086405,0.0258,0,0.0250,0.0247,0,0,0.0241,0,0.0249,COP4,5302,True
124375777260,pool135t6gh8sa4ahajdzw76yy7m5r0js49ra4990ahrk6ydzxef4xrd,0,125,copper.co,2,13,340000000,8d17a45cf0ed7b7ec9a277b4427b741be50a947da94afedc76d11a23,False,False,114671693611,0.035,False,Copper Stake Pool 3,97052335,0,119305468402,1691082113,,2119486692943,0.0265,0,0.0230,0.0231,0,0,0.0245,0.0011,0.0261,COP3,5482,True
72876323526,pool1vresred49vtwxm87v0gg0dxfrdhfv6rz826u36ts9a60unw2nrk,0,125,copper.co,1,6,340000000,60f301e5b52b16e36cfe63d087b4c91b6e9668623ab5c8e9702f74fe,False,False,72876323526,0.035,False,Copper Stake Pool 2,97052335,0,117998515824,1691081521,,2082145172327,0.0262,0,0.0255,0.0246,0.0045,0.0030,0.0248,0.0016,0.0256,COP2,5374,True
12160915598,pool146fn2mcz0f9npcuqwvr3xjn93840jzueja973uc03xkqvl2w36c,0,127,copper.co,0,8,340000000,ae93356f027a4b30e3807307134a6589eaf90b99974be8f30f89ac06,False,False,11820520375,0.035,False,Copper Stake Pool 1,97052335,0,136642874397,1691080250,,2578318570053,0.0236,0,0.0240,0.0243,0,0,0.0180,0.0257,0.0215,COP1,7361,True
1954785850,pool1x0pr0y3hzlju5gxera9zt8fnxgzmqa4dqhm0wwu8ympxz37dwqw,0,0,,,4,340000000,33c237923717e5ca20d91f4a259d333205b076ad05f6f73b8726c261,False,False,1954785850,0.03,False,Gaucho Quest,200000000,200000000,0,1690946728,,0,0,0,0,0,0,0,0,0,0,GCHO,0,True
1755829050723,pool1xvaagsvl9prlr20hvg2qv434yss5c88r2ml6n43wcpepxmw85lj,1,47,,,61,340000000,333bd4419f2847f1a9f7621406563524214c1ce356ffa9d62ec07213,False,False,1829134816086,0,True,DCOne Crypto Pool,2616190802,100000000,15141915838,1690877387,,14636093785,0.0120,0,0.0161,0.0202,0.0074,0.0240,0.0146,0.0285,0.0126,DCONE,85,True
0,pool1rw3sdsrge8wa076403lrxey3zw557v3kpaw0kwaxwg02zjfv82k,0,0,,,1,340000000,1ba306c068c9ddd7fb557c7e33649113a94f32360f5cfb3ba6721ea1,False,False,0,0.009,False,,0,20000000000,0,1690840163,,0,0,0,0,0,0,0,0,0,0,,0,True
305333894263,pool1sj3gnahsms73uxxu43rgwczdw596en7dtsfcqf6297vzgcedquv,0,28,,,19,170000000,84a289f6f0dc3d1e18dcac4687604d750baccfcd5c1380274a2f9824,False,False,306512558870,0,False,Very Important Pool,40121335854,10000000000,5270000000,1690740406,,7799532162,0.0191,0,0.0140,0.0263,0,0.0133,0.0283,0.0132,0.0224,VIP,34,True
725808281129,pool1azwytj96wpa7hqmj5adks6tpw7rhnwdqpf9hkgyy0mwdxxzxz9w,1,77,,,3,340000000,e89c45c8ba707beb8372a75b686961778779b9a00a4b7b20847edcd3,False,False,726425538550,0.04,False,Xat Stake Pool,100497792450,100000000000,26220010361,1690716815,,17280249609,0.0123,0,0.0092,0.0064,0,0.0003,0.0107,0.0174,0.0103,XAT1,109,True
165628320,pool1j5tw5wwfvk2zllqycg0cunu8emtd5g9tgymp0uayc6nzujunrhq,0,0,,,2,340000000,9516ea39c965942ffc04c21f8e4f87ced6da20ab413617f3a4c6a62e,False,False,165628320,0,False,,1000000,100000000,0,1690407644,,0,0,0,0,0,0,0,0,0,0,,0,True
8862898312044,pool1072lq3k32sfxs96s9qhrx3s9la2t68vrqwfsp7h9qnwk56yr2mv,2,144,anetabtc.io,3,25,340000000,7f95f046d15412681750282e334605ff54bd1d83039300fae504dd6a,False,False,20600060153407,1,False,🟣 Spectrum Finance | LBSP x2.25,416301370364,400000000,415783951875,1689945744,,0,0.0005,0,0,0,0,0,0,0,0,lSPF0,1027,True
1537820303,pool1r5r0z899up4kc9slygn7a2uhl9ama33sl6qwafvef28jgaf06hz,0,0,,,3,345000000,1d06f11ca5e06b6c161f2227eeab97f97bbec630fe80eea5994a8f24,False,False,1537820303,0.01,False,Neck Beard Millionaires,0,5000000000,0,1689581754,,0,0,0,0,0,0,0,0,0,0,NECKS,0,True
520082000,pool1samrdfdupytre8zuqf5y3sda0kxhp894yvjpnhwwczukwd4mx6y,0,0,,,1,340000000,877636a5bc09163c9c5c026848c1bd7d8d709cb5232419ddcec0b967,False,False,520082000,0.075,False,Honest Pool,520082000,515000000,0,1689461718,,0,0,0,0,0,0,0,0,0,0,SAINT,0,True
27788657593,pool1xzsckz6hd64pnle2c88e3gccccyfs7w6eauxuffpcc5sx2mtekx,0,4,,,8,170000000,30a18b0b576eaa19ff2ac1cf98a318c6089879dacf786e2521c62903,False,False,27788657593,0,False,ItrgPool,3017990794,100000000,680000000,1689410792,,989867908,0.0135,0,0,0,0,0,0,0,0.0117,ITRG,4,True
384919390,pool1sjrfgg0z0su3gun5xdsj5kvl34m5el3zf6mkaffukg9ucc0q4zc,0,0,,,2,340000000,84869421e27c3914727433612a599f8d774cfe224eb76ea53cb20bcc,False,False,384919390,0.01,False,Hashnote,0,100000000,0,1689167431,,0,0,0,0,0,0,0,0,0,0,HASH,0,True
21481626235,pool1gplusrfxc087ep94rata3m02qpyqa6a6g4wezxf4fwwnczzyg3l,0,6,,,13,170000000,407fc80d26c3cfec84b51f57d8edea00480eebba455d9119354b9d3c,False,False,21481626235,0,False,SKILL,16351498428,15000000000,1190000000,1688962767,,1340703563,0.0100,0,0,0,0,0,0,0,0.0076,SKILL,6,True
500000000,pool14ts4y6fpvxnc3e2aqwxqh5xskjyzlpzk6rexgyt3syh2vdgrv7a,0,0,,,1,340000000,aae152692161a788e55d038c0bd0d0b4882f8456d0f2641171812ea6,False,False,500000000,0.01,False,Hello Cardano Pool,500000000,500000000,0,1688918882,,0,0,0,0,0,0,0,0,0,0,HELLO,0,True
147624426,pool1f4pxpxcee0mhwd2knwqkwquaj35enlstssc6crsmt2tvv0pwymt,0,0,,,1,340000000,4d42609b19cbf77735569b8167039d946999fe0b8431ac0e1b5a96c6,False,False,147624426,0.05,False,Mary,147624426,100000000,0,1688754025,,0,0,0,0,0,0,0,0,0,0,MARY,0,True
64330029686047,pool1nqheyct9a0mxn80cwp9pd5guncfu3rzwqtmru0l94accz7gjcgl,15,147,,,27,170000000,982f926165ebf6699df8704a16d11c9e13c88c4e02f63e3fe5af7181,False,False,74310356978918,1,True,Cardano AG Pool - Private,73135661672838,60000000000000,175870503570,1688637025,,2386245121310,0.0266,0,0.0217,0.0223,0.0106,0.0157,0.0233,0.0191,0.0246,CAG,6387,True
5355826593389,pool13r4e7tttcxp4qfs4gqtv0hz5k48qdhhxrskz8pjrj6fqy5qmee0,2,127,,,89,170000000,88eb9f2d6bc1835026154016c7dc54b54e06dee61c2c238643969202,False,False,5358010578267,0,False,Solar Cyprus,29695773684,23000000000,23630000000,1688579208,,243610778315,0.0242,0,0.0152,0.0207,0.0136,0.0139,0.0229,0.0088,0.0222,SOLCY,668,True
10425106141595,pool1k7zrx5rw6cvef9m5qtp9sy4e53u93kwqx73ykz7md9gmwgf56yk,3,151,,,11,340000000,b78433506ed61994977402c25812b9a47858d9c037a24b0bdb6951b7,False,False,10428244405410,0.01,False,TreFi_Capital,2270748834,10000000,56866240552,1688379976,,617199526394,0.0266,0,0.0209,0.0224,0.0110,0.0114,0.0235,0.0164,0.0259,TREFI,1632,True
5820991054393,pool1rxgxstg6t7azlsrk4vuuwp0jgl9e776dg86zqzaa0qt6vz43n9r,2,150,ibexpool.com,1,8,340000000,1990682d1a5fba2fc076ab39c705f247cb9f7b4d41f4200bbd7817a6,False,False,5823089390725,0.9999,False,RAKUDA,11564942907,4000000,324170607333,1688324497,,53497487,0.0006,0,0.0000,0.0000,0.0000,0.0000,0.0000,0.0000,0.0000,RKD,788,True
9321562931,pool16j2sst4yl703nhdyx8snk9ld5rwjga6a4fk203ptedztq7uza5f,0,0,,,1,340000000,d495082ea4ff9f19dda431e13b17eda0dd24775daa6ca7c42bcb44b0,False,False,9321562931,0.075,False,ADA_CLUB,0,50000000000000,0,1688282411,,0,0,0,0,0,0,0,0,0,0,ADACL,0,True
984973662948,pool1xcslzgl6t2pcdr0u8ef2zkjhdyxy8xmgvzp0mcdgrw4k5gtg94s,0,73,,,25,170000000,3621f123fa5a83868dfc3e52a15a57690c439b686082fde1a81bab6a,False,False,985412243120,0,False,4FREEDOM,18544513338,5000000000,13090000000,1688174088,,31282394953,0.0207,0,0.0090,0.0122,0,0,0.0140,0,0.0178,4FREE,110,True
10277188,pool1lq60ecvs6ake3ntq45sv38v0xq3traf3tvc60vx7263n5c37df7,0,0,rockx.com,9,2,340000000,f834fce190d76d98cd60ad20c89d8f3022b1f5315b31a7b0de56a33a,False,False,10277188,0.02,False,RockX Topaz,2622930,100000000,0,1687925362,,0,0,0,0,0,0,0,0,0,0,RXT,0,True
13276968,pool1hxlu84r3xhce4gcc4rdqzlwdprqjptd2jqky572g35jfsjrnzww,0,0,rockx.com,8,2,340000000,b9bfc3d47135f19aa318a8da017dcd08c120adaa902c4a79488d2498,False,False,13276968,0.02,False,RockX Peridot,2622710,100000000,0,1687924906,,0,0,0,0,0,0,0,0,0,0,RXP,0,True
10277276,pool1t2mxyjvqsay4yl6vm5gqep5f76nm9wen3452zxa0nu2xugmsm6k,0,0,rockx.com,7,2,340000000,5ab66249808749527f4cdd100c8689f6a7b2bb338d68a11baf9f146e,False,False,10277276,0.02,False,RockX Opal,2623018,100000000,0,1687923491,,0,0,0,0,0,0,0,0,0,0,RXO,0,True
10276968,pool1pd7x30trlcd86h9x8ya5ch3j4729wudgdh4qrmr6fulh5zm24w9,0,0,rockx.com,6,2,340000000,0b7c68bd63fe1a7d5ca6393b4c5e32af945771a86dea01ec7a4f3f7a,False,False,10276968,0.02,False,RockX Citrine,2622710,100000000,0,1687923408,,0,0,0,0,0,0,0,0,0,0,RXC,0,True
10276880,pool1qle9cf4ycvz2ervhjsedsq8kkxdey4a9jxyuhhmj8wanx2xjqgn,0,0,rockx.com,5,2,340000000,07f25c26a4c304ac8d979432d800f6b19b9257a59189cbdf723bbb33,False,False,10276880,0.02,False,RockX Sapphire,2622622,100000000,0,1687860107,,0,0,0,0,0,0,0,0,0,0,RXS,0,True
10277188,pool1gseulah8qjuemuuh6wf2a2t2k2na7k8xrewdslcljprmcr2fqeq,0,0,rockx.com,4,2,340000000,4433cff6e704b99df397d392aea96ab2a7df58e61e5cd87f1f9047bc,False,False,10277188,0.02,False,RockX Pearl,2622930,100000000,0,1687854034,,0,0,0,0,0,0,0,0,0,0,RXP,0,True
3361294749,pool1u56s0gg8xn8uqyzefwd38napn8jmrjqaum446alm38sgj3248re,0,0,rockx.com,3,3,340000000,e53507a10734cfc010594b9b13cfa199e5b1c81de6eb5d77fb89e089,False,False,3361294749,0.02,False,RockX Garnet,2622798,100000000,0,1687853727,,0,0,0,0,0,0,0,0,0,0,RXG,0,True
10276968,pool15t0vyldspax6eu8mq7f50s4rjk2qn2g7kudl98tjuqzt2a2zpmx,0,0,rockx.com,2,2,340000000,a2dec27db00f4dacf0fb079347c2a3959409a91eb71bf29d72e004b5,False,False,10276968,0.02,False,RockX Emerald,2622710,100000000,0,1687853700,,0,0,0,0,0,0,0,0,0,0,RXE,0,True
14735008193132,pool1luyjjta9jja0nvh4wzqt4jvtesrlt893dj4c7x533dvfq9zshvp,2,139,rockx.com,1,8,340000000,ff09292fa594baf9b2f57080bac98bcc07f59cb16cab8f1a918b5890,False,False,14738146458063,0.02,False,RockX Ruby,51692584567,100000000,75654158569,1687759836,,1455788018365,0.0266,0,0.0216,0.0235,0.0154,0.0183,0.0241,0.0186,0.0254,RXR,3635,True
298773503256,pool1wdzyy2lwc8rd5y9vxwkyxpv62dsa270jepjgy9fa3zpqgeuszun,0,98,,,5,340000000,7344422beec1c6da10ac33ac43059a5361d579f2c86482153d888204,False,False,299115800914,0.05,False,KibiStakePool,9570206519,100000000,35066760199,1687619967,,33279163423,0.0115,0,0.0083,0.0100,0.0095,0.0063,0.0114,0.0065,0.0079,KIBI,164,True
291823265056,pool1263z8symvqmmsg876y2lzluv29am2v9fpzka9sf3nrhz7uwlzap,0,53,,,55,340000000,56a223c09b6037b820fed115f17f8c517bb530a908add2c13198ee2f,False,False,291308045024,0.005,False,♥ 𓃬 LION 𓃬 ♥,10012078482,9999000000,18114113427,1687482417,,9637577792,0.0075,0,0.0002,0.0004,0,0,0.0002,0,0.0015,LION,63,True
3743562473,pool15kh3h3d77hdcv4ld82cm7mxh7uuqm6d568drqaky9ftlczl6hfh,0,0,,,5,340000000,a5af1bc5bef5db8657ed3ab1bf6cd7f7380de9b4d1da3076c42a57fc,False,False,3743562473,0.05,False,ThomasBlock.io,497621874,0,0,1687445929,,0,0,0,0,0,0,0,0,0,0,BLOCK,0,True
35621378615845,pool1z5rt6kn6yvuczj44qla73mfyln9l55lw0jkz6x4kjw00u32zec3,7,151,stake1uxlhuz4u3qn8kvu00v70wxde8ul2w473krvlekrgee49yjcp9mad8,2,2099,340000000,1506bd5a7a2339814ab507fbe8ed24fccbfa53ee7cac2d1ab6939efe,False,False,35008056298966,0.1,False,,0,0,255484056491,1687260257,,1861395684767,0.0247,0,0.0201,0.0212,0.0114,0.0137,0.0219,0.0179,0.0227,,5133,True
4335865422976,pool1etfxpqw7456eh337p7x5jsvxxa67fsduvnmucevrqweckex3nhl,2,137,,,11,170000000,cad26081dead359bc63e0f8d4941863775e4c1bc64f7cc658303b38b,False,False,4336062713126,0,False,KayabukiStakePool,29967624036,24000000000,28982580364,1687075615,,211005423781,0.0259,0,0.0178,0.0204,0.0045,0.0119,0.0225,0.0134,0.0240,KYBK,587,True
3401976,pool16nvyyawrxy0rsx99g332y3yasnnz42arrqhrsxq8pv7nwsya9nu,0,0,,,4,340000000,d4d84275c3311e3818a54462a2449d84e62aaba3182e3818070b3d37,False,False,3401976,0.01,False,World National Parks,1396693,3000000000,0,1686766189,,0,0,0,0,0,0,0,0,0,0,WILD,0,True
26141644132678,pool19zkd9hmkgdjmx2xr0psuat88uuw25wsrktr2qe69v2uzqldfnmj,9,154,stake1u8ww9v63kydymm7hslk4mxyte36str9ehdz06lzsu5r4jlq0e2shk,0,1,340000000,28acd2df764365b328c37861ceace7e71caa3a03b2c6a0674562b820,False,False,26132195996930,1,False,,26132195996930,0,1414046042200,1686693373,,0,0.0004,0,0,0,0,0,0,0,0,,3458,True
49925678158,pool17wph2uu643wykezxmm3ef3a8shg3hwyq2z0sgpu6r9sc7um83d9,0,7,git.io/JOkNh,10,4,345000000,f38375739aac5c4b6446dee394c7a785d11bb880509f04079a19618f,False,False,49925678158,0,False,Balkan,1529740291,100000000,2415000000,1686670941,,1049909049,0.0088,0,0,0,0,0,0.0006,0,0.0021,BLKN,8,True
1647217600649,pool18t0u9vf408ftjf9xdpj47gdwkeq3jz3jqyshumm7fvtfkcq7ul7,0,74,,,50,340000000,3adfc2b13579d2b924a668655f21aeb641190a3201217e6f7e4b169b,False,False,1647217600649,0,False,KapyPool,1541835599410,200000000000,25162647048,1686537789,,30072290274,0.0124,0,0.0162,0.0118,0.0080,0.0159,0.0093,0.0133,0.0113,KAPY,140,True
370607074284,pool1p693mkpyjphqedgje9sx5k8dzaqsusmw99vh26gd8aszjzkajt4,0,26,,,34,170000000,0e8b1dd824906e0cb512c9606a58ed17410e436e295975690d3f6029,False,False,365699087907,0,False,Chicago Cardano,156447991433,150000000000,6644284918,1686519322,,6334578031,0.0178,0,0.0265,0.0241,0.0406,0.0361,0.0319,0.0228,0.0220,CCDO,34,True
10584326752097,pool1q9049mstrv5czwyylpf3xen08pmvsfsgtru4wf3zvc9uxat2sm0,5,145,,,1710,340000000,015f52ee0b1b29813884f85313666f3876c8260858f9572622660bc3,False,False,11425458865592,0,False,Snek,50041231974,50000000000,56601545328,1686340557,,578810211491,0.0235,0,0.0156,0.0176,0.0115,0.0090,0.0212,0.0123,0.0215,SNEK,1519,True
897332562,pool14wn0gvhwme9lxx9l7j85k0dr2twyrgf9j0k3gx0f5d5ckzeln2l,0,0,,,3,340000000,aba6f432eede4bf318bff48f4b3da352dc41a12593ed1419e9a3698b,False,False,897332562,0,False,Sireto Pool,455198513,0,0,1686256849,,0,0,0,0,0,0,0,0,0,0,SIRET,0,True
119887305435,pool1k65vmd0uyy0k5eylunwakd99m9j0n2hfynkxzd9472276m32p50,0,0,feel-mining.com,1,5,345000000,b6a8cdb5fc211f6a649fe4dddb34a5d964f9aae924ec6134b5f295ed,False,False,119887305435,0.03,False,Feel-Mining,147225972,100000000,0,1686212553,,0,0,0,0,0,0,0,0,0,0,FM2,0,True
1795810938501,pool1newmccddazerzanrdeeelvzk6vzh9stxn5n8ravshqa05n0t83u,0,144,newm.io,2,2014,340000000,9e5dbc61ade8b23176636e739fb056d30572c1669d2671f590b83afa,False,False,1803657795936,0.9999,False,NEWMC Stake Pool,10012111100,10000000000,1081073341780,1686054624,,18132359276,0.0005,0,0.0000,0.0000,0.0000,0.0000,0.0000,0.0000,0.0000,NEWMC,2402,True
128724940,pool1chdvqec5lwsxuedrdhcdcxg2295tqrce9lcz3luru5fruzjf3wr,0,0,rockx.com,0,4,340000000,c5dac06714fba06e65a36df0dc190a5168b00f192ff028ff83e5123e,False,False,128724940,0.02,False,RockX Diamond,112045247,110000000,0,1685956115,,0,0,0,0,0,0,0,0,0,0,RXD,0,True
23839642089615,pool1flkcdxj7cq6sfgl4fujx50p20ylqgj02kgwvfj4g5w24s6th8vz,2,156,,,11,340000000,4fed869a5ec03504a3f54f246a3c2a793e0449eab21cc4caa8a39558,False,False,23837502564327,0.1,False,U0001,192821602,50000000,116899179952,1685879121,,585799641440,0.0243,0,0.0188,0.0195,0.0102,0.0113,0.0204,0.0150,0.0222,U0001,1738,True
2034302333033,pool1ch3k0e07dhqwum847sa02cyecrp000a6egdx89fz5rza230jhlp,1,52,,,67,170000000,c5e367e5fe6dc0ee6cf5f43af56099c0c2f7bfbaca1a639522a0c5d5,False,False,2034451716453,0,True,Mission Zambia Stake Pool,5354260299,5000000000,8500000000,1685760382,,36850991528,0.0200,0,0.0145,0.0201,0.0032,0.0083,0.0206,0.0103,0.0201,ZAM,126,True
3039022782351,pool19m547w9wkcqm5hcstz67fly4ucz0zsp3dqv4n956xyusy4dlpue,0,146,,,375,340000000,2ee95f38aeb601ba5f1058b5e4fc95e604f14031681959969a313902,False,False,3029984804657,0.01,False,Wingriders - 1,7673851712,100000000,51887487246,1685457091,,256216429991,0.0260,0,0.0132,0.0154,0.0001,0.0113,0.0193,0.0120,0.0229,WRM01,731,True
744273516,pool1aq6sd3kr3cnjk995tfthhyf0suth3rm547kp6pv35z7wgqu6twn,0,0,binance.com,92,4,345000000,e83506c6c38e272b14b45a577b912f8717788f74afac1d0591a0bce4,False,False,744273516,0.06,False,Binance Node - 32,11982733,2000000,0,1685023341,,0,0,0,0,0,0,0,0,0,0,BNP,0,True
50005115,pool19mc6suzenqdvmq3ssf3nfzv4xva3wgl83z6syumccdppyar0vga,0,0,binance.com,91,3,345000000,2ef1a87059981acd82308263348995333b1723e788b5027378c34212,False,False,50005115,0.06,False,Binance Node - 31,17451049,2000000,0,1685023341,,0,0,0,0,0,0,0,0,0,0,BNP,0,True
14045200425578,pool10xk8jp4m2cztf69x9gvg3j33x5drkrz2hulsjes29wktcfcxdls,2,158,binance.com,90,4,345000000,79ac7906bb5604b4e8a62a1888ca31351a3b0c4abf3f09660a2bacbc,False,False,14049036081235,0.06,False,Binance Node - 30,39187224937,2000000,102225051384,1685023341,,764158098700,0.0257,0,0.0217,0.0212,0.0147,0.0184,0.0233,0.0234,0.0235,BNP,2075,True
32834522906160,pool1f4n4mdsv5ydxuc3y4tzgumqvfa8xxlyr8jl70qquama0ug2pmhf,14,158,binance.com,89,15,345000000,4d675db60ca11a6e6224aac48e6c0c4f4e637c833cbfe7801ceefafe,False,False,32844983785223,0.06,False,Binance Node - 29,65089858397,2000000,173640430148,1685023341,,1884294713530,0.0272,0,0.0234,0.0235,0.0133,0.0187,0.0236,0.0212,0.0249,BNP,4955,True
32940970720492,pool1me68mzk9kephj0yqya6xu9jefjvtg0dvmly3m9sy67cezrexalx,12,158,binance.com,88,8,345000000,de747d8ac5b643793c8027746e16594c98b43dacdfc91d9604d7b191,False,False,32952128991498,0.06,False,Binance Node - 28,63730599742,2000000,170298201872,1685023313,,1835650030572,0.0264,0,0.0208,0.0222,0.0117,0.0169,0.0228,0.0192,0.0240,BNP,4833,True
32953447270794,pool1nll5ghr8cdkl6ppnxpuk6c6vrg9d5kq3tp8d6xjdds5pct6pxj9,11,158,binance.com,87,15,345000000,9fff445c67c36dfd043330796d634c1a0ada5811584edd1a4d6c281c,False,False,32968789893424,0.06,False,Binance Node - 27,64483734356,2000000,171580307366,1685023313,,1854906656259,0.0266,0,0.0191,0.0200,0.0106,0.0140,0.0217,0.0162,0.0243,BNP,4863,True
32789696901274,pool1nwv3c3q62lqcdgp7s0jtl4xldgfnjnt0szkdclk4tzjqzv6kv7n,7,158,binance.com,86,11,345000000,9b991c441a57c186a03e83e4bfd4df6a13394d6f80acdc7ed558a401,False,False,32799460388401,0.06,False,Binance Node - 26,63806319027,2000000,168610534674,1685023313,,1811695202820,0.0261,0,0.0222,0.0216,0.0122,0.0153,0.0232,0.0186,0.0239,BNP,4752,True
32910216282833,pool1jsala5rdc0hjewcvu9dujcz8jpfxp7hadqr3r3hzs63skhhtpqs,11,158,binance.com,85,16,345000000,943bfed06dc3ef2cbb0ce15bc96047905260fafd680711c6e286a30b,False,False,32918933682050,0.06,False,Binance Node - 25,63925271994,2000000,171946002330,1685023313,,1866818997021,0.0269,0,0.0198,0.0205,0.0129,0.0157,0.0229,0.0181,0.0242,BNP,4876,True
32850978239471,pool12xxugucen5pql0ay70uakgqjaxpwfj6c9py8euyu4q3p23s0fyg,5,158,binance.com,84,13,345000000,518dc473199d020fbfa4f3f9db2012e982e4cb5828487cf09ca82215,False,False,32857961064751,0.06,False,Binance Node - 24,65523197075,2000000,173024102474,1685023284,,1877939283187,0.0271,0,0.0223,0.0236,0.0110,0.0155,0.0238,0.0203,0.0251,BNP,4923,True
32856164590050,pool1lm89trd8cl36k8njlhgsemavry2jymnhddpvtk7fk7r7g4e3fep,9,158,binance.com,83,11,345000000,fece558da7c7e3ab1e72fdd10cefac1915226e776b42c5dbc9b787e4,False,False,32868717644930,0.06,False,Binance Node - 23,64273792895,2000000,168389617263,1685023273,,1807412049461,0.0260,0,0.0193,0.0210,0.0110,0.0150,0.0232,0.0167,0.0245,BNP,4747,True
32828809345313,pool10x7rsal3ldumkycuc7f7rslx3vc5axhz5jzwngfcg7hd6t2p7sc,10,158,binance.com,82,9,345000000,79bc3877f1fb79bb131cc793e1c3e68b314e9ae2a484e9a13847aedd,False,False,32838928304741,0.06,False,Binance Node - 22,64945162790,2000000,170234784865,1685023273,,1833835610032,0.0264,0,0.0221,0.0220,0.0133,0.0160,0.0235,0.0206,0.0243,BNP,4816,True
32839433190855,pool1lpw2wnj2vrc75fv7f4jnfzgkqvlrxlampz5nmduwve47xgnckns,10,158,binance.com,81,11,345000000,f85ca74e4a60f1ea259e4d65348916033e337fbb08a93db78e666be3,False,False,32854078421550,0.06,False,Binance Node - 21,64348605318,2000000,169789101226,1685023262,,1828501158393,0.0263,0,0.0208,0.0222,0.0110,0.0148,0.0230,0.0196,0.0240,BNP,4802,True
31077373589184,pool1t6tyc9menh5uax38j89jgdyj0maz6e4mgx90n7xkcl7mu8fzqxu,5,158,binance.com,80,8,345000000,5e964c17799de9ce9a2791cb2434927efa2d66bb418af9f8d6c7fdbe,False,False,31090275340035,0.06,False,Binance Node - 20,61336655139,2000000,162559967549,1685023246,,1712763968458,0.0260,0,0.0197,0.0208,0.0105,0.0143,0.0216,0.0168,0.0235,BNP,4498,True
32819968900182,pool1rpfj2y4vddj8azwu9977a63s2cjl374pep98l6dhuqh5u9jctj0,3,158,binance.com,79,12,345000000,18532512ac6b647e89dc297deeea305625f8faa1c84a7fe9b7e02f4e,False,False,32829732387312,0.06,False,Binance Node - 19,64830615513,2000000,171317447138,1685023240,,1854500642944,0.0267,0,0.0209,0.0217,0.0107,0.0150,0.0234,0.0181,0.0244,BNP,4847,True
31582178976812,pool1jqnywskl2n92fx65thtew8zlj3vqfrqxz7zyj70tt7d3qmn0m9t,11,158,binance.com,78,7,345000000,90264742df54caa49b545dd7971c5f9458048c0617844979eb5f9b10,False,False,31592988551850,0.06,False,Binance Node - 18,62959336721,2000000,165630226370,1685023240,,1762108631331,0.0264,0,0.0194,0.0209,0.0080,0.0115,0.0226,0.0182,0.0243,BNP,4638,True
32836740367902,pool18xmqj9h97tx245mzkz0fqlvas5zse0fzh9xmn9p6z77aj5jegsx,6,158,binance.com,77,12,345000000,39b60916e5f2ccaad362b09e907d9d85050cbd22b94db9943a17bdd9,False,False,32845806463091,0.06,False,Binance Node - 17,65866458165,2000000,174864535153,1685023227,,1908825791565,0.0275,0,0.0234,0.0230,0.0085,0.0145,0.0240,0.0210,0.0250,BNP,4992,True
32844633027016,pool16c989ahn582z53azjfmregygfuc9k44u3q97wqgyn0zxuzp3dn4,8,158,binance.com,76,7,345000000,d60a72f6f3a1d42a47a292763ca0884f305b56bc880be701049bc46e,False,False,32856107287478,0.06,False,Binance Node - 16,66420163843,2000000,173048437459,1685023171,,1884104934276,0.0271,0,0.0230,0.0235,0.0129,0.0177,0.0244,0.0217,0.0255,BNP,4943,True
32825128253784,pool1vqq5mg8ccqemjr5ukfa48a767dqjsa7nas8xnpf7huvcz7amlv9,8,158,binance.com,75,12,345000000,60014da0f8c033b90e9cb27b53f7daf3412877d3ec0e69853ebf1981,False,False,32837104704046,0.06,False,Binance Node - 15,66088162171,2000000,171210704314,1685023159,,1852833314823,0.0267,0,0.0207,0.0230,0.0122,0.0148,0.0241,0.0184,0.0250,BNP,4864,True
32831475611133,pool1lfsslc99da8jhj5apzctsnfm76kjc6ndyc6hnynagcj8xexvjsr,7,158,binance.com,74,14,345000000,fa610fe0a56f4f2bca9d08b0b84d3bf6ad2c6a6d263579927d462473,False,False,32844726096172,0.06,False,Binance Node - 14,64542439859,2000000,171043604383,1685023152,,1848150812808,0.0266,0,0.0215,0.0217,0.0096,0.0150,0.0229,0.0181,0.0245,BNP,4846,True
32881649606034,pool12ahcpgfgzkm29zajw8fgfqjma6ngsks7zdk4tr7q280pwfvtlek,6,158,binance.com,73,14,345000000,576f80a12815b6a28bb271d284825beea6885a1e136d558fc051de17,False,False,32891413093161,0.06,False,Binance Node - 13,67172053919,2000000,176112183857,1685023152,,1927961566053,0.0278,0,0.0232,0.0233,0.0125,0.0150,0.0234,0.0196,0.0257,BNP,5042,True
33218750758923,pool124hy9qgc0nhqsve268kj5r53pvz7ppg295q6r2d0sjxswchljf0,8,158,binance.com,72,13,345000000,556e4281187cee08332ad1ed2a0e910b05e0850a2d01a1a9af848d07,False,False,32974732207370,0.06,False,Binance Node - 12,65281085950,2000000,170928642137,1685023136,,1843879223318,0.0264,0,0.0222,0.0216,0.0095,0.0156,0.0226,0.0204,0.0243,BNP,4842,True
32862591948918,pool17c4u37tjcjaeym0cs5mffvdkyyv74rkhczhnsgplef4sjglkwpj,17,158,binance.com,71,11,345000000,f62bc8f972c4bb926df8853694b1b62119ea8ed7c0af38203fca6b09,False,False,32871654770010,0.06,False,Binance Node - 11,65659671686,2000000,170860007944,1685023136,,1846513868060,0.0266,0,0.0223,0.0232,0.0140,0.0177,0.0243,0.0198,0.0250,BNP,4857,True
740436254822,pool1l7xwy6sswcpxcepf9m43sez4kwgrgxuw5ekhkavj3k2lv6njvec,0,151,binance.com,70,9,345000000,ff8ce26a1076026c64292eeb186455b390341b8ea66d7b75928d95f6,False,False,740428309281,0.06,False,Binance Node - 10,57370207778,2000000,161987626826,1685023122,,1730000359105,0.0266,0,0.0232,0.0226,0,0.0002,0.0237,0.0002,0.0251,BNP,4467,True
708382682007,pool1f89cpnym44rfv52jj88f3g20axraw4g9g7aglnqsgjl220lpdd8,0,149,binance.com,69,8,345000000,49cb80cc9bad4696515291ce98a14fe987d7550547ba8fcc1044bea5,False,False,708382682007,0.06,False,Binance Node - 9,55532960166,2000000,163248860437,1685023116,,1771746051929,0.0272,0,0.0271,0.0237,0,0,0.0242,0,0.0248,BNP,4548,True
832750073190,pool1ptzl40tt9a6l2kp6fhjmzsg3t2maqdhwv6cnqu8kj6xgz3vw9us,0,153,binance.com,68,9,345000000,0ac5fabd6b2f75f5583a4de5b141115ab7d036ee66b13070f6968c81,False,False,832750073190,0.06,False,Binance Node - 8,57182112756,2000000,164732793281,1685023116,,1770911642655,0.0271,0,0.0227,0.0251,0.0002,0.0001,0.0242,0.0001,0.0251,BNP,4567,True
129971534447,pool134d4ndkh0q43mykqh922k0khrrkm7rlpkj834ju6kwja6dmu2f6,0,96,binance.com,67,9,345000000,8d5b59b6d7782b1d92c0b954ab3ed718edbf0fe1b48f1acb9ab3a5dd,False,False,129971534447,0.06,False,Binance Node - 6,1778854109,2000000,102893228116,1685023054,,1106415346374,0.0277,0,0,0,0,0,0,0,0.0251,BNP,2638,True
837701197727,pool1lvgs6gdcgl3lgcc77wxmuyst8x4h9gxcth07pzry0rfsv5ntl3r,1,153,binance.com,66,6,345000000,fb110d21b847e3f4631ef38dbe120b39ab72a0d85ddfe0886478d306,False,False,838049893692,0.06,False,Binance Node - 7,58011473116,2000000,162060822297,1685023021,,1726566126933,0.0265,0,0.0239,0.0266,0,0.0001,0.0245,0.0001,0.0248,BNP,4460,True
107304797284,pool1e96dkrs5msjuycwz4mf0kq6fytlz0x48mnrur5ggufqkzs2a4kp,0,96,binance.com,65,8,345000000,c974db0e14dc25c261c2aed2fb034922fe279aa7dcc7c1d108e24161,False,False,107304797284,0.06,False,Binance Node - 5,2104137527,2000000,102668999236,1685023021,,1106220059747,0.0277,0,0,0,0,0,0,0,0.0209,BNP,2635,True
136906448328,pool177ukluyy3tq6mphkp7kfpe6ku48rs8x48le7y23quee0xqmal06,0,91,binance.com,64,7,345000000,f7b96ff0848ac1ad86f60fac90e756e54e381cd53ff3e22a20e672f3,False,False,136906448328,0.06,False,Binance Node - 4,389987841,2000000,105010613092,1685023021,,1170728718090,0.0293,0,0,0,0,0,0,0,0.0302,BNP,2779,True
32167174391488,pool16vdezg50c80dhs78jhfl0gpqr68trtmqy40xplw39t9mgk6vrkd,3,111,binance.com,63,8,345000000,d31b91228fc1dedbc3c795d3f7a0201e8eb1af60255e60fdd12acbb4,False,False,32181470926215,0.06,False,Binance Node - 3,18063462929,2000000,121361366164,1685023021,,1328367782664,0.0278,0,0.0210,0.0217,0.0094,0.0135,0.0216,0.0175,0.0234,BNP,3310,True
32063371924114,pool1z46azf72z9yjlq6rpngwn5syg5xup8jcwguu2t259ngl5cnv2ds,1,111,binance.com,62,14,345000000,1575d127ca11492f83430cd0e9d204450dc09e587239c52d542cd1fa,False,False,32072455254287,0.06,False,Binance Node - 2,18184564403,2000000,121375388143,1685023021,,1321989821892,0.0279,0,0.0226,0.0233,0.0124,0.0176,0.0232,0.0209,0.0244,BNP,3315,True
32029505107038,pool1ewgnsmk42ljf00wytawfcl3dcash9f852u5fr92e37wqxutyksl,10,109,binance.com,61,11,345000000,cb91386ed557e497bdc45f5c9c7e2dc76172a4f457289195598f9c03,False,False,32040314682074,0.06,True,Binance Node - 1,16800025822,2000000,120619075134,1685022716,,1323025398239,0.0266,0,0.0213,0.0217,0.0132,0.0171,0.0217,0.0184,0.0224,BNP,3317,True
2912969155005,pool14rnkjjate6rqa7f9xmezgwne99n8hlahg7ymcyhzkhus758r3h7,0,137,,,825,340000000,a8e7694babce860ef92536f2243a7929667bffb74789bc12e2b5f90f,False,False,2144252384040,0.99,False,DEGA ISPO,1746833080,1000000000,815961726954,1684894808,,7849696236,0.0009,0,0.0000,0.0000,0,0,0.0000,0.0000,0.0002,DEGA1,1843,True
762308443755,pool1fr8ug253hlv0pt4sxu3w20r03pnpkh2wpedegp55t8nsx28rkma,1,105,,,135,170000000,48cfc42a91bfd8f0aeb03722e53c6f88661b5d4e0e5b94069459e703,False,False,761152670269,0.01,True,JOKER,10299931800,10000000000,22277295150,1684802372,,94721245479,0.0229,0,0.0066,0.0205,0,0,0.0232,0,0.0230,JOKER,298,True
5265858289,pool1wh23dzv4mjrm2lv5y5k3pk9yx8dpggd63ma6duesvzvvymawpny,0,0,,,5,340000000,75d5168995dc87b57d94252d10d8a431da1421ba8efba6f3306098c2,False,False,5265858289,0,False,Venom Pool,7441721,100000000,0,1684723811,,0,0,0,0,0,0,0,0,0,0,VENOM,0,True
1174288390240,pool1y89sy2e927hvvt66wnukx5xnnrarzxrt55eypttaw3n06u0uam4,0,122,,,152,240000000,21cb022b2557aec62f5a74f96350d398fa31186ba53240ad7d7466fd,False,False,1167868341157,0.01,True,Tre Viet - Bamboo Pool,11085079643,10000000000,37522792186,1684506995,,216096340761,0.0266,0,0.0119,0.0177,0.0122,0.0101,0.0219,0.0060,0.0171,BBO,556,True
105183469943539,pool19yzqr3meksnvzdxh5xf6aknfhldyqdj7eaquxgcjva4mzt5kg3v,29,159,,,62,340000000,290401c779b426c134d7a193aeda69bfda40365ecf41c32312676bb1,False,False,97621549639208,0.1,False,,3446078,2000000,284720184593,1683220339,,2089476057042,0.0228,0,0.0154,0.0158,0.0088,0.0112,0.0187,0.0138,0.0206,,6648,True
39460040,pool10emzedn7jczjrk7x7687mzwpqs2qfk8dnmyuf3ca7ju8cx79z57,0,0,,,2,345000000,7e762cb67e960521dbc6f68fed89c1041404d8ed9ec9c4c71df4b87c,False,False,39460040,1,False,miPool,38297271,30000000,0,1683053519,,0,0,0,0,0,0,0,0,0,0,MPL,0,True
227106882378,pool1f297l6rl99h5v56x48j4pgza70ya3lm37yzu0njpcnsljqdd4dl,0,49,,,28,170000000,4a8befe87f296f465346a9e550a05df3c9d8ff71f105c7ce41c4e1f9,False,False,226833095814,0.03,False,Cardano Kanal Staking Pool,50000000000,50000000000,13022094677,1682964122,,19791061989,0.0162,0,0.0126,0.0081,0,0,0.0139,0,0.0128,DACH,72,True
2062184,pool1pnvthl5hwnsuulx6fch0885aae0l9fkht35rla46dw9r54d5whr,0,0,,,1,345000000,0cd8bbfe9774e1ce7cda4e2ef39e9dee5ff2a6d75c683ff6ba6b8a3a,False,False,2062184,0.02,False,Pureland Stake Pool,2062184,35000000000,0,1682833363,,0,0,0,0,0,0,0,0,0,0,PURE,0,True
1505382425,pool1xfj4dazvq0fszalwm30zr85ka9t65mwpq3vfrprdw35mwan3vq9,0,1,,,4,340000000,326556f44c03d30177eedc5e219e96e957aa6dc1045891846d7469b7,False,False,1505382425,0.025,False,Cardano NFT Asian Community,1501139082,1008000000,343337880,1682784434,,130177348,0.0056,0,0,0,0,0,0,0,0,CNFTA,1,True
1044861494,pool1v8pu7txqydjmfhusgrfzvan4pragec3wu066cfmq2xpuvm2m8r5,0,0,,,3,340000000,61c3cf2cc02365b4df9040d226767508fa8ce22ee3f5ac27605183c6,False,False,1044861494,0.029,False,Cardano & SingularityNET Tiktok Channel Team,1010405929,1001000000,0,1682783236,,0,0,0,0,0,0,0,0,0,0,TITOK,0,True
23491174810183,pool13t8yafhx3mfnxs8nnkvgqnm9v5gspk7cdjc5dmpzpt0a6h294yn,4,165,upbit.com,9,2,340000000,8ace4ea6e68ed33340f39d98804f65651100dbd86cb146ec220adfdd,False,False,26300945976363,1,False,Upbit Staking,26300944320811,200000000000,1500944320811,1682410849,,0,0.0002,0,0,0,0,0,0,0,0,UPBIT,3651,True
29851340691546,pool1859zslu3scj23wxcamw0slkhn80waxwkdl4k8k0asyw7sfa8dv5,9,165,upbit.com,8,1,340000000,3d0a287f918624a8b8d8eedcf87ed799deee99d66feb63d9fd811de8,False,False,29863205679402,1,False,Upbit Staking,29863205679402,200000000000,1463204489842,1682410710,,0,0.0005,0,0,0,0,0,0,0,0,UPBIT,3568,True
29884495000236,pool1k2224hj6uhdgkflj6ncqvmfhqvhlhj0t8crhqux5mphwwumupec,11,163,upbit.com,7,1,340000000,b294aade5ae5da8b27f2d4f0066d37032ffbc9eb3e077070d4d86ee7,False,False,29897406898855,1,False,Upbit Staking,29897406898855,200000000000,1497406898855,1682410588,,0,0.0005,0,0,0,0,0,0,0,0,UPBIT,3666,True
29796850437046,pool1sjnh0ymk9fhhnusm7uksux5yhpfyhjfmseq5nuupsj6ezskc0pj,9,165,upbit.com,6,1,340000000,84a77793762a6f79f21bf72d0e1a84b8524bc93b864149f38184b591,False,False,29804527782060,1,False,Upbit Staking,29804527782060,200000000000,1604526592500,1682410519,,0,0.0003,0,0,0,0,0,0,0,0,UPBIT,3929,True
25320465521439,pool1cp4q7w2jvlthul9mlskj6xutx9rdr7n4vruqqe09pfg5ywmzdzq,7,165,upbit.com,5,1,340000000,c06a0f395267d77e7cbbfc2d2d1b8b3146d1fa7560f80065e50a5142,False,False,26528491833479,1,False,Upbit Staking,26528491833479,200000000000,1528491833479,1682410132,,0,0.0004,0,0,0,0,0,0,0,0,UPBIT,3724,True
0,pool1wsar9vtmyghy3htc7gz0gwq70ap0v7wrq9hq83qwx5auvzfm6fg,0,0,,,1,345000000,743a32b17b222e48dd78f204f4381e7f42f679c3016e03c40e353bc6,False,False,0,0.0222,False,Arratha,0,100000000000,0,1682344002,,0,0,0,0,0,0,0,0,0,0,ARAT,0,True
46704518155,pool1ekyuhd48h9nnymqpx0c00taz6ygnsge4502r7e67clp7zy9cegv,0,19,,,52,340000000,cd89cbb6a7b967326c0133f0f7afa2d111382335a3d43f675ec7c3e1,False,False,46704518155,0.0314,False,Cardano Asia Team,10158748178,3140000,6575486637,1682293197,,3562432053,0.0102,0,0.0011,0.0009,0,0.0037,0.0014,0.0019,0.0019,CASIA,23,True
77848386,pool1h8625k6vszveym92qandxwjv3wmnekc548yzcepr5w88ys824pg,0,0,,,1,568800000,b9f4aa5b4c8099926caa0766d33a4c8bb73cdb14a9c82c6423a38e72,False,False,77848386,1,False,roastfrog,77848386,1000000,0,1682016551,,0,0,0,0,0,0,0,0,0,0,RfroG,0,True
92633094,pool1g04psph8yjpqrgvtltqxrgh6vtl3uklvl46ng6ttrdhwjuvelna,0,0,,,1,345000000,43ea1806e7248201a18bfac061a2fa62ff1e5becfd7534696b1b6ee9,False,False,92633094,0,False,Orca Hub,92633094,90000000,0,1681834373,,0,0,0,0,0,0,0,0,0,0,horca,0,True
398600000,pool1ylcl727memzjqypjaxg0jl0l40l3gy3vmtt0llwpjufwwdmptks,0,0,blockdaemon.com,7,1,340000000,27f1ff2bdbcec5201032e990f97dffabff14122cdad6fffdc19712e7,False,False,398600000,0.03,False,,398600000,200000000,0,1681827845,,0,0,0,0,0,0,0,0,0,0,,0,True
2183145797930,pool1gxvkc0576e75065p5k0csvwme9y2qrefd5ga66nx0z65xxjt8jk,2,108,,,382,170000000,41996c3e9ed67d47ea81a59f8831dbc948a00f296d11dd6a6678b543,False,False,1958825578305,0.01,True,Cardano Link Pool,10007166942,10000000000,19614045242,1681734678,,196704549336,0.0259,0,0.0172,0.0157,0,0.0018,0.0187,0.0122,0.0242,CLINK,539,True
3123411758102,pool15ftrqf7j80w57leflatx66x00qfhu483a290gmp7q85pjxrf480,2,157,infiniastakepool.com,2,6,340000000,a2563027d23bdd4f7f29ff566d68cf78137e54f1ea8af46c3e01e819,False,False,3124604274690,0,True,Infinia Stake Private Pool,190898397,168000000,52700000000,1681136227,,155568348359,0.0219,0,0.0162,0.0156,0.0166,0.0194,0.0162,0.0223,0.0199,ISPP,496,True
0,pool19xtc9sy9g7zcrrazrkg4s6ayjkkh9aynvfa6gqnawtdauulqxck,0,107,,,1,340000000,299782c0854785818fa21d91586ba495ad72f493627ba4027d72dbde,False,False,0,1,False,,0,67000000000000,3618016439588,1680823889,,0,0.0007,0,0,0,0,0,0,0,0,,7016,True
0,pool18sk7mn0r0cyujft352lwkzg5pz7e67ve3ps2sryrwacd2r5zhp6,0,141,,,1,340000000,3c2dedcde37e09c92571a2beeb091408bd9d79998860a80c837770d5,False,False,0,1,False,,0,67000000000000,5031501252576,1680823889,,0,0.0005,0,0,0,0,0,0,0,0,,9307,True
0,pool1gu522f03e6azk25v5n6mur9zyl8ghe2ul8223zp3vfnp77fagfa,0,141,,,1,340000000,4728a525f1ceba2b2a8ca4f5be0ca227ce8be55cf9d4a8883162661f,False,False,0,1,False,,0,67000000000000,4982921552306,1680823889,,0,0.0005,0,0,0,0,0,0,0,0,,9219,True
71896774985465,pool1yafxktvszg85t5m20l8q8sufgcae6cxlk8cx96wrt8cdva7aknf,14,163,,,1,340000000,27526b2d90120f45d36a7fce03c389463b9d60dfb1f062e9c359f0d6,False,False,71867871820122,1,False,,71867871820122,67000000000000,5698055607498,1680823889,,0,0.0005,0,0,0,0,0,0,0,0,,10876,True
71955393838117,pool1r99a6puhdv2xzcfw05jjqvks3xhmy2l4wsndx9hmhudvu4yevz5,23,163,,,1,340000000,194bdd07976b1461612e7d252032d089afb22bf57426d316fbbf1ace,False,False,71919479242591,1,False,,71919479242591,67000000000000,5739877042555,1680823889,,0,0.0004,0,0,0,0,0,0,0,0,,10984,True
75922866376491,pool18ufrgfgmslekdxnk9v9345qvhrr7vfgzkvneqtwm7unnwaht6ww,22,161,,,285,170000000,3f1234251b87f3669a762b0b1ad00cb8c7e62502b327902ddbf72737,False,False,75981302836330,0,False,Ogam Pool,516203218246,500000000000,34930801208,1680739864,,2047150528612,0.0268,0,0.0241,0.0245,0.0135,0.0170,0.0255,0.0213,0.0269,OGAM,5575,True
24349113907,pool1dntg2qvnf6sgr0fkjpqjfq5gckkmydqmjhctszgqx6fsv0gcufs,0,28,,,1,680000000,6cd68501934ea081bd369041248288c5adb2341b95f0b80900369306,False,False,24349113907,0,False,BLIFIX Cardano Stake Pool,24349113907,21000000000,7310000000,1680566005,,10394725541,0.0118,0,0,0,0,0,0,0,0.0057,BLIFI,39,True
530449333,pool1t2zc29vmryg0z72jp3vh04awlxlrqf88jc3zfx7wm8dwjuhgch9,0,0,,,3,340000000,5a8585159b1910f179520c5977d7aef9be3024e79622249bced9dae9,False,False,530449333,0.02,False,Universal Pool,332637934,310000000,0,1680485618,,0,0,0,0,0,0,0,0,0,0,UPU,0,True
6382696287939,pool1e9wmzv9r2pkvhwddc3ay42axm9aggheae6u4e52tgx6326krg03,4,167,muen-project.com,2,5,340000000,c95db130a3506ccbb9adc47a4aaba6d97a845f3dceb95cd14b41b515,False,False,6380946632646,0.9999,False,"MUEN3 CharityPrivatePool,",468916353,10000000,423092993571,1680429144,,36894657,0.0003,0,0.0000,0.0000,0.0000,0.0000,0.0000,0.0000,0.0000,MUEN3,1013,True
77560701539,pool1skykl3rncme7qzwy0t55wk258h4e4s9dyacrm3hnsya3u3k5vkw,0,34,,,20,170000000,85896fc473c6f3e009c47ae94759543deb9ac0ad27703dc6f3813b1e,False,False,77560701539,0,False,Safe Stake,56254447091,50000000000,9540000000,1680376921,,19666234738,0.0194,0,0,0,0,0,0,0,0,SAFST,61,True
11086206157349,pool1ztk6dcj2nc3plnujf3ek6jqngtx8hcryufz56lyumemlcy2xxn0,5,163,iagon.com,1,1758,340000000,12eda6e24a9e221fcf924c736d481342cc7be064e2454d7c9cde77fc,False,False,11878262309345,0.99,True,Iagon liquidity stake pool 1,20897841,10000000,1781585164273,1680347840,,17736626761,0.0012,0,0.0002,0.0002,0.0001,0.0002,0.0002,0.0002,0.0002,IAGL1,4195,True
71858000477124,pool1vhz87537anw4u0ruqsyuftyh7zxnrxptr4nnv0m6mjgeu8kp83z,17,163,,,1,340000000,65c47f523eecdd5e3c7c0409c4ac97f08d31982b1d67363f7adc919e,False,False,71818592254629,1,False,,71818592254629,67000000000000,5617618780247,1680211766,,0,0.0004,0,0,0,0,0,0,0,0,,10732,True
10169026589061,pool1q8x5k5wq6zsshdjcmyzcgzwaqd9mfg9fypaaew8xs597svmeyk4,4,162,,,1,340000000,01cd4b51c0d0a10bb658d9058409dd034bb4a0a9207bdcb8e6850be8,False,False,10690063588373,1,False,,10690063588373,0,1672172855432,1680211766,,0,0.0002,0,0,0,0,0,0,0,0,,3997,True
361997195979,pool17wsk3ww9asev7kfk9ktfw2cxcq865jq2l796aue66xldwx6cy82,0,54,cardanode.io,3,11,340000000,f3a168b9c5ec32cf59362d96972b06c00faa480aff8baef33ad1bed7,False,False,341737960226,0,False,Cardanode: 0.00% Fee & 100% Rewards Guaranteed,331318395253,300000000000,18360000000,1680064122,,10186990091,0.0106,0,0.0068,0.0049,0,0,0.0029,0.0010,0.0038,FUND3,66,True
24466179773469,pool18qahj5ggudguk69g9aaztf5dvapmazql4hdvd7v0947j7gy4wqf,9,165,,,145,170000000,383b795108e351cb68a82f7a25a68d6743be881faddac6f98f2d7d2f,False,False,24421247019752,0.02,False,Tempus,73867831906,35000000000,45650981018,1679899899,,668121536503,0.0261,0,0.0221,0.0220,0.0185,0.0198,0.0246,0.0180,0.0245,TMS,1820,True
109611710,pool126ugnr0nxjxz72jrlzrqetqx0exn43t5w67u9vuq23xex4ym7dv,0,0,,,1,345000000,56b8898df3348c2f2a43f8860cac067e4d3ac57476bdc2b380544d93,False,False,109611710,0.15,False,T1DEXI,109611710,100000000,0,1679499334,,0,0,0,0,0,0,0,0,0,0,T1DEX,0,True
71410154815713,pool1457cnl7qu568h98xrw8krfnjkhf05mfhaq2l50epwy36yuln20q,20,164,wavepool.digital,11,203,340000000,ad3d89ffc0e5347b94e61b8f61a672b5d2fa6d37e815fa3f217123a2,False,False,71497407700781,0.04,False,GMO Coin Staking Pool,37497154792818,35000000000000,216275879871,1679450685,,3876861118834,0.0306,0,0.0261,0.0264,0.0137,0.0176,0.0276,0.0222,0.0294,GMO1,8982,True
7825787,pool1xnfhm27l9sts2mq85qp2dp0yhw5xw0nt7vxxaa4a89zngykvxu4,0,0,,,2,340000000,34d37dabdf2c17056c07a002a685e4bba8673e6bf30c6ef6bd394534,True,False,0,0.01,False,[EMUR6] Emurgo #6,0,340000000,0,1679149719,,0,0,0,0,0,0,0,0,0,0,EMUR6,0,True
946964812359,pool13daql23lkcwwj0gsz0dnu9tu20pugpswfped3kp05ekxkgmcumt,1,65,,,47,170000000,8b7a0faa3fb61ce93d1013db3e157c53c3c4060e4872d8d82fa66c6b,False,False,946953600153,0,False,Laponia,22247846630,20000000000,11054303481,1678818470,,34557079523,0.0209,0,0.0081,0.0126,0.0070,0.0046,0.0156,0.0046,0.0200,LAPO,118,True
7260577703,pool1devkrwcez409eqm07mr224qqm4a5t3efx3x7u046kct7yk4fxa9,0,0,,,5,170000000,6e5961bb19155e5c836ff6c6a55400dd7b45c729344dee3ebab617e2,False,False,7260577703,0,False,AMAPools,5007088344,5000000000,0,1678539047,,0,0,0,0,0,0,0,0,0,0,AMAP,0,True
808351264641,pool18hpttrmc7v6nhjcywhdpymwzxv3y9kujzc5ne53jjdlf6hxa7cv,0,81,,,30,340000000,3dc2b58f78f3353bcb0475da126dc2332242db9216293cd232937e9d,False,False,808699993961,0.01,False,5Fold Pool,53603061482,25000000000,27415955265,1678497675,,21379575032,0.0111,0,0.0060,0.0045,0.0004,0.0006,0.0081,0.0007,0.0066,5FOLD,115,True
492237134076,pool1srdjughnhp8xnn0wlf7gj7v9k8lmzl9ht4vhksp5qqc66fnpccj,0,142,,,1064,340000000,80db2e22f3b84e69cdeefa7c897985b1ffb17cb75d597b40340031ad,False,False,492297872004,0.05,False,FluidTokens ISPO - Now Over,3067340204,1000000000,755027798350,1678273900,,65524427638,0.0023,0,0.0049,0.0065,0.0250,0.0170,0.0038,0.0089,0.0124,FLDT,1734,True
65625067089740,pool1zkdc6ve9nndk7vxnjlalhqt4hr5h8auz5qzjk7lrjrqtv23yuy5,14,169,,,1331,170000000,159b8d33259cdb6f30d397fbfb8175b8e973f782a0052b7be390c0b6,False,False,67209614005626,0.01,True,CloverNodes,101417157711,101000000000,44345066617,1677815442,,1613370268003,0.0263,0,0.0229,0.0243,0.0127,0.0164,0.0250,0.0216,0.0262,CLOVR,4479,True
121436315,pool1y2433yepkpw5xwps004zlz23xuja9xp2ckplak5lp72qss37333,0,0,,,4,340000000,22ab189321b05d4338307bea2f89513725d2982ac583feda9f0f9408,False,False,121436315,0.01,False,ChainUp Cloud,99430944,50000000,0,1677758774,,0,0,0,0,0,0,0,0,0,0,UPUP,0,True
29898094173136,pool1ek9pyk0xwjelrw7uqktvjwqj8wlcqqftjxqeq3t2vffw7qm8efs,9,171,upbit.com,4,1,340000000,cd8a1259e674b3f1bbdc0596c938123bbf80012b918190456a6252ef,False,False,29909261220626,1,False,Upbit Staking,29909261220626,200000000000,1509261220626,1677336795,,0,0.0003,0,0,0,0,0,0,0,0,UPBIT,3652,True
29941449464335,pool1hnukelq3ap6pj3wnetj448efj4nalngy756jln9zd2mjsp73etg,7,171,upbit.com,3,1,340000000,bcf96cfc11e8741945d3cae55a9f299567dfcd04f5352fcca26ab728,False,False,29953314452378,1,False,Upbit Staking,29953314452378,200000000000,1553314452378,1677336534,,0,0.0004,0,0,0,0,0,0,0,0,UPBIT,3741,True
29978890571666,pool13z9mfsve9w39sl5akgz58yewad9daycxn8ja426ytdxey47yatu,8,171,upbit.com,2,1,340000000,888bb4c1992ba2587e9db20543932eeb4ade930699e5daab445b4d92,False,False,29987963797878,1,False,Upbit Staking,29987963797878,200000000000,1587963797878,1677336226,,0,0.0004,0,0,0,0,0,0,0,0,UPBIT,3838,True
29867023897152,pool1ua5exfeju4jc95yy595cykjh4x46998g8hrrvw2v5h9k7987a44,7,171,upbit.com,1,2,340000000,e769932732e56582d084a169825a57a9aba294e83dc636394ca5cb6f,False,False,26877493004096,1,False,Upbit Staking,26877491479163,200000000000,1677491479163,1677335710,,0,0.0002,0,0,0,0,0,0,0,0,UPBIT,4055,True
29999271815753,pool1r9kse9x8ja0ajkyw8w96zw5c2aqeey6j85nmyqxhwt0rs090fu4,7,173,upbit.com,0,2,340000000,196d0c94c7975fd9588e3b8ba13a9857419c93523d27b200d772de38,False,False,30010089893200,1,False,Upbit Staking,30010078547786,200000000000,1610078547786,1677335049,,0,0.0004,0,0,0,0,0,0,0,0,UPBIT,3881,True
0,pool157xnzltgv3h4zzege5qh0fx23cr90gve663xddtq4j0u56fu8c9,0,0,,,1,340000000,a78d317d68646f510b28cd0177a4ca8e0657a199d6a266b560ac9fca,False,False,0,0,False,Ivy Oracle Stake Pool,0,47000000000,0,1677215933,,0,0,0,0,0,0,0,0,0,0,IVY,0,True
23433361,pool1pvg7uqf9a0ms24xcdfq8f48p72csfslgz3gzwlmfee5szuda0du,0,0,,,1,340000000,0b11ee0125ebf70554d86a4074d4e1f2b104c3e81450277f69ce6901,False,False,23433361,0.05,False,BloqIncStakePool,23433361,1000000,0,1677096282,,0,0,0,0,0,0,0,0,0,0,BLOQ,0,True
74332104979752,pool1mtxmk0skqkr5y0wxnxps4n35j6wn9q8dfr82y423vvlp53vccux,22,176,kiln.fi,3,31,340000000,dacdbb3e160587423dc699830ace34969d3280ed48cea25551633e1a,False,False,74361368172338,0.03,False,Kiln,6950705458,100000000,213131233878,1677082280,,5005160924301,0.0291,0,0.0218,0.0226,0.0144,0.0173,0.0243,0.0207,0.0256,KILN3,12221,True
74703586682876,pool1v62c7d92xv6gyh4x9rhfpkwzlpw2ypxk92xvzavakg3xypatklv,21,176,kiln.fi,2,39,340000000,66958f34aa3334825ea628ee90d9c2f85ca204d62a8cc1759db22262,False,False,74735446004677,0.03,False,Kiln,6877941535,100000000,208157667644,1677081855,,4845221107858,0.0282,0,0.0220,0.0221,0.0115,0.0148,0.0236,0.0204,0.0254,KILN2,11831,True
74648866829542,pool1fcp4d2pxh0e7q5ju63sjqcdpxpr3pvxg6ykl23t6c97d7dnvjvw,16,176,kiln.fi,1,58,340000000,4e0356a826bbf3e0525cd4612061a1304710b0c8d12df5457ac17cdf,False,False,74670372433612,0.03,False,Kiln,6621319923,100000000,210452249349,1677078951,,4917670837375,0.0285,0,0.0218,0.0227,0.0100,0.0145,0.0239,0.0202,0.0260,KILN1,12082,True
12547419457,pool1l40jtd7he9dv272md7jxp9yctj5glc598r6d3f5xv93qkx3e5z5,0,0,,,24,340000000,fd5f25b7d7c95ac5795b6fa46094985ca88fe28538f4d8a68661620b,False,False,12548919457,0.02,False,Cardano Clanns Stake Pool,0,1000000000,0,1677005676,,0,0,0,0,0,0,0,0,0,0,CLANN,0,True
5106739915,pool1sktjey6tdtgp6svf0d2nth7ruq3zjnhgg2dckpkveyeqk0jttgj,0,11,,,45,340000000,85972c934b6ad01d41897b5535dfc3e022294ee8429b8b06ccc9320b,False,False,5078377714,0.03,False,Innovation fund Pool,1006873630,1000000000,3788016196,1676764033,,1551793363,0.0106,0,0,0,0,0,0,0,0,ENOV8,11,True
1763938,pool1la6wjq8uaqctd05zw58dczxp6csf2z66wf726kdfyr9l7hnr6jp,0,23,,,1,345000000,ff74e900fce830b6be82750edc08c1d620950b5a727cad59a920cbff,False,False,1763938,0,False,ada01.chip-coin.com,1763938,100000000,7935000000,1676322367,,14125088515,0.0064,0,0,0,0,0,0,0,0,CHIP,44,True
2799777961,pool1vurlp3ndgge8avz3h8lu2wzdqcwc8w4l5s43rzlk8p4pz0x5vla,0,3,,,9,340000000,6707f0c66d42327eb051b9ffc5384d061d83babfa42b118bf6386a11,False,False,2799777961,0.01,False,WAX Pool,2048719745,100000000,1024762421,1676068763,,466795604,0.0085,0,0,0,0,0,0,0,0,WAX,3,True
103607970,pool17qyahrvutlsyq7c6ceynac8ay4qkmxkd2sh43w4va5yr255x437,0,0,feel-mining.com,0,1,345000000,f009db8d9c5fe0407b1ac6493ee0fd25416d9acd542f58baaced0835,False,False,103607970,0.03,False,Feel-Mining,103607970,100000000,0,1676032850,,0,0,0,0,0,0,0,0,0,0,F-M,0,True
456286704466,pool1jf32ru0d9mcre5pp7yundjdfcz8qlhmw4f5cftgh8vkqy8scj09,0,46,,,36,340000000,9262a1f1ed2ef03cd021f13936c9a9c08e0fdf6eaa6984ad173b2c02,False,False,457092360529,0,False,DubaiStakePool,37204334422,30000000000,14960000000,1675809121,,8913948073,0.0097,0,0.0049,0.0034,0,0,0.0032,0.0005,0.0090,DXB,58,True
10504712476,pool17k4f0mdwyulkqhyu2mudavu2qqqd7hfc9xtxmxtk8dudvznma8k,0,0,,,4,340000000,f5aa97edae273f605c9c56f8deb38a0000df5d3829966d99763b78d6,False,False,10504712476,0.05,False,Teeny Tiny Pool,201000000,200000000,0,1675788915,,0,0,0,0,0,0,0,0,0,0,TTPL,0,True
2916340569373,pool1xzu4pva0k4y6geukd9uvvl3t3s8q8alzwahf575y5fj6cnkd5y2,1,164,,,17,170000000,30b950b3afb549a467966978c67e2b8c0e03f7e2776e9a7a84a265ac,False,False,2916313339697,1,False,ARB pool,64759742992,22000000000,140141613569,1675088566,,66937443034,0.0086,0,0,0,0,0,0,0,0,ARBP,487,True
27893084,pool1fmf707pca09wmv6dc7ap4kxf0j648374ruu6ahazhpywcngt780,0,4,,,5,170000000,4ed3e7f838ebcaedb34dc7ba1ad8c97cb553c7d51f39aedfa2b848ec,False,False,27893084,0.05,False,Chivo,1061080,500000000,1363198778,1675026378,,581900792,0.0057,0,0,0,0,0,0,0,0,CHIVO,4,True
19424099,pool1qh4jvncd9chmm5ru3sk3cqxuat83vj8v7rgl4x5lqfepcywvc9g,0,0,,,6,340000000,05eb264f0d2e2fbdd07c8c2d1c00dceacf1648ecf0d1fa9a9f02721c,False,False,19424099,0,False,Userland,12300000,0,0,1674763594,,0,0,0,0,0,0,0,0,0,0,ANTH,0,True
39332832490092,pool15v22rpfg6qx9l0gx0m955gfv7tes0jpa9sy0gjs3a04lv6x9jdr,9,153,ledger.com,1,6521,340000000,a314a18528d00c5fbd067ecb4a212cf2f307c83d2c08f44a11ebebf6,False,False,40298821812498,0.06,False,Ledger by Figment 1,9815889,2000000,214967717827,1674658894,,2591729011463,0.0262,0,0.0200,0.0217,0.0095,0.0130,0.0232,0.0184,0.0247,LBF1,6907,True
61475747487661,pool1qakys0fxx5p2fxcnsc2tyjpqa88q7qgtdh5t3a32hplv6fg25r9,22,170,dappcentral.net,5,2263,340000000,076c483d263502a49b138614b24820e9ce0f010b6de8b8f62ab87ecd,False,False,61874734900135,0.025,True,Dapp Central Stake Pool,10546491489,1000000000,103667410767,1674411162,,1817330287162,0.0253,0,0.0226,0.0242,0.0100,0.0159,0.0241,0.0195,0.0249,DAPP,5013,True
501115212,pool1rm8rza3ff0cape54ddjclwwm6a4g5wx604t3y9mdlysdz898f42,0,0,,,1,340000000,1ece3176294bf1d0e6956b658fb9dbd76a8a38da7d5712176df920d1,False,False,501115212,0.04,False,PlusLess Cardano Stake Pool,501115212,20000000000,0,1674304212,,0,0,0,0,0,0,0,0,0,0,PLUS,0,True
6856361766395,pool1dmnyhw9uthknzcq4q6pwdc4vtfxz5zzrvd9eg432u60lzl959tw,3,174,,,206,340000000,6ee64bb8bc5ded3160150682e6e2ac5a4c2a0843634b94562ae69ff1,False,False,6786403987327,1,False,"Stakepool for UNHCR, the UN Refugee Agency",33793419327,14000000000,349798650235,1673624540,,0,0.0002,0,0,0,0,0,0,0,0,WRFGS,826,True
72810807895024,pool1pmm654jfx088td54ekkkd0j28x6r5gnjdhnutzggursrxjnpk2y,23,146,swimmingpoolop.github.io,18,2645,170000000,0ef7aa564933ce75b695cdad66be4a39b43a22726de7c58908e0e033,False,False,73011252346117,0.015,False,Emurgo #8,60414842050,13000000000,128214917936,1673471652,,2870079342017,0.0263,0,0.0240,0.0251,0.0148,0.0193,0.0255,0.0233,0.0263,EMUR8,7701,True
43840970169155,pool13mas2wthxs28zftxskcsd8t87jk2w9ntc0u5uflt45sh7lcvs8h,7,146,swimmingpoolop.github.io,17,2011,170000000,8efb053977341471256685b1069d67f4aca7166bc3f94e27ebad217f,False,False,43011846055130,0.015,False,Emurgo #7,10529022046,500000000,142672224097,1673471652,,3859135499400,0.0292,0,0.0212,0.0216,0.0136,0.0165,0.0248,0.0194,0.0267,EMUR7,9237,True
9016311457969,pool1kx0jm9ycs3t99tnwafw6w72jkdlzhj5ltxe2nrzkd9x2u5x343h,0,79,swimmingpoolop.github.io,16,933,170000000,b19f2d9498845652ae6eea5da77952b37e2bca9f59b2a98c56694cae,False,False,9054704529603,0.015,False,Yoroi pool 2,15975327054,500000000,15229809050,1673471652,,129350796844,0.0227,0,0.0212,0.0223,0.0069,0.0148,0.0240,0.0184,0.0226,YORO2,402,True
72577275555180,pool192pfftt48zc4x5aellvpufk6l6zxllpldw0rx82vrhqrqfhhqs2,19,92,swimmingpoolop.github.io,15,2994,170000000,2a8294ad7538b15353b9ffd81e26dafe846ffc3f6b9e331d4c1dc030,False,False,72899940331397,0.015,False,Yoroi pool 1,13715031952,500000000,37798112820,1673471652,,1477376078309,0.0270,0,0.0244,0.0253,0.0129,0.0170,0.0261,0.0220,0.0270,YORO1,4115,True
41343031572840,pool1xkwnlr34tjrnkz6u4c0p36cju3xuls4dyynsdkf6cv22ksuhz6q,14,66,swimmingpoolop.github.io,14,615,170000000,359d3f8e355c873b0b5cae1e18eb12e44dcfc2ad212706d93ac314ab,False,False,40809111663547,0.015,False,Emurgo B,10118112993,500000000,27314740393,1673471652,,1079214621229,0.0271,0,0.0237,0.0243,0.0137,0.0161,0.0248,0.0203,0.0271,EMURB,2962,True
27461487365295,pool1m0drnjxsvnlesq0rwmur2rh6lenuql57jfzd6cf6aegj2cv7ugy,12,92,swimmingpoolop.github.io,13,1477,170000000,dbda39c8d064ff9801e376f8350efafe67c07e9e9244dd613aee5125,False,False,27393082456194,0.015,False,Emurgo A,7484157274,500000000,27857214027,1673471652,,824590390604,0.0253,0,0.0225,0.0230,0.0113,0.0135,0.0243,0.0210,0.0253,EMURA,2243,True
546890394,pool1pyzhux0l4lhd7ex2mj6dqt4l0r5hymlu4jc8ka6gna305jn4vhm,0,0,swimmingpoolop.github.io,12,1,340000000,09057e19ffafeedf64cadcb4d02ebf78e9726ffcacb07b77489f62fa,False,False,546890394,1,False,SwimmingPool13,546890394,500000000,0,1673471652,,0,0,0,0,0,0,0,0,0,0,SWM13,0,True
546890394,pool1qcra8mg7vaju9cxad4cffye0zq35eag220dxrnje2exzq683u4x,0,0,swimmingpoolop.github.io,11,1,340000000,0607d3ed1e6765c2e0dd6d7094932f10234cf50a53da61ce59564c20,False,False,546890394,1,False,SwimmingPool12,546890394,500000000,0,1673471652,,0,0,0,0,0,0,0,0,0,0,SWM12,0,True
546890394,pool1u3lnayg0fwfzhkcrnula5teuhrf9vwfn3cu4p4k8peqrcdv6sfe,0,0,swimmingpoolop.github.io,10,1,340000000,e47f3e910f4b922bdb039f3fda2f3cb8d25639338e3950d6c70e403c,False,False,546890394,1,False,SwimmingPool11,546890394,500000000,0,1673471652,,0,0,0,0,0,0,0,0,0,0,SWM11,0,True
546890394,pool1fe49nfwktu8rhn3ysqz4he594nh8a9gkgg8hy3mtwrq4558rptz,0,0,swimmingpoolop.github.io,9,1,340000000,4e6a59a5d65f0e3bce2480055be685acee7e9516420f72476b70c15a,False,False,546890394,1,False,SwimmingPool10,546890394,500000000,0,1673471652,,0,0,0,0,0,0,0,0,0,0,SWM10,0,True
545978937,pool146842tr5vgq52vksmccp82ttelgk6vwy5804sknmx6slyrehm4y,0,25,swimmingpoolop.github.io,8,1,170000000,ae8f552c7462014532d0de3013a96bcfd16d31c4a1df585a7b36a1f2,False,False,545978937,1,False,SwimmingPool09,545978937,500000000,323275545126,1673471652,,0,0,0,0,0,0,0,0,0,0,SWM09,636,True
5040823705637,pool1nw0cj8zd2m6uu73msp7a5sjnht7ap3pe73kuqd7cjwsmzyhflex,0,142,swimmingpoolop.github.io,7,11,170000000,9b9f891c4d56f5ce7a3b807dda4253bafdd0c439f46dc037d893a1b1,False,False,5592497077722,1,True,SwimmingPool08,37382229341,500000000,951526229493,1673471652,,0,0.0002,0,0,0,0,0,0,0,0,SWM08,2078,True
546890394,pool1d6k8r2hhczhfvfgddx72j0jzp4e823r9lknqpec4tux3ymlyeye,0,0,swimmingpoolop.github.io,6,2,340000000,6eac71aaf7c0ae96250d69bca93e420d72754465fda600e7155f0d12,False,False,546890394,1,False,SwimmingPool07,546890394,500000000,0,1673471652,,0,0,0,0,0,0,0,0,0,0,SWM07,0,True
546890394,pool1fu64mttm7d8ljndu4hz68df5fkpsuuz3uj233wz3qpj0vfk9k4d,0,0,swimmingpoolop.github.io,5,1,340000000,4f355dad7bf34ff94dbcadc5a3b5344d830e7051e49518b8510064f6,False,False,546890394,1,False,SwimmingPool06,546890394,500000000,0,1673471652,,0,0,0,0,0,0,0,0,0,0,SWM06,0,True
546890394,pool16x765v3ge3th3dml6v7zrj4x7r6zlrtr7y5qa9ap7uzg7f50uu8,0,0,swimmingpoolop.github.io,4,2,340000000,d1bdaa3228cc5778b77fd33c21caa6f0f42f8d63f1280e97a1f7048f,False,False,546890394,1,False,SwimmingPool05,546890394,500000000,0,1673471652,,0,0,0,0,0,0,0,0,0,0,SWM05,0,True
545240197,pool1dghwejqptsjtf9k8paspg9rhl8humxx0nh7sk37j0ada2dr9mqh,0,55,swimmingpoolop.github.io,3,2,170000000,6a2eecc8015c24b496c70f60141477f9efcd98cf9dfd0b47d27f5bd5,False,False,545240197,1,True,SwimmingPool04,545240197,500000000,1078801882715,1673471652,,0,0,0,0,0,0,0,0,0,0,SWM04,1707,True
904175948,pool1rm20ecfxj8plt6509yzlc5x853s2twpjkmv8zt0pjtr9vhlmyhq,0,126,swimmingpoolop.github.io,2,3,170000000,1ed4fce12691c3f5ea8f2905fc50c7a460a5b832b6d8712de192c656,False,False,904175948,1,False,SwimmingPool03,904175948,500000000,4085392348075,1673471652,,0,0.0007,0,0,0,0,0,0,0,0,SWM03,7280,True
545954517,pool1945aw7069upf9xpt6uvkctrj8uwju3q89f67e6g9mm2jx3xcy59,0,73,swimmingpoolop.github.io,1,2,340000000,2d69d779fa2f0292982bd7196c2c723f1d2e44072a75ece905ded523,False,False,545954517,1,False,SwimmingPool02,545954517,16925000000,1187921729109,1673471652,,0,0.0001,0,0,0,0,0,0,0,0,SWM02,1948,True
17959144134256,pool1mxhq6etmemv3pdyycz2kxth3a8gdqnjewxgne67fqwlfgz6f7xa,5,174,swimmingpoolop.github.io,0,7,170000000,d9ae0d657bced910b484c095632ef1e9d0d04e5971913cebc903be94,False,False,17974486787066,1,False,SwimmingPool01,418213547110,500000000,4362439548484,1673468575,,0,0.0005,0,0,0,0,0,0,0,0,SWM01,9486,True
0,pool1u6etszaexv9v4lrf8r5xtjk2rc8wqq9waq9akrn7l5az6tm6u7m,0,0,,,1,340000000,e6b2b80bb9330acafc6938e865caca1e0ee000aee80bdb0e7efd3a2d,False,False,0,0.01,False,Nanyka,0,29000000000,0,1673411569,,0,0,0,0,0,0,0,0,0,0,NNKA,0,True
55686397331247,pool1a8n7f97dmgtgrnl53exccknjdchqxrr9508hlxlgqp6xvjmzhej,11,135,,,1454,170000000,e9e7e497cdda1681cff48e4d8c5a726e2e030c65a3cf7f9be8007466,False,False,54520511244015,0.01,True,HAPPY Staking 🥳 • Earn Tokeo Rewards • Midnight,123155532997,120000000000,42017700710,1673381010,,2104304723033,0.0271,0,0.0218,0.0222,0.0114,0.0149,0.0247,0.0197,0.0260,HAPPY,5451,True
3903017431659,pool1apupv5qtfp2aa2xlrzzjzx0uj686g3n695a329nq8j5jvvzumz0,0,160,,,18,170000000,e87816500b4855dea8df18852119fc968fa4467a2d3b1516603ca926,False,False,3902821551371,0.01,False,Ridge Line Pool,10611311756,10000000000,36306176752,1673252408,,213073313107,0.0258,0,0.0187,0.0199,0.0017,0.0011,0.0219,0.0087,0.0227,RIDGE,590,True
1623523481,pool1e0shheqzrlrkzfhz9shnw562tg6ma3qqyytupk2edua56a9r2yd,0,0,,,4,340000000,cbe17be4021fc76126e22c2f37534a5a35bec4002117c0d9596f3b4d,False,False,1623523481,0,False,Geminipool,0,4000000000,0,1673100905,,0,0,0,0,0,0,0,0,0,0,GMNI,0,True
3920250799,pool1grnz2afeg7st9480vlzqc25gavvs4n34ndtktne8pnp8yutsmfv,0,0,,,3,345000000,40e625753947a0b2d4ef67c40c2a88eb190ace359b5765cf270cc272,False,False,3920250799,0,False,ADAScan,220122395,7098754104,0,1673028038,,0,0,0,0,0,0,0,0,0,0,ADAS,0,True
10393204241974,pool1qmsck80ldwm23t4t5elxc857r82ph3urkt7tpyq65ntn2dv2ust,3,175,,,117,340000000,06e18b1dff6bb6a8aeaba67e6c1e9e19d41bc783b2fcb0901aa4d735,False,False,10307052599570,0,False,CampFireStakePool,22431822965,20000000000,58820000000,1673016078,,667981001666,0.0274,0,0.0201,0.0222,0.0099,0.0173,0.0220,0.0142,0.0254,CAMP,1737,True
204107798,pool1eeflu4eaztffgd33enpsfh4nkta6t5qk662nddqqhjyrgdgmkc5,0,0,,,4,345000000,ce53fe573d12d2943631ccc304deb3b2fba5d016d69536b400bc8834,False,False,204107798,0.02,False,Air Node Angels,127621302,100000000,0,1672790290,,0,0,0,0,0,0,0,0,0,0,ANA,0,True
1230538750,pool1w404pkpkkw067ju4gjnyjdmqfex6wn92vrffhy9txhw5kxzupk5,0,0,,,1,345000000,755f50d836b39faf4b9544a64937604e4da74caa60d29b90ab35dd4b,False,False,1230538750,0.01,False,stakinbacon,1230538750,1212000000,0,1672363367,,0,0,0,0,0,0,0,0,0,0,BACON,0,True
581405023803,pool1ferfwtmcjm9rxc00ugtdwrm9m042jf4xjvse6a8u5smxqt0pwnx,0,117,,,75,170000000,4e46972f7896ca3361efe216d70f65dbeaa926a693219d74fca43660,False,False,581410838458,0.02,True,Mochi,74938202570,50000000000,33285971060,1672026748,,124035855686,0.0281,0,0.0263,0.0201,0,0,0.0155,0.0332,0.0176,MOCHI,349,True
10652157502901,pool1hmmt5a9vyjtkz0tk6ywyyuhumt57hts5m89m9avgyyupveaejfr,1,189,,,20,340000000,bef6ba74ac2497613d76d11c4272fcdae9ebae14d9cbb2f588213816,False,False,10654072226053,0,False,AOTA Pool,3474137176,5000000,63580000000,1671867515,,849255794772,0.0284,0,0.0223,0.0216,0.0109,0.0154,0.0236,0.0186,0.0256,AOTA,2083,True
146471258718,pool1sru6yhj5q0zvfyyuappgrvssxzjumjsd3ekyeslhvwmv6hmmxzn,0,45,,,117,170000000,80f9a25e5403c4c4909ce84281b21030a5cdca0d8e6c4cc3f763b6cd,False,False,146454339169,0,False,Cardano1st,16985699,10000000,12750000000,1671830858,,23562723235,0.0200,0,0.0071,0.0047,0,0,0.0046,0,0.0087,C1ST,72,True
9106124720,pool12cmz6vtm43tztqck4xnayhpmeml4ljxutvuexhwgsvrpwllnscv,0,0,,,9,340000000,56362d317bac56258316a9a7d25c3bceff5fc8dc5b39935dc8830617,False,False,9106124720,0.6,False,Pop Up World Stake Pool,12621346,2000000,0,1671825796,,0,0,0,0,0,0,0,0,0,0,PUWSP,0,True
500000000,pool1zf7aswkv5ll0ej9fcg45jf6cqt2ee7tn3l2wq6zyx05t7a5srus,0,0,,,1,340000000,127dd83acca7fefcc8a9c22b49275802d59cf9738fd4e0684433e8bf,False,False,500000000,0.1,False,BridgetowerPool,500000000,500000000,0,1671714309,,0,0,0,0,0,0,0,0,0,0,BTPL,0,True
755362675347,pool1nw42xqnaplxsx3fq4ytl4x4qqvhs7g5uymnm906pfvx5636fglw,0,15,,,37,170000000,9baaa3027d0fcd034520a917fa9aa0032f0f229c26e7b2bf414b0d4d,False,False,719042485038,0,False,Vivid Cardano,15467785813,15000000000,2550000000,1671675185,,3996974280,0.0126,0,0.0191,0.0169,0.0088,0.0117,0.0151,0.0088,0.0147,VIVID,18,True
3772954682,pool1rte6kvv4z3f4fuq6np3qsmxh3pujem6rncpg58tuxc04gwmc2xn,0,65,,,11,340000000,1af3ab3195145354f01a9862086cd788792cef439e028a1d7c361f54,False,False,3772954682,0.04,False,Bit2Me Pool #1,0,0,31155998107,1671490179,,217342272093,0.0314,0,0,0,0,0,0,0,0,B2M,481,True
60320529,pool194x3sx05hac6fhy37a7umfj55uaac4qf2ysp5fl2gyq2x7n4n98,0,0,,,5,340000000,2d4d1819f4bf71a4dc91f77dcda654a73bdc540951201a27ea4100a3,False,False,60320529,0,False,ECX Pool,27621830,10000000,0,1671473321,,0,0,0,0,0,0,0,0,0,0,ECX,0,True
12895603556596,pool135h773klt7djljmyawkh88e8qc457wxqfhc6j9h6y9n4y3sgh7t,3,185,myadapoolnamerocks.com,10,400,170000000,8d2fef46df5f9b2fcb64ebad739f27062b4f38c04df1a916fa216752,False,False,13989732389078,0.01,False,KTOP_ADA SPO and WMT ENO,14797302223,10000000000,46295095762,1671347475,,627117953296,0.0270,0,0.0223,0.0234,0.0139,0.0187,0.0234,0.0223,0.0258,KTOP,1632,True
775034059,pool1ax7rlt56kgfpn0ystuwk5jawjh5r6qfw6xhwa8ckaqe47va4y39,0,0,,,5,340000000,e9bc3fae9ab21219bc905f1d6a4bae95e83d012ed1aeee9f16e8335f,False,False,775034059,0.99,False,GYQPool,47281368,10000000000,0,1671299537,,0,0,0,0,0,0,0,0,0,0,GYQX,0,True
1252603127203,pool1khwvcz8jz9auk53k698ywgr6ams27hrz20vnwqx2d4xggscp93f,0,0,,,31,345000000,b5dccc08f2117bcb5236d14e47207aeee0af5c6253d93700ca6d4c84,False,False,1252603127203,0.015,False,[CBUS] - Cardano Pool - Cryptobus.FM,25097800000,25000000000,0,1671292172,,0,0,0,0,0,0,0,0,0,0,CBUS,0,True
10175696117,pool1mh5qagd86gndurjs44k9dwurktdr7rra9prm5wwf09c77cwwaqw,0,0,,,1,345000000,dde80ea1a7d226de0e50ad6c56bb83b2da3f0c7d2847ba39c97971ef,False,False,10175696117,0.01,False,CryptoPath,10175696117,100000000,0,1671239601,,0,0,0,0,0,0,0,0,0,0,CPATH,0,True
517703111,pool1cxduaaaqpk8g3xr5yksg8urfemexxyjf42evekrmmg9a2f7gmn7,0,0,,,2,345000000,c19bcef7a00d8e88987425a083f069cef2631249aab2ccd87bda0bd5,False,False,517703111,0.02,False,POOL-FSSCARDANO,158222233,100000000,0,1670704143,,0,0,0,0,0,0,0,0,0,0,SPFS,0,True
97023027,pool10fsg5ykzcjuzq5fzm9vj6d3yd0jjqgg6qnza6u8wtq0677vam2t,0,0,tlaib.com,1,1,340000000,7a608a12c2c4b8205122d9592d36246be520211a04c5dd70ee581faf,False,False,97023027,0.02,False,Tlaib Pool,97023027,0,0,1670397065,,0,0,0,0,0,0,0,0,0,0,TLB,0,True
104596453,pool1yw05sn4p9972p6lsdw9g4twvwxdf72rqtfuvwn0wp736vh4azfn,0,0,tlaib.com,0,2,350000000,239f484ea1297ca0ebf06b8a8aadcc719a9f28605a78c74dee0fa3a6,False,False,104596453,0.025,False,Tlaib Pool,94577840,60000000000,0,1670397055,,0,0,0,0,0,0,0,0,0,0,TLB,0,True
0,pool12znadsadf2h4v6xhf8jwqc6grjxsrdn6f53h5esrkaj5qjtjnfs,0,0,,,2,340000000,50a7d6c3ad4aaf5668d749e4e063481c8d01b67a4d237a6603b76540,False,False,0,0.02,False,Hello World! Pool,0,3500000000,0,1670390521,,0,0,0,0,0,0,0,0,0,0,HWRLD,0,True
2602768688,pool1chxnn5gurqm83728aafjm7thv8yla9tz85yejtstqsc658mrpm7,0,0,,,10,345000000,c5cd39d11c183678f947ef532df97761c9fe95623d09992e0b0431aa,False,False,2602768688,0.1,False,Xerberus,108621346,100000000,0,1670187074,,0,0,0,0,0,0,0,0,0,0,XERSA,0,True
8618750,pool1suy76cpk5lkpsmaqpecygl5j9na5du0xe2lrxd733dlwcus9j2n,0,0,,,1,345000000,8709ed6036a7ec186fa00e70447e922cfb46f1e6cabe3337d18b7eec,False,False,8618750,0.15,False,Einhorn Sirup Pool,8618750,10000,0,1669993817,,0,0,0,0,0,0,0,0,0,0,ESPNO,0,True
320188997288,pool1sqpksswmxpgk6yxllyq9ad4qhtnt5qyz2pv5xmz6kkt5ujrgqwf,0,19,,,17,340000000,80036841db30516d10dff9005eb6a0bae6ba00825059436c5ab5974e,False,False,310445567605,0.2,False,SPO JAPAN GUILD POOL,8094222016,1000000000,7109456003,1669893797,,1589682402,0.0040,0,0.0055,0.0038,0,0,0.0041,0,0.0028,SJG,21,True
627115849,pool1329xugchyesx3zzm96nylqlpz78cauzhgvlxawtll0pt7gnyul7,0,0,,,4,340000000,8a8a6e2317266068885b2ea64f83e1178f8ef057433e6eb97ffbc2bf,False,False,627115849,1,False,Dora Factory's Staking Pool,602759604,500000000,0,1669893520,,0,0,0,0,0,0,0,0,0,0,DORA,0,True
74876416606663,pool1r9fpxs4kcn80kylsjxs8tg3p50nk2s66qerfqtw4x70n5740nj9,31,188,,,2,340000000,19521342b6c4cefb13f091a075a221a3e765435a0646902dd5379f3a,False,False,74905789120670,1,False,,74905781640757,71000000000000,6496731684327,1669879276,,417295486496,0.0026,0,0,0,0,0,0,0,0,,12389,True
74808102564160,pool1kmmahq4upmm5j8fkh3xa9vd7gdffkp8pd4axucfh4w4dw549yqe,27,192,,,2,340000000,b6f7db82bc0ef7491d36bc4dd2b1be43529b04e16d7a6e6137abaad7,False,False,74845477802389,1,False,,74845464776514,71000000000000,7001391158772,1669693071,,59624527368,0.0007,0,0,0,0,0,0,0,0,,12592,True
92090039,pool1g43yqk4yuflm07faedr9qsgwdvjuw4welxae2vcv7ymyj27q8mg,0,0,,,1,340000000,4562405aa4e27fb7f93dcb4650410e6b25c755d9f9bb95330cf13649,False,False,92090039,0.1,False,Adamantium,92090039,100000000000,0,1669324296,,0,0,0,0,0,0,0,0,0,0,ADAMA,0,True
1115612451631,pool1n75mtv5qwzquyq2cprnu7yqpnyg4ppagpzvcw6gk2un5vadg48a,0,119,,,7,340000000,9fa9b5b2807081c2015808e7cf100199115087a80899876916572746,False,False,1116310165193,0.01,False,Cardanomateas,1084668813875,1000000000000,40871001886,1669297225,,40689192615,0.0143,0,0.0043,0.0071,0,0,0.0113,0.0041,0.0151,CDMS,191,True
260628215593,pool19zhl50qqzpfvvhdytqg6qx0cthummjyunfyvkfqx9uxrsp7k8ek,0,61,,,52,170000000,28affa3c001052c65da45811a019f85df9bdc89c9a48cb24062f0c38,False,False,260627878739,0,False,bkvpool.com | Single SPO,25122589640,20000000000,11613923396,1669279019,,46583039077,0.0249,0,0.0131,0.0178,0,0,0.0200,0,0.0151,BKV,129,True
75246091450718,pool1l0m820vyqh5pp2yzpw973qzz23neqqd977u0uczh9fs9zqvg0je,29,192,wavepool.digital,10,191,340000000,fbf6753d8405e810a8820b8be8804254679001a5f7b8fe60572a6051,False,False,75263376322433,0.04,False,WPBJ,61176906681778,50000000000000,265614093346,1668786000,,5167136997623,0.0326,0,0.0264,0.0278,0.0158,0.0197,0.0289,0.0244,0.0299,WPBJ2,11087,True
10303452541834,pool138s0uwydwtrhkaqj4uwkh37yqw098v9v6nf5q08k9nugumlf8mw,2,195,,,25,340000000,89e0fe388d72c77b7412af1d6bc7c4039e53b0acd4d3403cf62cf88e,False,False,10308947056388,0,False,AURA Pool,3636792840,5000000,65620000000,1668690394,,835616843104,0.0285,0,0.0190,0.0213,0.0088,0.0092,0.0224,0.0163,0.0251,AURA,2053,True
24517029,pool12qj3qpa2ca3jq8nj6p5psjrx7xu7dvjm25xra5s0sxxps4qx7c8,0,0,l3labs.org,1,1,340000000,50251007aac763201e72d068184866f1b9e6b25b550c3ed20f818c18,False,False,24517029,0.03,False,Fenrir - Mainnet Pool,24517029,1000000000,0,1668662251,,0,0,0,0,0,0,0,0,0,0,FENRR,0,True
70473160,pool15tn0nlazaatulwq667qdfs597pqlrgn62at0fqv3lvz5cg9l30m,0,0,,,2,340000000,a2e6f9ffa2ef57cfb81ad780d4c285f041f1a27a5756f48191fb054c,False,False,70473160,0,False,Cardano Stake Pool,42456901,1350000000000,0,1668657817,,0,0,0,0,0,0,0,0,0,0,POOL,0,True
992609567,pool1kqxgjf0zl60g88fxl3l8tpwu52pq78es33kqyaahgr2a7xh9g9t,0,0,,,4,340000000,b00c8925e2fe9e839d26fc7e7585dca2820f1f308c6c0277b740d5df,False,False,992609567,0.069,False,RUG WATCH POOL,247455053,420000000,0,1668521287,,0,0,0,0,0,0,0,0,0,0,RUGWA,0,True
1537823501286,pool194lhpd5e6a8n8n0zce5hg9f5279pqecd86yl0ytf8nztk2x9unv,1,26,,,59,170000000,2d7f70b699d74f33cde2c669741534578a10670d3e89f791693cc4bb,False,False,1650790397527,0,False,Artemis Stakepool,3914127571,2750000000,5780000000,1668260919,,9158513383,0.0153,0,0,0,0,0,0.0038,0,0.0042,ARTMS,35,True
217658557,pool1zwvfvst3jldarh3sgjn07c3vk5yw8jz6p9m9xty5cakgqed6c9t,0,0,,,3,170000000,139896417197dbd1de3044a6ff622cb508e3c85a0976532c94c76c80,False,False,217658557,0,False,TEST,0,100000000,0,1668187225,,0,0,0,0,0,0,0,0,0,0,TEST,0,True
60281351874945,pool1wvaj307ee8jfewv9qjtgk0q3elmpe5lz4n2dec2303062f7dc4c,17,23,n,8,2,340000000,733b28bfd9c9e49cb98504968b3c11cff61cd3e2acd4dce1517c5fa5,False,False,60298585716848,0.05,False,n/a,0,0,32663940556,1668119872,,484954870741,0.0240,0,0.0227,0.0234,0.0113,0.0164,0.0240,0.0209,0.0240,N/A,1526,True
40186206430782,pool147tju4482jtl253lgqq88fkefdugcuhaumf8m0rcj8uzxu846qm,10,23,n,7,12,340000000,af972e56a75497f5523f400073a6d94b788c72fde6d27dbc7891f823,False,False,40853116752821,0.05,False,n/a,0,0,16891908553,1668119839,,185286262668,0.0213,0,0.0205,0.0214,0.0116,0.0141,0.0213,0.0185,0.0213,N/A,615,True
34454217591941,pool1yh7ksvg54nger73ldnf22cgwyh0dnm4aerahdd0kdukjqeacy32,14,62,n,6,29,340000000,25fd683114acd191fa3f6cd2a5610e25ded9eebdc8fb76b5f66f2d20,False,False,34395004582656,0.05,False,n/a,0,0,59688504099,1668119395,,706555795335,0.0230,0,0.0213,0.0214,0.0098,0.0154,0.0237,0.0179,0.0230,N/A,2231,True
65038936329995,pool12m7z9p7jqymxrvvp6z7vmfdu6j6u6y43p0m6y4xalz43sc8s4t9,18,172,n,5,25,340000000,56fc2287d2013661b181d0bccda5bcd4b5cd12b10bf7a254ddf8ab18,False,False,64870692836810,0.05,False,n/a,0,0,174611180617,1668114324,,2228136599158,0.0262,0,0.0219,0.0224,0.0118,0.0149,0.0234,0.0193,0.0250,N/A,6053,True
55414216927145,pool1u2fuz3fn5dfphf0cu0sewm4rnera445avenggle9sl4hy7rjzgv,19,181,n,4,14,340000000,e293c14533a3521ba5f8e3e1976ea39e47dad69d6666847f2587eb72,False,False,55373248008885,0.05,False,n/a,0,0,184580661906,1668114070,,2362001953466,0.0268,0,0.0207,0.0220,0.0088,0.0143,0.0235,0.0175,0.0251,N/A,6331,True
4269285597,pool1c8glhjlfs7lqww0zg7ghajtyf527zrahyksyawnz7l58kx0utf7,0,0,,,3,340000000,c1d1fbcbe987be0739e247917ec9644d15e10fb725a04eba62f7e87b,False,False,4269285597,0,False,Sustainable energy ada pool,5642950,5000000000,0,1668035743,,0,0,0,0,0,0,0,0,0,0,SEAP,0,True
0,pool1l5wveuysr4uqlt9z8gheydtumhvcn5upu2fg0pu6z4y3gte9dph,0,0,,,0,340000000,fd1cccf0901d780faca23a2f92357cddd989d381e29287879a154914,False,False,0,0,False,Nomi Stake Pool,0,50000000,0,1667933936,,0,0,0,0,0,0,0,0,0,0,NOMI,0,True
54866870083,pool1g50v6e6e0dpmt35lllufjnpqmdklsm3nrshzw4z4advqqjxfcpx,0,7,,,53,340000000,451ecd67597b43b5c69ffff8994c20db6df86e331c2e275455eb5800,False,False,54866870083,0.02,False,MoreCryptoOnline,2616256829,2100000000,2451136812,1667909831,,3464315870,0.0039,0,0,0,0,0,0,0,0,MCO,10,True
929122540021,pool1vqjyjsp6dawkj8tzmfpu39hvgnkph99qzarw4dll6yq76gpaa4d,0,132,,,91,170000000,602449403a6f5d691d62da43c896ec44ec1b94a01746eab7ffd101ed,False,False,929194934094,0.03,True,Virtual Flame Studios,508829831,500000000,32447652368,1667758112,,70970158439,0.0237,0,0.0256,0.0240,0.0069,0.0367,0.0277,0.0367,0.0201,VFS,233,True
2491888820,pool1ydcx8pf36rttvgyak63kqpgkqgrwp94k6a723zsxer0sja9t3d8,0,0,,,1,340000000,2370638531d0d6b6209db6a36005160206e096b6d77ca88a06c8df09,False,False,2491888820,0.01,False,mole,2491888820,2000000000,0,1667460419,,0,0,0,0,0,0,0,0,0,0,MOLE,0,True
2255485545668,pool1phc0dedrry2jp2s2tqngcw87vzx3mychvm7qqe3470etzsf3ph7,1,62,,,168,170000000,0df0f6e5a3191520aa0a58268c38fe608d1d931766fc006635f3f2b1,False,False,2274745749647,0,False,BROCK Pool,20000412303,20000000000,13693958746,1667165948,,36932360571,0.0214,0,0.0160,0.0187,0.0202,0.0154,0.0239,0.0125,0.0238,BROCK,132,True
107431117,pool1rsrmpq6jnxnwh6z8wlzphnan4huyz6pymcgna2p5m93mz780xkw,0,0,,,1,340000000,1c07b0835299a6ebe84777c41bcfb3adf8416824de113ea834d963b1,False,False,107431117,0.01,False,SweepStakePool,0,10000000000,0,1667118438,,0,0,0,0,0,0,0,0,0,0,SWEEP,0,True
156277982,pool17dqwaa26crnkecs7lydfr8826k3evkv5ypdf7wx8fu5mzexxa2x,0,0,,,2,340000000,f340eef55ac0e76ce21ef91a919cead5a3965994205a9f38c74f29b1,False,False,156277982,0.01,False,JERYPTO,155020293,100000000,0,1667116008,,0,0,0,0,0,0,0,0,0,0,JERY,0,True
205872888210,pool1085up093vl7qgwnqsuset7kdt3yflscdp6h8eeakuhyzwlhmq68,0,96,bestpoolever.com,2,39,170000000,79e9c0bcb167fc043a60872195facd5c489fc30d0eae7ce7b6e5c827,False,False,206752215925,0,False,Best Pool Ever: 0.00% Fee & 100% Rewards,1608056936,1000000,24140000000,1666995786,,41922722601,0.0226,0,0.0103,0.0099,0,0.0227,0.0158,0.0224,0.0156,BPE,139,True
784476660,pool16az8esp0qgrt3vwnpqmn2n2z3h7nexrhm4qn8xrr4sds6tj0dxa,0,5,stake1u9p5futnwvavsgu3cn0dmnhctgeclvsrj60yj9jpj7dwpmswjudcm,1,2,340000000,d7447cc02f0206b8b1d30837354d428dfd3c9877dd41339863ac1b0d,False,False,784476660,0.05,False,m31,540716732,0,1763639849,1666942649,,1209157173,0.0142,0,0,0,0,0,0,0,0,M31,5,True
2476239396290,pool18vj02k4taarxxsdr36jxftcc5x270vsysp078j0n3v0njh0dt9x,1,43,,,8,170000000,3b24f55aabef466341a38ea464af18a195e7b204805fe3c9f38b1f39,False,False,2476766441588,0,True,shiodome47,5823023450,1500000000,13511248127,1666890632,,11583907777,0.0135,0,0.0229,0.0204,0.0183,0.0209,0.0175,0.0213,0.0149,SODM,64,True
44508942023100,pool1mt8sdg37f2h3rypyuc77k7vxrjshtvjw04zdjlae9vdzyt9uu34,13,169,,,588,170000000,dacf06a23e4aaf119024e63deb79861ca175b24e7d44d97fb92b1a22,False,False,44833119217569,0,False,ABLE Stakepool in ⚜️Québec - 🍁Canada,11887378701,5000000000,35700000000,1666746136,,1797701202947,0.0275,0,0.0217,0.0230,0.0118,0.0147,0.0254,0.0195,0.0259,ABLE,4598,True
1250562554526,pool15fxktqvd92sq8plh3rjdrksumt9p8rzsayfk4akv2hng5r8ukha,0,94,,,72,170000000,a24d65818d2aa00387f788e4d1da1cdaca138c50e9136af6cc55e68a,False,False,1153393314094,0.05,False,The h₳w₳k Pool,51127497050,30000000000,21610832137,1666624164,,36523144875,0.0160,0,0.0119,0.0123,0.0088,0.0091,0.0136,0.0182,0.0174,HAWAK,138,True
1166785736,pool1tf9e29shjqn9wcgf59fk4yrjqw2gq97wlkdqe92z2ngevhvkllg,0,0,,,3,340000000,5a4b9516179026576109a1536a907203948017cefd9a0c954254d196,False,False,1166785736,0,False,Block Labs,1007279271,1000000000,0,1666526954,,0,0,0,0,0,0,0,0,0,0,BLABS,0,True
111625658,pool1gd3nuzly536f20e4kpm4ctkgv0ywes37qms6g7cy2f0xxf56nh7,0,0,,,1,340000000,43633e0be4a474953f35b0775c2ec863c8ecc23e06e1a47b04525e63,False,False,111625658,0.05,False,TKS pool,111625658,100000000,0,1666414079,,0,0,0,0,0,0,0,0,0,0,TKS,0,True
45745869148860,pool13k6tphjfsgqdq7h27p4x86ruchcdg2x073luw8pndh3ajxvwvja,14,175,biglazycat.com,0,1678,340000000,8db4b0de498200d07aeaf06a63e87cc5f0d428cff47fc71c336de3d9,False,False,45917758678523,0.01,False,BigLazyCat,2462987431,1000000000,69959934785,1666363350,,1075506317281,0.0249,0,0.0213,0.0227,0.0126,0.0137,0.0249,0.0191,0.0246,BLC,3026,True
23329788029559,pool1mq2q0fjekk5lt8j2krryf5rvwx5z4l5l0r6afhhj0mtg23ylyuk,8,187,,,37,340000000,d81407a659b5a9f59e4ab0c644d06c71a82afe9f78f5d4def27ed685,False,False,23338413118466,0.02,False,"KORA Labs, LLC",370176101113,150000000000,87967849280,1666102447,,1232249070719,0.0271,0,0.0240,0.0247,0.0109,0.0172,0.0241,0.0212,0.0257,KORA,3193,True
536935361,pool15jglqzc80vp83806wpa3rae699q32sxwycjmztkpy6h92p43t4h,0,0,,,2,340000000,a491f00b077b02789dfa707b11f73a29411540ce2625b12ec126ae55,False,False,536935361,0,False,Dedwen,502251844,500000000,0,1666073314,,0,0,0,0,0,0,0,0,0,0,DDWN,0,True
17236444,pool18pwq8mctjyctx00rl36e7r7m046mg34365amyaluw0n5cd7rv7w,0,0,,,1,340000000,385c03ef0b9130b33de3fc759f0fdb7d75b446b1d53bb277fc73e74c,False,False,17236444,0,False,GapPool,17236444,12000000000,0,1665931968,,0,0,0,0,0,0,0,0,0,0,GAP,0,True
1497611094,pool12vx0utf438rpxskmvwm870vpz6qnur39jzl7gs3hhhldqekzjea,0,0,,,2,340000000,530cfe2d3589c61342db63b67f3d8116813e0e2590bfe44237bdfed0,False,False,1497611094,0,False,Feliz Stakepool,1497611094,1200000000,0,1665511255,,0,0,0,0,0,0,0,0,0,0,FELIZ,0,True
5410792241428,pool1py6q7y3f7jz60mt5jhsrdx6lqtuvc02chqgvwzjzayctqhgzzge,1,202,,,17,500000000,09340f1229f485a7ed7495e0369b5f02f8cc3d58b810c70a42e930b0,False,False,5410289085357,0.5,False,WSKS,190007400,100000000,169975160346,1665285905,,278103560684,0.0183,0,0.0161,0.0154,0.0030,0.0064,0.0138,0.0130,0.0162,WSKS,1022,True
70022656856265,pool1w7dk7rn0cflzzfr4fqvjpapn0rkz5ksmerx5tgwpm2gtj2gly97,15,153,n,3,5,340000000,779b6f0e6fc27e212475481920f43378ec2a5a1bc8cd45a1c1da90b9,False,False,70000042759487,0.05,False,n/a,0,0,239812029997,1665169294,,3607667002332,0.0268,0,0.0208,0.0219,0.0119,0.0149,0.0233,0.0187,0.0249,N/A,9386,True
70024822006554,pool1s8347yjgmfguf0ynj69euw7r75w7usdrfheckpcrjrk2yfvnpwq,26,153,n,2,6,340000000,81e35f1248da51c4bc93968b9e3bc3f51dee41a34df38b070390eca2,False,False,70000546079959,0.05,False,n/a,0,0,246830894660,1665167972,,3749174751435,0.0274,0,0.0226,0.0235,0.0127,0.0155,0.0237,0.0195,0.0249,N/A,9696,True
70027097161624,pool1tn7rcvc5lln8frln5n9rfd9cg8kcrj4vlm3ycdquyx5s2mlhmtk,17,198,n,1,3,340000000,5cfc3c3314ffe6748ff3a4ca34b4b841ed81caacfee24c341c21a905,False,False,70002157594947,0.05,False,n/a,0,0,322285004319,1665167428,,4886955896084,0.0282,0,0.0229,0.0233,0.0131,0.0175,0.0243,0.0196,0.0247,N/A,11956,True
70029065606117,pool1fxra32qureulvqrhrdpnrl5yechhqreg2khrghv3tkl4z66t0rm,22,203,n,0,5,340000000,4987d8a81c1e79f600771b4331fe84ce2f700f2855ae345d915dbf51,False,False,70005458066288,0.05,False,n/a,0,0,316784290787,1665166729,,4751429073784,0.0282,0,0.0216,0.0223,0.0124,0.0155,0.0237,0.0185,0.0249,N/A,11609,True
2986029748044,pool1jmx55w5ydjkn4xd58gmr9xgt5t46ngs48aek779t92e7zcqfw97,1,191,,,422,340000000,96cd4a3a846cad3a99b43a3632990ba2eba9a2153f736f78ab2ab3e1,False,False,2870493806655,0.01,False,AAATO,90084856172,20000000000,66869553381,1665162257,,257772627742,0.0243,0,0.0124,0.0134,0.0210,0.0140,0.0151,0.0140,0.0200,AAATO,732,True
66045107100506,pool136q98jnwt093qle4ph86vdpuwplg7gyvt20h2nq4m6ksv8xjcuj,22,204,,,118,340000000,8e8053ca6e5bcb107f350dcfa6343c707e8f208c5a9f754c15dead06,False,False,65863062889422,0.01,False,planetarium39,65576795608,500000000,118589168642,1665035842,,4954609506426,0.0296,0,0.0219,0.0235,0.0120,0.0147,0.0245,0.0199,0.0245,PNR39,11388,True
10000000000,pool1vygvrczrlzapm25qf8w3cxz4gxv2azrp43xj6538tt225jjfcpw,0,0,,,3,340000000,6110c1e043f8ba1daa8049dd1c18554198ae8861ac4d2d52275ad4aa,False,False,10033964490,0.025,False,bestadapool.com,10000000000,10000000000,0,1664984444,,0,0,0,0,0,0,0,0,0,0,1BEST,0,True
2924458465,pool1v3avy78l7gvaemvgfmhsltydscukfew7kx3uz3sqx499wns07qz,0,3,,,31,340000000,647ac278fff219dced884eef0fac8d863964e5deb1a3c14600354a57,False,False,2924458465,0,False,TricksterEU,0,1000000000,1020000000,1664949077,,782369627,0.0116,0,0,0,0,0,0,0,0,TRICK,3,True
40756535897320,pool1qvudfuw9ar47up5fugs53s2g84q3c4v86z4es6uwsfzzs89rwha,14,203,,,23,340000000,0338d4f1c5e8ebee0689e22148c1483d411c5587d0ab986b8e824428,False,False,40766302749938,0.1,False,Luganodes #1,155139955137,10000000,432794792492,1664637078,,3293508611311,0.0273,0,0.0208,0.0211,0.0122,0.0161,0.0219,0.0189,0.0229,LGNS1,8186,True
97095898067,pool1dy3dc9kjne74s6fms0w08ulfafjn62zmkxpcdpy76f3dqee4dtt,0,14,,,38,340000000,6922dc16d29e7d58693b83dcf3f3e9ea653d285bb18386849ed262d0,False,False,97135085601,0,True,SO ILL,23631881462,20000000000,4760000000,1664570902,,2540056752,0.0090,0,0.0006,0.0004,0.0038,0.0025,0.0006,0.0012,0.0003,SOILL,15,True
295584497586,pool1epqdygzumryx7w9kk5l76gfjsvzuesmeh3u3tfjmmdsw65ja7k3,0,78,cylonyx.github.io,1,499,170000000,c840d2205cd8c86f38b6b53fed21328305ccc379bc7915a65bdb60ed,False,False,293106909345,0.01,False,Dead Rabbit Resurrection Society,1687702934,1337000000,19575821601,1664570564,,36365603021,0.0174,0,0.0036,0.0120,0,0.0145,0.0161,0.0072,0.0161,DRRS,114,True
3789678079299,pool1vce30junxx06g2ha8ww02cqgy644yj69ehhg2x95qe7323zfznp,1,200,infiniastakepool.com,1,17,340000000,663317cb93319fa42afd3b9cf5600826ab524b45cdee8518b4067d15,False,False,3601683573919,0,True,Infinia Stake Pool Japan,189705248,168000000,67857009614,1664518389,,287818715227,0.0257,0,0.0168,0.0184,0.0035,0.0092,0.0197,0.0161,0.0190,ISPJ,787,True
1166664802,pool1n8nq690antqxcekkekzk07yp7y7psmm3v6ad6tmkm4v3ulyhz0w,0,1,,,30,340000000,99e60d15fd9ac06c66d6cd8567f881f13c186f7166badd2f76dd591e,False,False,1166664802,0,False,Stardust,0,0,340000000,1664399074,,251637807,0.0061,0,0,0,0,0,0,0,0,DUST,1,True
1275404313382,pool1lakxjm7v0q03xddynffn6m2wfm27pms3z9enztwvu7k0297tcr7,0,112,,,16,170000000,ff6c696fcc781f1335a49a533d6d4e4ed5e0ee111173312dcce7acf5,False,False,1275753036453,0,False,RingsOfStaking,20567643548,20000000000,25160000000,1664366771,,50183596786,0.0180,0,0.0155,0.0123,0.0052,0.0069,0.0156,0.0054,0.0155,ROS,172,True
2152553519,pool16rcqtg9gywenzkp6t5qg8um5tuul6d4dzwauppz7z3ufyaj0ky3,0,0,,,3,340000000,d0f005a0a823b331583a5d0083f3745f39fd36ad13bbc0845e147892,False,False,2152553519,0.01,False,CARDANO2VN,151053519,100000000,0,1663926377,,0,0,0,0,0,0,0,0,0,0,C2VN,0,True
1006277905,pool1el9z347208wda3t5cqz65dmwal7r0e0eeq7xfzl6whdwvy80twn,0,0,,,2,340000000,cfca28d7ca79dcdec574c005aa376eeffc37e5f9c83c648bfa75dae6,False,False,1006277905,0.05,False,OkaNET Cardano pool #1,1000000000,1000000000,0,1663679642,,0,0,0,0,0,0,0,0,0,0,OkaNT,0,True
41650940654,pool1zpkqlcpu5gyk0s5e9263y5n7vzmkgrtpca0u4xpxan02w8ld0nr,0,47,,,212,340000000,106c0fe03ca20967c2992ab512527e60b7640d61c75fca9826ecdea7,False,False,41744889996,0,False,The Mallard Order,0,5000000000,15980000000,1663498938,,17345662804,0.0142,0,0,0,0,0,0,0,0,SWAMP,61,True
35245376,pool1675wjgy0ggtt2l23eeaj5ey5l02qj2ra48stvc7fyussslr0kq7,0,0,,,2,340000000,d7a8e9208f4216b57d51ce7b2a6494fbd409287da9e0b663c9272108,False,False,35245376,0.015,False,Cardano Wiki,17433977,1000000,0,1663443006,,0,0,0,0,0,0,0,0,0,0,CBW,0,True
37781550022,pool1tdtzmmmak0tkte2j2hr223dfnqpdy85ypd66tddwywpeuknn2pn,0,25,cswap.info,1,68,340000000,5b562def7db3d765e55255c6a545a99802d21e840b75a5b5ae23839e,False,False,34753358058,0.5,False,50% CSWAP DEX ISPO Pool [CSWP2],4773372386,1000000000,11706980237,1663410760,,3204020674,0.0092,0,0,0,0,0,0.0006,0,0.0048,CSWP2,31,True
3869491057450,pool165ljt7xrrpceutz5ppe96suuw0jcnrvhg0f5vu60df0r5mt0x0c,1,200,cswap.info,0,551,340000000,d53f25f8c318719e2c5408725d439c73e5898d9743d346734f6a5e3a,False,False,3853590065774,0.99,False,99% CSWAP DEX ISPO Pool [CSWP1],70610799791,1000000000,403531848634,1663410515,,3394847396,0.0004,0,0.0002,0.0002,0.0000,0.0000,0.0002,0.0001,0.0002,CSWP1,887,True
9968151515,pool1qd6mlgr6u0yp2ddxn7gd5jr6pcflu5md3sff4xyu2ngeu503jkd,0,0,,,6,345000000,0375bfa07ae3c81535a69f90da487a0e13fe536d8c129a989c54d19e,False,False,9968151515,0.15,False,AcuteGravityWavePool,497625394,100000000,0,1663145821,,0,0,0,0,0,0,0,0,0,0,ACGW,0,True
19082565180091,pool1l6vtae673eltsx86sk4xxr3fnn9tk8e99jkrdvcmjqlc6cca4nk,6,205,muen-project.com,1,7,340000000,fe98bee75e8e7eb818fa85aa630e299ccabb1f252cac36b31b903f8d,False,False,19078016808464,0.9999,False,MUEN2 CharityPrivatePool,463810090,10000000,1572345201157,1663136375,,151035368,0.0003,0,0.0000,0.0000,0.0000,0.0000,0.0000,0.0000,0.0000,MUEN2,3537,True
1649212216207,pool1yd67lvc04eztwrpnefqh3g4dsydmezwgrg6ce4km728v6sg8zwf,0,156,,,205,170000000,2375efb30fae44b70c33ca4178a2ad811bbc89c81a358cd6dbf28ecd,False,False,1651751952264,0.02,True,ADA Made in France,88030395366,50000000000,43514379952,1662993076,,467005049808,0.0302,0,0.0132,0.0139,0.0038,0.0151,0.0167,0.0153,0.0224,FRADA,1101,True
2586554977,pool1cvmk7ftz7v5u2pd944e0xvalgchtxgsnnhryzqmqfavgxwgxmcy,0,0,,,5,340000000,c3376f2562f329c505a5ad72f333bf462eb322139dc64103604f5883,False,False,2586554977,0.04,False,PureVain,90440409,70000000,0,1662857031,,0,0,0,0,0,0,0,0,0,0,VAIN,0,True
891749700274,pool1p8yn95k4wgznc38ezckler84ufc6kxemmsvptv74r3g4zkxj24q,0,68,git.io/JOkNh,9,41,170000000,09c932d2d572053c44f9162dfc8cf5e271ab1b3bdc1815b3d51c5151,False,False,890145034935,0,False,"Buddhism, Meditation & Mental Health",628058198984,620000000000,13498746327,1662653286,,26053551229,0.0185,0,0.0165,0.0155,0,0,0.0179,0.0223,0.0209,BUDDA,97,True
947215109358,pool1n3sjq3qvu5vvcd6aud6ndcwq7r3ghmkafcg60gznlwfrk2ucxku,0,141,,,989,340000000,9c6120440ce518cc375de37536e1c0f0e28beedd4e11a7a053fb923b,False,False,945032435739,0.05,False,anvil,484005065,100000000,60252233057,1662258849,,237855220942,0.0257,0,0.0023,0.0175,0,0,0.0153,0.0044,0.0119,ANVIL,636,True
223002206107,pool10c9l3k0z50ytt4krkfet7w3gwpv9d9nq47kk9ecy2c5f2uyvkgk,0,39,,,300,170000000,7e0bf8d9e2a3c8b5d6c3b272bf3a287058569660afad62e704562895,False,False,222051344052,1,True,Larissa.Health,108436664,100000000,13084499632,1662206949,,6517290159,0.0068,0,0.0102,0.0068,0,0,0.0036,0,0.0028,BIRTH,44,True
305490616,pool1cj6js4ae570qqgssp5qr83zla0775u35fyxytk8j240uy2aca2q,0,0,,,5,340000000,c4b52857b9a79e0022100d0033c45febfdea7234490c45d8f2555fc2,False,False,305490616,0.01,False,La Botica Animal,101630865,100000000,0,1662199569,,0,0,0,0,0,0,0,0,0,0,BOTI,0,True
541330610418,pool1ywwtv7clgpjs88ysgpcntc6gemlrsy4037eulquswmtlv55cuzx,0,107,,,624,340000000,239cb67b1f4065039c90407135e348cefe3812af8fb3cf839076d7f6,False,False,498689846381,0,False,Cardaniano - Criptoniano Stakepool,3726734934,1000000000,36040000000,1661960039,,31055729699,0.0113,0,0.0004,0.0082,0,0,0.0068,0,0.0078,NIANO,149,True
76837286,pool1u24fm2el64cd906xn9fjg8m8v6nra5zj5mpl0363un2jsyyuyup,0,7,,,1,340000000,e2aa9dab3fd570d2bf469953241f6766a63ed052a6c3f7c751e4d528,False,False,76837286,0.01,False,KnoX Protocol Stake Pool,76837286,220000000000,2397958070,1661956601,,1777849368,0.0092,0,0,0,0,0,0,0,0,KnoX,7,True
218615274,pool12zgtcv0cu5caet8y2tna9l0jhthr46zpwh49dh0g4ew05st2t2w,0,0,,,3,340000000,5090bc31f8e531dcace452e7d2fdf2baee3ae84175ea56dde8ae5cfa,False,False,218615274,0.015,False,Pallamus,218615274,100000000,0,1661882480,,0,0,0,0,0,0,0,0,0,0,PAL,0,True
2238184169221,pool1gr7jlqk9kmhwuztdwcwf6nyr2teeq9r8h4y62ev0xrrvyvwly64,0,204,newm.io,1,895,340000000,40fd2f82c5b6eeee096d761c9d4c8352f3901467bd49a5658f30c6c2,False,False,2233210808577,0.05,False,NEWMX Stake Pool,10000000000,10000000000,512526054585,1661876297,,537194044069,0.0177,0,0.0150,0.0153,0.0056,0.0148,0.0132,0.0129,0.0148,NEWMX,1999,True
691836821589,pool10n23qyec2zcetv0e3x7fdjydscsrlet5sph2hgtfc7x5ze56jqn,0,54,,,326,340000000,7cd510133850b195b1f989bc96c88d86203fe574806eaba169c78d41,False,False,753219752749,0.01,False,Dotare,494784792651,25000000000,18554369154,1661761539,,18970777880,0.0163,0,0.0130,0.0103,0,0.0136,0.0063,0.0073,0.0052,DOTAR,79,True
15353472193,pool1q4l2wpswlanqszppj4tcvgw4j9wdjmadqky57dq0wqhg5tmhsxn,0,0,,,1,345000000,057ea7060eff6608082195578621d5915cd96fad05894f340f702e8a,False,False,15353472193,0.05,False,PrivateRainforest,15353472193,15200000000,0,1661719394,,0,0,0,0,0,0,0,0,0,0,PRF,0,True
0,pool1gwyuzpvu9vhe2ge4qmg2qca8y0pzmzmwpu872vwzwse6shlespw,0,0,,,1,340000000,4389c1059c2b2f95233506d0a063a723c22d8b6e0f0fe531c27433a8,False,False,0,0.01,False,ISPO | harmlesscoin.com,0,200000000,0,1661713814,,0,0,0,0,0,0,0,0,0,0,HARM,0,True
0,pool14ym9xrwe8vjl8xfm7xjx3eeg7fdqekkrejhuug732myd66y6qdy,0,0,,,1,345000000,a936530dd93b25f3993bf1a468e728f25a0cdac3ccafce23d156c8dd,False,False,0,0.05,False,HTK-P,0,10000000000,0,1661641631,,0,0,0,0,0,0,0,0,0,0,htkp,0,True
1542982204945,pool1sdvrd0sxh2mprqc3m9zmvrfccavzpz9r2uancg866hpec7nnt0s,0,175,,,18,170000000,835836be06bab6118311d945b60d38c7582088a3573b3c20fad5c39c,False,False,1561321444145,0,False,Fialka,35780345566,24000000000,43650884811,1661508901,,158705677290,0.0222,0,0.0154,0.0201,0.0126,0.0084,0.0189,0.0141,0.0181,FIALA,430,True
284760812975,pool1dqzprrl8305mlysnh85znqpe22lg0q2d9zest7jjhugajuf46kv,0,155,,,70,340000000,6804118fe78be9bf9213b9e829803952be87814d28b305fa52bf11d9,False,False,285889386617,0.05,False,Coinbase,0,0,117349204831,1661357470,,1234794338418,0.0333,0,0.0063,0.0085,0.0168,0.0228,0.0066,0.0117,0.0080,COIN,2514,True
926201715,pool1uvv7r2zul9m2hm6jd56dygee9ddr7jnen5ysfy5z3xvez3m823z,0,0,,,2,340000000,e319e1a85cf976abef526d34d223392b5a3f4a799d09049282899991,False,False,921556462,0.01,False,fore-,904187162,100000000,0,1661168345,,0,0,0,0,0,0,0,0,0,0,F0RE,0,True
3873292277328,pool1hezakp5r240dy4fcsm7mfd3qqahcvyrhj8hl770yxmxxzdwvcre,0,180,,,10,340000000,be45db0683555ed2553886fdb4b620076f86107791efff79e436cc61,False,False,3874736901547,0.9,False,HIT Pool,13923207452,500000000,265604313922,1661142821,,25837937797,0.0026,0,0.0016,0.0015,0.0000,0.0005,0.0018,0.0011,0.0019,HIT,651,True
7439579833494,pool1svszcjg5xaxt5mq7ue2llm26ndt74dslvev04g6kwdmvyf0t657,2,213,,,46,340000000,83202c4914374cba6c1ee655ffed5a9b57eab61f6658faa3567376c2,False,False,7443464924670,0.01,False,Orcada,102661122707,100000000000,76577002990,1661124591,,478696477040,0.0252,0,0.0184,0.0214,0.0120,0.0115,0.0224,0.0132,0.0232,ORCA,1254,True
31236944012,pool1ehfmxk64lnl90rmy66zt7nfjlsvzhqkxlzsml348z4ptss529mw,0,0,,,2,340000000,cdd3b35b55fcfe578f64d684bf4d32fc182b82c6f8a1bfc6a71542b8,False,False,31236944012,0.02,False,Restake,380414582,10000000,0,1660833827,,0,0,0,0,0,0,0,0,0,0,RSTKE,0,True
68030974796,pool1el5wl4twd389vnclz84wp4q5rh4cgvljnyk5uny6nta5qqf62ce,0,6,,,7,341000000,cfe8efd56e6c4e564f1f11eae0d4141deb8433f2992d4e4c9a9afb40,False,False,68030974796,0.03,False,DOJO stakepool,12213901039,10000000000,2071554730,1660807715,,826269672,0.0043,0,0,0,0,0,0,0,0,DOJO,6,True
44988288136,pool18cx6qhjeynrsd7pvcrv7e3y65ksyzguaep2427zumc8t2qzxvsk,0,26,,,213,340000000,3e0da05e5924c706f82cc0d9ecc49aa5a041239dc85555785cde0eb5,False,False,38025731002,0,False,Danketsu,2027006993,2000000000,8840000000,1660807461,,12423219408,0.0150,0,0,0,0,0,0,0,0,NINJZ,40,True
1289969,pool1k2rhjxppp87k488zfeu9t24hl4jgjrjcqxwfg4q7jcu6wvkfwpn,0,14,,,1,340000000,b28779182109fd6a9ce24e7855aab7fd64890e58019c94541e9639a7,False,False,1289969,0.01,False,The allcha.in I pool,1289969,200000000000,4791781449,1660336257,,3146364169,0.0108,0,0,0,0,0,0,0,0,ACHN1,15,True
978098078857,pool1gvnkmpfu26vncrmhj6hr792kwu32hw553upadcphjwu4qewj7jz,1,119,,,9,340000000,43276d853c56993c0f7796ae3f15567722abba948f03d6e03793b950,False,False,978795471060,0,False,GENMAI,40645396181,100000000,39878110526,1660277649,,38788377163,0.0137,0,0.0117,0.0096,0,0.0003,0.0068,0.0091,0.0100,GEN,175,True
75669459484587,pool10rdglgh4pzvkf936p2m669qzarr9dusrhmmz9nultm3uvq4eh5k,26,189,kiln.fi,0,78,340000000,78da8fa2f5089964963a0ab7ad1402e8c656f203bef622cf9f5ee3c6,False,False,75367448533418,0.05,False,Kiln,9673086139,100000000,281165274038,1660137135,,4158002754961,0.0275,0,0.0216,0.0224,0.0123,0.0160,0.0234,0.0184,0.0248,KILN0,10659,True
1106780884306,pool1drkls8s0zzjydyv3qpjsdj58w3sw02w9wg0pckrsnuazyef2hca,0,150,astarter.io,0,239,340000000,68edf81e0f10a4469191006506ca877460e7a9c5721e1c58709f3a22,False,False,983900807380,0.25,False,Astarter,0,10000000000,206577233177,1660134357,,66862866982,0.0072,0,0,0,0,0,0.0043,0,0.0059,AA1,547,True
524777277,pool17we8ycehylszd2n3haxut8gll239m9m9q5a8ytsc9pg9g3uuga6,0,0,,,3,345000000,f3b272633727e026aa71bf4dc59d1ffaa25d9765053a722e18285054,False,False,524777277,0.15,False,HimalayaPool,517619542,500000000,0,1660002684,,0,0,0,0,0,0,0,0,0,0,HIPOO,0,True
10573027034,pool13ss25l908k5vqfw0aq2t66xr3hrvlqlsf4tfsmp59kyfxhfmah3,0,0,,,1,345000000,8c20aa7caf3da8c025cfe814bd68c38dc6cf83f04d56986c342d8893,False,False,10573027034,0.15,False,ArbitrageCardano01,10573027034,2000000000,0,1659937944,,0,0,0,0,0,0,0,0,0,0,ARBCP,0,True
2185473740,pool1qfdzhvd4kttdew9klp89jtuts46dnecxdj36lwax9j2eyag0v6t,0,13,,,2,170000000,025a2bb1b5b2d6dcb8b6f84e592f8b8574d9e7066ca3afbba62c9592,False,False,2185473740,0,False,BEST1,2384669,0,4420000000,1659913591,,3894085052,0.0119,0,0,0,0,0,0,0,0,BEST1,14,True
100380823,pool1km88m74x0l6gax9whuw9v86ftejwztxyg4arfh5cartjv8eqsze,0,0,,,3,345000000,b6ce7dfaa67ff48e98aebf1c561f495e64e12cc4457a34de98e8d726,False,False,100380823,0.15,False,Carin,100380823,100000000,0,1659861083,,0,0,0,0,0,0,0,0,0,0,CARIN,0,True
3625350,pool1w9cz3yyz8glemkwpn8hue6s89jrlhkap3nupzac7kdx77gj9am8,0,0,,,1,340000000,71702890823a3f9dd9c199efccea072c87fbdba18cf811771eb34def,False,False,3625350,1,False,Chips mobile pool,3625350,125000000,0,1659806423,,0,0,0,0,0,0,0,0,0,0,CHIPS,0,True
195408565828,pool1p8ap6v2k60kkav3hqcchwltxhuwpfw2qtj8txcw4scp76hdvgmc,0,59,,,16,340000000,09fa1d3156d3ed6eb2370631777d66bf1c14b9405c8eb361d58603ed,False,False,194397837760,0.03,True,JUNGLE,16141830290,1000000000,27149571614,1659736335,,240222816420,0.0302,0,0.0005,0.0007,0,0,0.0008,0.0004,0.0058,JNGL,528,True
994790215485,pool1vp5fev56urx924nyxj5qjvzcsh76e47c4lc8xruh0rdlv0n2kvt,0,19,,,25,340000000,60689cb29ae0cc55566434a809305885fdacd7d8aff0730f9778dbf6,False,False,654079455752,0.25,False,ReitCircles,68099678,5000000000,11026810988,1659728079,,5444549984,0.0020,0,0,0,0,0,0,0,0,REIT,33,True
1131735001,pool1zydxfglzuvv6septzwzfgyslcdjsytealqmflft7kc57j9tqcvz,0,0,,,6,345000000,111a64a3e2e319a8642b138494121fc365022f3df8369fa57eb629e9,False,False,1131735001,0.2,False,DworxPool,554406801,500000000,0,1659561434,,0,0,0,0,0,0,0,0,0,0,DWORX,0,True
6662535310344,pool1mkjtce8r8yeku0mmc9vpwl0scuwuwc8lz89ckpj3k0kwgvlunv5,1,210,cornucopias.io,0,4221,340000000,dda4bc64e339336e3f7bc158177df0c71dc760ff11cb8b0651b3ece4,False,False,6504694535556,0.05,False,Cornucopias,213639070288,200000000000,165605958599,1659498240,,1800680409352,0.0293,0,0.0138,0.0164,0.0069,0.0127,0.0183,0.0063,0.0198,COPI,3776,True
1442483670,pool127cp6le6v4hs453tkwnjd6ua9fcmmh7y5zc44zx752yzklgcrcq,0,0,,,3,340000000,57b01d7f3a656f0ad22bb3a726eb9d2a71bddfc4a0b15a88dea2882b,False,False,54065137633,0.06,False,IPMComputers Pool,1442483670,200000000,0,1659068383,,0,0,0,0,0,0,0,0,0,0,IPMCo,0,True
73495865854688,pool155p7g23vdme50kp5lfqylfx5h7ndldyz2mletvr8fqucqzyrk44,16,219,wavepool.digital,9,92,340000000,a503e42a2c6ef347d834fa404fa4d4bfa6dfb48256ff95b067483980,False,False,73528357254869,0.04,False,WPBJ,54920422734547,50000000000000,277512518242,1658803631,,6385653046550,0.0328,0,0.0263,0.0272,0.0169,0.0192,0.0283,0.0239,0.0297,WPBJ1,13340,True
21215168760817,pool1x9q4jf3zwftwygeeulku8xtlywmtmzwxjk2g3fz3j5mlwjqnr3p,9,198,,,47,340000000,31415926227256e22339e7edc3997f23b6bd89c6959488a4519537f7,False,False,21196539690193,0.03,False,314 Pool - 314pool.com,47862718767,25000000000,99885243362,1658459679,,1079875529623,0.0247,0,0.0210,0.0212,0.0100,0.0142,0.0228,0.0177,0.0224,314,2812,True
3391229083,pool1p2aax6cfztk6cc02cfhg0pa7432em8a59wdyjatxcd997n7knjs,0,14,,,41,340000000,0abbd36b0912edac61eac26e8787beac559d9fb42b9a497566c34a5f,False,False,3391229083,0.99,False,Cardalonia Pool,1850597929,1000000000,9759369194,1658414256,,2022166077,0.0036,0,0,0,0,0,0,0,0,LONIA,20,True
72737443676,pool1wn5cmtuzkgqfnh6htjplu7uleq5qxk4thc6wtm2fjrgmspqutaj,0,58,,,85,170000000,74e98daf82b20099df575c83fe7b9fc828035aabbe34e5ed4990d1b8,False,False,72811349157,0,False,CardanoCenterPoland,10732785292,10000000000,16830000000,1658144237,,26747118762,0.0187,0,0,0,0,0,0.0019,0,0.0073,CCPL,85,True
39835914635279,pool16pv24th2tzy8k70vk4ms35tff0fjxfm2dd2psk7cvs27wnjvlgh,15,213,,,205,340000000,d058aaaeea58887b79ecb57708d1694bd323276a6b54185bd86415e7,False,False,39497140284130,0,True,Blue Ocean Stake Pool,11775873114,10000000000,71740000000,1657639608,,2278695151954,0.0285,0,0.0222,0.0232,0.0118,0.0131,0.0252,0.0176,0.0261,SDG13,5548,True
710795142,pool15pggy59smh8465ldedcc5ks0nlr6xxlna73wmpkfp5jn7sh23pv,0,0,,,4,340000000,a0508250b0ddcf5d53edcb718a5a0f9fc7a31bf3efa2ed86c90d253f,False,False,710795142,0.01,False,KubePool,12620906,0,0,1657627490,,0,0,0,0,0,0,0,0,0,0,KPOOL,0,True
67083011468,pool1xvfzclnwf0jyc9ekqmamshha9dmw8mpzd9ykgxjjpxnuwdv6mzk,0,40,,,42,340000000,33122c7e6e4be44c173606fbb85efd2b76e3ec226949641a5209a7c7,False,False,67083011468,0.015,False,ADAPerks,65853877754,50000000000,13712175712,1657574923,,7366206558,0.0089,0,0.0009,0.0006,0,0,0.0118,0.0017,0.0105,PERK1,45,True
0,pool1a7tdlv4re0fj309jgdx8fxrjy5sz9rw94cj2dfrkw2u7qmwnhm3,0,0,,,0,345000000,ef96dfb2a3cbd328bcb2434c7498722520228dc5ae24a6a47672b9e0,False,False,0,0.039,False,CryptosRusPool,0,0,0,1657500681,,0,0,0,0,0,0,0,0,0,0,CRU1,0,True
9618530,pool1fpvs8h5q5kwpz4k2yd0vw90dgdxacr3ef508tzzewm0kysdt4eq,0,35,neoply.io,9,4,340000000,485903de80a59c1156ca235ec715ed434ddc0e394d1e75885976df62,False,False,9618530,1,False,StakeBowlPool2,9618530,0,832786789290,1657260357,,0,0,0,0,0,0,0,0,0,0,SBP2,1420,True
70051588389375,pool18gk8kvd9qf829nldqus92q9y640e6u0jdyfz04mmktwxvglgt06,23,220,neoply.io,8,6,340000000,3a2c7b31a5024ea2cfed07205500a4d55f9d71f2691227d77bb2dc66,False,False,70046482573261,1,False,StakeBowlPool1,9618530,0,4872229403795,1657259878,,0,0.0003,0,0,0,0,0,0,0,0,SBP1,10671,True
98624030,pool17wdqcn6xjym38wlry6t2ull00fg7ghqejd0xuy4p20djyua800c,0,0,republiccrypto.com,1,1,340000000,f39a0c4f46913713bbe32696ae7fef7a51e45c19935e6e12a153db22,False,False,98624030,0.05,False,Republic_Crypto-1,98624030,50000000,0,1657108659,,0,0,0,0,0,0,0,0,0,0,RPLC,0,True
1117431611,pool1tcctsz9jec45ugkcl8lyk8gz0yss675cnp63gazqalcwsx2dr37,0,0,republiccrypto.com,0,3,340000000,5e30b808b2ce2b4e22d8f9fe4b1d0279210d7a989875147440eff0e8,False,False,1117431611,0.05,False,Republic_Crypto,107423153,50000000,0,1657031627,,0,0,0,0,0,0,0,0,0,0,RPLC,0,True
1006318,pool1hjz482dskv7vvc3wpmgwy2avx784c26xq8v5pc8dm0ne6shyfzr,0,0,,,1,340000000,bc8553a9b0b33cc6622e0ed0e22bac378f5c2b4601d940e0eddbe79d,False,False,1006318,0,False,TheScenePool,0,0,0,1656682716,,0,0,0,0,0,0,0,0,0,0,SCENE,0,True
553385106494,pool1yy7vaszhqx7h02rp8ey0p84yy5zv2r2awzddzceeaurrs8klzxt,0,89,,,25,340000000,213ccec05701bd77a8613e48f09ea42504c50d5d709ad16339ef0638,False,False,553733835326,0,False,Fat Frog Cardano Stake Pool,57307003248,25000000000,30270000000,1656665472,,157458302783,0.0286,0,0.0004,0.0038,0,0,0.0052,0,0.0077,FFR,337,True
131055395,pool12te7g032e9dqjqe5xsr05mrk7xs9ve4w6t275cda7e9quafr3zq,0,0,,,4,340000000,52f3e43e2ac95a0903343406fa6c76f1a05666aed2d5ea61bdf64a0e,False,False,131055395,0.075,False,SURF,0,10000000000,0,1656566638,,0,0,0,0,0,0,0,0,0,0,SURF,0,True
13300585367467,pool18jqumjfevywycjj54m62g74ghds4mmuyqynpwfkaem0xktazlqw,1,222,,,9,340000000,3c81cdc939611c4c4a54aef4a47aa8bb615def8401261726ddcede6b,False,False,13303374946207,0.02,False,CEX.IO Validator,5647331431,1000000000,89480710967,1656060181,,720348584563,0.0272,0,0.0205,0.0211,0.0057,0.0133,0.0230,0.0191,0.0230,CEX,1817,True
1187238209,pool1m90qdgknvwdewy6n7dz9ufkfqtscvdaqnw3q2vaphp20z27w706,0,2,,,1,340000000,d95e06a2d3639b971353f3445e26c902e18637a09ba20533a1b854f1,False,False,1187238209,0.015,False,Kraymerica-CA1,1187238209,100000000,693037707,1656029137,,527809491,0.0030,0,0,0,0,0,0,0,0,KRAY1,2,True
70026841095888,pool104z3yr7faqhck6wcsczhmqrrpdeparcr8juw8unxy8tm6xp447d,14,207,,,6,340000000,7d45120fc9e82f8b69d886057d80630b721e8f033cb8e3f26621d7bd,False,False,70008553841310,0.05,False,N/A,0,0,330052298442,1655856311,,4975536661230,0.0287,0,0.0220,0.0231,0.0096,0.0135,0.0240,0.0203,0.0251,N/A,11972,True
2990070,pool14nxj3szga2tgllwenjgajfl3y4t570yghhyk36d2heuqvy63wl3,0,77,,,1,340000000,accd28c048ea968ffdd99c91d927f125574f3c88bdc968e9aabe7806,False,False,2990070,0.05,False,N/A,0,0,85625101798,1655855987,,1129456934831,0.0336,0,0,0,0,0,0,0,0,N/A,2244,True
70023664537882,pool143d6z506u6yfufgzrtx8ywcwx3j4s29lxv5tdugcpcwk2l83gck,24,219,,,5,340000000,ac5ba151fae6889e25021acc723b0e34655828bf3328b6f1180e1d65,False,False,70000718488637,0.05,False,N/A,0,0,345511879437,1655855263,,5189604142249,0.0286,0,0.0216,0.0224,0.0120,0.0150,0.0237,0.0213,0.0244,N/A,12263,True
1239631840,pool1x08dl5dy0wsu6y9xp55drk4xeycgjnvutqdqm8wsqn5pwm6yx4k,0,1,,,10,340000000,33cedfd1a47ba1cd10a60d28d1daa6c930894d9c581a0d9dd004e817,False,False,1239631840,0.5,False,NFT_Raffle_Pool,1013555226,500000000,472861001,1655670893,,132861002,0.0066,0,0,0,0,0,0,0,0,RAFL,1,True
0,pool1wuxqvk0flqtdj58aaqn8m8w2qheawpvgrhmqnry7uk6pcrwnp4a,0,0,etoro.com,23,0,340000000,770c0659e9f816d950fde8267d9dca05f3d705881df6098c9ee5b41c,False,False,0,1,False,eToro Pool 21,0,0,0,1655388416,,0,0,0,0,0,0,0,0,0,0,ETO21,0,True
0,pool1lujmnkmp7auuvphrhlxe9xtsqwt9vk8zemg8pkeztr367f0grq6,0,0,etoro.com,22,0,340000000,ff25b9db61f779c606e3bfcd92997003965658e2ced070db2258e3af,False,False,0,1,False,eToro Pool 20,0,0,0,1655387761,,0,0,0,0,0,0,0,0,0,0,ETO20,0,True
0,pool1jkltjlyk484wpdrhe20sjmgqgxhw0zx8lx6tml4wkprt5z28tvw,0,0,etoro.com,21,0,340000000,95beb97c96a9eae0b477ca9f096d0041aee788c7f9b4bdfeaeb046ba,False,False,0,1,False,eToro Pool 19,0,0,0,1655384134,,0,0,0,0,0,0,0,0,0,0,ETO19,0,True
0,pool1uavevsqnddgyg9nrkn04f79qlx6x87a4ysvdvtxacvkfuzpva08,0,0,etoro.com,20,0,340000000,e7599640136b50441663b4df54f8a0f9b463fbb52418d62cddc32c9e,False,False,0,1,False,eToro Pool 18,0,0,0,1655382894,,0,0,0,0,0,0,0,0,0,0,ETO18,0,True
0,pool1r9rc8f6xtl8fxmrvz3et9en0p8tp9aq0rzslfczawq6m7udqd33,0,0,etoro.com,19,0,340000000,194783a7465fce936c6c1472b2e66f09d612f40f18a1f4e05d7035bf,False,False,0,1,False,eToro Pool 17,0,0,0,1655214099,,0,0,0,0,0,0,0,0,0,0,ETO17,0,True
0,pool1057u7q40d3azwak890qe9rt3yh554udtqjgj8nkuk0d5unenspe,0,0,etoro.com,18,0,340000000,7d3dcf02af6c7a2776c72bc1928d7125e94af1ab049123cedcb3db4e,False,False,0,1,False,eToro Pool 16,0,0,0,1655212167,,0,0,0,0,0,0,0,0,0,0,ETO16,0,True
1652303744,pool1vgfc8fqul93hf6fnl9n23czssgw6xyqx2yjn0lxqmcmvvc839th,0,0,,,2,345000000,621383a41cf96374e933f966a8e050821da31006512537fcc0de36c6,False,False,1652303744,0.02,False,Monster Stake Pool,1487914206,1000000000,0,1654976909,,0,0,0,0,0,0,0,0,0,0,MSP,0,True
2256878989012,pool1mdyuct0kgd0hcjjnea999me5dxqpepr4y8du4smegfm3vlr37w5,2,193,,,352,340000000,db49cc2df6435f7c4a53cf4a52ef3469801c847521dbcac379427716,False,False,2240991839495,0,False,AdaYield Stake Pool,100685434395,100000000000,64747062199,1654719527,,298382454712,0.0267,0,0.0127,0.0155,0.0002,0.0040,0.0181,0.0079,0.0208,AY1,799,True
0,pool1mkprng8gaw4uzkd0x9ppjw5y52gv2qnwuet9dtvmdy6fkjuv9u3,0,0,etoro.com,17,0,340000000,dd8239a0e8ebabc159af3142193a84a290c5026ee65656ad9b69349b,False,False,0,1,False,eToro Pool 15,0,0,0,1654698009,,0,0,0,0,0,0,0,0,0,0,ETO15,0,True
370421629804,pool1smfwu5w54mnxea6dg7gwmkk6df8jauuf4h2x0cqew3dk2lgln2t,0,91,,,421,340000000,86d2ee51d4aee66cf74d4790eddada6a4f2ef389add467e019745b65,False,False,368408167602,0,False,Ohana Digital,3045648790,1000000000,30600000000,1654625222,,23966302977,0.0122,0,0.0006,0.0006,0,0.0007,0.0074,0.0006,0.0050,OHANA,113,True
58903053534,pool14f0uj8vghxzs09p3rzvhlur0dnfwylxc67whaz087srtjjrcjgd,0,25,,,12,170000000,aa5fc91d88b98507943118997ff06f6cd2e27cd8d79d7e89e7f406b9,False,False,58903053534,0,False,Harbor Stake Pool,5119639819,4000000000,5784837989,1654477821,,7483160238,0.0161,0,0.0162,0.0126,0,0,0.0152,0.0290,0.0172,BOATS,31,True
760828483,pool14tj8njl3ggzj4dzcsrm5yjekrahytp4zkh3s78gsxz4c55jfuzv,0,0,heysoftwareinnovation.com,6,3,340000000,aae479cbf142052ab45880f7424b361f6e4586a2b5e30f1d1030ab8a,False,False,760828483,0.01,False,UG Capital Venture 1,107624030,100000000,0,1654474133,,0,0,0,0,0,0,0,0,0,0,UGCV1,0,True
14200187944,pool13ew2l5glvzj6l8r0qkjqchxjyg7tzmv604zh4y68kvhf5x5skgu,0,22,,,15,340000000,8e5cafd11f60a5af9c6f05a40c5cd2223cb16d9a7d457a9347b32e9a,False,False,64198625254,0.05,False,CARDANIONS,4536289075,1130000000,7654344556,1654420558,,3312546745,0.0075,0,0,0,0,0,0.0002,0,0.0018,ADALV,22,True
57066184223,pool1dwthjmzrkm5q42yqa3x50jaye6pg57n7t569c44an6hzsg8qake,0,84,,,224,340000000,6b97796c43b6e80aa880ec4d47cba4ce828a7a7e5d345c56bd9eae28,False,False,58339906698,0.02,False,ADAO,6422609401,2998000000,132190229978,1654202992,,1054878954,0.0003,0,0,0,0,0,0,0,0,ADAO,249,True
726097688600,pool19peeq2czwunkwe3s70yuvwpsrqcyndlqnxvt67usz98px57z7fk,0,87,,,188,170000000,2873902b027727676630f3c9c63830183049b7e09998bd7b90114e13,False,False,739507534093,0,False,PREEB,10175684408,1000000000,16489717846,1654025618,,50559644822,0.0206,0,0.0145,0.0178,0.0087,0.0121,0.0193,0.0146,0.0179,PREEB,158,True
2321997882294,pool1568zhphxsnj5mfszwgta5zlvulu67g8f4jn6d3xs2tvas8ffu76,3,210,ranket2.github.io,1,27,20000000000,a68e2b86e684e54da6027217da0bece7f9af20e9aca7a6c4d052d9d8,False,False,2319387386450,0.9999,False,ProjectSupportPoolJapan,17568785180,10000000000,610765595637,1653913729,,31099055,0.0003,0,0,0,0,0,0,0,0,PSPJ,1352,True
5000748980,pool1wsug8q6kjtje0hzwp68lchwll0046t6huua3f7p35fttx7fcwm8,0,2,,,4,170000000,743883835692e597dc4e0e8ffc5ddffbdf5d2f57e73b14f831a256b3,False,False,5000748980,0,False,Foster Pool,7597052,2000000000,680000000,1653906612,,513546139,0.0050,0,0,0,0,0,0,0,0,FSTR,2,True
6826049775,pool19zq3agzmwlntq9vygnzwe2am39y2hsdadd4gasmsm2tk6qn3suv,0,2,,,4,345000000,28811ea05b77e6b0158444c4ecabbb8948abc1bd6b6a8ec370da976d,False,False,6826049775,0,False,Green Pool ADA,1747289993,1000000000,690000000,1653816131,,543490023,0.0081,0,0,0,0,0,0,0,0,GADA1,2,True
58610815355,pool1taadtauxnhqql7s58fztlmnsxg0680mdaz25yry42q4m5s47z8n,0,58,,,11,340000000,5f7ad5f7869dc00ffa143a44bfee70321fa3bf6de895420c95502bba,False,False,58610815355,0.04,False,Loxe Inc. Pool,41657154397,5000000000,32046723139,1653453360,,295841356159,0.0341,0,0,0,0,0,0,0,0,LOXE,544,True
7153433238544,pool15k0zeppza4qzgf6z7wmwsgvl5rz9f6489zxhrxqa8dj6jzju6ct,1,189,,,612,340000000,a59e2c8422ed40242742f3b6e8219fa0c454eaa7288d71981d3b65a9,False,False,7129787922947,0.01,False,Cardano Media Taiwan,26659483448,20000000000,67445232853,1652972154,,382472131333,0.0233,0,0.0185,0.0183,0.0086,0.0070,0.0206,0.0159,0.0213,DDOS,1078,True
0,pool164nml0s3vt20jd8uf0lwf5hjnt4vcan9sjmxr8huq7k2qswd8jq,0,0,,,1,340000000,d567bfbe1162d4f934fc4bfee4d2f29aeacc766584b6619efc07aca0,False,False,0,0.03,False,ADA SAVER,0,500000000,0,1652950944,,0,0,0,0,0,0,0,0,0,0,SAVER,0,True
495282744,pool1h4g295xugk46jdyxv4m55y9rp9kln0k5hy8fyk2kaef5u3gmt8y,0,1,,,2,340000000,bd50a2d0dc45aba9348665774a10a3096df9bed4b90e925956ee534e,False,False,495282744,0.03,False,demu,482590245,432000000,348916598,1652783489,,288303340,0.0130,0,0,0,0,0,0,0,0,DEMU,1,True
328889437,pool1eq96x3rdmq0dxdyx0wwwy064p2jzrlg6dp37r5uwhehnja29fxq,0,0,myadapoolnamerocks.com,9,3,340000000,c80ba3446dd81ed334867b9ce23f550aa421fd1a6863e1d38ebe6f39,False,False,202980481,0.1,False,Cronetree Stake Pool,102624998,100000000,0,1652643828,,0,0,0,0,0,0,0,0,0,0,CRTR,0,True
251246412745,pool1z2m3n779dyqjat2m8a5vl94nrl43xm2tlk8dtey6txggx0a6fyp,0,99,,,907,340000000,12b719fbc569012ead5b3f68cf96b31feb136d4bfd8ed5e49a599083,False,False,254317284754,0.01,False,,1005000000,1000000000,33651931500,1652625629,,32817565015,0.0154,0,0,0.0009,0,0,0.0008,0,0.0053,,135,True
189177822724,pool1zdl39pvapcaj5um8nyduaq2vmn64dqwz4qlhnzurnca8zetk74s,1,9,,,10,170000000,137f12859d0e3b2a7367991bce814cdcf55681c2a83f798b839e3a71,False,False,189177822724,0.01,False,🍄 Mushrooms & Bees 🐝,85560656612,83350000000,1378647248,1652373797,,1846077931,0.0099,0,0.0299,0.0204,0,0.0217,0.0184,0.0438,0.0117,MRBEE,10,True
2870383956,pool1lunsvxzwgxjqf622gq72n6jhclq5juy0mqh9v4ktufdrzulfncr,0,0,,,45,340000000,ff2706184e41a404e94a403ca9ea57c7c149708fd82e5656cbe25a31,False,False,2700140163,0.03,False,Derp Pool,2624426,0,0,1652235810,,0,0,0,0,0,0,0,0,0,0,DERP,0,True
76576204149,pool16erldmmx5nvrwncujtp6lxs9tmvgxcpthd600pe6axm5z3p6522,0,13,xray.app,7,3,340000000,d647f6ef66a4d8374f1c92c3af9a055ed883602bbb74f7873ae9b741,False,False,76576204149,0.01,False,XRAY | Network,1001107904,1000000000,4422599974,1652007231,,1576841628,0.0065,0,0.0023,0.0025,0,0,0.0018,0,0.0021,XRAY8,13,True
170184572650,pool1e6rjpsl42hsc52zc9s2awhv2df50yzw43xtc7d0vranpc9ej8uj,0,101,xray.app,6,31,340000000,ce8720c3f555e18a28582c15d75d8a6a68f209d589978f35ec1f661c,False,False,169634626003,0.01,False,XRAY | Network,1001153484,1000000000,34399661645,1652007226,,51736983545,0.0209,0,0.0008,0.0005,0.0021,0.0014,0.0003,0.0007,0.0115,XRAY7,170,True
1055207677,pool1r650ja5y4jy7xd6srjz8ujkumy8xpk8kqgrxu92g3nwyk5jf4zq,0,4,xray.app,5,6,340000000,1ea8f97684ac89e337501c847e4adcd90e60d8f602066e15488cdc4b,False,False,1055207677,0.01,False,XRAY | Network,1006264193,1000000000,1360000000,1652007226,,1086150099,0.0193,0,0,0,0,0,0,0,0,XRAY6,4,True
2687690624,pool1sy86l3j2aumxgsvp2nmw4ukuq2tc7drnqum9z8796hxnzksde4j,0,0,,,5,340000000,810fafc64aef3664418154f6eaf2dc02978f34730736511fc5d5cd31,False,False,2687690624,0,False,Raffle Pool,2134769905,2000000000,0,1651995720,,0,0,0,0,0,0,0,0,0,0,RAF,0,True
2101708194,pool1tyfdyg85t50lj69ehgmg90e4xr6y42he6pt8pvmau8v5x46fy67,0,0,,,23,340000000,5912d220f45d1ff968b9ba3682bf3530f44aaaf9d05670b37de1d943,False,False,1842912997,0.01,False,Amantis.club,507624954,500000000,0,1651945868,,0,0,0,0,0,0,0,0,0,0,AMANT,0,True
0,pool18f4d5kj6n3ex7vl9udw3qczf3aye0qcuusgg0tkdja5sqm3604s,0,0,,,0,340000000,3a6ada5a5a9c726f33e5e35d1060498f4997831ce41087aecd976900,False,False,0,0.05,False,Tangible Onyx Tesla,0,0,0,1651902634,,0,0,0,0,0,0,0,0,0,0,TOT,0,True
15482417698,pool1k8w7ylxa542hwymnwmuumpnudz7j9ae582wqecxv9n24zu8fptq,0,13,,,107,340000000,b1dde27cdda55577137376f9cd867c68bd22f7343a9c0ce0cc2cd551,False,False,15482417698,0.02,False,DAO Pool,1428907188,25000000000,4486067548,1651438469,,3165647892,0.0079,0,0,0,0,0,0,0,0,DAO,13,True
0,pool1lq78uw50ple5j3ruk6rx3np3u5ya0hcgq2k47yfmpuj46mahwnl,0,0,,,1,340000000,f83c7e3a8f0ff349447cb68668cc31e509d7df0802ad5f113b0f255d,False,False,0,0,False,SESH Pool,0,30000000000,0,1651327457,,0,0,0,0,0,0,0,0,0,0,SESH,0,True
6618097851,pool1jepxzmqljthtfvcx9dhcp7rysg9n40z6jxr9cw7963h0qv8mz60,0,0,,,3,340000000,9642616c1f92eeb4b3062b6f80f864820b3abc5a91865c3bc5d46ef0,False,False,6619931662,0.02,False,Crypto Junction Pool,105624954,100000000,0,1651326551,,0,0,0,0,0,0,0,0,0,0,JUNC,0,True
6676998834,pool1rthy0xp2syng0cydp85wvz973szmq2ns8u5p4hdedkwlyhry27w,0,6,git.io/JOkNh,8,14,340000000,1aee47982a812687e08d09e8e608be8c05b02a703f281addb96d9df2,False,False,6676998834,0.04,False,🌌ANDROMEDA🌌,5629894504,3270000000,2085090094,1651306673,,1082162334,0.0065,0,0,0,0,0,0,0,0.0032,MEDA🌌,7,True
2192059776,pool1233gq8vt6nzytuw60sr9gy2jmehc88fpglrjrzsd8kys5gqelgg,0,0,,,2,345000000,5462801d8bd4c445f1da7c06541152de6f839d2147c7218a0d3d890a,False,False,2192059776,0.01,False,Black Wall Street,2149219284,1000000000,0,1651288701,,0,0,0,0,0,0,0,0,0,0,bkwst,0,True
278184077529,pool1yuq5ck8d6fssa3ju004wn9nap3ll06hd60a6tau4ptj8sqhtgsn,0,36,,,22,340000000,27014c58edd2610ec65c7beae9967d0c7ff7eaedd3fba5f7950ae478,False,False,276769137540,0,False,MiDeFi,35175689255,22000000000,12240000000,1651093263,,5249325246,0.0080,0,0.0006,0.0004,0,0,0.0010,0,0.0023,MIDFI,40,True
197624030,pool1ssn7vj756vpv84h5vgkkvv5rzk0zp6pp2kdrqwfjsffu60djyy8,0,0,,,1,340000000,8427e64bd4d302c3d6f4622d663283159e20e821559a3039328253cd,False,False,197624030,0.019,False,LocalNFT,197624030,100000000,0,1651071617,,0,0,0,0,0,0,0,0,0,0,LOCAL,0,True
2253812563792,pool1lmzhzkdvkh67a8hjcexlhajkk8f7kz2tf35frjut6creqs2kedg,0,209,,,2,340000000,fec57159acb5f5ee9ef2c64dfbf656b1d3eb094b4c6891cb8bd60790,False,False,2254509957100,1,False,HRDIB,23488951791,500000000,232016494345,1651065075,,0,0.0002,0,0,0,0,0,0,0,0,HRDIB,499,True
1142803752,pool1pmsjsvnd506xqzwlcavexcl86ta046eqz74xzvt97688urmd0qj,0,0,,,2,340000000,0ee128326da3f46009dfc7599363e7d2fafaeb2017aa613165f68e7e,False,False,1142803752,0.1,False,System76 Cardano Pool,0,100000000,0,1650746244,,0,0,0,0,0,0,0,0,0,0,SYS76,0,True
2001200,pool14t5mu3sc07e92k6etpq2xftwjy2z3y8gxq0wny2crdckq2rpt0r,0,0,,,2,340000000,aae9be46187fb2555b595840a3256e91142890e8301ee991581b7160,False,False,2001200,0.001,False,Phoenix Stake Pool,1523234,500000000,0,1650675228,,0,0,0,0,0,0,0,0,0,0,PHNIX,0,True
120549939,pool1p39fgnpatsmyln2nyhr64elqfzxxk8q25xtkny97qgnlkllaxry,0,0,,,3,340000000,0c4a944c3d5c364fcd5325c7aae7e0488c6b1c0aa1976990be0227fb,False,False,120549939,0.005,False,CASINDO,120549939,100000000,0,1650528888,,0,0,0,0,0,0,0,0,0,0,CSID,0,True
1010076116,pool1reje63x6l2dh4t6d8ya3m04c9lypu4chc0cvn4jnk7lmus54ckn,0,0,,,4,340000000,1e659d44dafa9b7aaf4d393b1dbeb82fc81e5717c3f0c9d653b7bfbe,False,False,1010076116,0.02,False,Mill Stake Pool,1007430809,1000000000,0,1650400726,,0,0,0,0,0,0,0,0,0,0,MILL,0,True
1763035874,pool1pj5wv8tvu5f5dpmx6w5wthqy4sg3vs4qjvumg439v0plxgnu8a6,0,0,,,5,340000000,0ca8e61d6ce513468766d3a8e5dc04ac111642a09339b4562563c3f3,False,False,1763035874,0,False,The Free ADA,196814345,0,0,1650328919,,0,0,0,0,0,0,0,0,0,0,TFSF,0,True
2972838780,pool1fr3ws5vwm7l5y2ywau2jrlaan0xmfqv68h5g3g3sum2ywthurt2,0,0,gitlab.com/futuristDOTstudio,1,2,420000000,48e2e8518edfbf42288eef1521ffbd9bcdb4819a3de888a230e6d447,False,False,2972838780,0.9999,False,unsigned_algorithms A.G.E.,2972838780,100000000000,0,1650293351,,0,0,0,0,0,0,0,0,0,0,UNSIG,0,True
2007823514,pool1s4hxwet8ezjgfjxekeexezzyu2zhg302hpex6f683hvsw8qpd5v,0,0,,,1,340000000,856e676567c8a484c8d9b6726c8844e2857445eab8726d27478dd907,False,False,2007823514,0.01,False,Kestrel Pool,2007823514,2000000000,0,1650210562,,0,0,0,0,0,0,0,0,0,0,KSTRL,0,True
908798343,pool1wumx7h5vnkjwhv0rycjwdqd8cykvr380etvszgevquxwz02p5wx,0,0,,,3,340000000,77366f5e8c9da4ebb1e32624e681a7c12cc1c4efcad901232c070ce1,False,False,908798343,0.01,False,ADA Solar,110623414,100000000,0,1650152388,,0,0,0,0,0,0,0,0,0,0,SOLAR,0,True
567835787,pool14atewgzlv6nl2e8k3ndrzwt9y07sepuplj9vuxk3trzzj5lmg64,0,0,wavemkr.github.io,1,2,340000000,af5797205f66a7f564f68cda31396523fd0c8781fc8ace1ad158c429,False,False,567835787,0.1,False,WAY Pool,0,1500000000,0,1650057943,,0,0,0,0,0,0,0,0,0,0,WAY,0,True
7621654,pool1xcesfga2h2fh7s4es4v2nsu4npc3ayg5x93m4mvt7whn2pfswma,0,0,,,1,340000000,363304a3aaba937f42b98558a9c39598711e91143163baed8bf3af35,False,False,7621654,0.06,False,,7621654,2000000,0,1650030259,,0,0,0,0,0,0,0,0,0,0,,0,True
15102212063656,pool164xvrnwxg0xwhkcm0fsnlzmtj3ptp5s7hne32k4dyv60x4utfje,3,166,,,24,340000000,d54cc1cdc643ccebdb1b7a613f8b6b9442b0d21ebcf3155aad2334f3,False,False,15109361346458,0.03,False,,1620927517,200000000,129998602367,1649952565,,2429872063124,0.0274,0,0.0208,0.0202,0.0074,0.0104,0.0169,0.0142,0.0185,,5743,True
219671634470,pool1c0p84nykx0m4yqs9pkvlgagh3nlnrn77d5zed9kv9ktljh2cjcy,0,161,,,239,340000000,c3c27acc9633f75202050d99f475178cff31cfde6d059696cc2d97f9,False,False,211895476687,0.99,False,GoKey™ Stake Pool,1008012281,1000000000,425317436209,1649877335,,4081797743,0.0010,0,0.0001,0.0001,0.0000,0.0000,0.0001,0.0002,0.0002,GOKEY,944,True
355582590681,pool1d42r0zln3kvvc54w4945735gnrm635as8hj8zy38tjprw2l49rd,0,187,linkberry.info,0,140,170000000,6d54378bf38d98cc52aea96b4f468898f7a8d3b03de47112275c8237,False,False,355825296910,0.02,False,the Global Dollar Stake Pool,11731579106,500000000,60521871193,1649865053,,394853233285,0.0307,0,0.0158,0.0226,0,0,0.0173,0.0178,0.0163,yabak,867,True
300093772,pool1fu6cvwqamrfxkzc0pjsmd7mqazfqh558sckequqj3ckvgyyg5ta,0,0,,,1,345000000,4f3586381dd8d26b0b0f0ca1b6fb60e8920bd287862d9070128e2cc4,False,False,300093772,0.02,False,Komani Stake Pool,300093772,111000000,0,1649760087,,0,0,0,0,0,0,0,0,0,0,KOMA,0,True
12593592053,pool173ul998qx9wnukxsz4hs47fv3slu7zcympa7gkv4m9qp5fheyex,0,3,,,13,340000000,f479f294e0315d3e58d0156f0af92c8c3fcf0b04d87be45995d9401a,False,False,12593592053,0.05,False,Live_Music_Show_Stake_Pool,11608176345,10000000000,1051043475,1649758442,,589826061,0.0025,0,0,0,0,0,0,0,0,MUSIC,3,True
1053342844437,pool1jqssxka8hu94aj6f4w3s8l5m6juqmx0hk3ges48jfac6zngmkh8,0,62,,,95,340000000,9021035ba7bf0b5ecb49aba303fe9bd4b80d99f7b4519854f24f71a1,False,False,1152144916415,0.03,False,Goma pool at Isdrgl in DRC,30020478172,25000000000,21096814284,1649731152,,12933265019,0.0096,0,0.0114,0.0078,0.0115,0.0151,0.0097,0.0074,0.0086,GOMA,85,True
32250097201,pool1fpsp2ayycsvpj2k43jnctdp306murzt7nzrlg0fuyyr9y8vx3pp,0,0,,,4,340000000,4860157484c418192ad58ca785b4317eb7c1897e9887f43d3c210652,False,False,32250097201,0.015,False,White Lotus Pool,31505292987,31500000000,0,1649282975,,0,0,0,0,0,0,0,0,0,0,WLP,0,True
6152197223,pool1r80l6hsdftyfvqftjak0r6llnszdtnh2x7rvtllawzj7x3afq2k,0,0,,,2,340000000,19dffd5e0d4ac896012b976cf1ebff9c04d5ceea3786c5fffd70a5e3,False,False,6152197223,0.02,False,Lambretta Pool,104437937,50000000,0,1649106234,,0,0,0,0,0,0,0,0,0,0,LBRTA,0,True
174399019279,pool1rtnv5vj0glxu9w2mkl9ptev72enx75gjzdkc8urfhavr5reah0c,0,71,,,60,170000000,1ae6ca324f47cdc2b95bb7ca15e59e56666f5112136d83f069bf583a,False,False,174395934670,0,False,Stake Green 🌳 0% Fee - Max Rewards,64673126124,60000000000,15130000000,1649013778,,22319802816,0.0148,0,0.0145,0.0164,0.0386,0.0518,0.0162,0.0296,0.0147,STKGR,89,True
7685799500,pool18mgvt3k5sm5vns4tqu74qt036tw0yterxuz2zjczlqr9saeas9f,0,2,sanada.eco,2,23,340000000,3ed0c5c6d486e8c9c2ab073d502df1d2dcf22f233704a14b02f80658,False,False,7685799500,0.04,False,Ambassador's Guild Stake Pool,4858734371,3900000000,691896404,1648789286,,285513739,0.0047,0,0,0,0,0,0,0,0.0061,AMB,2,True
45581662787800,pool1ases3nklh6gyjf74r7dqm89exjfd520z9cefqru959wcccmrdlk,12,240,,,92,340000000,ec3308cedfbe904927d51f9a0d9cb93492da29e22e32900f85a15d8c,False,False,45948339558108,1,False,Minswap,44859356995691,30000000000000,5634039871558,1648742562,,0,0.0003,0,0,0,0,0,0,0,0,MIN,10647,True
70688798363,pool1sghd7rmq0ktp6xd8yp84m00530hhqxx94lsnswmajt2xxrzpyjk,0,113,,,11,340000000,822edf0f607d961d19a7204f5dbdf48bef7018c5afe1383b7d92d463,False,False,70688798363,0.99,False,Teshita,64640679849,300000000,128656364573,1648279335,,912536204,0.0002,0,0,0,0,0,0,0,0,TS1TA,239,True
70212282086972,pool1edqwpnln3zr9gj9sfsmyl72pen6hdwev07xgqj7uz5mkjrgfj6h,20,229,,,9,340000000,cb40e0cff388865448b04c364ff941ccf576bb2c7f8c804bdc153769,False,False,70176154873688,0.05,False,Thin Blue Galileo,0,0,377591076286,1648242270,,5734079970936,0.0289,0,0.0211,0.0217,0.0122,0.0160,0.0231,0.0204,0.0246,TBG,13308,True
70023361299908,pool1qlps2dwr0qd0a7pjqr47apewf2lq42xv03zgentgwv9mspeh57g,21,230,,,6,340000000,07c30535c3781afef83200ebee872e4abe0aa8cc7c448ccd68730bb8,False,False,70000264521981,0.05,False,Serene Salmon Pascal,0,0,372334044803,1648242165,,5629880930822,0.0286,0,0.0220,0.0230,0.0120,0.0156,0.0238,0.0203,0.0248,SSP,13179,True
70184136573686,pool14xq8v9s80ut6vmwp93tzhlydhsdqhxk3e9jerl2kl7hm2dq6pru,23,235,,,12,340000000,a9807616077f17a66dc12c562bfc8dbc1a0b9ad1c96591fd56ffafb5,False,False,70166273758403,0.05,False,Admiring Red Hertz,0,0,397868517734,1648242165,,6084880474464,0.0293,0,0.0213,0.0226,0.0094,0.0131,0.0239,0.0178,0.0250,ARH,13946,True
70039817355915,pool1lev7ygxcqd4aw5em7wf7y64au4hv04yl5cew27lkjmgngj46vqk,20,242,,,12,340000000,fe59e220d8036bd7533bf393e26abde56ec7d49fa632e57bf696d134,False,False,70018213164838,0.05,False,Tidy Lilac Kepler,0,0,424413420000,1648242132,,6535864297239,0.0295,0,0.0215,0.0223,0.0113,0.0144,0.0232,0.0184,0.0250,TLK,14826,True
3182133996008,pool1h707wwzd9a3wlsz2x2dwng0rn7vep6mggxlgww9u7szagx8elcn,1,231,twitter.com/Berry_Chann,1,4,340000000,bf9fe7384d2f62efc04a329ae9a1e39f9990eb6841be8738bcf405d4,False,False,3183528790879,0.05,False,Berry,3303808540,2000000000,85411637887,1648186495,,242662202286,0.0241,0,0.0157,0.0141,0.0078,0.0078,0.0140,0.0143,0.0160,SOUR,686,True
0,pool16x6ckf653xdu6rdhmxvu3e50gldhzk6rrd9ds86ksu97jexw7m8,0,0,stake1uxsmpj9cgv89ypd5grrgaycsk08x4zdhjxtdlcerjq7g3kcp975cj,1,0,340000000,d1b58b2754899bcd0db7d999c8e68f47db715b431b4ad81f56870be9,False,False,0,0,False,Pool - Retired,0,10000000,0,1648179740,,0,0,0,0,0,0,0,0,0,0,DEAD,0,True
50615178093,pool1w0jjajfvur53nxrlc4nnm73087lm39qfumeq8r449jwvz3wdx05,0,14,,,21,170000000,73e52ec92ce0e919987fc5673dfa2f3fbfb89409e6f2038eb52c9cc1,False,False,50602001859,0.01,False,The Ada Protocol NC,18758294714,15000000000,3261295009,1648080747,,3098206579,0.0169,0,0,0.0221,0,0,0.0223,0,0.0177,TAPNC,14,True
3068811017,pool1gduk8s5stt3uej5nl9vs7marx8jjyeadwz3505gzvuqey2lch35,0,4,,,5,340000000,437963c2905ae3ccca93f9590f6fa331e52267ad70a347d102670192,False,False,3068811017,0,False,Atocatl Stake Pool,1961806210,200000000,1360000000,1647912553,,1145615422,0.0078,0,0,0,0,0,0,0,0,TCATL,5,True
2568212709,pool1kz0gh586tn9fh77fgc7em9tl6d82e3ly5quwsvvfevvszt64g8d,0,0,,,2,340000000,b09e8bd0fa5cca9bfbc9463d9d957fd34eacc7e4a038e83189cb1901,False,False,2568212709,0.02,False,Creative Opco Stake Pool,57340775,5000000,0,1647912108,,0,0,0,0,0,0,0,0,0,0,OPCO,0,True
26728960,pool1qv3velgldz529zq904jy9qfrhdh0akwkkhylu2rymd6sw9m02cc,0,132,,,4,340000000,0322ccfd1f68a8a288057d64428123bb6efed9d6b5c9fe2864db7507,False,False,26728960,0.05,False,Rampant Violet Hawking,0,0,229548758724,1647875743,,3522108588283,0.0320,0,0,0,0,0,0,0,0,RVH,6917,True
70036390341417,pool1qc05c76autq4235sq20zu4vjwtl5m0xn4mxq9kg6e66uwz95kd4,25,244,,,28,340000000,061f4c7b5de2c1554690029e2e559272ff4dbcd3aecc02d91aceb5c7,False,False,70013783707448,0.05,False,Elegant Gold Heisenberg,0,0,386694735305,1647875561,,5811436227333,0.0299,0,0.0214,0.0224,0.0119,0.0174,0.0231,0.0201,0.0247,EGH,12855,True
70526271497184,pool1fl20ddkpvnstlx63fal6e3ku46r76nk2s4mqtk5jnyxn2vt7hg6,22,244,,,9,340000000,4fd4f6b6c164e0bf9b514f7facc6dcae87ed4eca857605da92990d35,False,False,70508011777881,0.05,False,Kind Orange Heisenberg,0,0,426128391775,1647875513,,6564535904653,0.0303,0,0.0234,0.0242,0.0096,0.0163,0.0246,0.0202,0.0256,KOH,14784,True
35014938347866,pool1xucruwwxsym3u9v0m4ex3az5d4vpz9xu877vsl9udpt0q237e9m,13,244,,,5,340000000,37303e39c681371e158fdd7268f4546d581114dc3fbcc87cbc6856f0,False,False,35006954815794,0.05,False,Keen Lemon Fermi,0,0,339290091723,1647875513,,4905601059848,0.0315,0,0.0210,0.0221,0.0084,0.0112,0.0235,0.0177,0.0250,KLF,10467,True
35195613012786,pool13s5faca3kkg6jhqcll8xd9tarur3zkhalyuu92d5g87zyj4wrrc,3,244,,,4,340000000,8c289ee3b1b591a95c18ffce66957d1f07115afdf939c2a9b441fc22,False,False,36797893372598,0.05,False,Tall Zaffre Darwin,0,0,329277256255,1647875391,,4707636777157,0.0309,0,0.0217,0.0223,0.0150,0.0174,0.0228,0.0183,0.0242,TZD,10068,True
70339975966047,pool1j276s043qh2knv3ukmap6sra6sk7p5khuetzwx9h43wqydzsx8c,19,244,,,9,340000000,92bda83eb105d569b23cb6fa1d407dd42de0d2d7e6562718b7ac5c02,False,False,70313401896103,0.05,False,Upbeat Beige Euler,0,0,420225281074,1647875272,,6445943127327,0.0298,0,0.0226,0.0235,0.0111,0.0145,0.0239,0.0204,0.0250,UBE,14576,True
70026734591497,pool16e43yxx4djcvnsunwgrm8tnph0ljrt3p9tnezu3qvtcwzh4zwwa,25,244,,,5,340000000,d66b1218d56cb0c9c3937207b3ae61bbff21ae212ae791722062f0e1,False,False,70001129518890,0.05,False,Fancy Burgundy Archimedes,0,0,427243541596,1647875272,,6581863546829,0.0298,0,0.0234,0.0242,0.0134,0.0198,0.0243,0.0204,0.0252,FBA,14831,True
35011001110539,pool18gsrasdghtjsnzlf20pht85l4epwag74w9pfx5qvdvcpxw68sl6,11,244,,,3,340000000,3a203ec1a8bae5098be953c3759e9fae42eea3d5714293500c6b3013,False,False,35000021773168,0.05,False,Gleaming Cyan Davinci,0,0,340982555691,1647875225,,4932182024466,0.0308,0,0.0203,0.0206,0.0115,0.0144,0.0220,0.0180,0.0232,GCD,10506,True
70028915617679,pool17arsgklktp9sayk5kzaakwvl3jwyczp07guux2yd0upgqh04qjl,14,244,,,8,340000000,f747045bf6584b0e92d4b0bbdb399f8c9c4c082ff239c3288d7f0280,False,False,70003644688291,0.05,False,Relaxed Mustard Hopper,0,0,427172071167,1647875225,,6588654929176,0.0298,0,0.0231,0.0242,0.0133,0.0163,0.0246,0.0207,0.0252,RMH,14847,True
70302717102924,pool1xed948ze4guhrkt9zxjmecjvgkvgf8gd8skkzgtacz6gsyk9m5c,20,244,,,9,340000000,365a5a9c59aa3971d96511a5bce24c4598849d0d3c2d61217dc0b488,False,False,70284291239161,0.05,False,Wacky Gold Maxwell,0,0,430569823250,1647875223,,6645920073725,0.0297,0,0.0228,0.0231,0.0134,0.0185,0.0240,0.0206,0.0250,WGM,14963,True
70051398132799,pool1fqas6yd8n3fdpz8e869qjvyensdmzletqjexcut8mxasu2sk72r,21,244,,,9,340000000,483b0d11a79c52d088f93e8a0930999c1bb17f2b04b26c7167d9bb0e,False,False,70030797275608,0.05,False,Lucky Azure Gauss,0,0,429165227059,1647875136,,6614086454378,0.0298,0,0.0213,0.0230,0.0108,0.0161,0.0239,0.0195,0.0249,LAG,14943,True
70023147703537,pool1njjr0zn7uvydjy8067nprgwlyxqnznp9wgllfnag24nycgkda25,16,244,,,5,340000000,9ca4378a7ee308d910efd7a611a1df2181314c25723ff4cfa855664c,False,False,70003527130561,0.05,False,Fancy Mango Dirac,0,0,437630473267,1647875062,,6779644160107,0.0300,0,0.0210,0.0225,0.0103,0.0149,0.0237,0.0185,0.0252,FMD,15274,True
35012396315943,pool1hyqdlnuff3rnvg9lx70ccca2xqxcezzz4998tp6chhxnx2st257,8,244,,,4,340000000,b900dfcf894c473620bf379f8c63aa300d8c8842a94a758758bdcd33,False,False,35001417797918,0.05,False,Futuristic Cadet Swartz,0,0,392153887595,1647875028,,5911728827929,0.0301,0,0.0217,0.0225,0.0115,0.0154,0.0236,0.0199,0.0254,FCS,13195,True
70026666696888,pool1sdare7xfd6tmak8ghek7kwgpgj6xzu0reppmw4t46rmcs0h6vr2,15,244,,,9,340000000,837a3cf8c96e97bed8e8be6deb390144b46171e3c843b75575d0f788,False,False,70003389607461,0.05,False,Ubiquitous Teal Aslan,0,0,414554157545,1647875028,,6343338719327,0.0299,0,0.0224,0.0234,0.0122,0.0142,0.0243,0.0207,0.0253,UTA,14355,True
70075838388437,pool1vcwsfldh4gkzga4mc6p86y0vytkqfm9e2dy44hs00v34yeqnfaf,30,244,,,11,340000000,661d04fdb7aa2c2476bbc6827d11ec22ec04ecb953495ade0f7b2352,False,False,70052926902747,0.05,False,Fervent Vermilion Galileo,0,0,440256825846,1647874917,,6834262886790,0.0302,0,0.0222,0.0228,0.0120,0.0174,0.0235,0.0205,0.0256,FVG,15400,True
70020217285687,pool1gk20vlqg7qq868avysckjcjtwyphtjurfwlgra45670ny6r4fww,20,244,,,11,340000000,4594f67c08f0007d1fac243169624b710375cb834bbe81f6b4d79f32,False,False,70001925698124,0.05,False,Grandiose Charcoal Nobel,0,0,412233933735,1647874684,,6294965351018,0.0301,0,0.0218,0.0224,0.0096,0.0153,0.0237,0.0197,0.0251,GCN,14223,True
8054944483341,pool19zz6frugmvm82ecgl5hh5vq3093d4kzr4h2r5vfmt6la7trk929,3,244,,,7,340000000,2885a48f88db36756708fd2f7a30117962dad843add43a313b5ebfdf,False,False,10656439877465,0.05,False,Curly Viridian Moore,0,0,406920333891,1647865108,,6192291307593,0.0312,0,0.0209,0.0219,0.0073,0.0137,0.0239,0.0183,0.0257,CVM,13549,True
11290946207,pool15kek228mhvnsncdjn77u8qtrn8hjh5wfzmh6g942xf0353yc77j,0,216,,,11,340000000,a5b36528fbbb2709e1b29fbdc3816399ef2bd1c916efa416aa325f1a,False,False,11290946207,0.05,False,Thoughtful Iris Albattani,0,0,342975065964,1647864485,,5153011625694,0.0321,0,0,0.0339,0,0,0.0257,0,0.0259,TIA,10613,True
40636532,pool1xlst0jw9safmz3c8m56zvl4m65y306dcp48hdks8ursmsz2awm2,0,202,,,5,340000000,37e0b7c9c58753b14707dd34267ebbd50917e9b80d4f76da07e0e1b8,False,False,40636532,0.05,False,Optimistic Olive Hypatia,0,0,293688112869,1647861617,,4285125024761,0.0321,0,0.0195,0.0191,0,0,0.0205,0.0087,0.0277,OOH,8698,True
178259850,pool1v2dq9rex477rxqh7f8wwyprtc0qvxr3vvysvep7nj2qu68zdfaf,0,0,,,3,340000000,629a028f26afbc3302fe49dce2046bc3c0c30e2c6120cc87d39281cd,False,False,178259850,0.02,False,ADAOOO,7425441,0,0,1647705891,,0,0,0,0,0,0,0,0,0,0,OOO,0,True
35063501994062,pool1kcvaxe4q4npwt28qlr3h84htjf4qrqglqk3cr2484ptycr0ldut,12,244,,,5,340000000,b619d366a0acc2e5a8e0f8e373d6eb926a01811f05a381aaa7a8564c,False,False,35054883781917,0.05,False,Responsible Rose Coanda,0,0,330411829494,1647629479,,4721902171455,0.0307,0,0.0214,0.0222,0.0087,0.0149,0.0230,0.0189,0.0246,RRC,10130,True
502624954,pool1vd9a6q0jknarhwfyg7mspplrgsxf8zsna7yjr7crrtqdwftl7yw,0,0,,,1,340000000,634bdd01f2b4fa3bb92447b70087e3440c938a13ef8921fb031ac0d7,False,False,502624954,0.01,False,Cairnz,502624954,125000000,0,1647536231,,0,0,0,0,0,0,0,0,0,0,PATH,0,True
356799183693,pool1mrxg6svcug7mc459ce5zum4qd6p0hkfc08jzpphxfnxzz8yf7ll,0,53,,,88,340000000,d8cc8d4198e23dbc5685c6682e6ea06e82fbd93879e42086e64ccc21,False,False,352051663051,0,True,PetLoverStake,12106936455,10000000000,17527746018,1647384433,,10134965295,0.0108,0,0.0059,0.0044,0.0010,0.0007,0.0113,0.0007,0.0079,PET♥,65,True
161333207267,pool1venk342j5dqg2a9ue6nnv854rht25734jqaxanngqtrjk6m89um,0,24,,,21,170000000,666768d552a3408574bccea7361e951dd6aa7a35903a6ece6802c72b,False,False,161333207267,0,False,Bitterbal Pool,140981285300,10000000000,7674703784,1647383371,,3318435339,0.0064,0,0,0,0,0,0.0070,0,0.0038,BITB,24,True
500647786,pool1gsfu7c2ac6rh45dn836myms9flp99y0erppqez80nwehk9c70eu,0,20,,,1,340000000,4413cf615dc6877ad1b33c75b26e054fc25291f918420c88ef9bb37b,False,False,500647786,0.04,False,Blockops Zone,500647786,500000000,11139115051,1647373890,,143912377110,0.0359,0,0,0,0,0,0,0,0,BZONE,252,True
34080480622481,pool1398lzhvtaa0hgz305d2jz4urfkwkkt66yv476wqe6att2f7dphh,10,176,stake1uxlhuz4u3qn8kvu00v70wxde8ul2w473krvlekrgee49yjcp9mad8,1,2632,340000000,894ff15d8bef5f740a2fa3552157834d9d6b2f5a232bed3819d756b5,False,False,34899231061663,0.1,False,,0,0,218062388058,1647365615,,1443628845048,0.0259,0,0.0216,0.0215,0.0150,0.0186,0.0220,0.0214,0.0233,,3940,True
33334025487290,pool1k2qhlrrweu8fecd4hx4hn22lv00nrd3rjdxj6durax7m78q7ynu,9,245,stake1uxlhuz4u3qn8kvu00v70wxde8ul2w473krvlekrgee49yjcp9mad8,0,4098,340000000,b2817f8c6ecf0e9ce1b5b9ab79a95f63df31b623934d2d3783e9bdbf,False,False,33126353147133,0.1,False,,0,0,405993283270,1647365346,,2919749209815,0.0283,0,0.0195,0.0203,0.0116,0.0148,0.0212,0.0192,0.0233,,6960,True
229374109,pool1llknxwa7zzugc52mnv3lpxgh7az8wnqylrxxfqhzzm9e2eufug3,0,0,,,5,340000000,ffed333bbe10b88c515b9b23f09917f744774c04f8cc6482e216cb95,False,False,229374109,0.2,False,Cardano Cookies,55924461,50000000,0,1647209875,,0,0,0,0,0,0,0,0,0,0,CCM,0,True
2231615964801,pool1gztqypddgmycs0fjat62k5f2kt4zjck4l4f2ffrsmagj2w8zkq3,0,162,,,8,340000000,40960205ad46c9883d32eaf4ab512ab2ea2962d5fd52a4a470df5125,False,False,2232313620136,0.01,False,SGEN Stake Pool,223443205795,100000000000,55922992410,1647048628,,117116256246,0.0173,0,0.0156,0.0150,0.0002,0.0001,0.0156,0.0040,0.0158,SGEN,374,True
6647683557,pool18xwr0zysfyyxsva6sta7alezd44nsa5nasewmjxweg9sgqntlxn,0,3,,,2,350000000,399c37889049086833ba82fbeeff226d6b387693ec32edc8ceca0b04,False,False,6647683557,0.03,False,HumanityPool,6621150050,5500000000,1074109136,1646873402,,779528752,0.0050,0,0,0,0,0,0,0,0,HUM,3,True
4048591,pool15zuu7g6030wsfafu6a80pf6z2w6ceu4aumu2d6neykgtcx650u2,0,0,ukrainianpool.com,1,2,340000000,a0b9cf234f8bdd04f53cd74ef0a74253b58cf2bde6f8a6ea792590bc,False,False,4048591,0.99,False,UKRAINE POOL 2,4048591,1000000,0,1646757312,,0,0,0,0,0,0,0,0,0,0,UP2,0,True
12541851902,pool1g6rugsgxrl7ylqnuw2qvma0kuk63wc4yv43a4tmw3qaawgu87c0,0,0,ukrainianpool.com,0,6,340000000,4687c441061ffc4f827c7280cdf5f6e5b51762a46563daaf6e883bd7,False,False,12541851902,0.99,False,UKRAINE POOL 1,3085023,1000000,0,1646754132,,0,0,0,0,0,0,0,0,0,0,UP1,0,True
7358651890,pool1lum6jezln4dtxsvjgagnd06uavwps9ntks9rk93h7spzkgyzu9w,0,0,,,7,170000000,ff37a9645f9d5ab34192475136bf5ceb1c18166bb40a3b1637f4022b,False,False,7358651890,0.0055,False,Lottery Pool,6607056757,5000000000,0,1646672368,,0,0,0,0,0,0,0,0,0,0,LOTTO,0,True
876539137,pool10retvgthe4vymhaq8vr2734zladmeeuwy07rq8r5f690ydmz3vc,0,1,,,3,340000000,78f2b62177cd584ddfa03b06af46a2ff5bbce78e23fc301c744e8af2,False,False,876539137,0,False,Morales Stakepool,0,59000000000,340000000,1646637201,,252280799,0.0038,0,0,0,0,0,0,0,0,MORAL,1,True
72395139955661,pool19hrn8me383w9atvmjwukjxqsdvr8udpmyxau956hdc53x669j8p,21,247,wavepool.digital,8,9,340000000,2dc733ef313c5c5ead9b93b96918106b067e343b21bbc2d3576e2913,False,False,72421749810664,1,False,wavepool.digital,72253706712715,40000000000000,8939506804840,1646605245,,43721835658,0.0005,0,0,0,0,0,0,0,0,WAV11,15079,True
12779734605,pool1570nv2jeglcq92gg0qmkyl5dwg92mj4374j4c7eagx47kdm0r4l,0,35,,,79,340000000,a79f362a5947f002a9087837627e8d720aadcab1f5655c7b3d41abeb,False,False,12779734605,0,False,Bison Steak Pool,0,1000000000,12312426292,1646584746,,22403304435,0.0216,0,0,0,0,0,0,0,0,RANCH,57,True
7727136525,pool1qw4h9v0yqy53m2yx6ngcj5w8394q7wtmfk06edlpvu0zw4gn9ku,0,0,,,4,345000000,03ab72b1e401291da886d4d18951c7896a0f397b4d9facb7e1671e27,False,False,7727136525,0.05,False,Cornerstone,6097624954,6000000000,0,1646535911,,0,0,0,0,0,0,0,0,0,0,CORN,0,True
49078617826,pool16sm29hg3qrk5lyp74qcljt38l86v5zvg95395h9gqrn6qe97d9z,0,11,,,15,340000000,d436a2dd1100ed4f903ea831f92e27f9f4ca09882d225a5ca800e7a0,False,False,49078617826,0.01,False,Zebra Staking,4787380048,1000000000,3764400227,1646528204,,2415623099,0.0087,0,0.0021,0.0014,0,0,0.0013,0,0.0014,ZEBRA,13,True
752507918450,pool1p82vmqednsalje23mpnz9u3qt9ruj79xu83mr6p8t93fw5fcu3y,0,96,,,80,170000000,09d4cd832d9c3bf96551d86622f2205947c978a6e1e3b1e827596297,False,False,752507923110,0.01,True,Stake ADA Pool,36149941287,17000000000,19969473913,1646520001,,76523739372,0.0233,0,0.0057,0.0048,0,0.0058,0.0128,0.0058,0.0152,RCADA,218,True
7578699513,pool1lgzryt60tckrjspn7z0gxup6ms6srd2xmtl9y7wvt5fsxnd2qxh,0,3,,,291,340000000,fa04322f4f5e2c394033f09e83703adc3501b546dafe5279cc5d1303,False,False,7578699513,0.015,False,Cardanian Korea Pool,10000000,100000000,1047195643,1646497607,,914653449,0.0059,0,0,0,0,0,0,0,0,CKP,3,True
491315198,pool1va0dv0map5dqhaj8pyc3rg0500drqs0m5smcxme6xghnc7ygmw8,0,196,,,3,340000000,675ed63f7d0d1a0bf647093111a1f47bda3041fba437836f3a322f3c,False,False,491315198,1,False,neighborlypool,488441878,100000000,330019915023,1646402561,,0,0.0007,0,0,0,0,0,0,0,0,NEIGH,642,True
56301784085,pool19clgr0yxjs8pqmlsmfzu6hg5muy5ws2rze5hlesg0v7tvyhcgxh,0,6,,,18,340000000,2e3e81bc86940e106ff0da45cd5d14df0947414316697fe6087b3cb6,False,False,56301784085,0.01,False,ACUDA means...TO THE MOON,27823522320,25000000000,2050167657,1646400116,,1006598256,0.0061,0,0,0,0,0,0,0,0.0012,ACUDA,7,True
9308804645,pool1adryduxm4puhn67tuxys7rhvdleee6gw5pc9ufnwwzp8k2wjc2z,0,0,,,2,340000000,eb4646f0dba87979ebcbe1890f0eec6ff39ce90ea0705e266e70827b,False,False,9308804645,0.03,False,grok,9306845910,5000000000,0,1646264647,,0,0,0,0,0,0,0,0,0,0,GROK,0,True
3209394606702,pool165zu45p489lpuypt4fsuc5g8l9g9ha4dddlls84jlsp3k4vsw9p,1,228,twitter.com/Berry_Chann,0,5,340000000,d505cad035397e1e102baa61cc5107f9505bf6ad6b7ff81eb2fc031b,False,False,3210440702854,0.05,False,Berry,3806137894,2000000000,84979716235,1646203531,,253881987178,0.0250,0,0.0155,0.0166,0.0001,0.0052,0.0158,0.0193,0.0184,SWEET,708,True
1501200000,pool1c6ezumxqayxzfwec8q8nz40zpf58n3sr22nstpxf2pg3gggx0ce,0,0,,,1,340000000,c6b22e6cc0e90c24bb38380f3155e20a6879c60352a70584c9505114,False,False,1501200000,0,False,𝄢 SubNote Pool 𝄭,1501200000,1500000000,0,1646190679,,0,0,0,0,0,0,0,0,0,0,SUB,0,True
545272745201,pool1lyvg6ukqpumsr6wz0jvh7xutcgdtcyyde4wkvptzyl8rql4n3c6,0,72,flairstaking.io,0,41,500000000,f9188d72c00f3701e9c27c997f1b8bc21abc108dcd5d66056227ce30,False,False,545621489868,0,False,FlairStaking,55201108930,38000000000,31946551462,1646110625,,12659891857,0.0076,0,0.0229,0.0152,0,0,0.0084,0.0249,0.0057,FLAIR,97,True
5624250,pool1uu5ve3qdv7zxpmger77u0kw7pm8l4apmgr5xy6wspceayl05vsd,0,0,,,1,340000000,e728ccc40d678460ed191fbdc7d9de0ecffaf43b40e86269d00e33d2,False,False,5624250,1,False,Coollaunch_Pool,5624250,1000000,0,1646100126,,0,0,0,0,0,0,0,0,0,0,COOLP,0,True
848956045429,pool1r8lmsrdure385hz647kl2qjhyyxkdle4au5krjcsqed4x8227k3,1,166,,,398,340000000,19ffb80dbc1e627a5c5aafadf50257210d66ff35ef2961cb10065b53,False,False,867123083859,1,False,MAYZ,21263708614,5000000000,186524713726,1645987158,,7868952533,0.0015,0,0,0,0,0,0,0,0,MAYZ,435,True
73227043315874,pool15s7w4spg5ee7n7rprhs0dq78plw2mhjkpu5v97uvl27gz2way7z,32,190,,,1042,170000000,a43ceac028a673e9f8611de0f683c70fdcadde560f28c2fb8cfabc81,False,False,75710225093384,0,False,Balance Stake Pool,112602946273,100000000000,52805147160,1645973645,,3007028196878,0.0283,0,0.0228,0.0242,0.0126,0.0151,0.0258,0.0210,0.0271,BALNC,7636,True
14780781401950,pool1qvkdjemewy8phhrkdhscjcnh3947f5ae42rdfjkv6gkgkjtlfsg,3,249,irota1.github.io,1,10,20000000000,032cd96779710e1bdc766de1896277896be4d3b9aa86d4caccd22c8b,False,False,14853943836231,0.9999,False,RANMA Pool,4732458060,100000000,3172277212766,1645754830,,291277686,0.0004,0,0,0,0,0,0.0000,0,0.0000,RANMA,6679,True
47759424849,pool1u2j98kgj8uj7zr7g3deuezfv7hzv3ercnetxd5c9ppjh23x20qg,0,4,,,5,340000000,e2a453d9123f25e10fc88b73cc892cf5c4c8e4789e5666d305086575,False,False,47759424849,0.005,False,TavernCrypto,22153365250,20000000000,1364259046,1645744965,,847550453,0.0060,0,0,0,0,0,0,0,0.0009,TVRN,4,True
549083213935,pool17n47upcpnzsdks0yd409nf79sg6hqy73twg87eddwh24uj745rt,1,48,,,41,170000000,f4ebee070198a0db41e46d5e59a7c582357013d15b907f65ad75d55e,False,False,549261095484,0.02,True,Hephaestus Stake Pool,62316364808,50000000000,10617257561,1645571623,,13961431070,0.0169,0,0.0221,0.0206,0.0357,0.0237,0.0178,0.0278,0.0179,HEPHY,57,True
5040513559,pool1ttxsd0ls8w35mrluxa49v0vslt7a85pfusxxemxrkpasy27tkcx,0,0,,,5,340000000,5acd06bff03ba34d8ffc376a563d90fafdd3d029e40c6cecc3b07b02,False,False,5040513559,0,False,Wolfen-Kuckucksheim,439510085,2500000000,0,1645500968,,0,0,0,0,0,0,0,0,0,0,KUCKO,0,True
39084150633,pool1yvwry5gmqta5tug7gjmfr33c2whdjf88tfykqckaxsdcgcd482q,0,10,kazunaka.com,1,7,340000000,231c32511b02fb45f11e44b691c63853aed924e75a496062dd341b84,False,False,39084150633,0.025,False,ZenaPool,3447005696,1000000000,3431938399,1645484716,,1245597761,0.0139,0,0,0,0,0,0.0041,0,0.0021,ZENA,10,True
1212178919148,pool1nsaul82z7ytu73q96w2wgj8wrardmrzjkuzaankzn0xuqkj70qm,0,202,,,39,340000000,9c3bcf9d42f117cf4405d394e448ee1f46dd8c52b705decec29bcdc0,False,False,1102076159591,0.019,False,VASIL,160981120367,160000000000,73079588649,1645407086,,226723090552,0.0244,0,0.0057,0.0089,0.0003,0.0002,0.0086,0.0040,0.0155,VASIL,592,True
45436437280685,pool13hxlxd6qa68fmfhrvvmasa0mjg30tj9p5v2lmgmgsmrp2rgzkfp,13,181,,,744,170000000,8dcdf33740ee8e9da6e36337d875fb9222f5c8a1a315fda36886c615,False,False,44520013932462,0,False,dataDyne.earth,226803020769,215000000000,39831096709,1645396647,,2324431517599,0.0280,0,0.0233,0.0239,0.0130,0.0177,0.0255,0.0211,0.0264,dtDn,5814,True
5585614991,pool174s9fj3073jx2t8zlm5x8rvyqt52uult4jn7slyrtg8gx8ay9jy,0,0,,,2,345000000,f56054ca2ff464652ce2fee8638d8402e8ae73ebaca7e87c835a0e83,False,False,5585614991,0.03,False,CONTAMINATED WATER DATA STAKE POOL,5027517645,5000000000,0,1645387409,,0,0,0,0,0,0,0,0,0,0,CLEAN,0,True
39268742293,pool1gdyn4dggh5c9yn5cjve3dlljjkpwzdt2g4au8aszgwd6y97wde8,0,0,,,9,340000000,43493ab508bd30524e98933316fff29582e1356a457bc3f602439ba2,False,False,38810072883,0.99,False,SYNK.Energy Pool,20852390502,100000000,0,1645300260,,0,0,0,0,0,0,0,0,0,0,SYNK,0,True
37093780787,pool1dwlkpwakps05gelgwdml2d44al2xfsv8k9jgrkwsevlxxpcelqa,0,3,,,4,340000000,6bbf60bbb60c1f4467e87377f536b5efd464c187b16481d9d0cb3e63,False,False,37093780787,0.05,False,STANLEY BARREL POOL,101066235,100000000,1166854171,1645196240,,2790229289,0.0143,0,0,0,0,0,0,0,0,SBP,6,True
69424457426021,pool1mfyzxyggryp0jhgghvzas7qjdyz2rcfnm5rfq8s9uefvukrlps5,21,154,blockdaemon.com,6,7,340000000,da482311081902f95d08bb05d878126904a1e133dd06901e05e652ce,False,False,69446424429489,0.03,False,,3269983649,200000000,166440939476,1645149951,,3709851032594,0.0288,0,0.0231,0.0241,0.0115,0.0160,0.0251,0.0196,0.0254,,8710,True
3562028710,pool1f9934hk9awd25mmxl0dd2haqvda9nlquwnh5pv64hs42znl07zj,0,61,blockdaemon.com,5,6,170000000,494b1adec5eb9aaa6f66fbdad55fa0637a59fc1c74ef40b355bc2aa1,False,False,3562028710,0.03,False,,201370849,200000000,67182801806,1645149215,,1521445170244,0.0344,0,0,0,0,0,0,0,0,,2690,True
15771588446,pool18e545ehldchd8qr8qx7q7m5dljzaky2twxrynx2z29ru2mt6pv4,0,77,blockdaemon.com,4,12,340000000,3e695a66ff6e2ed3806701bc0f6e8dfc85db114b71864999425147c5,False,False,15771588446,0.08,False,Blockdaemon 🧱😈 Stake Pool 4,200101438,200000000,82487201187,1645148111,,1575566031441,0.0364,0,0,0,0,0,0,0,0,BD4,2835,True
188101210366,pool19v4jgpxxl72eaq8pefctatvts3gkhtyzd8nwvzskkm3mkdv2tpy,0,50,,,85,340000000,2b2b2404c6ff959e80e1ca70bead8b84516bac8269e6e60a16b6e3bb,False,False,253040712023,0,False,OnlyBlocks Immutable,33838738,10000000,14819853692,1645125657,,19725054263,0.0179,0,0.0016,0.0013,0,0,0.0036,0.0006,0.0188,OBI,80,True
9754969097301,pool1c86ul4pnqvu7jzag8fjdy6dgrn6pt4ad4vmyq038hyg0wl2kaed,2,236,,,406,340000000,c1f5cfd4330339e90ba83a64d269a81cf415d7adab36403e27b910f7,False,False,9147184641876,0.02,False,baidu,71700648,30000000,78625518791,1645092035,,772694795232,0.0274,0,0.0176,0.0212,0.0121,0.0129,0.0207,0.0145,0.0236,BAIDU,1918,True
2641440271,pool16ypn6g8sm5um7mkxyhdu7j9eq9zl35wywq5n9x8g0aujc060qzp,0,0,,,5,345000000,d1033d20f0dd39bf6ec625dbcf48b90145f8d1c470293298e87f792c,False,False,2641453415,0.15,False,Carda Mom Pool,161021654,100000000,0,1645033010,,0,0,0,0,0,0,0,0,0,0,MOM,0,True
902741773,pool1a9fmzl8m8ql8kk5s8cgxf0ny4c06v2540977gps5mjunwvk5zc0,0,0,,,5,345000000,e953b17cfb383e7b5a903e1064be64ae1fa62a95797de40614dcb937,False,False,902741773,0.15,False,HashPayStakePool,115548393,100000000,0,1645013886,,0,0,0,0,0,0,0,0,0,0,HPAY,0,True
1102377653099,pool1lkcd3w5g6s6v3hf6kwt55dqpalrmq9h9f3ec033nnzhvgjgl860,0,207,cardanode.io,2,89,495000000,fdb0d8ba88d434c8dd3ab3974a3401efc7b016e54c7387c63398aec4,False,False,1153979851928,0,False,Cardanode: 0.00% Fee and 100% Rewards Guaranteed,600803933405,500000000000,93068624815,1644986221,,2199822891514,0.0337,0,0.0137,0.0091,0,0,0.0095,0.0085,0.0101,FUND2,4329,True
67685218239,pool14rxm70xxyj90dw0x58msyl7gkejqlz2tfp9u7a92zx4gyw7c7ry,0,208,,,23,340000000,a8cdbf3cc6248af6b9e6a1f7027fc8b6640f894b484bcf74aa11aa82,False,False,67685218239,0.0168,False,ARSA Stake Pool,1662060269,168000000,76844929362,1644979947,579,183053008436,0.0223,0,0.0010,0.0057,0,0.0036,0.0089,0.0019,0.0144,ARSA,511,True
0,pool1ezs46e9nftk46w723zg4e66n2vaytms5slrmywvd7fx5y65zkru,0,185,bitcoinsuisse.com,1,64,340000000,c8a15d64b34aed5d3bca88915ceb53533a45ee1487c7b2398df24d42,False,False,0,1,False,BitcoinSuisse03,0,100000000,2146579907185,1644948656,,0,0.0004,0,0,0,0,0,0,0,0,BTCS,4137,True
9272899425209,pool10scv5quxduhrcc26wpurhk743dngspe8dc3zpkkam0svyx6ejx3,4,250,,,24,340000000,7c30ca03866f2e3c615a70783bdbd58b668807276e2220dadddbe0c2,False,False,9274520276231,0.2,False,Cardano Thailand,976612117,100000000,256571548433,1644944203,,691581738223,0.0228,0,0.0148,0.0160,0.0056,0.0096,0.0164,0.0123,0.0176,CDNTH,1974,True
17154042465,pool10mucfueg7nwruvagk0fnjcftcqktjvt6262xtsva46q5zg4utmg,0,1,,,11,170000000,7ef984f328f4dc3e33a8b3d339612bc02cb9317a569465c19dae8141,False,False,17154042465,0,False,RAMBO Stakepool,16138580841,15000000000,340000000,1644820393,,97917782,0.0014,0,0,0,0,0,0,0,0,RAMBO,1,True
3235139620042,pool1ck8rqpxp7j8kyzutk856fnvgm8xsqmuh922wkeeg32ekjjrvtc0,0,226,infiniastakepool.com,0,30,250000000,c58e3004c1f48f620b8bb1e9a4cd88d9cd006f972a94eb67288ab369,False,False,3235658645504,0,True,Infinia Stake Pool Fukuoka,184501143,168000000,69376590616,1644813258,,483200248463,0.0287,0,0.0175,0.0160,0.0011,0.0041,0.0172,0.0138,0.0204,ISPF,1103,True
54686676710493,pool1a23gmvalpdams9d42t7fur8vmknzjv7wd3nsvuvrc7dv66lnau0,19,249,,,2261,340000000,eaa28db3bf0b7bb815b552fc9e0cecdda62933ce6c67067183c79acd,False,False,54946812659016,0.025,False,Army of Spies,379101375718,350000000000,191341948976,1644791358,,4187075070821,0.0296,0,0.0237,0.0244,0.0124,0.0154,0.0250,0.0207,0.0256,AOS,9689,True
103230899,pool1lz95nzjjmr6449lk0avhplw9678m6kxghvxzg2yfcmy3vl0k6jl,0,0,,,1,340000000,f88b498a52d8f55a97f67f5970fdc5d78fbd58c8bb0c242889c6c916,False,False,103230899,0.035,False,Good Stacker,103230899,100000000,0,1644741586,,0,0,0,0,0,0,0,0,0,0,GSTA,0,True
2409869011,pool1dxyj26fptj4muj6r2xp8h6lsp3s9ycgup6ssc0e62arxw6gc2xz,0,0,,,94,340000000,69892569215cabbe4b4351827bebf00c6052611c0ea10c3f3a574667,False,False,2409869011,0,False,The Poolnet,151030379,100000000,0,1644713077,,0,0,0,0,0,0,0,0,0,0,POET,0,True
0,pool1nmnauud7ghvm3l9tyw9fwhgus6vcymqyksynlwjxxjeyx4rrsvx,0,0,,,2,340000000,9ee7de71be45d9b8fcab238a975d1c8699826c04b4093fba4634b243,False,False,0,0.02,False,Vode,0,0,0,1644669700,,0,0,0,0,0,0,0,0,0,0,VODE,0,True
586855211877,pool1zc5l0d0j9d0969z7ssphjdq7rfexhnhrfdp2e88sv05ujlaxfk3,0,54,,,10,340000000,1629f7b5f22b5e5d145e840379341e1a726bcee34b42ac9cf063e9c9,False,False,587203907841,0.999999999999999,False,WWW ADA POOL,29152597143,1000000,29150541511,1644653527,,1,0.0003,0,0,0,0,0,0,0,0,WWW,60,True
0,pool1g90xrq0qrgn7z9xdfpx6xlgxwedf7unrcmh2drj7j70hxr35jxk,0,0,heysoftwareinnovation.com,5,1,340000000,415e6181e01a27e114cd484da37d06765a9f7263c6eea68e5e979f73,False,False,0,0.03,False,UG Capital Venture,0,50000000000,0,1644639719,,0,0,0,0,0,0,0,0,0,0,UGCV,0,True
103000000,pool1qxpzlkxfem0q230hjp9f622c6yaej8qycwy34nwyt98axedf78f,0,0,,,2,340000000,01822fd8c9cede0545f7904a9d2958d13b991c04c3891acdc4594fd3,False,False,103000000,0.069,False,,3000000,2000000,0,1644615381,,0,0,0,0,0,0,0,0,0,0,,0,True
2273931246,pool16lsx9mj2s2wr337hv9402enw0886d09grx5c0d4pk97w63kjn2a,0,0,,,5,340000000,d7e062ee4a829c38c7d7616af5666e79cfa6bca819a987b6a1b17ced,False,False,2273931246,0,False,sporepool,48505807,25000000000,0,1644609746,,0,0,0,0,0,0,0,0,0,0,SPORE,0,True
103000000,pool13ds97sp5wtfpu7x720pj843ax2chfrcj25d88a39l8czjmg4gkf,0,0,,,2,340000000,8b605f403472d21e78de53c323d63d32b1748f12551a73f625f9f029,False,False,103000000,0.069,False,,3000000,2000000,0,1644604688,,0,0,0,0,0,0,0,0,0,0,,0,True
4941275282445,pool1l3wdq3cec23jadkt2cx384vtgd75ncau33smrptwj87n2wedc0d,1,249,,,11,340000000,fc5cd04719c2a32eb6cb560d13d58b437d49e3bc8c61b1856e91fd35,False,False,4945120787496,1,False,Diamond,8067111607,1000000000,534291179715,1644581001,,0,0.0002,0,0,0,0,0,0,0,0,PIVT,1123,True
195837078,pool1dadfsnjauzhgcvz5hkrulwevpe9mk2a9rsxt24pawcy7zndhll3,0,77,ledger.com,0,8,170000000,6f5a984e5de0ae8c3054bd87cfbb2c0e4bbb2ba51c0cb5543d7609e1,False,False,195837078,0.069,False,zzcf1,9815537,2000000,28499104748,1644534843,,31815212622,0.0179,0,0,0,0,0,0,0,0.0021,zzcf1,122,True
103000000,pool15l7f5vd5sqchjqys6x5ygmdgs88q4y6ndwc7xy9a05y2jfced93,0,0,,,2,340000000,a7fc9a31b48031790090d1a8446da881ce0a93536bb1e310bd7d08a9,False,False,103000000,1,False,,3000000,2000000,0,1644518606,,0,0,0,0,0,0,0,0,0,0,,0,True
25696413176,pool1zy0mg8thm4au4cqaz5gz4ah9ms6894e2vqkl9a6l2uq4vas3yam,0,22,,,10,340000000,111fb41d77dd7bcae01d15102af6e5dc3472d72a602df2f75f570156,False,False,25843549105,0,False,DROPS,0,500000000,7480000000,1644436640,,7798252134,0.0124,0,0,0,0,0,0,0,0,DROPS,29,True
25098487,pool1h4n266z2xz0v754qf8uu09cda7q68gpymt5dlf4zxcvlg3hq3r7,0,0,,,1,340000000,bd66ad684a309ecf52a049f9c7970def81a3a024dae8dfa6a23619f4,False,False,25098487,0.01,False,ArbolAda,25098487,0,0,1644382239,,0,0,0,0,0,0,0,0,0,0,ARBOL,0,True
17682510840,pool1zgzyp6nt5084e8renptskpyaksd79uvl4hrfvnszpxyfzdt86k8,0,23,,,17,340000000,120440ea6ba3cf5c9c7998570b049db41be2f19fadc6964e02098891,False,False,16937256968,0.01,False,Cloudberry Online Stake Pool,12194217427,4000000000,7948509395,1644200436,,12227431454,0.0224,0,0,0,0,0,0,0,0,CBOSP,32,True
1009939347,pool1nt00f6p0frek3f0jza4u9ka5rey76752j5zkrpldkpqvjspytm3,0,0,,,2,340000000,9adef4e82f48f368a5f2176bc2dbb41e49ed7a8a95056187edb040c9,False,False,1009939347,0.025,False,The Pixel Head Squad,1007623546,50000000000,0,1644165205,,0,0,0,0,0,0,0,0,0,0,TPHS,0,True
10569798068,pool1wc2vw2x2xu2van4acthhk08xtucm8ddpuphmw0ahnc99qtz4a64,0,0,,,6,340000000,7614c728ca3714cecebdc2ef7b3ce65f31b3b5a1e06fb73fb79e0a50,False,False,10569798068,0.0099,False,Carbon Pool,545512809,500000000,0,1644077185,,0,0,0,0,0,0,0,0,0,0,CRBN,0,True
0,pool1vazy9q3064xgmqn7fxwgysyuqfvlxlcn7dfcn79ydcn3kw2xuvm,0,0,,,1,345000000,674442822fd54c8d827e499c82409c0259f37f13f35389f8a46e271b,False,False,0,0.1,False,MAKER-KARMA,0,3000000000,0,1643995337,,0,0,0,0,0,0,0,0,0,0,KRM,0,True
296679888,pool1wp0yez530qyyxu6nzeej9m9f2sma2w4r54hkw7dfewtts7qqvwc,0,0,,,3,340000000,705e4c8a917808437353167322eca95437d53aa3a56f6779a9cb96b8,False,False,296679888,0.01,False,CardanoCoro,108656116,100000000,0,1643837503,,0,0,0,0,0,0,0,0,0,0,CORO,0,True
44975807477,pool1l2eyll8qvywzjrssyyw2cqymzdn2u88vujsu2lg3ph06zem2ykv,0,9,,,55,340000000,fab24ffce0611c290e10211cac009b1366ae1cece4a1c57d110ddfa1,False,False,44982501896,0.1,False,CLYDEdev Stake Pool,6128069536,5700000000,3073926388,1643808244,,614678501,0.0034,0,0.0021,0.0014,0,0,0.0019,0,0.0059,CLYDE,9,True
1084589756,pool19t833uyjq92aajf5f7qd9w3jcnyq78p4hsx0fn63aejfjtyn99j,0,0,,,4,340000000,2acf18f0920155dec9344f80d2ba32c4c80f1c35bc0cf4cf51ee6499,False,False,1084589756,0.02,False,OCTIVIO,1000801455,1000000000,0,1643675541,,0,0,0,0,0,0,0,0,0,0,OCT,0,True
7792316778606,pool1ar6nsa2uzng70uf8fdrttu5jhgxzgu2f4za8h845zr435nfcruw,4,220,,,300,170000000,e8f538755c14d1e7f1274b46b5f292ba0c247149a8ba7b9eb410eb1a,False,False,7765482272862,0.015,False,1STEP,28664795294,25000000000,64760349721,1643611734,,1530421615332,0.0304,0,0.0237,0.0241,0.0107,0.0110,0.0254,0.0179,0.0268,1STEP,3518,True
4579530164,pool10wugf8sxugp74y0dafvc83jmcg2z9v7u5yfs79zy67rxc5lqhd6,0,2,,,2,340000000,7bb8849e06e203ea91edea5983c65bc21422b3dca1130f1444d7866c,False,False,4579530164,0.01,False,Glog Pool,700014847,330000000000,686023994,1643551258,,596375518,0.0024,0,0,0,0,0,0,0,0,GLOG,2,True
103070019,pool1rven0s3l30qawndj2m8v0fwgc8rsthumda72l4wkgwdhx7qgdjw,0,0,,,1,345000000,1b3337c23f8bc1d74db256cec7a5c8c1c705df9b6f7cafd5d6439b73,False,False,103070019,0.0099,False,Nifty Charities,103070019,100000000,0,1643502096,,0,0,0,0,0,0,0,0,0,0,NIFTY,0,True
1004481523,pool1ffhg5vdmjzv9pc2syjwxkrj85qg7xsnxsmmsrnag5r7wsggv4ac,0,5,,,6,340000000,4a6e8a31bb909850e150249c6b0e47a011e3426686f701cfa8a0fce8,False,False,1004481523,0,False,Tokyn Stake Pool,0,200000000000,1709342139,1643329275,,1462644080,0.0083,0,0,0,0,0,0,0,0,TOK,5,True
1479255256850,pool1aq2kqdp9xf9w47vttvmqnahwd4scz2qyddsr9l4mfru4qddg3kr,0,211,,,615,340000000,e815603425324aeaf98b5b3609f6ee6d618128046b6032febb48f950,False,False,1481223911406,0.99,False,NMKR,730029363674,400000000000,210737800124,1643207185,,108419633497,0.0121,0,0.0001,0.0001,0.0001,0.0002,0.0001,0.0001,0.0001,NMKR,642,True
4842950876893,pool16cerhwlk8nq7rpuerr4g08tpgeq7awnhgxzkyalc8n8xjwzxqm3,1,243,,,14,340000000,d6323bbbf63cc1e1879918ea879d614641eeba7741856277f83cce69,False,False,4843996968921,1,False,PlanningT,3234918093,1000000000,532150012599,1643115673,,0,0.0003,0,0,0,0,0,0,0,0,PLNGT,1108,True
7136226513182,pool1axngzl8clfn6pnjaf4w5r0q4tgcwktv0zcuxnn32hl995pthddr,2,251,atrmn.github.io,1,10,7000000000,e9a6817cf8fa67a0ce5d4d5d41bc155a30eb2d8f163869ce2abfca5a,False,False,7070507501475,0.9999,False,New One Stake Pool,183693350,100000000,627432567034,1643083177,,46828048,0.0002,0,0,0,0,0,0,0,0.0000,NOSP,1346,True
0,pool1fndvmevsjh5a0hkt5me9mrtlk4ugu4n8yns0dwk4jyhdqcq3ayy,0,0,,,1,345000000,4cdacde59095e9d7decba6f25d8d7fb5788e566724e0f6bad5912ed0,False,False,0,0.2,False,,0,100000000,0,1643048638,,0,0,0,0,0,0,0,0,0,0,,0,True
295168564,pool1kveecu8hx4dk8pe9rmv4q4tjwr9xmq30nacu2pafeljhypcn4wt,0,2,,,2,340000000,b3339c70f7355b6387251ed950557270ca6d822f9f71c507a9cfe572,False,False,295168564,0.025,False,The Fat Penguin,5930639,10000000000,695413248,1642996749,,601116672,0.0105,0,0,0,0,0,0,0,0,TFP,2,True
233019437953,pool1wewygdzelh9m4m0kj8u70pmr957lxkzl8km4mttsrdd7wht00vu,0,50,,,19,340000000,765c443459fdcbbaedf691f9e787632d3df3585f3db75dad701b5be7,False,False,233019437953,0.02,False,Amaterasu,21236561856,3000000000,17823214590,1642993273,,24550297761,0.0169,0,0,0,0,0,0,0,0,AMT,72,True
125767657422,pool1wccveh5l4gvns7egngqdd4qk27w0kxqc68jjrnnkgjxz6zwt7ws,0,29,,,16,340000000,7630ccde9faa19387b289a00d6d416579cfb1818d1e521ce76448c2d,False,False,125767657422,0.005,False,Yuzuppy-BCG StakePool,9778330569,100000000,9884215900,1642956513,,4818967479,0.0104,0,0.0006,0.0132,0,0,0.0066,0,0.0063,YUZUP,31,True
350439045241,pool15hx9hze8ulcsw6e7ceelz2pem2g3u9c29wqe4eszkhspj3wcdlx,0,190,anetabtc.io,2,1202,340000000,a5cc5b8b27e7f1076b3ec673f12839da911e170a2b819ae602b5e019,False,False,336876839693,0.05,False,anetaBTC - Pool 2,1254408418,880000000,812693556518,1642956441,,135197158092,0.0052,0,0.0065,0.0047,0,0,0.0089,0.0119,0.0139,NETA2,1550,True
733522394202,pool17h6slydr6rd9vquqa38p5cf9xqnpc24w6a99rhllcjzljgugx6x,0,203,anetabtc.io,1,1450,340000000,f5f50f91a3d0da560380ec4e1a612530261c2aaed74a51dfffc485f9,False,False,734991584795,0.05,False,anetaBTC - Pool 1,2259540753,880000000,1065280707817,1642954621,,181202953787,0.0053,0,0.0062,0.0082,0.0005,0.0003,0.0071,0.0006,0.0084,NETA1,2041,True
1332955561351,pool1e2tl2w0x4puw0f7c04mznq4qz6kxjkwhvuvusgf2fgu7q4d6ghv,1,153,,,85,170000000,ca97f539e6a878e7a7d87d762982a016ac6959d76719c8212a4a39e0,False,False,1337975902205,0,True,Development Stake Pool,11678520714,3000000000,40955544417,1642937590,,211059606255,0.0277,0,0.0138,0.0163,0.0237,0.0158,0.0143,0.0096,0.0188,DEV,504,True
163755733,pool1v6xpvq7argftng40s80804eyf4m7as45292las40jw0nxte295m,0,0,,,5,340000000,668c1603dd1a12b9a2af81de77d7244d77eec2b45155fec2af939f33,False,False,163755733,0.03,False,ADA Lovelace Center,106000000,100000000,0,1642888370,,0,0,0,0,0,0,0,0,0,0,ADAL,0,True
14097290634,pool12pk63q22re4up2dg86tyjwthuauqu0ryq3jlxs9v29zk68cpugl,0,7,,,6,170000000,506da8814a1e6bc0a9a83e96493977e7780e3c640465f340ac51456d,False,False,14097290634,0,False,Arkano Pool,5774361930,5000000000,1360000000,1642831962,,2143777181,0.0124,0,0,0.0260,0,0,0.0128,0,0.0117,0AKN0,9,True
37761863172,pool15fn9e84lmcp88z6yldagdele2lq0kqremlf0j96v7cj0jj6v22l,0,83,,,171,340000000,a2665c9ebfde02738b44fb7a86e7f957c0fb0079dfd2f9174cf624f9,False,False,37992028301,0.99,False,Ravendex Pool,1742128865,1000000000,126918412727,1642773462,,4821334716,0.0017,0,0,0,0,0,0.0000,0,0.0001,RAVEP,216,True
51006764,pool12jzydsj2yjjn59zefvgz2q47rvfk950xckm5x4ejcdvucueg5c8,0,0,dappcentral.net,4,1,340000000,548446c24a24a53a14594b102502be1b1362d1e6c5b7435732c359cc,False,False,51006764,0.02,False,StakeZilla2,0,20000000,0,1642648567,,0,0,0,0,0,0,0,0,0,0,ZILLA,0,True
2976495884,pool1q23kstu6ute8x43z95ahnwh04n9rpn6k0wzakq663ke75220682,0,21,,,38,340000000,02a3682f9ae2f27356222d3b79baefacca30cf567b85db035a8db3ea,False,False,2976495884,0.025,False,INFINITE,509859258,500000000,10046813041,1642476653,,113365709017,0.0274,0,0,0,0,0,0,0,0,INFI,259,True
10190366478657,pool1c3kxs76qj58284f923cx7ed8vw25en3nfghyurv0z9m2g3x9c4j,3,254,,,46,340000000,c46c687b40950ea3d52554706f65a763954cce334a2e4e0d8f1176a4,False,False,10174550326313,0.045,False,Kaze-Wa-Minamikara,10465324112,1000000000,141527767987,1642456226,,1187708469208,0.0296,0,0.0196,0.0214,0.0095,0.0168,0.0216,0.0189,0.0240,NAHA,2732,True
18621214,pool1620fkxluaftsvz5lge29tjur3flwa8wydpzqy0zd4cllxx2w3ma,0,0,,,1,340000000,d29e9b1bfcea57060a9f465455cb838a7eee9dc46844023c4dae3ff3,False,False,18621214,0.01,False,footystakepool,18621214,0,0,1642419103,,0,0,0,0,0,0,0,0,0,0,FOOTY,0,True
197902794041,pool1u53apdhreh9fjmxtrctx3kezhjduc4m2f7cfd09yd7p6jkc6k2z,0,16,stake1uxsmpj9cgv89ypd5grrgaycsk08x4zdhjxtdlcerjq7g3kcp975cj,0,15,340000000,e523d0b6e3cdca996ccb1e1668db22bc9bcc576a4fb096bca46f83a9,False,False,197936758531,0.01,False,StakeChaiin - ADA staking pool,65527841700,60000000000,5495598879,1642409408,,5461940359,0.0079,0,0,0,0,0,0,0,0,AENS,18,True
862976284,pool192ve6p5958dam7hr3e656cuq5cucz5gnpfazlqr9kpc962gj07z,0,47,,,3,340000000,2a999d0685a1dbddfae38e754d6380a6398151130a7a2f8065b0705d,False,False,862976284,0,False,Huobi,860402823,0,16241010667,1642407083,,146002417803,0.0346,0,0,0,0,0,0,0,0,Huobi,254,True
17988077,pool1tgt94w0gmhmg5yw2v366fsl39yh90ktxr8uk2xsx3alsyh0tywg,0,0,,,3,340000000,5a165ab9e8ddf68a11ca6475a4c3f1292e57d96619f9651a068f7f02,False,False,17988077,0,False,CardanoPUB,6251228,1000000000,0,1642255524,,0,0,0,0,0,0,0,0,0,0,CPUB,0,True
326832904736,pool16utp8esfwwpwf4fzlvtulugtdj9mapt42gdwza962pk8q2f45yt,0,41,,,195,340000000,d71613e6097382e4d522fb17cff10b6c8bbe8575521ae174ba506c70,False,False,327579488416,0.01,False,Dream Cardano,21153396419,20000000000,14013836015,1642191078,,7309767244,0.0112,0,0.0117,0.0079,0.0011,0.0007,0.0114,0.0007,0.0083,DRMZ,46,True
31019794875,pool1wu4f8u7apml5nke7mjcvj2fvn0apfychx2957lf9gcuzxa07w6g,0,8,,,7,340000000,772a93f3dd0eff49db3edcb0c9292c9bfa149317328b4f7d25463823,False,False,31019794875,0.03,False,Hodl4Tesla,11462324834,10000000000,2810398829,1642013724,,2922895648,0.0067,0,0,0,0,0,0,0,0,H4T1,9,True
14074497315650,pool1mvl09pgsejrudghjhq79qurugrvqy3pceznp7f9vz63n7ku7jqx,3,257,,,190,340000000,db3ef28510cc87c6a2f2b83c50707c40d8024438c8a61f24ac16a33f,False,False,14079944531952,0,False,Amazon Pool 1,3409091642,5000000,86700000000,1641899953,,1118264321608,0.0306,0,0.0234,0.0234,0.0138,0.0178,0.0246,0.0216,0.0258,AMZ1,2580,True
3814536229,pool188837cdkhad7w2dwk2arsldyre3tcva8aardadf4ekc0j56267t,0,0,,,12,340000000,39cf1f61b6bf5be729aeb2ba387da41e62bc33a7ef46deb535cdb0f9,False,False,3220943684,0,False,Cardano on Wheels,100000000,100000000,0,1641782671,,0,0,0,0,0,0,0,0,0,0,CAOW,0,True
1845225224,pool1wxktpcvaceu8zcsmjk5k0nu2nldm762ra6m9ept87fcvsqucdkx,0,0,heysoftwareinnovation.com,4,1,340000000,71acb0e19dc67871621b95a967cf8a9fdbbf6943eeb65c8567f270c8,False,False,1845225224,0,False,In Good Fortune,1845225224,1800000000,0,1641739348,,0,0,0,0,0,0,0,0,0,0,IGF,0,True
1047502152,pool1qm656ca3pdnu3gfetusmslva555j3m3efaq5u44sgpdsjn7dg4d,0,0,,,3,345000000,06f54d63b10b67c8a1395f21b87d9da52928ee394f414e56b0405b09,False,False,1047502152,0.01,False,ZACS Staking,1008418929,1000000000,0,1641588751,,0,0,0,0,0,0,0,0,0,0,ZACS,0,True
16770105500,pool10gtnlhevam52ynwuzua7dqgv7vje4q87q25dzzfrjgw3wwjk2xw,0,11,,,4,340000000,7a173fdf2ceee8a24ddc173be6810cf3259a80fe02a8d10923921d17,False,False,16770105500,0,False,Stake Pool in Geneva,15978139659,12000000000,3752207730,1641570703,,2375580745,0.0081,0,0,0,0,0,0,0,0.0099,STKCH,12,True
5387802573439,pool1pgmuramw9waw9ckxsvpxmcn9p6fd4xl5jmavu8jje0x5vuc00l0,1,251,atrmn.github.io,0,12,340000000,0a37c1f76e2bbae2e2c683026de2650e92da9bf496face1e52cbcd46,False,False,5354230292107,0.03,False,ATARASHIIMONO Stake Pool,1084089956,1000000000,101450512554,1641550117,,543899605614,0.0280,0,0.0193,0.0188,0.0070,0.0093,0.0221,0.0179,0.0229,ATRMN,1336,True
22595575691,pool1qcu4r9rw853pyvfznfeujfzxlku4xtvp8cas6c2y79hvuy22vl4,0,0,myadapoolnamerocks.com,8,13,340000000,063951946e3d221231229a73c92446fdb9532d813e3b0d6144f16ece,False,False,22665576138,0,False,Maple Pool,127679256,100000000,0,1641425446,,0,0,0,0,0,0,0,0,0,0,MPOL,0,True
1500600798,pool1vcc9lngr8g2j8xh0kgy84nne026adr5zmvwagkda99spy23993l,0,0,,,3,340000000,66305fcd033a15239aefb2087ace797ab5d68e82db1dd459bd296012,False,False,1500600798,0.01,False,HIGER,1500600798,1500000000,0,1641383404,,0,0,0,0,0,0,0,0,0,0,HIGER,0,True
420094396,pool1l6946mnu54f6v0we4xzra8kwm68ch7fphhxvgytd0m4lzk3pats,0,3,,,4,340000000,fe8b5d6e7ca553a63dd9a9843e9ecede8f8bf921bdccc4116d7eebf1,False,False,420094396,0.03,False,StakeMachine,376405598,150000000,1061708530,1641383210,,1348575839,0.0075,0,0,0,0,0,0,0,0,SMACH,4,True
356830510,pool1sk6jvl4u8m4peddwqxzslgt82n57qy0rug2j0jfzkrjvy9f5mw6,0,0,,,1,340000000,85b5267ebc3eea1cb5ae01850fa16754e9e011e3e21527c922b0e4c2,False,False,356830510,0.02,False,HotbitPool,356830510,10000000,0,1641373627,,0,0,0,0,0,0,0,0,0,0,HTB,0,True
1257550057,pool19l2vz7pdk09k49lezr9zcmc4j98zc30htuw2rnqk3cceckuce96,0,0,,,1,340000000,2fd4c1782db3cb6a97f910ca2c6f15914e2c45f75f1ca1cc168e319c,False,False,1257550057,0.01,False,ADAreactor,1257550057,1000000000,0,1641217970,,0,0,0,0,0,0,0,0,0,0,ARC,0,True
233375391,pool1q8xqp4w6yzt3z7wd7359ywn6xfke2qj249gyxtru684ruk8kazv,0,0,,,2,340000000,01cc00d5da20971179cdf468523a7a326d95024aa950432c7cd1ea3e,False,False,233375391,0,False,Delegate ADA,208038836,25000000000,0,1641181515,,0,0,0,0,0,0,0,0,0,0,DA1,0,True
1097287644,pool1z075ym5pdu9cmeqzassp97z36ctkvuvg7pcxjzluyv5zqgau4xg,0,1,,,5,340000000,13fd426e816f0b8de402ec2012f851d617667188f070690bfc232820,False,False,1097287644,0.012,False,BEME Pool,969750,5000000000,343552076,1641013247,,292454287,0.0036,0,0,0,0,0,0,0,0,BEME,1,True
2832231589,pool192ez0m2xn67tz4kx9casumhdkq9fz96rc6ja4ndl49v8ycnuwe3,0,0,,,4,340000000,2ab227ed469ebcb156c62e3b0e6eedb00a911743c6a5dacdbfa95872,False,False,2832231589,0,False,Swiss Mountains,111000000,111000000,0,1640910750,,0,0,0,0,0,0,0,0,0,0,MOUNT,0,True
420034432209,pool1zga7fc8swn5l4rha04ddq07m2rc8rh9vxqmc56j4k2l2xy4lw22,0,145,,,262,340000000,123be4e0f074e9fa8efd7d5ad03fdb50f071dcac30378a6a55b2bea3,False,False,420535964352,0.019,False,SHUA Stake Pool,7104715864,1000000000,51512368793,1640847202,,72419493380,0.0190,0,0.0059,0.0043,0.0008,0.0011,0.0043,0.0008,0.0065,SHUA,240,True
1750620966436,pool1jayej3rwf5ynfmmu7583x3w2j73dcedtflgnazdezfn3kl6062x,0,190,no-tax.biz,0,17,340000000,974999446e4d0934ef7cf50f1345ca97a2dc65ab4fd13e89b912671b,False,False,1750163268630,0.9999,False,TAX Adjustment Stake Pool,143182222992,750000000,170483928435,1640814483,,10673500,0.0002,0,0.0000,0.0000,0.0000,0.0000,0.0000,0.0000,0.0000,TAX,354,True
2663844005785,pool1gslrt6mmljsqkzft6nd0q7w7g2fyhxpxx6sj4ff68x22kwx6unm,1,124,,,211,170000000,443e35eb7bfca00b092bd4daf079de42924b982636a12aa53a3994ab,False,False,2688756054646,0,False,Goofinator Pool,73552975505,50000000000,34340000000,1640806664,,93544688199,0.0255,0,0.0263,0.0281,0.0067,0.0061,0.0258,0.0206,0.0254,GOOF,294,True
205656821294,pool1f6lnuxzw90mmd399nxqjvzyyxgmf4h3cp7j6pp5s7xmps86arct,0,53,,,36,170000000,4ebf3e184e2bf7b6c4a5998126088432369ade380fa5a08690f1b618,False,False,205656821294,0.01,False,Dyno Pool,29914593697,25000000000,14390808058,1640714830,,20786577672,0.0260,0,0.0102,0.0150,0,0,0.0247,0.0089,0.0233,DYNO,73,True
230299574,pool1fagx52jnyh3dz0d722c2fedjvstc3mmwt4a2mlkgvszvqgkvt2g,0,0,,,2,340000000,4f506a2a5325e2d13dbe52b0a4e5b2641788ef6e5d7aadfec86404c0,False,False,230299574,0.01,False,Stake-Crypto,0,5000000000,0,1640346027,,0,0,0,0,0,0,0,0,0,0,STCRP,0,True
33909910866195,pool1gqgyta9sku3crjzfl9kj7kxsgfkt98y98yeu09kx22zscrezuj7,9,255,,,1942,170000000,401045f4b0b72381c849f96d2f58d0426cb29c853933c796c652850c,False,False,33705043610058,0.019,False,The independent,2058295511547,2000000000000,101368177729,1640341937,,3100243593651,0.0299,0,0.0220,0.0232,0.0100,0.0138,0.0232,0.0204,0.0257,FORTE,7279,True
197226148,pool18qamc87vnl2sjd888f3gv4ssh4qjww859z9v6mr622fvjhemunh,0,0,celts.io,3,1,340000000,383bbc1fcc9fd50934e73a62865610bd412738f4288acd6c7a5292c9,False,False,197226148,0.01,False,MAEVE,197226148,100000000,0,1640259434,,0,0,0,0,0,0,0,0,0,0,MAEVE,0,True
197226148,pool17p4syst04f92ylfzlcn8qwq8w5muxkwqn0a5fl98ksxhwj6y7g7,0,0,celts.io,2,1,340000000,f06b02416faa4aa27d22fe267038077537c359c09bfb44fca7b40d77,False,False,197226148,0.01,False,CHLOE,197226148,100000000,0,1640223559,,0,0,0,0,0,0,0,0,0,0,CHLOE,0,True
197226280,pool1qhnjcmyy9xrf00z4uj66yedje5ue2ukqte2hr6dmty9a2gz7tu5,0,0,celts.io,1,1,340000000,05e72c6c84298697bc55e4b5a265b2cd399572c05e5571e9bb590bd5,False,False,197226280,0.01,False,ANNE,197226280,100000000,0,1640221350,,0,0,0,0,0,0,0,0,0,0,ANNE,0,True
540700677,pool1vkaycnf2sv8rxzv4nex8s2unnzahtjs8eht9ypua4takugjgaa0,0,1,celts.io,0,1,340000000,65ba4c4d2a830e3309959e4c782b9398bb75ca07cdd652079daafb6e,False,False,540700677,0.01,False,CELTS,540700677,100000000,343227039,1640218362,,319476955,0.0041,0,0,0,0,0,0,0,0,CELTS,1,True
836276850,pool19gzu2dyp0g9e0nsvtg34fdhrtgr8c5jq37nscalqkh3hsjmas69,0,58,,,29,340000000,2a05c534817a0b97ce0c5a2354b6e35a067c52408fa70c77e0b5e378,False,False,836276850,0,False,Harmonic,10000000,15000000000,24769354035,1640200791,,374545458523,0.0319,0,0,0,0,0,0,0,0,ARMN,634,True
686216480938,pool17gfj5t240hqaqr7vtrlrlhmyazw3lcyqvfd06v4kpxv7qxpdzau,0,136,,,15,170000000,f2132a2d557dc1d00fcc58fe3fdf64e89d1fe080625afd32b60999e0,False,False,687067607590,0,False,Evochro.me,46099206583,45000000000,44518136766,1640097785,,55016593978,0.0151,0,0.0158,0.0195,0.0096,0.0129,0.0132,0.0191,0.0095,EVOC,194,True
32571865148,pool12e8xz54gjtcz6dzkhua9uq9dp23cqcmf6xc4929t4ep4ketccsm,0,12,,,35,340000000,564e6152a892f02d3456bf3a5e00ad0aa3806369d1b152a8abae435b,False,False,32571865148,0,False,SOCK STAKE,11272221028,6769000000,4080000000,1640089668,,1019952878,0.0029,0,0.0019,0.0013,0,0.0077,0.0007,0.0038,0.0045,SOCK,12,True
1220692639065,pool1n940lfxkd7z73qzj5y554yrletrmgg5x2eya9tpglh3uwcqfnud,0,145,,,455,270000000,996affa4d66f85e88052a1294a907fcac7b422865649d2ac28fde3c7,False,False,1258171644929,0,False,Fun On the Ride - 0% Fees - Only 270 Fixed cost,1543924739,1000000000,43780000000,1640025508,,75206724553,0.0199,0,0.0130,0.0127,0,0.0164,0.0160,0.0255,0.0180,FUNON,251,True
449960297,pool14exgv53wem2jwutrqpsdxtrl4hweefymltq02xt72z60x8ge4qf,0,1,,,3,340000000,ae4c86522eced52771630060d32c7faddd9ca49bfac0f5197e50b4f3,False,False,449960297,0.02,False,Adrenaline,449960297,100000000,345920031,1639981205,,290081538,0.0270,0,0,0,0,0,0,0,0,ADR,1,True
17782539230611,pool1y9rdlv5tksudwrx47afjx47grd4tyh24zccffjtp32u0cfpegvk,4,260,,,26,340000000,2146dfb28bb438d70cd5f7532357c81b6ab25d55163094c9618ab8fc,False,False,17790559269494,0.05,False,SPP Stake Pool,4059003133,1000000000,537811002667,1639939208,,1881858163957,0.0259,0,0.0228,0.0237,0.0055,0.0087,0.0226,0.0175,0.0237,SPP,4952,True
15436505305,pool1dwvtdk76v5vg99d8h2a28h5f94hy2zwcxnj576g6w90ezapqjyn,0,0,,,7,345000000,6b98b6dbda65188295a7babaa3de892d6e4509d834e54f691a715f91,False,False,15437178872,0.15,False,Rocket Test Pool,157622050,100000000,0,1639908855,,0,0,0,0,0,0,0,0,0,0,RKT0,0,True
19519060381247,pool1xjqjwe0t7uw7wfdygvt99e5wjcuz6ex6rcx2p067aqxp6tsgwgm,7,257,nvetech.github.io,0,23,340000000,34812765ebf71de725a4431652e68e96382d64da1e0ca0bf5ee80c1d,False,False,19523245428968,0.3,False,NVE Tech StakePool,15952479713,100000000,689884684035,1639883109,,1413394903994,0.0216,0,0.0138,0.0155,0.0060,0.0095,0.0167,0.0128,0.0174,NVET,4380,True
2530037735,pool17cacd3k230r83pw5xny6d493t9wn5ww730m6wayuqsrhqwzyecv,0,1,,,4,340000000,f63b86c6ca8bc67885d434c9a6d4b1595d3a39de8bf7a7749c040770,False,False,2530037735,0.01,False,Dharma Pool,955922612,500000000,343224513,1639880527,,319226847,0.0058,0,0,0,0,0,0,0,0,DHARM,1,True
1350447823761,pool14qpadfdjzw6jkwxy67uhey6tjpyppsmwgz5awfsxwrtpsecslpc,1,41,,,181,170000000,a803d6a5b213b52b38c4d7b97c934b904810c36e40a9d7260670d618,False,False,2097728683895,0.02,True,BEADA Cardano stakepool,98368712647,90000000000,7993019352,1639760727,,11114958896,0.0193,0,0.0466,0.0360,0,0,0.0287,0.0425,0.0219,BEADA,50,True
1829586050754,pool1vflcm2fde9qyzcr0lkkv4httte3xep6sycasrtaxw6rt2me3vwp,0,188,,,30,170000000,627f8da92dc94041606ffdaccadd6b5e626c8750263b01afa67686b5,False,False,1830283470062,0,False,OKNW Cardano Pool,61518685213,10000000000,48280000000,1639747533,,145455514597,0.0240,0,0.0152,0.0146,0.0106,0.0095,0.0153,0.0208,0.0168,OKNW,384,True
4286393872,pool178jmsy6t03udg2urvckseyync6y2jkq26haj7vxtwszc7ycq5ws,0,3,,,10,340000000,f1e5b8134b7c78d42b83662d0c9093c688a9580ad5fb2f30cb74058f,False,False,4286393872,0,False,Rollway,562621754,500000000,1020000000,1639582629,,3602732910,0.0419,0,0,0,0,0,0,0,0,ROLL,7,True
150721086570,pool1grhujlggx90ln0jcnrey4adckysxdx6rqfmx9s6fnhtc2g0qym0,0,5,,,436,340000000,40efc97d08315ff9be5898f24af5b8b120669b43027662c3499dd785,False,False,150718578503,0.99,False,,0,10000000000,42702981328,1639522202,,413863246,0.0001,0,0,0,0,0,0,0,0,,65,True
1259001487237,pool1a5jd3x2udlvpm9mt4gpau4jlags6qtth6jdsguryh2zy27f5ttj,0,202,cardanians.io,6,300,340000000,ed24d8995c6fd81d976baa03de565fea21a02d77d49b047064ba8445,False,False,1259925896142,0.02,False,CARDANIANS.io #1,21117680266,20000000000,77318911333,1639485787,,438865360225,0.0336,0,0.0174,0.0160,0.0413,0.0344,0.0132,0.0242,0.0147,CRDN,879,True
16515204,pool1evun4ps8xa0dfpj2r0cw9p94t2pctcvusccsm458enajuw2mftw,0,0,,,4,400000000,cb393a8607375ed4864a1bf0e284b55a8385e19c86310dd687ccfb2e,False,False,16515204,0.1,False,eqPool,0,500000000,0,1639460484,,0,0,0,0,0,0,0,0,0,0,EQN,0,True
349090063904,pool1psr42v6rvv3raeqsg9ru2zy5dp4cchlde8hw9xthrpstx5wz7wk,0,139,,,193,340000000,0c0755334363223ee4104147c50894686b8c5fedc9eee299771860b3,False,False,349061186692,0.02,False,Politikoz,1148654772,1000000000,49071734750,1639444957,,105393347780,0.0220,0,0.0004,0.0005,0,0,0.0082,0.0004,0.0197,PLKOZ,336,True
2247442980,pool14glhqr7989jz4yu0hnytpw62xlq0666sy075ztufdya2yw4d6fe,0,5,,,10,340000000,aa3f700fc539642a938fbcc8b0bb4a37c0fd6b5023fd412f89693aa2,False,False,2247442980,0.04,False,Candlestake Pool,2220046933,100000000,1720424480,1639246877,,2022023763,0.0178,0,0,0,0,0,0,0,0,CNDL,6,True
5082400420,pool14sy0qjv6fl5jcv0gfn6zl8w9tqnm67drxum6tdmazcjvypy848w,0,0,,,4,340000000,ac08f0499a4fe92c31e84cf42f9dc55827bd79a33737a5b77d1624c2,False,False,5082400420,0,False,Aire Cardano,5016208988,5000000000,0,1638997978,,0,0,0,0,0,0,0,0,0,0,AIRE,0,True
136644068,pool1qvqpd95v4k2ge6unntpettve72ntguk6qp9ktet572e7v4v9de8,0,0,,,2,345000000,030016968cad948ceb939ac395ad99f2a6b472da004b65e574f2b3e6,False,False,136644068,0.03,False,Artemis One,136328469,134000000,0,1638922799,,0,0,0,0,0,0,0,0,0,0,ARTE,0,True
106377114395,pool1jv9pf6w2fmjqpaekyt74tjkmjxhma8wsqs8ur3dte45tqdxe3t0,0,6,,,5,340000000,930a14e9ca4ee400f73622fd55cadb91afbe9dd0040fc1c5abcd68b0,False,False,106377114395,0.03,False,IC-Pool1,2149951231,0,2074437279,1638749627,,1113472128,0.0039,0,0,0,0,0,0,0,0.0039,ICP1,7,True
948482611,pool1pkqtms0pzd2x8phsrxn9kk5gmy4gn79edg9hhldykjd0guv0av9,0,0,,,3,340000000,0d80bdc1e113546386f019a65b5a88d92a89f8b96a0b7bfda4b49af4,False,False,948482611,0,False,Thamizh ADA Community,495416128,123000000,0,1638395191,,0,0,0,0,0,0,0,0,0,0,TAMIL,0,True
10000033939,pool16e0qmln8gvtnjcpcvgvjdlhcnsz6z95uw90c58t50qfkc6rqek6,0,0,,,1,340000000,d65e0dfe674317396038621926fef89c05a1169c715f8a1d7478136c,False,False,10000033939,0,False,HENRY,10000033939,10000000000,0,1638333230,,0,0,0,0,0,0,0,0,0,0,HENRY,0,True
69174175145744,pool1nz9h4raywm6mu2v8l7htuaqvmn06l3mepuaxynpzlwljsf8txhy,17,258,nordicpool.org,4,2783,340000000,988b7a8fa476f5be2987ffaebe740cdcdfafc7790f3a624c22fbbf28,False,False,69982328290248,0,True,#5 Nordic Pool,155171836053,100000000000,89888726184,1638277095,,5143791721093,0.0315,0,0.0242,0.0250,0.0131,0.0188,0.0254,0.0226,0.0271,NORTH,11567,True
0,pool1rryu0ckdfzcrxuef98q78fzw25dh3lck8l0u3lq6zpv7x5a6qyd,0,0,,,1,350000000,18c9c7e2cd48b033732929c1e3a44e551b78ff163fdfc8fc1a1059e3,False,False,0,0.05,False,Corehounds Staking Pool,0,550000000,0,1638261376,,0,0,0,0,0,0,0,0,0,0,CRHND,0,True
19353990550,pool1pwfdasxs7ht7878g99fnw86g7u77hqjvv4qgvr9jx6reznfrllj,0,0,,,5,345000000,0b92dec0d0f5d7e3f8e82953371f48f73deb824c6540860cb2368791,False,False,19353990550,0.05,False,SafeStakela,18734892330,18000000000,0,1638213737,,0,0,0,0,0,0,0,0,0,0,Safe,0,True
2228964,pool1xt0gxs63r5vgjsrzhm7jfuhuqzga9pf8kqvp38qmdzn3wjxudvr,0,0,,,1,345000000,32de8343511d18894062befd24f2fc0091d28527b018189c1b68a717,False,False,2228964,0.015,False,Pool in the Heart of Europe,2228964,1,0,1638132907,,0,0,0,0,0,0,0,0,0,0,PRAG1,0,True
610733512927,pool1ptzt9j6y4jefzkq4vj3z7wa4h492ktlkecggseqvc8f060xuved,0,53,,,10,340000000,0ac4b2cb44acb291581564a22f3bb5bd4aab2ff6ce1088640cc1d2fd,False,False,611430931943,0,False,👩🏻‍💻 Cat lady's validator 🐈,77813005448,10000000000,18020000000,1638097735,,15049522713,0.0112,0,0.0089,0.0142,0.0006,0.0004,0.0104,0.0074,0.0113,MEOW,83,True
812165326,pool1jphnr6n8v7hg4rhsmel2s6yunjalthar07vv7rwvgsky5q8k49h,0,0,,,3,340000000,906f31ea6767ae8a8ef0de7ea8689c9cbbf5dfa37f98cf0dcc442c4a,False,False,812165326,0.01,False,blokchef stake pool,502429929,500000000,0,1638086960,,0,0,0,0,0,0,0,0,0,0,BCHEF,0,True
367654729360,pool143nv3macakarny2hvg67gg00q5j2kdg6yfvcmefqmea3vnj0nex,0,9,sanada.eco,1,10,170000000,ac66c8efb8edba3991576235e421ef0524ab351a22598de520de7b16,False,False,367050724010,0.04,False,Andamio Pool,9145440526,3000000000,1960634057,1638077909,,2175217481,0.0113,0,0.0092,0.0102,0,0,0.0113,0.0059,0.0110,AND,10,True
5203832861891,pool1cjz6kg9a8ug9uk0nc59q60a67c2628ms58rd98gq587jwa2x5qt,2,261,,,1775,340000000,c485ab20bd3f105e59f3c50a0d3fbaf615a51f70a1c6d29d00a1fd27,False,False,5134301357728,0,False,Genius X 1,39116541834,10000000000,2018184459058,1638073370,,522340711065,0.0070,0,0.0120,0.0116,0.0025,0.0033,0.0127,0.0090,0.0153,GENS1,4341,True
1602699093,pool1fp9z85qx2k6jgnn4f4taxlgn0xw0w9k3t47q32t83ymexz5ymwd,0,6,,,4,340000000,484a23d00655b5244e754d57d37d13799cf716d15d7c08a967893793,False,False,1602699093,0.01,False,THK Pool,1459544093,50000000000,2057326891,1638060869,,1715362616,0.0080,0,0,0,0,0,0,0,0,THK,6,True
4766631131,pool1pqdgdhka8xegl8y3lt780n0v4p9yl5z3vdh6qqs4vdlvgaujaxu,0,0,,,8,340000000,081a86dedd39b28f9c91fafc77cdeca84a4fd051636fa00215637ec4,False,False,4766631131,0.008,False,IRONSKY GAME POOL,0,2200000000,0,1638059988,,0,0,0,0,0,0,0,0,0,0,ISKY,0,True
9061913935449,pool1853ffwhtuka742fq4av7s3ssdpvzhdkpw53th3es36zkwrllj9g,6,267,atlasstakepool.com,1,1348,340000000,3d2294baebe5bbeaa920af59e8461068582bb6c17522bbc7308e8567,False,False,9058833625529,0,False,AtlasStakePool #2,132914622188,125000000000,90108079433,1638031311,,1328642851227,0.0330,0,0.0205,0.0215,0.0142,0.0189,0.0227,0.0271,0.0238,ATLAS,2760,True
7212598776,pool1dlzpcfmnn727lfsav0x8jmdwjz70sy429xfxjwnzk7r9wm6stws,0,0,,,6,340000000,6fc41c27739f95efa61d63cc796dae90bcf812aa2992693a62b78657,False,False,7212598776,0.1,False,Cardano Park,23861746,20000000,0,1637990109,,0,0,0,0,0,0,0,0,0,0,CPARK,0,True
31098535733259,pool1yvf4nxph69ztm0tgj73ummxq45kfjhecyad26e3xc2002xgzalg,11,267,ccv3000.github.io,4,3299,340000000,2313599837d144bdbd6897a3cdecc0ad2c995f38275aad6626c29ef5,False,False,30948623496931,0.03,False,(Crypto Capital Venture) #Pool5,20022999820,20000000000,206041990978,1637962246,,3757263386504,0.0312,0,0.0222,0.0227,0.0116,0.0155,0.0234,0.0222,0.0248,CCV4,8084,True
26747750721823,pool149d5lzg7m6susau4f4yfdztgkty34qrcdpvd3ygsetmljgxxf8g,6,268,git.io/JItdr,2,1306,340000000,a95b4f891edea1c877954d48968968b2c91a80786858d89110caf7f9,False,False,23642513322735,0,False,❄TERA #3❄,339292408,200000000,90772881218,1637921278,,4138249417426,0.0332,0,0.0211,0.0222,0.0153,0.0178,0.0231,0.0178,0.0247,TERA3,8345,True
70446098423,pool1fwh9zp2hw7ppkna86n7m7ycgz66dnkdhhyqqahhv362agxj2u7g,0,23,aada.finance,1,73,345000000,4bae51055777821b4fa7d4fdbf130816b4d9d9b7b9000edeec8e95d4,False,False,70455372817,0.099,False,Aada Finance 2 - Stake ADA earn AADA,6915918066,100000000,8069717367,1637894336,,2161155448,0.0087,0,0,0.0006,0,0,0.0012,0,0.0037,ISPO2,23,True
197299065,pool1dvp46zdtmzwkt6x74g6dzq7cyygp5armhrzh2t5hm8scwtxvsnt,0,0,,,3,345000000,6b035d09abd89d65e8deaa34d103d821101a747bb8c5752e97d9e187,False,False,197299065,0.15,False,NXGN ADA,197299065,100000000,0,1637855116,,0,0,0,0,0,0,0,0,0,0,NXGN,0,True
5709640762,pool1wvezktuplgsgwxvccvaw6vyq3l8v3ecupe56apngyjuaw4jxg9u,0,2,,,8,340000000,73322b2f81fa20871998c33aed30808fcec8e71c0e69ae866824b9d7,False,False,5709640762,0.04,False,Bridge Builders Pool,4091928741,2500000000,696513545,1637731466,,396325107,0.0215,0,0,0,0,0,0,0,0,BUILD,2,True
391897950535,pool1qlpjsz5j5vqs59cnu09j90agycj2xvrp45sv0v6euujj60up6dw,0,45,,,20,340000000,07c3280a92a3010a1713e3cb22bfa82624a33061ad20c7b359e7252d,False,False,391897950535,0,False,The Roam Pool 天涯,25635268078,10000000000,15300000000,1637724876,,14180099033,0.0089,0,0,0,0,0,0,0,0,ROAM,51,True
4118035021000,pool1xtrwqwu6jn896szjwsyxxjczl6hc9sq4lh5ax68f7dt3gc0y9rx,0,265,stakewithnerd.com,1,1142,340000000,32c6e03b9a94ce5d40527408634b02feaf82c015fde9d368e9f35714,False,False,4112075550821,0.04,False,Nerd Stake Pool,2500000000,2500000000,124867577678,1637706513,,843885813709,0.0318,0,0.0083,0.0115,0.0087,0.0078,0.0164,0.0097,0.0182,NERD2,1777,True
46587714483950,pool1v5u6wzakuc25q3zpx04t8gjz3rgu60wuxkv2mh5nga23xjkc86s,12,267,,,1454,340000000,6539a70bb6e61540444133eab3a24288d1cd3ddc3598adde93475513,False,False,46633434280643,0,False,Moksh Stake Pool,484000195568,200000000000,100285685395,1637633421,,6254312789691,0.0324,0,0.0229,0.0232,0.0139,0.0162,0.0249,0.0208,0.0263,MOKSH,13310,True
23732196404290,pool16j3mvwws7zc9pjluyhddgea0tq647v0dh3y4nkcuckg9znjcun2,7,268,itcpool.github.io,4,4366,340000000,d4a3b639d0f0b050cbfc25dad467af58355f31edbc4959db1cc59051,False,False,23702470464643,0.0399,False,Into the Cryptoverse #3,100007471898,100000000000,250654898136,1637631837,,3851117815240,0.0323,0,0.0208,0.0206,0.0140,0.0187,0.0238,0.0210,0.0248,ITC3,8096,True
267091591,pool1zd5jmdvhgcqja28at800tle5qltucce5979x3jgdv0g9qcmw268,0,0,,,2,340000000,13692db59746012ea8fd59def5ff3407d7cc63342f8a68c90d63d050,False,False,267091591,0.01,False,Be yourself,161673712,100000000,0,1637576017,,0,0,0,0,0,0,0,0,0,0,GAY,0,True
495956671,pool1kdr3lv2e7h5tx3gp3fwrpxhaj8cxh7v422uwj84enqxf6j5flj7,0,0,,,9,340000000,b3471fb159f5e8b345018a5c309afd91f06bf99552b8e91eb9980c9d,False,False,495956671,0,False,Reyts Stake Pool,107249204,100000000,0,1637528941,,0,0,0,0,0,0,0,0,0,0,REYTS,0,True
12127623847783,pool12p0qtp89dfzr6spqq4xl6ha2s9m8lqydnvfafyd0h38fy0hfv3f,5,67,,,10,500000000,505e0584e56a443d4020054dfd5faa81767f808d9b13d491afbc4e92,False,False,12131808199705,0,False,Red Panda Pool,41880230,20000000,32287759921,1637486183,,254444567267,0.0238,0,0.0212,0.0231,0.0133,0.0178,0.0239,0.0198,0.0238,PANDA,788,True
2854261122,pool10le7rwlfg3t9646gm09jp05qg5kqvq3gvut4q2yaeu2ujncnh7w,0,7,occam-x.fi,1,47,340000000,7ff3e1bbe944565d5748dbcb20be80452c060228671750289dcf15c9,False,False,2854261122,0.05,False,OccamFi,439569766,0,2507261298,1637483430,,1596273330,0.0227,0,0,0,0,0,0,0,0,pOCC2,7,True
2752688285,pool1u4u6jpf2verwtq2wjcrdr9ktnhgjpa7ag9qnnkfgqtxj2rh9d68,0,0,,,4,340000000,e579a9052a6646e5814e9606d196cb9dd120f7dd414139d92802cd25,False,False,2752688285,0.007,False,FOX POOL,2001628342,2000000000,0,1637445217,,0,0,0,0,0,0,0,0,0,0,FOX,0,True
3792301251,pool1f6ltd3rd3e69klr32r0xw7h59lc76lhc9l705d380lj76d926du,0,12,,,1,340000000,4ebeb6c46d8e745b7c7150de677af42ff1ed7ef82ffcfa36277fe5ed,False,False,3619065464,0.01,False,Matryoshka pool,3619065464,1200000000,4113896371,1637394763,,3355741322,0.0123,0,0.0004,0.0004,0,0,0.0004,0,0.0097,MTSK,16,True
73326378854952,pool1k633phcvz2hjhj45evwwau4w576jpq83acg5h84w23jauqu56cw,23,269,nordicpool.org,3,1730,340000000,b6a310df0c12af2bcab4cb1ceef2aea7b52080f1ee114b9eae5465de,False,False,66517323385007,0,True,#4 Nordic Pool,116080547577,100000000000,94704988673,1637326017,,4831419366933,0.0305,0,0.0229,0.0236,0.0103,0.0151,0.0250,0.0199,0.0261,NORTH,11036,True
12325302200,pool1ux4es4p8kfq3u4nax564ukcte2vzepsz68dkgg24k7l7xh5786v,0,1,,,3,340000000,e1ab985427b2411e567d35355e5b0bca982c8602d1db642155b7bfe3,False,False,12325302200,0.02,False,xc0de,4230099486,2300000000,340262598,1637203203,,12867306,0.0006,0,0.0065,0.0043,0,0,0.0022,0,0.0011,XC0DE,1,True
17173338847661,pool18gysxqfwz4j8rm3vlh6677vs9n23prvfr7gwe88mhn5uudgx9ng,5,98,,,417,170000000,3a0903012e156471ee2cfdf5af79902cd5108d891f90ec9cfbbce9ce,False,False,16921800465666,0,True,ADA Pool Europe,22297298039,10000000000,16660000000,1637103650,,132997015222,0.0262,0,0.0267,0.0277,0.0181,0.0240,0.0270,0.0250,0.0242,EUR,404,True
135106409,pool1tem8k8927zvn5jg22g3mxuzhnu62jdnqvn523dduupce24vwlrl,0,0,,,2,340000000,5e767b1caaf0993a490a5223b370579f34a9366064e8a8b5bce07195,False,False,135106409,0.015,False,ICONOCLAST Stake,135106409,100000000,0,1637030241,,0,0,0,0,0,0,0,0,0,0,ICNST,0,True
0,pool1tngckke7m227384rvehwdm9t47zmhuy6w6t9cgnetc3ujlsnwj6,0,15,,,2,340000000,5cd18b5b3eda95e89ea3666ee6ecabaf85bbf09a76965c22795e23c9,False,False,0,0.02,False,Serve Stake Pool,0,1000000000,5315562937,1637011729,,10562584338,0.0315,0,0,0,0,0,0,0,0,SERVE,24,True
61205652056,pool1lp9pugfvyrjt8rqj5v02yvucchzj27tlru9kwl7nj0fh2mjc5d3,0,0,,,5,340000000,f84a1e212c20e4b38c12a31ea23398c5c525797f1f0b677fd393d375,False,False,61205652056,0.03,False,ADAM Stakepool,2007615582,2000000000,0,1636967436,,0,0,0,0,0,0,0,0,0,0,ADAM,0,True
0,pool1ajy6eslg9ju7mpqzlaeehz02algkfs7fk3qsym7wun7ks6z06tu,0,0,,,1,340000000,ec89acc3e82cb9ed8402ff739b89eaefd164c3c9b441026fcee4fd68,False,False,0,0,False,Kablammo!,0,1500000000,0,1636903869,,0,0,0,0,0,0,0,0,0,0,KABL,0,True
709842356,pool16rru46dcyk2h5qjwq6gnxwumdj8zkjjnhxdtvpclyq8h6q9apua,0,1,l3labs.org,0,22,340000000,d0c7cae9b825957a024e0691333b9b6c8e2b4a53b99ab6071f200f7d,False,False,709842356,0.03,False,Layer3Labs - Mainnet Pool - l3labs.org,29020326,1001000000,347673564,1636847267,,248111917,0.0195,0,0,0,0,0,0,0,0,L3LAB,1,True
6079507333709,pool1hkr5zcthjvcn3ffncc4jqk5ctxxfrk37h7uddqnvxd4cu872nrt,1,270,irota1.github.io,0,19,20000000000,bd87416177933138a533c62b205a98598c91da3ebfb8d6826c336b8e,False,False,6070480047249,0.9999,False,PONTA Pool,1591023240,100000000,1782304950846,1636787703,,163052973,0.0002,0,0,0,0,0,0.0000,0,0.0000,PONTA,3241,True
1756179682,pool1t8tw057cgksma0f6pawcy7npnwfu0psx64jdr6sqhza55mdvkls,0,0,,,7,345000000,59d6e7d3d845a1bebd3a0f5d827a619b93c78606d564d1ea00b8bb4a,False,False,1756179682,0.15,False,Solutions2Stake,4821258,100000000,0,1636721658,,0,0,0,0,0,0,0,0,0,0,S2S,0,True
458257808,pool1p86vmfhr4xnerm4kjltlhxrpzaeqjg30h7p8f6h279ulcty9n7e,0,0,,,1,340000000,09f4cda6e3a9a791eeb697d7fb9861177209222fbf8274eaeaf179fc,False,False,458257808,0,False,gigiandpopo,458257808,0,0,1636686688,,0,0,0,0,0,0,0,0,0,0,GPA,0,True
12560617540,pool1vut3caulpx8eukzwy8xd5fyhst0w7x2frdfsacpzr3jzxduazh5,0,0,,,4,345000000,67171c779f098f9e584e21ccda249782deef19491b530ee0221c6423,False,False,12560617540,0.15,False,Pnyx Trading Co,104786114,100000000,0,1636671789,,0,0,0,0,0,0,0,0,0,0,PNYX,0,True
25260930066,pool14mfq8s3gspe8sdka6cgkm6jzgd644dvw2av5kqa8w4havs9e57u,0,2,,,3,340000000,aed203c22880727836ddd6116dea4243755ab58e57594b03a7756fd6,False,False,25260930066,0,False,WOOD POOL | 手数料 0%,25260930066,10000000000,680000000,1636647324,,575869629,0.0068,0,0,0,0,0,0,0,0,WOODY,2,True
405657135532,pool1qv785q9wx056p7ngq2ec3n86tj5kx0t3ygcug8zx3sknj038rsd,0,73,,,26,170000000,033c7a00ae33e9a0fa6802b388ccfa5ca9633d712231c41c468c2d39,False,False,322976485353,0.025,False,ShareTheLovelace,19431790382,15000000000,24146354668,1636642331,,118595273630,0.0268,0,0.0082,0.0130,0,0,0.0149,0,0.0146,STLL,293,True
7133226697432,pool1q8a7ym63gurl72wr32je0tv0lp4p2uh8vzzc6rn6un7ryslvqmu,0,195,,,397,340000000,01fbe26f514707ff29c38aa597ad8ff86a1572e760858d0e7ae4fc32,False,False,7111713069128,0.02,True,LoneStar Staking Pool,53618780710,50000000000,76341104634,1636604403,,509211756915,0.0265,0,0.0208,0.0215,0.0124,0.0106,0.0211,0.0159,0.0236,LSSP,1320,True
4429041063,pool1v9z04yz8cs2dvnmvfp2fmuhfvs8w784x6w6r8ah9xanugdzlmg0,0,0,,,3,340000000,6144fa9047c414d64f6c48549df2e9640eef1ea6d3b433f6e53767c4,False,False,4429041063,0.003,False,Good4you,4041788331,4039000000,0,1636572026,,0,0,0,0,0,0,0,0,0,0,GOOD4,0,True
188239958,pool1xply0kq63yvhwl6v090yuf4mxwrq37rse75w69ddw4k7sxwnxd8,0,0,,,5,345000000,307e47d81a8919777f4c795e4e26bb338608f870cfa8ed15ad756de8,False,False,188239958,0.99,False,MS POOL 3837,117322622,100000000,0,1636388653,,0,0,0,0,0,0,0,0,0,0,MPN,0,True
27595522,pool1j5kx7rp08axydqevxhmujs5vthfv5kjzq2h40edpychlxg5twqw,0,0,,,6,340000000,952c6f0c2f3f4c46832c35f7c9428c5dd2ca5a4202af57e5a1262ff3,False,False,27595522,0.01,False,Syntagma,4945136,450000000,0,1636335860,,0,0,0,0,0,0,0,0,0,0,SYN,0,True
460780780218,pool1kcrr7re05pwesye0zh00a4xxnsrw5c29rd82fn4qecdcqu5rue3,0,137,,,80,170000000,b6063f0f2fa05d98132f15defed4c69c06ea61451b4ea4cea0ce1b80,False,False,464924015617,0,True,ADA for Warriors,200668811159,200000000000,32176552145,1636325362,,283267053211,0.0285,0,0.0047,0.0110,0.0143,0.0190,0.0140,0.0094,0.0202,4WARD,632,True
146044705476,pool104ylwjrxvrp87r7769d6g6agu0ydxsn6hgmqjdsrf47e6j2ek46,0,74,,,6,170000000,7d49f7486660c27f0fded15ba46ba8e3c8d3427aba360936034d7d9d,False,False,146044705476,0,False,ELMPI📶,23875571558,100000000,22780000000,1636296379,,27176191446,0.0183,0,0.0151,0.0208,0,0.0306,0.0103,0.0301,0.0166,ELMPI,91,True
463245778610,pool1us8dkk3y8j00qq5kscxxklyzwt74jgav226s2rtgaqxek7h8vc8,0,237,,,80,170000000,e40edb5a243c9ef00296860c6b7c8272fd5923ac52b5050d68e80d9b,False,False,462451005205,0.04,False,Community driven grassroot network of visionairs,2500000000,2500000000,124215619752,1636040269,,1501477602544,0.0316,0,0.0173,0.0178,0,0,0.0205,0,0.0276,SWARM,3237,True
45673464944142,pool1vtpn0drn5t39frknedmqq2jkhsfstwketsnvdm7cjzz674s30v2,17,271,,,1643,340000000,62c337b473a2e2548ed3cb76002a56bc1305bad95c26c6efd89085af,False,False,45745358355746,0.015,False,Bliss Staking,2834655280640,2650000000000,106630493390,1636022161,,3400254597288,0.0302,0,0.0236,0.0239,0.0156,0.0176,0.0251,0.0204,0.0257,BLISS,8044,True
2957618315219,pool1nt65pu06tlggjeaer8862fdju98ddrrxa9wnw3k4lhfvgrrgt85,2,258,,,37,340000000,9af540f1fa5fd08967b919cfa525b2e14ed68c66e95d3746d5fdd2c4,False,False,2820712841585,0,False,PoolFixAda,25018871166,25000000000,86727344973,1635986051,,284403758249,0.0241,0,0.0267,0.0213,0.0176,0.0235,0.0195,0.0309,0.0196,FIXA,782,True
1493793161,pool1qp3j2cy4xje783x3a98y08yz6kwr3emu05zm2xyxryajjhmt48p,0,0,,,2,340000000,006325609534b3e3c4d1e94e479c82d59c38e77c7d05b51886193b29,False,False,1493793161,0.015,False,GPG StakePool,1089511,100000000,0,1635957325,,0,0,0,0,0,0,0,0,0,0,GPG,0,True
420822633411,pool13qe6ycacqjg3gpvjewg8734d6hs6rhduuenjtnnkwh327hmtyz5,0,66,,,27,340000000,8833a263b80491140592cb907f46add5e1a1ddbce66725ce7675e2af,False,False,421520146753,0,False,TDOT Staking,135333910521,50000000000,22452199526,1635929334,,15555581820,0.0114,0,0.0052,0.0074,0,0,0.0078,0.0105,0.0082,TDOT,83,True
2324690305711,pool1fkg3cr9en57ccsmnde20eevkaeu3elp0h4yyqk3udkkxzhl70ju,0,191,,,8,340000000,4d911c0cb99d3d8c43736e54fce596ee791cfc2fbd48405a3c6dac61,False,False,2325066764799,0.03,False,ADA Money,13282327326,1000000000,66947657342,1635907351,,116272702845,0.0188,0,0.0102,0.0106,0.0002,0.0002,0.0083,0.0110,0.0110,ADMON,384,True
425911053,pool1syt2h0690xyjhkr5mntv868xgl82m407e83e4sznaucpkr0lg85,0,0,,,104,345000000,8116abbf4579892bd874dcd6c3e8e647ceadd5fec9e39ac053ef301b,False,False,425911053,0.02,False,Smart Contract Made Easy,1120991,1100000000,0,1635869767,,0,0,0,0,0,0,0,0,0,0,SCEZ,0,True
10270528834,pool12rt30v5khmh2y9nap3ffe6envd89lq9qf8f4usr0enwwzzwktsu,0,1,,,7,340000000,50d717b296beeea2167d0c529ceb33634e5f80a049d35e406fccdce1,False,False,34296476,0,False,Brazil Pool,6898713,0,340000000,1635797960,,90148672,0.0040,0,0,0,0,0,0,0,0,BRAZL,1,True
1091349635399,pool1ak3vhtv7alve9wfj5kx5xswrtfvy5a23txuupgy6nqpduq350w5,0,232,,,6,340000000,eda2cbad9eefd992b932a58d4341c35a584a755159b9c0a09a9802de,False,False,1091698332049,0.05,False,XWIN ADA STAKE POOL,1190751597,500000000,90032701444,1635756820,,420404433342,0.0275,0,0.0046,0.0057,0,0.0002,0.0093,0.0001,0.0099,XWIN,925,True
0,pool10tcg3efecc706w98qs7j5jw84nxkcycseksp4mw64pjty26wr7f,0,1,,,3,340000000,7af088e539c63cfd38a7043d2a49c7accd6c1310cda01aeddaa864b2,False,False,0,0.02,False,Mataka1,0,16451000000,346483205,1635748638,,317677079,0.0251,0,0,0,0,0,0,0,0,MATAK,1,True
0,pool1x909haq22shn2479qtzkkr9ww2s9nr7v9xzyhxefg50yyt3lzfy,0,0,cardanonodes.com,1,1,369000000,315e5bf40a542f3557c502c56b0cae72a0598fcc29844b9b29451e42,False,False,0,0.0369,False,The International News Network,0,500000000,0,1635737698,,0,0,0,0,0,0,0,0,0,0,INN,0,True
416934572,pool1th8afnzy79jerwjg0cqgm3y4xz5pfphtfkggyqw0htz8ssujvf5,0,0,dappcentral.net,3,2,345000000,5dcfd4cc44f16591ba487e008dc49530a81486eb4d908201cfbac478,False,False,416934572,0.02,False,dead Pool marason,0,100000000,0,1635691037,,0,0,0,0,0,0,0,0,0,0,DJPMP,0,True
0,pool1uklezq2zz38zldrjrgujqmvrnswfzmupakgfp5wzgln9zx8tcju,0,0,,,1,340000000,e5bf910142144e2fb4721a39206d839c1c916f81ed9090d1c247e651,False,False,0,0.01,False,ADACucumber,0,1000000000,0,1635634666,,0,0,0,0,0,0,0,0,0,0,CUCUM,0,True
19838614041,pool13njpuytryujfz5csc8f0mlx3rc666jx9fl2e302c4cdpxaghfnm,0,4,,,10,340000000,8ce41e11632724915310c1d2fdfcd11e35ad48c54fd598bd58ae1a13,False,False,19838614041,0.01,False,W3CZone,15654212668,15500000000,1362677944,1635597091,,265116627,0.0022,0,0,0.0040,0,0,0.0019,0,0.0027,W3C,4,True
432075956,pool15ttu2vykfdfdxv7vve93l3dvk6tlrcegz7r6749syys4us2k3tu,0,0,,,2,345000000,a2d7c530964b52d333cc664b1fc5acb697f1e3281787af54b021215e,False,False,432075956,0,False,GenieStakePool,101031739,100000000,0,1635507036,,0,0,0,0,0,0,0,0,0,0,GENIE,0,True
34668157705,pool127jufnlxk4n6he84qjf8ppzmxs9sjnqlhulnuzsk0uc0whtl9sn,0,14,,,27,340000000,57a5c4cfe6b567abe4f5049270845b340b094c1fbf3f3e0a167f30f7,False,False,34668157705,0,False,WILDR Staking Pool,11360852327,6000000000,4760000000,1635504635,,1876559004,0.0076,0,0,0,0,0,0.0017,0,0.0039,WILDR,15,True
738215807,pool1f2uwt68neknpyk8pw2rh68gmpc6czndekl5ym22n5zf4vy8ecct,0,0,bishnoicardanopool.org,1,2,345000000,4ab8e5e8f3cda61258e172877d1d1b0e35814db9b7e84da953a09356,False,False,738215807,0,False,Bishnoi Cardano Pool,21623986,300000000,0,1635430554,,0,0,0,0,0,0,0,0,0,0,BISH,0,True
100025743,pool1es7867e973f59y07uwn04sylwd7myrv49q76e3jqp4a5ktvzpeg,0,0,,,3,340000000,cc3c7d7b25f4534291fee3a6fac09f737db20d95283dacc6400d7b4b,False,False,100025743,0.02,False,CARDANO A1 STEAK,0,1000000000,0,1635416789,,0,0,0,0,0,0,0,0,0,0,A1STK,0,True
18083506410,pool1ww3v7euue6vkzstk2gm5r2s9jsnj9zgtvvscfcmhwfxlzpfgap2,0,4,,,4,380000000,73a2cf679cce99614176523741aa05942722890b632184e377724df1,False,False,18083506410,0.028,False,Kowloon Cardano Stake Pool,3394170995,1800000000,1550177792,1635407227,,1047600567,0.0080,0,0,0,0,0,0,0,0,kowln,4,True
11536676262,pool1jyn6ynmz6qcpr48et0rkdk9j4vuyn6d0qdlsahc0jls8jrs708g,0,1,,,3,345000000,9127a24f62d03011d4f95bc766d8b2ab3849e9af037f0edf0f97e079,False,False,11536676262,0.01,False,TheAdaTeam,1377437325,1000000000,348087003,1635267966,,305613340,0.0070,0,0,0,0,0,0,0,0,ATEAM,1,True
57436266933,pool179mnckg6xz4w5x6k9056yl7r2ej8fd8uu68fc2vlsmulg7lzwhy,0,1,,,10,341000000,f1773c591a30aaea1b562be9a27fc3566474b4fce68e9c299f86f9f4,False,False,57436266933,0.01,False,Crypto Codex Pool,450496954,101000000,344166738,1635262845,,313507090,0.0015,0,0,0,0,0,0,0,0,CODEX,1,True
103072351,pool1eww2f6gu0g65v5l6xvqhuqq32qg3jeyadzz3jxlfn0e3739337k,0,0,,,1,340000000,cb9ca4e91c7a354653fa33017e0011501119649d6885191be99bf31f,False,False,103072351,0.15,False,,103072351,4000000000,0,1635255468,,0,0,0,0,0,0,0,0,0,0,,0,True
840330014640,pool1khyv2zj3asyhz76a4r2ky42sdxn3gqu3lcyw3sj74trmwhlc5ud,0,164,,,21,340000000,b5c8c50a51ec09717b5da8d562555069a7140391fe08e8c25eaac7b7,False,False,818219626716,0,False,🌴 PALMA Staking Pool,61998529196,50000000000,55420000000,1635238916,,58975773046,0.0177,0,0.0084,0.0059,0.0004,0.0003,0.0081,0.0004,0.0135,PALMA,230,True
2026297299,pool1rtr6nja4hh8j8hkrmevehw7009za3fu2vucv27rl6qdr6xttd09,0,0,,,3,350000000,1ac7a9cbb5bdcf23dec3de599bbbcf7945d8a78a6730c5787fd01a3d,False,False,2026297299,0,False,BATTLEWITS,507617122,500000000,0,1635229964,,0,0,0,0,0,0,0,0,0,0,BWITS,0,True
2894300716,pool14wfydr6sewgx0qw39ccv53dysgg9m4u2763ngcyuyuxrxdfhq3e,0,0,,,3,340000000,ab92468f50cb906781d12e30ca45a482105dd78af6a334609c270c33,False,False,2894300716,0.01,False,ADA Bunny Cardano Pool,185425793,183000000,0,1635217586,,0,0,0,0,0,0,0,0,0,0,ADAB,0,True
31947724916586,pool1cyq3v3v43hu7spwlfxdm6vq9djpsjjueerhlu5qr2rvd57vqk84,9,274,wavepool.digital,7,941,340000000,c1011645958df9e805df499bbd30056c83094b99c8effe500350d8da,False,False,28964139647964,0.02,False,wavepool.digital,26642850017,5000000,163178914226,1635199949,,5426255913568,0.0344,0,0.0219,0.0216,0.0134,0.0189,0.0229,0.0210,0.0245,SKY4,11515,True
3402847137,pool1vve4vgd0ncyjvalr6xzeaxqmfzvkqmxfswj7lyae8qsgqhta9wd,0,1,,,13,345000000,63335621af9e092677e3d1859e981b4899606cc983a5ef93b9382080,False,False,3402847137,0.01,False,koipond,1036156147,1000000000,348121620,1635187537,,309040404,0.0142,0,0,0,0,0,0,0,0,KOI,1,True
21927758500,pool1wwjj0tcr6w9nvk0jpvnrqq9p7ukn7wux0h669wcw25t0zmx3zfh,0,0,,,3,340000000,73a527af03d38b3659f20b263000a1f72d3f3b867df5a2bb0e5516f1,False,False,21927758500,0,False,5hare pool,4957047843,1000000000,0,1635185687,,0,0,0,0,0,0,0,0,0,0,5HARE,0,True
14878791417644,pool1xn4kqt45xh3udf87kmtkdfz8xh9qn6trlqsf39eusk23ufmxhgr,5,274,wavepool.digital,6,1055,340000000,34eb602eb435e3c6a4feb6d766a44735ca09e963f82098973c85951e,False,False,14868343189293,0.02,False,wavepool.digital,25540041942,5000000,159001527064,1635175815,,5146053707656,0.0345,0,0.0204,0.0212,0.0065,0.0109,0.0222,0.0153,0.0244,SKY3,10949,True
5922701064,pool1f5s5lqe7e3x7wxscsawaj0ddjz42y4ckcfqcxrd3nxg7wwvsysn,0,0,,,2,345000000,4d214f833ecc4de71a18875dd93dad90aaa25716c241830db19991e7,False,False,5922701064,0.15,False,REX Stake Pool,1600623986,100000000,0,1635142135,,0,0,0,0,0,0,0,0,0,0,REX,0,True
32618266,pool1njgax5g706nhknujnntnrx0gyu8zqvrhexwmmp7qrfhjvaumfq4,0,0,,,1,340000000,9c91d3511e7ea77b4f929cd73199e8270e203077c99dbd87c01a6f26,False,False,32618266,0.02,False,ABEpool,32618266,20000000,0,1635123603,,0,0,0,0,0,0,0,0,0,0,ABE,0,True
0,pool1uyqvgumuy8azzs4mal9hp89lkpqjgvy32s9ahq4aqwprs9357ud,0,0,,,1,340000000,e100c4737c21fa2142bbefcb709cbfb041243091540bdb82bd038238,False,False,0,0.01,False,Lavendel,0,5000000,0,1634989414,,0,0,0,0,0,0,0,0,0,0,LAVEN,0,True
29429676802,pool1mhrvkx5vfv7ygd55wsknycz2a8d6gd6y8m8rgdnqwa7jcy34g05,0,2,,,5,340000000,ddc6cb1a8c4b3c443694742d32604ae9dba437443ece343660777d2c,False,False,29429676802,0,False,MetaCrypt Pool,15243976509,3110000000,680000000,1634985094,,593558894,0.0067,0,0,0,0,0,0,0,0,MCRP,2,True
202757644933,pool1h40xjqda9wmw9cff5jss3ww9npujkhlvg6xjy9l5ujsu5rqlw28,0,43,,,50,170000000,bd5e6901bd2bb6e2e129a4a108b9c598792b5fec468d2217f4e4a1ca,False,False,202757644933,0.005,False,Change,22591423661,22500000000,9237067890,1634940361,,11356514012,0.0185,0,0.0203,0.0229,0,0.0204,0.0193,0.0201,0.0221,CHG,49,True
2451297027,pool1usumnw5klscs76ycpmkgf5re5v8pul462g5mmzc0knxs5u04kag,0,0,,,4,340000000,e439b9ba96fc310f68980eec84d079a30e1e7eba5229bd8b0fb4cd0a,False,False,2451297027,0.06,False,adachain,104490348,100000000,0,1634835175,,0,0,0,0,0,0,0,0,0,0,ADAC,0,True
328777484739,pool13wtywenpwvg5snncx5zvxevvry85cp3c9nq0xlxlck9l7qh2spx,0,48,,,9,340000000,8b964766617311484e783504c3658c190f4c06382cc0f37cdfc58bff,False,False,328777484739,0,False,BankOnBlocks,316123724159,50000000000,16320000000,1634799688,,10194370000,0.0096,0,0,0,0,0,0,0,0.0009,0BoB,50,True
7411218653873,pool1ksz6vfc4xqdxyhp06h4n7kckh60370cy2t6m3wfgdxtug7ph4x0,2,274,wavepool.digital,5,3,340000000,b405a62715301a625c2fd5eb3f5b16be9f1f3f0452f5b8b9286997c4,False,False,6815102170610,1,False,wavepool.digital,6815099281763,4000000000000,8141249658804,1634392296,,0,0.0002,0,0,0,0,0,0,0,0,ARF2,12462,True
964601654,pool1dg80xj5qfgu2caursxwk67cm34esh03kzmu63qu89vdv2vk3x4u,0,0,,,5,340000000,6a0ef34a804a38ac7783819d6d7b1b8d730bbe3616f9a883872b1ac5,False,False,964601654,0,False,Atlantis Staking Pool,526620774,500000000,0,1634270834,,0,0,0,0,0,0,0,0,0,0,ATLIS,0,True
6737303755,pool1ap5sw2p7erpvegveucua66gy50cadjvq72apar0hvzrdv8s27nl,0,0,,,6,340000000,e86907283ec8c2cca199e639dd6904a3f1d6c980f2ba1e8df76086d6,False,False,6737303755,0,False,Elevate Stake Pool,3036359,0,0,1634264748,,0,0,0,0,0,0,0,0,0,0,ELEV8,0,True
1040092903994,pool1gsrcrjm6ctkquef6m8jsyvplv0j357hupn92uklqdcm7729ytv6,0,217,,,1511,340000000,440781cb7ac2ec0e653ad9e502303f63e51a7afc0ccaae5be06e37ef,False,False,623283881990,0.01,False,Yummi Pool,16100898719,1000000,75700875938,1634254130,,184868538141,0.0251,0,0.0064,0.0100,0.0003,0.0005,0.0066,0.0004,0.0116,YUMMI,500,True
105744885534,pool1vjjrjt5ez7d7yh385vdxl83mxyg36as785cp5l50d6wsjqdavax,0,16,,,23,250000000,64a4392e99179be25e27a31a6f9e3b31111d761e3d301a7e8f6e9d09,False,False,105744885534,0,False,MonedaCloud,1791455623,1000000000,5110000000,1634246053,,2470613944,0.0080,0,0.0046,0.0030,0.0314,0.0201,0.0016,0.0094,0.0044,MOC,16,True
4191429,pool1qsdg8ylzy4kv624drfgkzuqgqj3y29lw44qnvltepht2wegh58c,0,0,,,1,340000000,041a8393e2256ccd2aad1a5161700804a24517eead41367d790dd6a7,False,False,4191429,0.01,False,ADALF1,4191429,8500000000,0,1634241694,,0,0,0,0,0,0,0,0,0,0,ADLF1,0,True
52566360386559,pool193uec04jldvah7r52q86wl033g4v42x0aste8jfg9999qepaxfp,19,222,,,1202,170000000,2c799c3eb2fb59dbf874500fa77df18a2acaa8cfec1793c928294a50,False,False,52439080100884,0.01,True,AAAA pool,51443930556,50000000000,74794925982,1634239879,,3562460245536,0.0297,0,0.0236,0.0242,0.0114,0.0157,0.0255,0.0205,0.0267,0AAAA,8427,True
32036957,pool1p2vgec7gamn3zq0pgevauvu5m7gzhzwal48sutz4hc5tk54vnxn,0,0,,,1,340000000,0a988ce3c8eee71101e14659de3394df902b89ddfd4f0e2c55be28bb,False,False,32036957,0.03,False,GEM Pool,32036957,32000000,0,1634218369,,0,0,0,0,0,0,0,0,0,0,GEM,0,True
1127709580393,pool1wnrrg33lw9fxcn0h3x3vexh78up660ajgk7pvrlrz5kkcgh9khs,0,72,,,52,170000000,74c634463f71526c4df789a2cc9afe3f03ad3fb245bc160fe3152d6c,False,False,927336812649,0.03,False,SIDAN Lab,7658334106,5000000000,14408025123,1634216635,,70099480221,0.0217,0,0.0191,0.0188,0.0404,0.0306,0.0219,0.0180,0.0229,SIDAN,223,True
9490391,pool1rk2mshek3ln2uahk9xg2r2yf6z5u00h37g4jc2mkyt6yk0r2xw3,0,0,,,1,345000000,1d95b85f368fe6ae76f62990a1a889d0a9c7bef1f22b2c2b7622f44b,False,False,9490391,0.15,False,,9490391,100000000,0,1634207262,,0,0,0,0,0,0,0,0,0,0,,0,True
1588049383,pool1qdw8vw3tk20e4lgcd9evd9u4hxj8zekdg2qpmnzdk83dcncavpd,0,0,,,1,345000000,035c763a2bb29f9afd186972c69795b9a47166cd42801dcc4db1e2dc,False,False,0,0.02,False,UPLAY POOL,0,1000000000,0,1634163116,,0,0,0,0,0,0,0,0,0,0,UPLAY,0,True
158436208414,pool1k2yfr7tapqzfgdn7vq2u44225rtqxctelr6dp0xjqggrwnx9hnw,1,68,,,61,340000000,b28891f97d080494367e6015cad54aa0d6036179f8f4d0bcd2021037,False,False,119580590100,0,False,Block Producer - Fluid Tokens Ambassador $FLDT,27027409457,27000000000,22783442586,1634071811,,18233220215,0.0144,0,0.0003,0.0002,0.0023,0.0015,0.0013,0.0006,0.0041,BPP,86,True
16410110208,pool13qppafmw3vq5rl4ewmxv7zy84x3rshx9sdczs0zq40cxu0dqkrg,0,1,,,6,170000000,88021ea76e8b0141feb976cccf0887a9a2385cc58370283c40abf06e,False,False,16410110208,0,False,CIEL Stake Pool,10255683938,10000000000,170000000,1634049328,,271278569,0.0054,0,0,0,0,0,0,0,0,CIEL,1,True
1079639107638,pool1h04mh7qugt09hp8mhjpvfl4t0rutmz703dd003e6qeny5jf9c57,0,188,,,16,170000000,bbebbbf81c42de5b84fbbc82c4feab78f8bd8bcf8b5af7c73a06664a,False,False,1079639107638,0.015,False,P2P-DeFi Protocol Development Fund,178517564636,150000000000,66445605086,1633996378,,610471689931,0.0288,0,0,0.0025,0,0,0.0155,0,0.0092,P2PFI,1300,True
218416216363,pool1en2f7un7v3rjyhqkeg87d27nvsk5arnnva5tzx38t0lpv7hercz,0,8,,,39,170000000,ccd49f727e6447225c16ca0fe6abd3642d4e8e736768b11a275bfe16,False,False,217961199486,0.03,False,BAKON,818067788,600000000,2607284382,1633902744,,1852195117,0.0090,0,0,0.0083,0,0,0.0079,0,0.0072,BKN,8,True
2267244,pool1qsql4xy359qgypnnh3hu3hm7ax4rs37gkas9tnhun03ygglxtth,0,0,,,1,345000000,0401fa9891a140820673bc6fc8df7ee9aa3847c8b76055cefc9be244,False,False,2267244,0,False,,2267244,1000000000,0,1633867873,,0,0,0,0,0,0,0,0,0,0,,0,True
15999723754,pool1lgves5hhdt5h6jzy7sf57l6gq9x3csf5w05ymv5zq7a9jfwn7kk,0,0,,,2,340000000,fa199852f76ae97d4844f4134f7f48014d1c413473e84db28207ba59,False,False,15999723754,0.005,False,AdaPies,1001425841,1000000000,0,1633830750,,0,0,0,0,0,0,0,0,0,0,AdaPi,0,True
2141065397,pool1ns6veetewra0zqlljq36rwt4g3d5s0lnvxmzmx82epph50weacy,0,0,,,9,340000000,9c34cce57970faf103ff9023a1b975445b483ff361b62d98eac8437a,False,False,2141065397,0,False,NKLEO Pool,2029114459,2000000000,0,1633820720,,0,0,0,0,0,0,0,0,0,0,NKLEO,0,True
31345768011292,pool1prc9hna2mgamtspchrygc66s9n4tlkvh39e3t9zccef4kzc3ns2,5,265,,,1077,170000000,08f05bcfaada3bb5c038b8c88c6b502ceabfd9978973159458c6535b,False,False,31964961414552,0.009,True,Terminada,3437985455201,3350000000000,75957944330,1633769391,,782007105221,0.0275,0,0.0228,0.0240,0.0120,0.0186,0.0254,0.0205,0.0259,TERM,2080,True
41807755977,pool1et8qw5ejgl5qqq8v4gdfset78gjcphh88cc2xajykggau8vps0j,0,76,,,127,170000000,cace07533247e80000ecaa1a98657e3a2580dee73e30a37644b211de,False,False,41797870831,0.025,False,Alamo Stakepool,47646532,5000000,26862863039,1633706547,,59599342069,0.0251,0,0,0,0,0,0,0,0,ALAM0,147,True
21235451707,pool13vc4ekwpky5vtnl8pyj60phkmwtv7gsthn4g525udt7mjycs85v,0,6,,,15,340000000,8b315cd9c1b128c5cfe70925a786f6db96cf220bbcea8a2a9c6afdb9,False,False,21235451707,0.02,False,Antrix,7087186208,5000000000,2230094740,1633640858,,9314642379,0.0455,0,0,0,0,0,0,0,0,ANTRX,20,True
44304481,pool1aga0u8m7rqpdvkqa7qfr8rhyweyqlg3jxt3skfq660vdczwzyca,0,0,,,4,340000000,ea3afe1f7e1802d6581df012338ee476480fa23232e30b241ad3d8dc,False,False,44304481,0.018,False,DETO Pool,0,9500000000,0,1633630511,,0,0,0,0,0,0,0,0,0,0,DETO,0,True
195445945,pool14rf039l9kskejp4g7synrefujghemdwkenx544gywgp9cttert6,0,0,,,4,345000000,a8d2f897e5b42d9906a8f40931e53c922f9db5d6cccd4ad50472025c,False,False,195445945,1,False,Kyoto pool 1,97620202,100000000,0,1633565043,,0,0,0,0,0,0,0,0,0,0,KYOTO,0,True
11083547903,pool1935erruagz8y3lkq5fycd7jk7ye9ldp86638nntmmwp9558jmhf,0,0,,,5,340000000,2c69918f9d408e48fec0a24986fa56f1325fb427d6a279cd7bdb825a,False,False,11083547903,0.01,False,NeoCasbah,11022446109,11000000000,0,1633479726,,0,0,0,0,0,0,0,0,0,0,CASBA,0,True
28026032749,pool1673d663ml4p0mtreukyfx5jt7ekk9pajsyyv6utzlakzj0y9v0w,0,0,,,10,340000000,d7a2dd6a3bfd42fdac79e58893524bf66d6287b28108cd7162ff6c29,False,False,28026032749,0.01,False,MauiStakingPool,500714954,500000000,0,1633416153,,0,0,0,0,0,0,0,0,0,0,MAUI,0,True
1230094800,pool1al5vg7cqtfs5mqgd5uyyx09z9hvsxqnh26lr42t920y5qnvq7aq,0,1,,,4,345000000,efe8c47b005a614d810da708433ca22dd903027756be3aa96553c940,False,False,1230094800,0.15,False,Route.net,488856807,10000000000,394445528,1633407780,,280191327,0.0044,0,0,0,0,0,0,0,0,ROUTE,1,True
9442994914345,pool1lxqewhueg4hzyad766zhdwsjet5348ww8mzejf6fprxaw8wfq5s,2,271,,,64,340000000,f981975f99456e2275bed68576ba12cae91a9dce3ec599274908cdd7,False,False,9447529530663,0.02,False,Your ADA Moon,169149851514,100000000000,112478650231,1633368733,,1027893447818,0.0288,0,0.0172,0.0204,0.0067,0.0116,0.0211,0.0148,0.0228,YOON,2334,True
61914723,pool1u7s8etmnm0y0ktls7kkvx2apnep5ercy7wwyljgw407yjzjastq,0,6,fiftystarinvestments.com,1,3,340000000,e7a07caf73dbc8fb2ff0f5acc32ba19e434c8f04f39c4fc90eabfc49,False,False,61914723,0,False,FSI,23606797,103900000000,2040000000,1633297448,,3391499130,0.0175,0,0,0,0,0,0,0,0,FSI,8,True
104493534,pool1zlsrcv64qzzahdky99r3e2m0wd68uav3d7f5nxegalhj66r8nnj,0,0,,,2,340000000,17e03c33550085dbb6c429471cab6f73747e75916f93499b28efef2d,False,False,104493534,0,False,First Ukraine Stake Pool,104493534,100000000,0,1633251651,,0,0,0,0,0,0,0,0,0,0,FUSP,0,True
1000000,pool1yqd4ln05uj7qd0fs657yufwa29an8lu49farezn0x6a9xph9h49,0,0,,,1,340000000,201b5fcdf4e4bc06bd30d53c4e25dd517b33ff952a7a3c8a6f36ba53,False,False,1000000,0.05,False,staker8,1000000,3000000000,0,1633224180,,0,0,0,0,0,0,0,0,0,0,STK8P,0,True
6708854687,pool1zsjkw3y0kyhce6esgat3r3vec9z9rwud79lpv00u84646pu7rvf,0,22,,,6,340000000,142567448fb12f8ceb30475711c599c14451bb8df17e163dfc3d755d,False,False,6708854687,0,False,NetSecology,0,100000000000,7488267139,1633218032,,6244747901,0.0160,0,0,0,0,0,0,0,0,NETSC,24,True
16741931697,pool1lptznmldt230m0ugku9ygx0jucm74y7sgmac4mu5x2x9jznr84r,0,4,,,10,340000000,f85629efed5aa2fdbf88b70a4419f2e637ea93d046fb8aef94328c59,False,False,16741931697,0,False,HSt ADA Pool,2412673658,1000000000,1360000000,1633215650,,483495274,0.0099,0,0.0063,0.0042,0,0,0.0021,0,0.0013,HST,4,True
413801996,pool1wr5ky4r3hz6hxenllvxpuncg7jya8gv89jta03059w9eqqjy6c6,0,0,,,5,340000000,70e9625471b8b573667ffb0c1e4f08f489d3a1872c97d7c5f42b8b90,False,False,413801996,0,False,CREAM,153115046,100000000,0,1633202860,,0,0,0,0,0,0,0,0,0,0,CREAM,0,True
2448309010578,pool1cg559cdc25fkvs73umj6w5nxlwy3mpmj02xt7p4v69eqs5ncz9k,0,244,,,501,170000000,c22942e1b855136643d1e6e5a75266fb891d87727a8cbf06acd17208,False,False,2324717105316,0,True,Woof Pool,186664817000,185000000000,72217384049,1633193835,,545970382084,0.0318,0,0.0183,0.0159,0.0026,0.0102,0.0161,0.0128,0.0177,WOOF,1150,True
9441954881907,pool16rahfu936wdfq34wf6t8rqxvdjxayra5f7y80xq0udnqglrqel9,2,240,,,38,170000000,d0fb74f0b1d39a9046ae4e967180cc6c8dd20fb44f8877980fe36604,False,False,9340261291661,0,False,4KOMA-StakePool,25634222999,5000000000,60180000000,1633155558,,362416072777,0.0261,0,0.0184,0.0202,0.0102,0.0173,0.0219,0.0193,0.0226,4KOMA,940,True
20527671710,pool1rcdq9r6f0nwv376afk5dx3ugaumlhm4kx7g8tue74dlwgwsmd4l,0,0,,,4,340000000,1e1a028f497cdcc8fb5d4da8d34788ef37fbeeb6379075f33eab7ee4,False,False,20527671710,0.01,False,The Grasp,0,20000000000,0,1633060785,,0,0,0,0,0,0,0,0,0,0,GALT1,0,True
21269084948,pool1u4e9h7ssr2hcd550luvkua88gly3vzusu46ftmqn6kvlkh3v9gf,0,0,,,5,340000000,e5725bfa101aaf86d28fff196e74e747c9160b90e57495ec13d599fb,False,False,21269084948,0.0069,False,Xirius,4886718117,4800000000,0,1633021530,,0,0,0,0,0,0,0,0,0,0,XRS,0,True
69054961,pool193spq4aagtqthqxnwzat2n53ugjkyx8d42wqu6wm8lckj056y0t,0,0,,,2,340000000,2c601057bd42c0bb80d370bab54e91e2256218edaa9c0e69db3ff169,False,False,69054961,0.05,False,Abbacadabba,66420469,50000000,0,1632960201,,0,0,0,0,0,0,0,0,0,0,ABCA,0,True
141960270426,pool1f3qeehc4htjqpwv248kf5lfaumd0e84jtze379ev3ywa2w69aam,0,145,poapool.com,3,320,340000000,4c419cdf15bae400b98aa9ec9a7d3de6dafc9eb258b31f172c891dd5,False,False,141971379632,0,False,African Charity Pool #2,3416377,1000000,178489418446,1632854383,,80693947586,0.0122,0,0.0005,0.0003,0,0,0.0005,0,0.0022,AFCH2,426,True
361535327406,pool16fa03u6u85ek2q8lryqprngpahglssj5qqh66pfaxf34vgu5rhl,0,161,poapool.com,2,897,340000000,d27af8f35c3d336500ff190011cd01edd1f84254002fad053d326356,False,False,361561196558,0,False,African Charity Pool #1,3415849,1000000,453643531402,1632854065,,115275134665,0.0088,0,0.0003,0.0089,0,0,0.0072,0,0.0106,AFCH1,901,True
0,pool1j2lzgkv7lpjd727tq5efty2aqemphw32vx02ldu3jnuxuyvwvyx,0,0,,,1,340000000,92be24599ef864df2bcb053295915d06761bba2a619eafb79194f86e,False,False,0,0.01,False,cardanostake.de,0,1000000000,0,1632820284,,0,0,0,0,0,0,0,0,0,0,CSTDE,0,True
512776533491,pool1aawkmkg7vg0x0vxaqh4gr0lwp4fekwsqrjduylx0et3tuz9hfn4,0,39,,,7,170000000,ef5d6dd91e621e67b0dd05ea81bfee0d539b3a001c9bc27ccfcae2be,False,False,513125688824,0.03,False,ChainIndexChat,6050780737,2500000000,7943067031,1632805267,,10825059262,0.0128,0,0.0085,0.0086,0,0,0.0131,0.0042,0.0128,CHAIN,46,True
119116223,pool1v7v9248nczqdplztgn7fwf4x4sd59utl0rx4uj7wewslxruwplu,0,0,,,2,340000000,67985554f3c080d0fc4b44fc9726a6ac1b42f17f78cd5e4bcecba1f3,False,False,119116223,0.01,False,CeresPool,117425837,1000000000,0,1632766996,,0,0,0,0,0,0,0,0,0,0,CERES,0,True
18412559455113,pool1slwxj0t3575lx0rfw2x3z7dqf26jpls566pdwydvlk0jgw96lre,4,276,myadapoolnamerocks.com,7,35,340000000,87dc693d71a7a9f33c69728d1179a04ab520fe14d682d711acfd9f24,False,False,18417793991444,0.99,False,MORH,216026272686,200000000000,2184361449885,1632751794,,21180840313,0.0005,0,0.0002,0.0002,0.0001,0.0001,0.0002,0.0002,0.0002,MORH,4414,True
523488532165,pool16x5fslqfvgmsyra4vmpvuzq7p5fzeln240envdwfm2jps0j3rw2,0,26,,,50,170000000,d1a8987c096237020fb566c2ce081e0d122cfe6aabf33635c9daa418,False,False,498837884135,0,False,Zero Fees,5825681494,500000000,4760000000,1632703912,,8509432981,0.0113,0,0.0045,0.0078,0,0,0.0052,0,0.0050,0FEES,31,True
102232264,pool1am69d5jfzgjepwhseryw59j0lspn0c0307shw3v2cvfq77gvnrh,0,0,,,1,340000000,eef456d249122590baf0c8c8ea164ffc0337e1f17fa177458ac3120f,False,False,102232264,0.01,False,BIDA Pool,102232264,100000000,0,1632672619,,0,0,0,0,0,0,0,0,0,0,BIDA,0,True
466084377,pool1cy77h3wzf5z9ea0z66wr8luczcp2u4wchhkejkndjvyrvyvqauj,0,0,,,17,340000000,c13debc5c24d045cf5e2d69c33ff981602ae55d8bded995a6d930836,False,False,466084377,0,False,GeekMe Stake Pool,0,51337000000,0,1632664133,,0,0,0,0,0,0,0,0,0,0,GEEK,0,True
269504654470,pool14mma26pz4v888lrxtlzm22vjd68h5hd89kj7jaag6knx7x3k5ed,0,134,,,82,300000000,aef7d56822ab0e73fc665fc5b529926e8f7a5da72da5e977a8d5a66f,False,False,269504654470,0,False,TotalReturn-Staking,10793610906,10500000000,44366067505,1632658465,,97461319823,0.0277,0,0.0114,0.0145,0,0,0.0098,0.0205,0.0133,TRT,244,True
1715079161855,pool1ygsyw93csvam58nf63gttknj9dvj3zxh54h4eh0kals7kdf0nx6,0,177,,,52,170000000,2220471638833bba1e69d450b5da722b592888d7a56f5cddf6efe1eb,False,False,1715246839122,0,False,Elden Pool,107539478510,100000000000,43153728739,1632473221,,93772226638,0.0223,0,0.0141,0.0145,0.0038,0.0051,0.0163,0.0114,0.0193,ELDEN,291,True
0,pool167r4k4twa3lrqzpzdd44hl4ahc9rnt4x7rjtwz60gtf7j7pnk5x,0,0,,,0,345000000,d7875b556eec7e3008226b6b5bfebdbe0a39aea6f0e4b70b4f42d3e9,False,False,0,1,False,Equinox,0,100000000,0,1632418775,,0,0,0,0,0,0,0,0,0,0,EQX,0,True
8249917,pool1vsdsgufhfellves050nf8mh5jzrvwwcq7qlxwkneyp8hv3z4w9w,0,0,,,3,340000000,641b0471374e7ff6660fa3e693eef49086c73b00f03e675a79204f76,False,False,8249917,0.03,False,MACH1 - Cardano Community Geek Pool,0,500000000,0,1632366890,,0,0,0,0,0,0,0,0,0,0,MACH1,0,True
3094548450447,pool1x7j89z3n7y7g8syk06nahcrwkdphhw6dymt8r3gf8ulyksrzh5t,0,227,itcpool.github.io,3,383,340000000,37a4728a33f13c83c0967ea7dbe06eb3437bbb4d26d671c5093f3e4b,False,False,3084502257916,0.015,False,Allincrypto,3430325730,2550000000,79944304358,1632310188,,297548968061,0.0239,0,0.0110,0.0151,0.0115,0.0077,0.0147,0.0077,0.0196,ALLIN,808,True
39624703,pool13xlhhdl2phz8sup0hwcuhp6c4kscrtxs6d05n99hnmuakfkd6ws,0,0,,,3,340000000,89bf7bb7ea0dc478702fbbb1cb8758ada181acd0d35f4994b79ef9db,False,False,39624703,0,False,Claremont,17623942,0,0,1632252920,,0,0,0,0,0,0,0,0,0,0,CMT,0,True
1223331838739,pool1ddywudgudfaphp8txj9qf7alj3uk6wzyd22u7cd2myhyv3lyxxx,0,163,,,14,340000000,6b48ee351c6a7a1b84eb348a04fbbf94796d38446a95cf61aad92e46,False,False,1223680932434,0,False,Thai Stake Pool,609002362779,456540000000,55420000000,1632248641,,72886645021,0.0184,0,0.0039,0.0052,0.0003,0.0002,0.0049,0.0001,0.0096,SIAM,259,True
12851369,pool1zsfyca7vnftr3ywzhwq07whjev9nau2j65mq6kehnpvvccstlzz,0,0,,,5,345000000,14124c77cc9a563891c2bb80ff3af2cb0b3ef152d5360d5b379858cc,False,False,12851369,0.05,False,Garuda Pool,2000000,6350000000,0,1632110320,,0,0,0,0,0,0,0,0,0,0,GARU,0,True
0,pool1fn5fq6r68hsxv5yqa2xjxmrchcwrmylmyluqvsmvfam5jr36nnx,0,0,,,1,3400000000,4ce890687a3de0665080ea8d236c78be1c3d93fb27f806436c4f7749,False,False,0,0.02,False,Adanations,0,100000000000,0,1632102331,,0,0,0,0,0,0,0,0,0,0,ADNS,0,True
7900602,pool1x9tc05u8dqefrdyw9pgxn72szr7p2peyd7xgqs3l28s76f59c0y,0,58,neoply.io,7,1,340000000,315787d387683291b48e285069f95010fc1507246f8c80423f51e1ed,False,False,7900602,1,False,StakeBowl5,7900602,0,1328345957899,1632056087,,0,0,0,0,0,0,0,0,0,0,STBL5,2015,True
6135954,pool1ajpxqyq3p3aczgaxuc66lwtgzhrapzu6duk90dz0wz5twh9jzyw,0,58,neoply.io,6,1,340000000,ec826010110c7b8123a6e635afb96815c7d08b9a6f2c57b44f70a8b7,False,False,6135954,1,False,StakeBowl4,6135954,0,1930574296810,1632055342,,0,0,0,0,0,0,0,0,0,0,STBL4,2929,True
86300781637,pool1tc6cy0cqknsm49cvsz0mksajfvlmh3vvcp8ngtmspycgx932w6g,0,159,tkgems.com,0,10,170000000,5e35823f00b4e1ba970c809fbb43b24b3fbbc58cc04f342f70093083,False,False,86300781637,0,False,tk-gems,7024978125,1000000000,51083053420,1632045827,,261360507589,0.0299,0,0,0.0144,0,0,0.0183,0,0.0213,TGEM,581,True
1892617340596,pool1dqhaw0h2f4ehpdhh57quszcj22qhkglhg6yvaf39w3clxdl2kpy,0,247,,,552,340000000,682fd73eea4d7370b6f7a781c80b1252817b23f74688cea6257471f3,False,False,1994489624788,0.01,False,Chef Pool,63168929270,60000000000,87742840136,1631997955,,403187271162,0.0279,0,0.0142,0.0124,0.0079,0.0105,0.0149,0.0103,0.0149,CHEF,991,True
1561949125652,pool1upa4pa4qmcgaps4uactx9eas44rfwk9h0rxgua3l4xnf6wevfkt,1,106,,,14,170000000,e07b50f6a0de11d0c2bcee1662e7b0ad469758b778cc8e763fa9a69d,False,False,1562645132829,0,False,FMS-stakepool,24354029263,15000000,19126642132,1631988029,,58762938005,0.0206,0,0.0140,0.0184,0.0125,0.0167,0.0179,0.0139,0.0189,FMS,191,True
7790824068,pool1qds0ldd626j09nnpn3g3ne2fvn65phr6cz74k6xv8urtgygu9cp,0,1,,,13,340000000,0360ffb5ba56a4f2ce619c5119e54964f540dc7ac0bd5b68cc3f06b4,False,False,7790824068,0,False,Perdix,0,500000000,340000000,1631955469,,366885985,0.0103,0,0,0,0,0,0,0,0,PERDX,1,True
126003727,pool1hd5r62ktu43k53tskpr8xja8pyt5k6vws2fxylqm7hp5ye954ea,0,0,,,2,340000000,bb683d2acbe5636a4570b046734ba709174b698e8292627c1bf5c342,False,False,126003727,0.02,False,Stack Cheddar,119032971,100000000,0,1631899469,,0,0,0,0,0,0,0,0,0,0,CHDR,0,True
297094817,pool1cwc8jnc89xnd0qlyl4tp9gu2uf6jxhc2xay9xqdwt88s66a5yzx,0,0,,,8,340000000,c3b0794f0729a6d783e4fd5612a38ae275235f0a37485301ae59cf0d,False,False,297094817,0.0109,False,PPDAC LTD,8269074,8269074,0,1631878359,,0,0,0,0,0,0,0,0,0,0,PPDAC,0,True
2271985150009,pool1p3chxyfv5cfk95hwq5zqjuljrpyk3uk5ua5alpn8rjgkkvvy8ne,3,249,,,1056,340000000,0c7173112ca61362d2ee05040973f2184968f2d4e769df86671c916b,False,False,2245475342606,0.99,False,IAMX - OWN YOUR IDENTITY Pool,20019909825,20000000000,1458835646369,1631842537,,13884037879,0.0004,0,0.0001,0.0002,0.0001,0.0000,0.0001,0.0001,0.0002,IAMX,2641,True
164620642,pool1qd9yemufpf2fctpd2zyx9v2lv3h4fne3v8jplse284gqxk8ketu,0,0,,,1,340000000,034a4cef890a549c2c2d508862b15f646f54cf3161e41fc32a3d5003,False,False,164620642,0.03,False,STAKING.FAMILY,164620642,100000000,0,1631836197,,0,0,0,0,0,0,0,0,0,0,STAKY,0,True
5594747621429,pool1tj3u8pz6732uy2ut3s90e0j880jyu9j0ve9vtu9zj5xzglhdlqy,1,275,ippei76.github.io,1,24,340000000,5ca3c3845af455c22b8b8c0afcbe473be44e164f664ac5f0a2950c24,False,False,5596490410298,0,False,RIPI Stake Pool,7937018356,1000000,92820000000,1631776461,,836978138979,0.0310,0,0.0175,0.0157,0.0001,0.0085,0.0194,0.0184,0.0201,RPSP,1800,True
3606985137480,pool1m3h5p82m6v99nda37rmed8vrkqt43e2a8d89k76gw5ets0gdyag,0,209,,,1389,340000000,dc6f409d5bd30a59b7b1f0f7969d83b01758e55d3b4e5b7b487532b8,False,False,3601534546764,0.045,False,BankerLabs Pool,10000735777,10000000000,75930988945,1631756177,,118383414573,0.0195,0,0.0140,0.0163,0.0068,0.0068,0.0145,0.0133,0.0134,BANK,399,True
450312150269,pool18mgmqghey8az6duffc6e9tpzwxsquf00wpkl0jr8gvqxumkg4m0,0,71,,,22,170000000,3ed1b022f921fa2d37894e3592ac2271a00e25ef706df7c86743006e,False,False,450312150269,0.01,False,ARRK POOL,22517076245,22300000000,18530379614,1631755827,,173135631527,0.0344,0,0.0169,0.0146,0,0,0.0176,0.0240,0.0178,ARRK,315,True
12611753,pool17d6xuyhwkvp5g44q5jwukrfldhvcz3equ2tk34yuyrd0jlh4jjy,0,0,,,3,340000000,f3746e12eeb3034456a0a49dcb0d3f6dd9814720e29768d49c20daf9,False,False,12611753,0.02,False,US Cardano,3477772,800000000,0,1631654353,,0,0,0,0,0,0,0,0,0,0,US1,0,True
231954876773,pool1we9umarzn0l6jp8mcm98y28lxuuzcurzpjldnjwtgdhgw068mnr,0,86,,,72,170000000,764bcdf4629bffa904fbc6ca7228ff37382c70620cbed9c9cb436e87,False,False,231990601438,0.0299,False,Adria StakePool,75527766535,70000000000,31193882282,1631636247,,283500810005,0.0288,0,0.0046,0.0156,0,0,0.0110,0.0093,0.0102,ADRIA,610,True
1008611006,pool1k6u3rdl30ruf85q3jpzcfyq4ta0umrxdlt30rcpxqqasumcnkgu,0,0,,,1,345000000,b6b911b7f178f893d01190458490155f5fcd8ccdfae2f1e026003b0e,False,False,1008611006,0.005,False,devio,1008611006,1000000000,0,1631603239,,0,0,0,0,0,0,0,0,0,0,DEVIO,0,True
2225574403588,pool19rz6ve8nz6uvq97yspwh3fvt7w03dsjsnmft6du83hvtc324dus,0,238,,,9,340000000,28c5a664f316b8c017c4805d78a58bf39f16c2509ed2bd37878dd8bc,False,False,2224922992240,0.05,False,Dot Stake Pool,52396991853,50000000000,90024395743,1631583599,,179498184553,0.0213,0,0.0131,0.0127,0.0111,0.0149,0.0124,0.0186,0.0136,DGK,536,True
1078622707,pool1te6e6yc3p46yvdakrpngk49npvfvkcutk0z5qpj5xwx9gswkkpz,0,0,,,4,340000000,5e759d13110d744637b618668b54b30b12cb638bb3c5400654338c54,False,False,1078622707,0.015,False,Lynx pool,1029495,360000000,0,1631574652,,0,0,0,0,0,0,0,0,0,0,LYNX,0,True
10152767686,pool1wngesrk9ju3x7fzmuqae49lp385k5khgmtz97rza629pwg86nlj,0,0,,,2,340000000,74d1980ec597226f245be03b9a97e189e96a5ae8dac45f0c5dd28a17,False,False,10152767686,0,False,Skywalker,7510763,0,0,1631551121,,0,0,0,0,0,0,0,0,0,0,SKYW,0,True
7493027773,pool1tw2vq5vuxe5x8fse40ljx2mp53rdna9w0sktcq8ndr2nwj4ysgl,0,2,,,5,340000000,5b94c0519c366863a619abff232b61a446d9f4ae7c2cbc00f368d537,False,False,7493027773,0.03,False,Illinois Valley Pools of Cardano,6807441387,8000000000,700518930,1631481735,,663445417,0.0055,0,0,0,0,0,0,0,0,IVPC,2,True
401091981697,pool1l8pvaam6f2wj2ank46uywp32wwapqga8e8utve3mgzzuxksc3tq,0,48,,,13,340000000,f9c2cef77a4a9d257676aeb847062a73ba1023a7c9f8b6663b4085c3,False,False,399776325407,0.025,False,COR Stake Pool,69308834098,68000000000,16654549227,1631481247,,13047420820,0.0113,0,0,0.0002,0,0,0.0001,0,0.0010,COR,57,True
3811546110590,pool1szy2tdjj8a4av365wk3q2fqg9srllmt0383e6v9p664ng076x9e,2,244,xray.app,4,437,340000000,8088a5b6523f6bd6475475a20524082c07ffed6f89e39d30a1d6ab34,False,False,3812131168589,0.01,False,XRAY | Network,1001389675,1000000000,83640229974,1631471759,,1095511612844,0.0321,0,0.0152,0.0179,0.0100,0.0134,0.0199,0.0168,0.0210,XRAY5,2181,True
3216379009504,pool19ru9alj7n5anmzs0f9gpzlj8kaq44yhcp45mldjvldxck8f6yg6,1,254,xray.app,3,833,340000000,28f85efe5e9d3b3d8a0f4950117e47b7415a92f80d69bfb64cfb4d8b,False,False,3056961898396,0.01,False,XRAY | Network,1001237074,1000000000,87530282488,1631471017,,2420796986928,0.0348,0,0.0186,0.0186,0.0159,0.0159,0.0194,0.0239,0.0221,XRAY4,4494,True
564425881,pool1nyj2wwps0nk9kn48rtqck5876la35k3j4talj24gpvnauxqsfh3,0,0,,,2,340000000,9924a738307cec5b4ea71ac18b50fed7fb1a5a32aafbf92aa80b27de,False,False,564425881,0.02,False,Congruent,564425881,555000000,0,1631464940,,0,0,0,0,0,0,0,0,0,0,CONGR,0,True
21336483790,pool1h5spwddnynn6dt2z3qz9tvkju7sn6s8ptqetyfpltsppwalukyg,0,0,,,8,345000000,bd201735b324e7a6ad42880455b2d2e7a13d40e15832b2243f5c0217,False,False,21336483790,0.14,False,Cardanus Pool,1096672568,352472521,0,1631443005,,0,0,0,0,0,0,0,0,0,0,CNUS,0,True
5021439761,pool1ru5ltcffgwnz6qdmccq9lcfu4zncygacm5fzvwz6tq9zcfwyl0v,0,0,,,2,340000000,1f29f5e12943a62d01bbc6005fe13ca8a78223b8dd1226385a580a2c,False,False,5021439761,0.01,False,GoldenState,5017621566,5000000001,0,1631424764,,0,0,0,0,0,0,0,0,0,0,GSS,0,True
1000819149,pool1dzk2hrh2vtfcc6wk5n69ml6a08jc8d8s3lpg7jsaydcdwrerlq2,0,0,,,1,340000000,68acab8eea62d38c69d6a4f45dff5d79e583b4f08fc28f4a1d2370d7,False,False,1000819149,0.02,False,evoL Humans,1000819149,1000000000,0,1631372344,,0,0,0,0,0,0,0,0,0,0,EVOL,0,True
13156203178,pool1qlkr6qu4mm38x77ldp2vnxn0gatgq4ernvvdw4pxze2tuyw5pfh,0,0,bishnoicardanopool.org,0,3,345000000,07ec3d0395dee2737bdf6854c99a6f47568057239b18d754261654be,False,False,13156203178,0,False,Bishnoi Cardano Pool,501040510,500000000,0,1631214116,,0,0,0,0,0,0,0,0,0,0,BISH,0,True
4581261,pool1j8r3q09v0tx48f78u4kxldmakryd384uk6cg9rrlzjhtu93027r,0,0,,,4,340000000,91c7103cac7acd53a7c7e56c6fb77db0c8d89ebcb6b0828c7f14aebe,False,False,4581261,0,False,LIA Increments ADA,0,1000000000,0,1631213242,,0,0,0,0,0,0,0,0,0,0,LIA,0,True
2732107856201,pool1y24nj4qdkg35nvvnfawukauggsxrxuy74876cplmxsee29w5axc,2,136,,,94,170000000,22ab39540db22349b1934f5dcb7788440c33709ea9fdac07fb343395,False,False,2732805176496,0,False,ADA Capital•🌍ADACT•👽CardanoBI•⚡Orcfax•ADA•METERA,145735749503,130000000000,47432330521,1631208423,,426325595486,0.0311,0,0.0178,0.0213,0.0024,0.0158,0.0198,0.0196,0.0181,ADACT,914,True
0,pool18499qzkx0gcsa92ykrv84yr9pycqrje2dndcg2xxq7pxyadvwjj,0,0,,,1,345000000,3d4a500ac67a310e9544b0d87a9065093001cb2a6cdb8428c6078262,False,False,0,0.019,False,Realestate Stake,0,1000000000,0,1631190649,,0,0,0,0,0,0,0,0,0,0,LQJ,0,True
679760888603,pool18q7axjzcrs7pd2vpmcgh33p0r5cng2q0v6ldw5vtwuhl6ctgmeg,1,116,,,18,340000000,383dd348581c3c16a981de1178c42f1d3134280f66bed7518b772ffd,False,False,680109561762,0,False,5ch Pool,9904710005,3000000000,38760000000,1631177961,,70515051015,0.0193,0,0.0035,0.0048,0,0,0.0079,0.0067,0.0041,5CH,204,True
0,pool1lyh8e725vttnkr5eylgfap7pmnmkrk0wznpkfl8qxahyqe2agcu,0,191,etoro.com,16,1,340000000,f92e7cf95462d73b0e9927d09e87c1dcf761d9ee14c364fce0376e40,False,False,0,1,False,eToro Pool 14,0,0,1043993263093,1631177202,,0,0.0002,0,0,0,0,0,0,0,0,ETO14,1974,True
15007798947042,pool1nyjw0460ww5qjtpukexuywxdz4lzhy6tm7yygn74lnlcc62hnc8,5,186,etoro.com,15,5,340000000,9924e7d74f73a8092c3cb64dc238cd157e2b934bdf88444fd5fcff8c,False,False,15007798947042,1,False,eToro Pool 13,0,0,2213259476423,1631176663,,0,0.0007,0,0,0,0,0,0,0,0,ETO13,5055,True
50000109026418,pool1fvgmxt3688a5zl6amhvaqk9tmvk3lhxkgdsta6yj3czuy5hjwfy,16,242,etoro.com,14,1,340000000,4b11b32e3a39fb417f5dddd9d058abdb2d1fdcd64360bee8928e05c2,False,False,50000109026418,1,False,eToro Pool 12,0,0,3293010293454,1631176173,,0,0,0,0,0,0,0,0,0,0,ETO12,7144,True
4673439465777,pool1gntlh2yq89tpsd7kgaeuremj3s60rscqahyl52qzv0x87mt22rq,2,240,,,240,340000000,44d7fba88039561837d64773c1e7728c34f1c300edc9fa280263cc7f,False,False,4531443547996,0,False,Korea Pool,11739569203,10000000000,80920000000,1631173004,,777449030480,0.0307,0,0.0180,0.0191,0.0192,0.0201,0.0205,0.0192,0.0236,KOR,1789,True
55456744,pool1hut596zjmx2eunuwt8vjnh953ezgtvc3cwv3nat8cepsc2jeaxe,0,1,,,5,340000000,bf1742e852d9959e4f8e59d929dcb48e4485b311c39919f567c6430c,False,False,55456744,0.015,False,Mashelem Pool,0,10000000000,345096376,1631169547,,334662087,0.0083,0,0,0,0,0,0,0,0,MASHL,1,True
539860447906,pool12ndf7w5f4fdn746s5zlay4aexvcsjncnnmjwfp8falascjqav3y,0,98,sanada.eco,0,39,170000000,54da9f3a89aa5b3f5750a0bfd257b93331094f139ee4e484e9effb0c,False,False,539860447906,0.031415,False,SAMON Pool,35774554607,3000000000,31614476877,1631166006,,30931986237,0.0168,0,0.0115,0.0141,0,0.0228,0.0143,0.0191,0.0129,SAMON,131,True
19593653399,pool1rv3f2ctg35ke7t5azmaha6393skhvnhwedh96e6r703tg00wp77,0,0,,,7,340000000,1b229561688d2d9f2e9d16fb7eea258c2d764eeecb6e5d6743f3e2b4,False,False,19593653399,0.02,False,(ISO)  Initial Stake Offering,107625218,100000000,0,1631140007,,0,0,0,0,0,0,0,0,0,0,SCAN,0,True
7624514,pool1vrpme37hyyysgl4n8uk87p0njvfejc8kswzn5yxmgf4dyxx8haj,0,0,,,1,345000000,60c3bcc7d72109047eb33f2c7f05f393139960f683853a10db426ad2,False,False,7624514,0.15,False,,7624514,100000000,0,1631138781,,0,0,0,0,0,0,0,0,0,0,,0,True
6825875,pool13ehs4gzc9t6tjr5rpynqtyp8act4jfqth54huymasuslj05fu8z,0,200,bitcoinsuisse.com,0,3,345000000,8e6f0aa0582af4b90e830926059027ee1759240bbd2b7e137d8721f9,False,False,6825875,1,False,BitcoinSuisse02,0,100000000,2937460626225,1631111502,,0,0.0004,0,0,0,0,0,0,0,0,BTCS,5603,True
595594350,pool15jdufl3ahh3gn0p4nf92pxjqhs2qm2kwf626hdaxktn9yh8m3p6,0,9,,,5,340000000,a49bc4fe3dbde289bc359a4aa09a40bc140daace4e95abb7a6b2e652,False,False,595594350,0.01,False,DELTA POOL,0,500000000,3225666706,1631095746,,16401004423,0.0430,0,0,0,0,0,0,0,0,DELTA,28,True
197456153,pool1rek8m67j3lrslpkrv5twxr5adpt2r5k3qq2huh6vgx8jkcw4qc8,0,0,,,1,340000000,1e6c7debd28fc70f86c36516e30e9d6856a1d2d100157e5f4c418f2b,False,False,197456153,0.01,False,UnluckyThoughts,197456153,100000000,0,1631082224,,0,0,0,0,0,0,0,0,0,0,UNTH,0,True
5452046413560,pool1mg37s4w4uzsmw27nsnz2mwfll8sdawngvy3n657t7nd0yjcd77e,1,271,,,988,340000000,da23e855d5e0a1b72bd384c4adb93ff9e0deba6861233d53cbf4daf2,False,False,5374945208898,0.02,False,TSC Stake Pool,6843327819,5000000000,104230076978,1631067267,,626084397540,0.0277,0,0.0160,0.0175,0.0116,0.0109,0.0195,0.0133,0.0201,TSC,1502,True
35598273,pool1qkwseukqpnezhh9gjcuhtse7wp7v8m8asgekl34lh3f5xnnl6z2,0,0,,,5,340000000,059d0cf2c00cf22bdca8963975c33e707cc3ecfd82336fc6bfbc5343,False,False,35598273,0,False,TLV Stake Pool,7614702,5000000,0,1631030854,,0,0,0,0,0,0,0,0,0,0,TLV,0,True
844013198,pool1mctfqjen6qflfk65vz2hm8zse0a6e3g289hc0rgvrml777g85yq,0,1,,,12,340000000,de16904b33d013f4db5460957d9c50cbfbacc50a396f878d0c1effef,False,False,844013198,0.01,False,VELA Pool,101053977,100000000,343385815,1630979534,,335195699,0.0026,0,0,0,0,0,0,0,0,VELA,1,True
24764431747,pool15zvek3jke3z2uml5xeztl6wt56zuye5ne9caadz8mjn9ykyuu8n,0,0,,,6,340000000,a0999b4656cc44ae6ff43644bfe9cba685c26693c971deb447dca652,False,False,24764431747,0,False,Senti Africa Pool,107625746,100000000,0,1630959617,,0,0,0,0,0,0,0,0,0,0,SENTI,0,True
255061130595,pool1jrws5cpc6nydu0yxrexf5vflgga0fr4qlduz8cs3pgqmye3xurt,0,109,,,50,340000000,90dd0a6038d4c8de3c861e4c9a313f423af48ea0fb7823e2110a01b2,False,False,255061130595,0.015,False,SHIFT: a climate positive Cardano stake pool,67814879779,50000000000,43194379174,1630949709,,402069396234,0.0336,0,0.0008,0.0069,0,0.0010,0.0044,0.0010,0.0036,SHIFT,747,True
1097230020,pool1zst2k3wnmtq69vqzm086q9m7v7dn3gpsu9fgxy2vasew6l8nlt0,0,0,,,1,340000000,1416ab45d3dac1a2b002dbcfa0177e679b38a030e15283114cec32ed,False,False,1097230020,0,False,Siberia,1097230020,1000000000,0,1630939023,,0,0,0,0,0,0,0,0,0,0,SBR,0,True
446759269596,pool18rpw5dwfywfrzjuy7uzn2cetrw9v85aan8a80p3fdvtqcxykkqu,1,95,,,148,170000000,38c2ea35c92392314b84f70535632b1b8ac3d3bd99fa7786296b160c,False,False,445961995662,0.029,True,FLUID pool,60607053417,60000000000,26073146157,1630923929,,36266722964,0.0157,0,0.0236,0.0247,0,0,0.0197,0.0097,0.0134,FLUID,132,True
3045807206,pool19klg32x4wrwh8yfdra6u52qa37meves4r68pxajxwllvzazd37c,0,2,,,5,340000000,2dbe88a8d570dd73912d1f75ca281d8fb79666151e8e13764677fec1,False,False,3045807206,0.03,False,LaurenOCrypto,5081239,20000000000,699946654,1630910619,,644941862,0.0142,0,0,0,0,0,0,0,0,TEACH,2,True
12842127162,pool15wwz2tj30xjerxstwjezhlp8nqqu8jyvxp0h6dj4kzdq6cgv3gv,0,23,,,31,170000000,a39c252e5179a5919a0b74b22bfc279801c3c88c305f7d3655b09a0d,False,False,12842127162,0,False,Vetspool,9940733,25000000000,7480000000,1630848111,,9002624156,0.0136,0,0,0,0,0,0,0,0,VETS,27,True
1401326816,pool173trwz74lv2ncl0dn5fqvgnhqtmqu3yvnf6dpx7k6psuwhzn2fc,0,0,,,5,340000000,f456370bd5fb153c7ded9d1206227702f60e448c9a74d09bd6d061c7,False,False,1401326816,0.01,False,MucPool,104725902,50000000,0,1630806897,,0,0,0,0,0,0,0,0,0,0,MUCPL,0,True
9802291,pool120s8wucgh9dnshf3xkvffq30lcf4kta9uzf35s44eulezc8puwj,0,0,,,1,340000000,53e0777308b95b385d31359894822ffe135b2fa5e0931a42b5cf3f91,False,False,9802291,0.01,False,Reef Staking,9802291,1000000,0,1630786138,,0,0,0,0,0,0,0,0,0,0,REEF,0,True
11253581948,pool15jkpn2jewgensrnulsm0kqtj58nauvgng0qvy2ux47jdwncsw9s,0,5,git.io/JOkNh,7,8,340000000,a4ac19aa597233380e7cfc36fb0172a1e7de311343c0c22b86afa4d7,False,False,11253581948,0,False,Mercy Charity Pool,514242355,500000000,1700000000,1630740625,,1471817773,0.0186,0,0,0,0,0,0,0,0,MERCY,5,True
61572332299,pool1kdhhrsl8av6gzr7vrf5q06pwlrsr8646wkjkg0h550tw6vxf8mv,0,41,,,12,340000000,b36f71c3e7eb34810fcc1a6807e82ef8e033eaba75a5643ef4a3d6ed,False,False,61572332299,0.029,False,VIVA Cardano,846849674,500000000,13942570985,1630738380,,11059683883,0.0140,0,0,0,0,0,0.0009,0,0.0014,VIVA,47,True
245204781,pool1nlv8mxyx5juqe5aua9tplr5j9ar4wy950zlya3ul94wkgqmf9z0,0,0,,,1,340000000,9fd87d9886a4b80cd3bce9561f8e922f475710b478be4ec79f2d5d64,False,False,245204781,0.01,False,Stake Wealth,245204781,236000000,0,1630714839,,0,0,0,0,0,0,0,0,0,0,SWF,0,True
1011205215578,pool16cdtqyk0fvxzfkhjg3esjcuty4tnlpds5lj0lkmqmwdjyzaj7p8,0,127,,,85,170000000,d61ab012cf4b0c24daf2447309638b25573f85b0a7e4ffdb60db9b22,False,False,1008238749879,0.03,True,Earn Coin Pool,102656391237,75000000000,32755761931,1630695724,,57972464978,0.0195,0,0.0137,0.0135,0.0063,0.0042,0.0167,0.0103,0.0198,ECP,196,True
0,pool15m3nrmzhaef66j4sue7p66yshtxfug84zuhfd8skxhh9q6mkgyx,0,0,,,1,340000000,a6e331ec57ee53ad4ab0e67c1d6890bacc9e20f5172e969e1635ee50,False,False,0,0.035,False,drokdev-pool,0,1000000000,0,1630683875,,0,0,0,0,0,0,0,0,0,0,DROK,0,True
4907458502,pool1p90ymkn27wj473ve0leq0u6s935atjspsq77kxttyzzqsekqjh3,0,0,,,4,340000000,095e4dda6af3a55f45997ff207f3502c69d5ca01803deb196b208408,False,False,4907458502,0.01,False,Jersey Cardano Collective,203200220,200000000,0,1630663805,,0,0,0,0,0,0,0,0,0,0,JSY,0,True
2572807763083,pool185ev4czpm5hc9xud25xlcz5lhpnl2jztqas6mgxujqke7j5mdzc,0,260,,,1228,340000000,3d32cae041dd2f829b8d550dfc0a9fb867f5484b0761ada0dc902d9f,False,False,2556163812956,0,False,Cardano Al dia,2021883224,1000000000,88060000000,1630621544,,268712051217,0.0231,0,0.0143,0.0175,0.0001,0.0002,0.0149,0.0033,0.0163,ALDIA,718,True
429249821592,pool1qa0t2lecmzmvzn6z7lzc439wvlgz0x04lvnqcdyzv4gywz3qehp,0,28,,,9,340000000,075eb57f38d8b6c14f42f7c58ac4ae67d02799f5fb260c3482655047,False,False,429249821592,0.01,False,AdaDog,112042785871,100000000000,9618365369,1630612488,,9738172702,0.0055,0,0,0,0,0,0,0,0,ADOG1,30,True
21704580253,pool1lg4y9djpazcpaag230mawgx4w43vmld7xcd7rq35lpjvkn333nj,0,6,,,6,340000000,fa2a42b641e8b01ef50a8bf7d720d57562cdfdbe361be18234f864cb,False,False,21704580253,0.1,False,CypherGrunts,111625680,100000000,373855858,1630528469,,304702724,0.0022,0,0,0,0,0,0,0,0,GRUNT,7,True
0,pool1gl90juvqt674dhvr06f6vtth8uarhglx3q6cj3y3q0vdsy5ujsc,0,0,,,1,340000000,47caf971805ebd56dd837e93a62d773f3a3ba3e6883589449103d8d8,False,False,0,0.015,False,Butterfly Nebula Stake Pool,0,10000000000,0,1630485486,,0,0,0,0,0,0,0,0,0,0,BNSP,0,True
53275382387,pool1yzd344e32exxzjnjet4l466zcfnte5rnzveywvztxdxug2yu7m4,0,8,,,4,340000000,209b1ad731564c614a72caebfaeb42c266bcd073133247304b334dc4,False,False,53275382387,0.02,False,Fat Stakes,52374460291,41000000000,2751611279,1630485452,,1548952903,0.0077,0,0,0,0,0,0,0,0.0010,FAT,8,True
0,pool1l38lxca7tzp0trqedr97usd0zk89q2x74qrez5xcafxechcw452,0,8,,,2,340000000,fc4ff363be5882f58c1968cbee41af158e5028dea8079150d8ea4d9c,False,False,0,0,False,USA ADA Pool,0,25000000000,2720000000,1630474544,,1582788214,0.0087,0,0,0,0,0,0,0,0,USA,8,True
767476074,pool1y8g5sk4maqzpg6k04t0e8x296xtumuph7k4ya8rsfqh9xhc5a7h,0,0,,,4,345000000,21d1485abbe804146acfaadf939945d197cdf037f5aa4e9c70482e53,False,False,767476074,0.05,False,ADAPooler,101421657,100000000,0,1630406903,,0,0,0,0,0,0,0,0,0,0,APULR,0,True
2015433009,pool19m3xzv58uymw76tg4th6q5fwkg9zktc8alvyysr37u04yw86axc,0,0,,,2,340000000,2ee2613287e136ef6968aaefa0512eb20a2b2f07efd8424071f71f52,False,False,2015433009,0.015,False,adastakeit.io Pool,2007611710,2000000000,0,1630322093,,0,0,0,0,0,0,0,0,0,0,ADAIT,0,True
114280001,pool1zx0lmhdymz23e702clzyywdw522nh66eqaseaye8sue3cyfzkar,0,0,,,3,345000000,119ffddda4d8951cf9eac7c44239aea2953beb5907619e932787331c,False,False,253261370,0.04,False,KUDOS,105361680,100000000,0,1630311809,,0,0,0,0,0,0,0,0,0,0,KUDOS,0,True
254696573,pool1tlgwdlde3v5aq3vlm7pk8l37tydmjjhucsf0g84xwjtwvwfsmhm,0,0,,,7,345000000,5fd0e6fdb98b29d0459fdf8363fe3e591bb94afcc412f41ea67496e6,False,False,254696573,0.02,False,Fione,102425793,100000000,0,1630268162,,0,0,0,0,0,0,0,0,0,0,FIONE,0,True
639847642,pool1vz59e00250xfjck8qd04kns89j56430wjzpdf37zfjnnyxttm37,0,0,,,7,340000000,60a85cbdeaa3cc9962c7035f5b4e072ca9aac5ee9082d4c7c24ca732,False,False,639847642,0,False,Jasmine Stake Pool,500379251,500000000,0,1630262617,,0,0,0,0,0,0,0,0,0,0,JASM,0,True
144698748,pool1jwpt6qmmkvfusvwan4f9pfhn7pljsm33lcqf7ftya3mtc0fs2nz,0,0,,,4,340000000,9382bd037bb313c831dd9d5250a6f3f07f286e31fe009f2564ec76bc,False,False,144698748,0.01,False,Nam Pool,144698748,100000000,0,1630255610,,0,0,0,0,0,0,0,0,0,0,NAM,0,True
302272769940,pool1keasvddt9vndl8jyhg204s6kqusv5zgzg3kk3l3g949ew402ahe,0,104,,,70,170000000,b67b0635ab2b26df9e44ba14fac3560720ca0902446d68fe282d4b97,False,False,302318582624,0.01,True,Upstream,16416160142,15000000000,36079485770,1630185733,,171858926269,0.0242,0,0.0253,0.0291,0,0,0.0169,0.0286,0.0149,UPSTR,407,True
2742228618,pool1eh6msmm3v7fs90lapzem3lkpl4sn2dgtz4hfvnfmqqtxya3k8yh,0,0,,,5,340000000,cdf5b86f71679302bffd08b3b8fec1fd6135350b156e964d3b001662,False,False,2742228618,0.01,False,Arigato StakePool,1876917677,500000000,0,1630181581,,0,0,0,0,0,0,0,0,0,0,ARGT,0,True
372510270056,pool1cj8dxjjlyn9xmjavr98ytmvlpd4vwgqp36kq8rl6jjyt6k2adfh,0,81,aada.finance,0,1711,345000000,c48ed34a5f24ca6dcbac194e45ed9f0b6ac720018eac038ffa9488bd,False,False,371981759326,1,False,Aada Finance - Stake ADA earn AADA,201831639,100000000,587408733110,1630167109,,5493819090,0.0004,0,0,0,0,0,0,0,0,ISPO,912,True
14420188426,pool1k3mtxd2duy4848gx8knvlsas7w77f3k2cplwk6hjul72646fjte,0,0,,,2,345000000,b476b3354de12a7a9d063da6cfc3b0f3bde4c6cac07eeb6af2e7fcad,False,False,14420188426,0.01,False,Duck Puddle,1002437424,1000000000,0,1630162704,,0,0,0,0,0,0,0,0,0,0,QUACK,0,True
140980983453,pool1q6lzp5x6tqg04chsxakupgq6x829nsx2dk5w8h043fnajm8d3uj,0,41,,,62,170000000,06be20d0da5810fae2f0376dc0a01a31d459c0ca6da8e3ddf58a67d9,False,False,140980983453,0,False,ADAImpulse,9381905001,4000000000,7820000000,1630127666,,14751913609,0.0173,0,0.0144,0.0090,0,0,0.0062,0,0.0121,ADAIM,51,True
407574809767,pool109k0t72eh8txza4ptnagnfyqkjnmfe60afmtm4dvj9lz7dy78lh,0,28,,,727,340000000,796cf5f959b9d66176a15cfa89a480b4a7b4e74fea76bdd5ac917e2f,False,False,407574809767,0.02,False,Red Panda,3562115547,2000000000,9923641603,1629988644,,19727068811,0.0067,0,0,0,0,0,0,0,0,PNDA,46,True
663900694046,pool13mjxg33urh0xquvw33kjn85yw7j42uwqw0pvh8s6c67rszr7ssz,0,128,,,15,340000000,8ee464463c1dde60718e8c6d299e8477a55571c073c2cb9e1ac6bc38,False,False,663900694046,0.01,False,mihopool,79570501197,30000000000,44204080082,1629895277,,65349064195,0.0219,0,0.0042,0.0052,0.0005,0.0136,0.0133,0.0068,0.0110,MIHOP,211,True
970921601,pool1vn4gsw8fdg85yh8urxs9t5ykyvap4uscewy08g2refxzxwztnga,0,0,,,2,345000000,64ea8838e96a0f425cfc19a055d096233a1af218cb88f3a143ca4c23,False,False,970921601,0.015,False,VIRTUA Pool of Slovenia,17620774,100000000,0,1629847980,,0,0,0,0,0,0,0,0,0,0,VISLO,0,True
115113046,pool1ufh42ppqnet625mqql2fkc79p3emuqsnmf6s6ugxygqa75xgc8c,0,0,,,6,340000000,e26f5504209e57a5536007d49b63c50c73be0213da750d71062201df,False,False,115113046,0,False,NEMO POOL,1247066,50000000000,0,1629803007,,0,0,0,0,0,0,0,0,0,0,NEMO,0,True
244646977,pool1ap0mx7frdu2mhk6f8rp3psy6wkd8t560dgh0cwnlxxfswtqjg9v,0,0,,,1,340000000,e85fb379236f15bbdb4938c310c09a759a75d34f6a2efc3a7f319307,False,False,244646977,0,False,ORION Stake Pool,244646977,100000000,0,1629777565,,0,0,0,0,0,0,0,0,0,0,ORION,0,True
1060257602,pool1xa7zku52cj6aagevv5z685jm2ljhpqsekrrcrulpmkqrknnt2kz,0,0,,,5,340000000,377c2b728ac4b5dea32c6505a3d25b57e5708219b0c781f3e1dd803b,False,False,1060257602,0.015,False,Crypto Stakers,662831859,100000000,0,1629692528,,0,0,0,0,0,0,0,0,0,0,CSTKN,0,True
58517777014,pool1ll5mu4rgne203spelzdgrse0v7yk9rfzkp243rtt60rgu8mh3q8,0,0,,,5,340000000,ffe9be54689e54f8c039f89a81c32f6789628d22b055588d6bd3c68e,False,False,58517777014,0.005,False,Pool One Netherlands,10008598035,10000000000,0,1629645206,,0,0,0,0,0,0,0,0,0,0,WAN,0,True
12732152782656,pool1zdtqtsu3l3ytatzyvrq48d4mpnll9c5evwfq6taxkmn9vvdz839,3,276,ranket2.github.io,0,105,340000000,135605c391fc48beac4460c153b6bb0cfff2e29963920d2fa6b6e656,False,False,12729640780189,0.008,False,RANKT,12253500660,10000000000,108839943125,1629641068,,2029569678210,0.0317,0,0.0226,0.0235,0.0125,0.0172,0.0238,0.0239,0.0261,RANKT,4340,True
336747257,pool1j9qrcwg28mgsu38p5jkrwpthff5pmm5wdpprghg2xrvfyfcm5ls,0,0,,,6,340000000,91403c390a3ed10e44e1a4ac3705774a681dee8e6842345d0a30d892,False,False,336747257,0.005,False,Staking for your ADA,1715741,15000000000,0,1629631689,,0,0,0,0,0,0,0,0,0,0,OSCAR,0,True
8659873481,pool18yp9wal36lzzw34ujcds8vtfpsndkzq484zcm360evp5khex0l5,0,0,,,19,340000000,39025777f1d7c42746bc961b03b1690c26db08153d458dc74fcb034b,False,False,8659873481,0,False,ADARockPool,3000855561,3000000000,0,1629627861,,0,0,0,0,0,0,0,0,0,0,AROCK,0,True
10551383033,pool1lg4pepngyq03jdkskr3689pv4a4djra9q8nkzu6hwtzezwanhyn,0,0,,,7,340000000,fa2a1c8668201f1936d0b0e3a3942caf6ad90fa501e761735772c591,False,False,10551383033,0,False,Cardturions,10009611578,10000000000,0,1629596006,,0,0,0,0,0,0,0,0,0,0,CDTRN,0,True
6760884560,pool1eu8knr403p82ythegskwmf8w6v8l2w858d8jz7qvvqzj7ryech4,0,13,,,5,345000000,cf0f698eaf884ea22ef9442ceda4eed30ff538f43b4f21780c60052f,False,False,6760884560,0,False,The Regenerative Farming Pool,1146144322,100000000,4485000000,1629576032,,8054670127,0.0224,0,0,0,0,0,0,0,0,REGEN,25,True
76028698064,pool1duc76uxej6d97gjgdwxqy8lan2k9dxa5x5dqgrjwncfyj5p24ar,0,20,,,53,340000000,6f31ed70d9969a5f22486b8c021ffd9aac569bb4351a040e4e9e1249,False,False,76039194992,0,False,staca.co,0,1740000000,6800000000,1629549258,589,5190588509,0.0114,0,0,0.0008,0,0,0.0008,0,0.0023,STACA,23,True
3455860,pool1w92z3lxwrycf3kmf075dja2fwem0luyjc4ysv2afh6sg554qjwn,0,4,neoply.io,5,1,340000000,715428fcce193098db697fa8d975497676fff092c549062ba9bea08a,False,False,3455860,1,False,StakeBowl1,3455860,0,105094502144,1629455204,,0,0,0,0,0,0,0,0,0,0,STBL1,204,True
1258444,pool166fpvc9lelw8pdvc4n3xeqns5ktkkmzu4plaen999fwy2xytgce,0,4,neoply.io,4,1,340000000,d6921660bfcfdc70b598ace26c8270a5976b6c5ca87fdccca52a5c45,False,False,1258444,1,False,StakeBowl2,1258444,0,68866559042,1629455162,,0,0,0,0,0,0,0,0,0,0,STBL2,132,True
1430897,pool18au4xxwcu552tjyxgyfssc95lwcf08g49z0ln5f7l060qh8r3wv,0,0,neoply.io,3,1,340000000,3f795319d8e528a5c88641130860b4fbb0979d15289ff9d13efbf4f0,False,False,1430897,1,False,StakeBowl3,1430897,0,0,1629455162,,0,0,0,0,0,0,0,0,0,0,STBL3,0,True
0,pool1l2z734tugnn4tue9sw6e39nr6pcgv7wqynpra4maz4j92wzws8c,0,3,,,0,340000000,fa85e8d57c44e755f32583b5989663d0708679c024c23ed77d156455,False,False,0,0.009,False,Swan,0,1700000000,1073783323,1629426644,,1024038806,0.1666,0,0,0,0,0,0,0,0,SWAN,3,True
0,pool1adllnm43t3nuspvnr5r08jh6gpyvedu76hrhc6xymjzavd5d8f6,0,0,cardanonodes.com,0,1,340000000,eb7ff9eeb15c67c805931d06f3cafa4048ccb79ed5c77c68c4dc85d6,False,False,0,0.035,False,House of Coins,0,19000000,0,1629425147,,0,0,0,0,0,0,0,0,0,0,HOC,0,True
1256796360963,pool1k468tmpfxqexnwyf3y7e3syglyxzmuqggmjm3cc4gy3skmm557a,0,229,,,70,340000000,b57475ec29303269b889893d98c088f90c2df00846e5b8e31541230b,False,False,1257378683072,0.03,False,animation.com Cardano Pool,1146469680598,1100000000000,84233900494,1629390072,,206417358074,0.0282,0,0.0038,0.0084,0,0,0.0110,0.0036,0.0129,ANIM,541,True
8755036,pool1ff9rrcn2qdvv754al6d8qx8f3mecyeez3hp2nunm9uj2k7tj4pf,0,0,,,3,340000000,4a4a31e26a0358cf52bdfe9a7018e98ef38267228dc2a9f27b2f24ab,False,False,8755036,0,False,House of Cardano,0,2200000000,0,1629356576,,0,0,0,0,0,0,0,0,0,0,HOCSP,0,True
5295263989,pool189elcklfyhaczaasjdyrrxmhaeepg6avn9gxjte78ntny5fqdl7,0,0,,,8,340000000,3973fc5be925fb8177b09348319b77ee72146bac9950692f3e3cd732,False,False,5553234227,0,False,All In On Ada,999827958,6000000000,0,1629345533,,0,0,0,0,0,0,0,0,0,0,AIOA,0,True
3658689405,pool122pmneflla304ptc7s5ws948u28zaek08k6hk3fmw8rgkzmgect,0,0,,,5,340000000,5283b9e53fff62fa8578f428e816a7e28e2ee6cf3db57b453b71c68b,False,False,3658689405,0.01,False,Pale Blue Dot pool,3150651545,3100000000,0,1629322701,,0,0,0,0,0,0,0,0,0,0,PBDOT,0,True
738932466,pool1uyfg8ysc2fpmx8aclq3u06xx5u9rete5kq68aysfdvxj5a5wcza,0,0,,,5,340000000,e1128392185243b31fb8f823c7e8c6a70a3caf34b0347e92096b0d2a,False,False,738932466,0.02,False,Inspiration Pool,50107672,100000000000,0,1629249151,,0,0,0,0,0,0,0,0,0,0,INSP,0,True
3072467418,pool10f5k6djk7m95dls80f5n2temjlkacsqd47758z2xal8g79kg9ct,0,0,,,9,340000000,7a696d3656f6cb46fe077a69352f3b97eddc400dafbd438946efce8f,False,False,3072467418,0,False,Cardanify,1831463,30000000000,0,1629223590,,0,0,0,0,0,0,0,0,0,0,ADAFY,0,True
25461925867012,pool189vq6ay0gku9tkqc2t3nfjk3n88mm23grmfas852jruw6fjlkaf,6,288,,,28,340000000,39580d748f45b855d81852e334cad199cfbdaa281ed3d81e8a90f8ed,False,False,25467506102560,0.05,False,world economic pool,54612055918,50000000000,251874870608,1629166719,,2948634551672,0.0315,0,0.0209,0.0214,0.0077,0.0131,0.0236,0.0193,0.0248,WEP,6365,True
465409359,pool13am73gpq93hrngwpnlz34cwcytuykpytxtkz9srmrq3x6x8qlsu,0,0,,,4,340000000,8f77e8a0202c6e39a1c19fc51ae1d822f84b048b32ec22c07b18226d,False,False,465409359,0,False,TesPool 🏆,117700906,24884130,0,1629161856,,0,0,0,0,0,0,0,0,0,0,TESP🍀,0,True
4767922558,pool1d0ld90s42dnypxxp08923d7pezh4xnzht2gfl5c6xm2pg6lyyyq,0,0,,,3,340000000,6bfed2be1553664098c179caa8b7c1c8af534c575a909fd31a36d414,False,False,4767922558,0.025,False,CyberEyeCarPool,2006489432,2000000000,0,1629110658,,0,0,0,0,0,0,0,0,0,0,CECP,0,True
5122521586,pool14p4ksk3ddqtax905sys7ujakpxwvfsntjnvlu8p9d3wxycy7pv3,0,21,fimi.vn,2,8,340000000,a86b685a2d6817d315f48121ee4bb6099cc4c26b94d9fe1c256c5c62,False,False,5122521586,0.01,False,We are Kirin,3316189393,25000000,7236281292,1629043597,,9440460528,0.0405,0,0,0,0,0,0,0,0,KIRIN,25,True
9203345458871,pool125kh7e0y9lwya4sz5etmsk7hvga9jtfpuhw00vz9zvk6sh8xh5r,2,264,,,46,170000000,552d7f65e42fdc4ed602a657b85bd7623a592d21e5dcf7b045132da8,False,False,9185554947032,0,False,CHOCO Stake Pool,80172192219,10000000000,68850000000,1629034536,,509765254767,0.0275,0,0.0203,0.0221,0.0091,0.0131,0.0225,0.0179,0.0253,CHOCO,1255,True
300577649,pool1c39qg80pu8596huf5kh6cmfuxp8yzxz4kfqc4csfz7xdcwfwcnc,0,0,,,3,340000000,c44a041de1e1e85d5f89a5afac6d3c304e411855b2418ae209178cdc,False,False,300577649,0.075,False,PKJNPool,1434673,0,0,1628887968,,0,0,0,0,0,0,0,0,0,0,PKJN,0,True
5151309207,pool12nhydvz643puda5jjc7hxyphk9685n8tlsgeenfvtttckd803e5,0,0,,,6,340000000,54ee46b05aac43c6f692963d731037b1747a4cebfc119ccd2c5ad78b,False,False,5151309207,0.075,False,COJRPool,1434673,0,0,1628887370,,0,0,0,0,0,0,0,0,0,0,COJR,0,True
1674265180,pool1raua8hvrv65aq3gjuk0re4juzdpw4gnpkeq7lyl94j8cv2grye4,0,0,,,6,340000000,1f79d3dd8366a9d04512e59e3cd65c1342eaa261b641ef93e5ac8f86,False,False,1674265180,0.075,False,WDHBPool,1434673,0,0,1628874682,,0,0,0,0,0,0,0,0,0,0,WDHB,0,True
184798262,pool1xamkqfkkfm4eldv88jhdcm5uzs8kd3p776e789hqv8yfzjgqh9s,0,0,,,4,340000000,37776026d64eeb9fb5873caedc6e9c140f66c43ef6b3e396e061c891,False,False,184798262,0.075,False,OUYGPool,1434673,0,0,1628871934,,0,0,0,0,0,0,0,0,0,0,OUYG,0,True
6449367378,pool12xyhj4ktuhy0gage20p3e6z6r3s0tun7lmsk89lxv4y5wh93t0g,0,0,,,7,340000000,51897956cbe5c8f4751953c31ce85a1c60f5f27efee16397e6654947,False,False,6449367378,0.075,False,ARDFPool,1434673,0,0,1628870770,,0,0,0,0,0,0,0,0,0,0,ARDF,0,True
1040652302,pool19z9ac79g48kekg2xghx3afj6qp5skr9ar590w0huhc8nxn9s5j9,0,128,,,5,340000000,288bdc78a8a9ed9b214645cd1ea65a00690b0cbd1d0af73efcbe0f33,False,False,1040652302,1,False,Toadpool,1027765573,500000000,77957861802,1628870665,,139111447459,0.0238,0,0,0,0,0,0,0,0,TOAD,350,True
373760410,pool1dsvkdd2t3wnn3mrm27q0572zl2z36lkw3cl2cf4z0c24vad28v2,0,5,,,2,340000000,6c1966b54b8ba738ec7b5780fa7942fa851d7ece8e3eac26a27e1556,False,False,2322268196,0.075,False,RFTYPool,373760410,0,1858675412,1628866217,,1428078731,0.0158,0,0,0,0,0,0,0,0,RFTY,5,True
1941683344,pool1ylhh4u260wz52zpct0ce8txh8alm0zmjaf4fn69yz09xs68y70v,0,0,,,1,340000000,27ef7af15a7b854508385bf193acd73f7fb78b72ea6a99e8a413ca68,False,False,1434673,0.075,False,MHGLPool,1434673,0,0,1628861110,,0,0,0,0,0,0,0,0,0,0,MHGL,0,True
9913172904,pool16y2dn9e7cw07wtergytxr36qlydfe7aj92xhv59e6pzezgwxtv8,0,1,,,16,340000000,d114d9973ec39fe72f23411661c740f91a9cfbb22a8d7650b9d04591,False,False,9913172904,0.025,False,Nuclear Stake,500116169,105000000000,348061849,1628820169,,23828553,0.0023,0,0,0,0,0,0,0,0,NUKE,1,True
4456653699224,pool18j287g2sccele52hhxc0csk2ghfghwndqm9yahdqnhjks840wtq,0,287,,,1156,340000000,3c947f2150c633fcd157b9b0fc42ca45d28bba6d06ca4edda09de568,False,False,4464828885086,0.025,False,ADA Ape Pool,39066381822,25000000000,125751635989,1628793730,,1108235372664,0.0336,0,0.0146,0.0136,0.0081,0.0142,0.0177,0.0142,0.0197,APE,2271,True
22019491068,pool1w728ekz4fs2f33qmqf7047hvwsmarjrv5l575ncnh7hkc0zdhgz,0,11,,,8,340000000,77947cd8554c1498c41b027cfafaec7437d1c86ca7e9ea4f13bfaf6c,False,False,22019491068,0,False,InvestPool800nlb,925834327,180000000,3740000000,1628782863,,9238407123,0.0219,0,0,0.0431,0,0,0.0406,0,0.0360,LAKCV,31,True
1018842337,pool1r2z2v45320taq385pny6gz80hyq3rsue8r8n0w9zpq0c7yjl9el,0,0,,,2,340000000,1a84a6569153d7d044f40cc9a408efb90111c39938cf37b8a2081f8f,False,False,1018842337,0.02,False,cashtano,1014627418,1000000000,0,1628768425,,0,0,0,0,0,0,0,0,0,0,CHTN,0,True
2559137316,pool1uae2f4eg8mhzuur43w9l8vpk4dur58w600x0cy2ef5angazhg3x,0,0,,,4,340000000,e772a4d7283eee2e70758b8bf3b036ab783a1dda7bccfc11594d3b34,False,False,2559137316,0.01,False,Sun Malaga Ada Pool,505603946,400000000,0,1628768216,,0,0,0,0,0,0,0,0,0,0,SMAP,0,True
203182474,pool1rcg65q6m4y2w49n0nvj570xfa3hsyarm5tjnnumy4xm3sw0d6lu,0,0,,,3,340000000,1e11aa035ba914ea966f9b254f3cc9ec6f02747ba2e539f364a9b718,False,False,203182474,0,False,Crypto Land Cardano Pool,203182474,0,0,1628718187,,0,0,0,0,0,0,0,0,0,0,CLCP,0,True
460377578,pool1rglej4fkg4l99e5agyxsd5w977n5u7chq8wrpwsgmr80292fw65,0,0,,,4,340000000,1a3f995536457e52e69d410d06d1c5f7a74e7b1701dc30ba08d8cef5,False,False,460377578,0.02,False,LawOfHeaven,0,1800000000,0,1628715701,,0,0,0,0,0,0,0,0,0,0,HEAVN,0,True
1714037406895,pool16p8y0pzx8yx7vz6eqksw9xjhh3tzeymvxcstrgtk8ncw75356yw,0,37,,,85,170000000,d04e478446390de60b5905a0e29a57bc562c936c3620b1a1763cf0ef,False,False,1703133704949,0,False,Midnight! ✅ · 0% Fees! ✅,1005574453,1000000000,6800000000,1628708399,,15008126436,0.0156,0,0.0176,0.0173,0.0037,0.0191,0.0193,0.0222,0.0167,ZPCT,58,True
2242099449,pool10cpz0zepq23hm6lrk8vgnsdwl772lasq9caaemvw9kh9ktxqygk,0,0,,,3,340000000,7e02278b2102a37debe3b1d889c1aeffbcaff6002e3bdced8e2dae5b,False,False,2242099449,0.03,False,Esquire Stake Pool,2193294055,2000000000,0,1628630436,,0,0,0,0,0,0,0,0,0,0,ESQ,0,True
58273114,pool1l5jfc3zv4nue29uqh32fvz9khstd24azmxjltus3s90ckzw37p8,0,0,,,2,340000000,fd249c444cacf9951780bc549608b6bc16d557a2d9a5f5f211815f8b,False,False,58273114,0.01,False,Poolaris,55308833,50000000,0,1628601735,,0,0,0,0,0,0,0,0,0,0,PLRS,0,True
100563502554,pool1mkw6psku0jvaw60uqleul9jxlmyt2xet3urjrgu6735ryxtga60,0,11,,,12,340000000,dd9da0c2dc7c99d769fc07f3cf9646fec8b51b2b8f0721a39af46832,False,False,100563502554,0.01,False,CryptYoLo,16508340083,15800000000,3756317218,1628580771,,1615405121,0.0066,0,0.0008,0.0005,0,0,0.0003,0,0.0005,CRYL,11,True
20559133742,pool1ucmm6rgdta0sw4qrcj3vml4wsr8pld495pptuypxg2uuvvlqest,0,2,,,8,340000000,e637bd0d0d5f5f075403c4a2cdfeae80ce1fb6a5a042be102642b9c6,False,False,20559133742,0,False,ReadyStakePool,3501705624,2650000000,680000000,1628552620,,685822933,0.0092,0,0,0,0,0,0,0,0,READY,2,True
336341812449,pool10xmmn972gyza7nj8q4cyy0vrpn6kqzmdz2ut7ynnc8d0ycxlvw3,0,49,,,16,170000000,79b7b997ca4105df4e470570423d830cf5600b6d12b8bf1273c1daf2,False,False,336341812449,0.015,False,🧉  Mateada Club  🧉,131702360911,101000000000,12770676159,1628460390,,12521069394,0.0141,0,0.0098,0.0155,0.0195,0.0261,0.0147,0.0129,0.0167,MATE,55,True
241299438,pool1ew5543rzgp7vs5qvmc0c42zucz9v6d3vct2zsa74erjfjen2p2d,0,0,,,2,340000000,cba94ac462407cc8500cde1f8aa85cc08acd362cc2d42877d5c8e499,False,False,241299438,0.03,False,Micro-Makers Pool,4618002,3000000,0,1628450270,,0,0,0,0,0,0,0,0,0,0,UMKR,0,True
227205127979,pool12kdg7dmdfh0t9hmy43pvl38ftu5dvppyn86wgkc4jq8557xkyz7,0,56,,,26,170000000,559a8f376d4ddeb2df64ac42cfc4e95f28d6042499f4e45b15900f4a,False,False,196468302739,0,False,RenewPool,36898188537,30000000000,14450000000,1628440609,,19697398522,0.0176,0,0.0032,0.0052,0.0085,0.0057,0.0079,0.0045,0.0163,RENEW,69,True
467012090965,pool1sfuspqv9gyqn65vwu6e27dp6ju7gmqmgsnasqp6zxp6qqlzlpfe,0,148,,,50,170000000,827900818541013d518ee6b2af343a973c8d836884fb000742307400,False,False,467360340483,0.01,False,SolPi - Solar powered Pi,47583582072,30000000000,43926141098,1628411518,,477727444312,0.0343,0,0.0094,0.0063,0,0,0.0097,0.0093,0.0210,SOLPI,895,True
9618398,pool194rde70lnsrdu692j6hzrth2ka08l2t4g9mj0xl8tyfmuny7faj,0,0,,,1,345000000,2d46dcf9ff9c06de68aa96ae21aeeab75e7fa9754177279be75913be,False,False,9618398,0.05,False,CowabungaCrypto,9618398,100000000,0,1628399216,,0,0,0,0,0,0,0,0,0,0,COW,0,True
17993177191,pool17j4er5hpzkzyzpqzc98hxc7srvt5pvuye9q86mcrxluhjjj2aaj,0,0,,,9,340000000,f4ab91d2e11584410402c14f7363d01b1740b384c9407d6f0337f979,False,False,17993177191,0,False,PixelBlock,2828258,10000000000,0,1628396953,,0,0,0,0,0,0,0,0,0,0,PIXB,0,True
7225099489550,pool1tp7fzx8w3lrwwuwff9x7nlqr4r5n0awpq0krwnahvj387n7y22h,2,288,,,22,345000000,587c9118ee8fc6e771c9494de9fc03a8e937f5c103ec374fb764a27f,False,False,7222736220833,0.999,False,mtma,7073870,1000000,946078610997,1628251104,,4276954168,0.0002,0,0.0000,0.0000,0.0000,0.0000,0.0000,0.0000,0.0001,mtma,1937,True
109551305642,pool1wdrg5vtv3nrh0mqmfua5qmj5p3zchzay2cz80jwfxxwrx7gp402,0,5,,,8,170000000,73468a316c8cc777ec1b4f3b406e540c458b8ba4560477c9c9319c33,False,False,109551305642,0.01,False,AndrejCardanoPool,36513372510,30000000000,859550252,1628217734,,945475267,0.0065,0,0.0100,0.0207,0,0,0.0154,0.0200,0.0137,ACP,5,True
3067525649970,pool16e2x06wk8ufyakgrzq0c9p5tmfhl6w0c80raxr0xtg5g7aakhgh,0,275,,,502,340000000,d65467e9d63f124ed903101f82868bda6ffd39f83bc7d30de65a288f,False,False,3058971630578,0.01,False,Codanar,119017991300,100000000000,97291739304,1628173122,,378819054134,0.0258,0,0.0171,0.0209,0.0034,0.0166,0.0217,0.0185,0.0198,CDN,1021,True
0,pool16vk9aj2ml9llc3upqg8jpgn6lzkqakty8nkgx3vy0ayf78zdsgj,0,0,,,0,340000000,d32c5ec95bf97ffc4781020f20a27af8ac0ed9643cec8345847f489f,False,False,0,0.01,False,Update news,0,1000000000,0,1628141598,,0,0,0,0,0,0,0,0,0,0,UPDAT,0,True
0,pool1swywvk87zmgypz45ura8d5af6aw5nrrgalt96raqm6ze2uqkhk0,0,0,,,2,340000000,8388e658fe16d0408ab4e0fa76d3a9d75d498c68efd65d0fa0de8595,False,False,0,0.01,False,2Min Review,0,490000000,0,1628137910,,0,0,0,0,0,0,0,0,0,0,2MIN,0,True
0,pool1p7mhtnmcst29u7ws7d70lhugg4udywmhdgggy4km0dnnga0tymr,0,0,CardanoVietNam,1,0,340000000,0fb775cf7882d45e79d0f37cffdf884578d23b776a108256db7b6734,False,False,0,0.01,False,Cá mập ADA,0,1990000000,0,1628131748,,0,0,0,0,0,0,0,0,0,0,CAMAP,0,True
0,pool16ceelqjus36kgzkcscnjstv0upva203vvzv8zdpv06h9cjgzynz,0,0,,,0,340000000,d6339f825c8475640ad88627282d8fe059d53e2c609871342c7eae5c,False,False,0,0.045,False,CVIEW channel,0,1795000000,0,1628131446,,0,0,0,0,0,0,0,0,0,0,CVIEW,0,True
0,pool10n5e9hupkx0fs39fmhzpusdhd25vh6twxyq2n5dncegpkumhuz5,0,0,CardanoVietNam,0,0,340000000,7ce992df81b19e9844a9ddc41e41b76aa8cbe96e3100a9d1b3c6501b,False,False,0,0.045,False,CAVOI,0,1495000000,0,1628131192,,0,0,0,0,0,0,0,0,0,0,CAVOI,0,True
0,pool137fwd42fzdpddzxh56gxntpke3hcm5scr7f0fwn9f3xrsd4pu20,0,1,,,0,340000000,8f92e6d5491342d688d7a69069ac36cc6f8dd2181f92f4ba654c4c38,False,False,0,0.01,False,CAHEO,0,2490000000,343715389,1628130505,,367823585,0.0306,0,0,0,0,0,0,0,0,CAHEO,1,True
0,pool1qdrzlpjyf8qvscu3wyttg6z9s475mfmlkk69ulpmlekgyx73fuy,0,0,,,0,340000000,03462f864449c0c863917116b46845857d4da77fb5b45e7c3bfe6c82,False,False,0,0.0495,False,Bò Lạc,0,1485000000,0,1628130064,,0,0,0,0,0,0,0,0,0,0,BOLAC,0,True
1686687763,pool1d0329t36ac7udkqe9k5w4g4jpn8xrqfjh2u5jrrm4h4d50wkz2c,0,0,,,1,340000000,6be2a2ae3aee3dc6d8192da8eaa2b20cce618132bab9490c7badeada,False,False,1686687763,0.01,False,Econoweb1,1686687763,1254000000,0,1628103730,,0,0,0,0,0,0,0,0,0,0,ECWB1,0,True
33072894761,pool18te4aqp0umd6xunyps0mlg9tzk4dcjh30wgntqu8kf2n7k3y88f,0,0,,,3,340000000,3af35e802fe6dba372640c1fbfa0ab15aadc4af17b91358387b2553f,False,False,33072894761,0.01,False,Atlazkoin ADA Pool,1000833986,1000000000,0,1628056894,,0,0,0,0,0,0,0,0,0,0,ADAKA,0,True
2928374172672,pool1jv4yvr5edp7qp690hk3qfudwmw28n2wygjxyhaecqkzeqh0wlem,1,220,cardano420.com/,1,468,340000000,932a460e99687c00e8afbda204f1aedb9479a9c4448c4bf738058590,False,False,2928318912974,0,False,CardanoWeed,16182116814,10000000000,77080000000,1628024917,,200447138198,0.0275,0,0.0176,0.0191,0.0090,0.0120,0.0174,0.0178,0.0194,WEED,546,True
25012719466,pool1rrzlme4g2r49x7tcesdkuk5wqv5ks2dkq3ptapgnclgvkcxy9sc,0,0,,,3,340000000,18c5fde6a850ea537978cc1b6e5a8e03296829b60442be8513c7d0cb,False,False,25012719466,0.01,False,Duck Duck Pool,342417653,341000000,0,1628024217,,0,0,0,0,0,0,0,0,0,0,DDP,0,True
10181917,pool159lt33zgmwm4ehyhr39lw5gv4flncg0lswxrrny8fnc4uun4h74,0,0,,,3,340000000,a17eb8c448dbb75cdc971c4bf7510caa7f3c21ff838c31cc874cf15e,False,False,10181917,0,False,Moongang,6289215,0,0,1627898158,,0,0,0,0,0,0,0,0,0,0,MOONX,0,True
3472842615,pool1ey97shazvk483tzqsvda6hvh8z0kld4g5ssxanrgetddgcf2mns,0,0,,,3,340000000,c90be85fa265aa78ac40831bdd5d97389f6fb6a8a4206ecc68cadad4,False,False,3472842615,0.01,False,InnovationsVault,2825479,2000000,0,1627882740,,0,0,0,0,0,0,0,0,0,0,INV,0,True
363504134162,pool1zn4wnk52kmfjy9mw4z85p6wn9kzrn94l9h5gys8r2k2w57mdnhh,0,63,,,47,170000000,14eae9da8ab6d322176ea88f40e9d32d843996bf2de88240e35594ea,False,False,708959722185,0.01,True,ENVY Stake Pool,83472235082,70000000000,19309931365,1627881250,,25145266182,0.0159,0,0.0216,0.0162,0.0838,0.0548,0.0198,0.0361,0.0162,ENVY,86,True
67369158508,pool1n0tqrkw62zmr20h9jz5ev2ph428ym49wt2z0mq4vlylf5u0sv7y,0,0,,,14,345000000,9bd601d9da50b6353ee590a9962837aa8e4dd4ae5a84fd82acf93e9a,False,False,67369158508,0.05,False,Coin Ceylon,25001617254,25000000000,0,1627828844,,0,0,0,0,0,0,0,0,0,0,LANKA,0,True
2562761,pool1u6rml05w6hpl3t3ft8zwng6quksexa97wsxgdpg5kj4f78hhv7h,0,1,,,2,340000000,e687bfbe8ed5c3f8ae2959c4e9a340e5a19374be740c868514b4aa9f,False,False,2562761,0.01,False,Alibaba and 40 holders,0,25000000000,343770878,1627818682,,373316954,0.0348,0,0,0,0,0,0,0,0,ALI33,1,True
1637190322,pool1aznnuv8rx07e6djpheq3kh05r7zwm0z672u8vd8tr3yxsnegkp4,0,0,,,4,340000000,e8a73e30e333fd9d3641be411b5df41f84edbc5af2b87634eb1c4868,False,False,1637190322,0,False,AdaSurge,507718757,500000000,0,1627763093,,0,0,0,0,0,0,0,0,0,0,SURGE,0,True
1231208,pool139l6650n4u0gg9fmnd3aczp62q5xwngp299pwwhe2mj7sm5vqs6,0,0,,,3,340000000,897fad51f3af1e84153b9b63dc083a5028674d01514a173af956e5e8,False,False,1231208,0,False,CPO,1231208,0,0,1627678916,,0,0,0,0,0,0,0,0,0,0,CPO,0,True
258643860,pool1v2u8x73efaa7vlc342jdd4pdvdp9vmmgacc97tty6cljxrtxpse,0,3,,,3,340000000,62b8737a394f7be67f11aaa4d6d42d6342566f68ee305f2d64d63f23,False,False,258643860,0.035,False,Share_the_love,0,50000000000,1058739376,1627662298,,1068099962,0.0083,0,0,0,0,0,0,0,0,STL,3,True
507102535,pool1rp466amdpse0gsmdkteqpqmnm5fl4v0q8juwwq4xagwygwzu8ln,0,0,,,1,340000000,186bad776d0c32f4436db2f2008373dd13fab1e03cb8e702a6ea1c44,False,False,507102535,0.03,False,Symm Pool,507102535,450000000,0,1627612564,,0,0,0,0,0,0,0,0,0,0,SYMM,0,True
623529642,pool170jjhp3s7gw23clx6yvfdfvv9t6egwazjhk3gy5y0xnq6y8mjjt,0,0,,,7,340000000,f3e52b8630f21ca8e3e6d11896a58c2af5943ba295ed14128479a60d,False,False,623529642,0,False,Calva Group,109229272,101000000,0,1627569521,,0,0,0,0,0,0,0,0,0,0,CALVA,0,True
100245030279,pool19at4pzt6ghethuls7ehr0v5x65cg7mj0zun79eenefa074yfcz8,0,40,,,31,170000000,2f5750897a45f2bbf3f0f66e37b286d5308f6e4f1727e2e733ca7aff,False,False,100245030279,0,False,Southern California Stake Pool,85215830120,75000000000,12240000000,1627525311,,9794458053,0.0177,0,0.0113,0.0070,0,0,0.0101,0,0.0100,SOCAL,43,True
62174935767561,pool1ff2hr0sukqqd75jr2rh3wrmnesxqgpq42dgd6rm3ungnqp904ue,16,243,blockdaemon.com,3,32,340000000,4a5571be1cb000df524350ef170f73cc0c0404155350dd0f71e4d130,False,False,62338646108853,0.08,False,Blockdaemon 🧱😈 Stake Pool 3,6653775687,200000000,356576325490,1627508447,,4201513325594,0.0290,0,0.0225,0.0233,0.0144,0.0165,0.0234,0.0195,0.0245,BD3,9796,True
46542062450496,pool1dl4695wfl79k7gtzt87gsf8gsqeq97yzuvaq0d4zxhz6c0nlf4g,16,255,blockdaemon.com,2,40,340000000,6feba2d1c9ff8b6f216259fc8824e8803202f882e33a07b6a235c5ac,False,False,46559845958801,0.08,False,Blockdaemon 🧱😈 Stake Pool 2,4750194563,200000000,468014306449,1627507949,,5806721962086,0.0284,0,0.0203,0.0209,0.0096,0.0128,0.0230,0.0172,0.0234,BD2,13129,True
607724090,pool1dzq7728vsl8alh46l7vdz7wa5pxt2kx58glwnteymaz7c6jmv4t,0,0,,,2,340000000,6881ef28ec87cfdfdebaff98d179dda04cb558d43a3ee9af24df45ec,False,False,607724090,0,False,AIDa Pool,597698347,8000000000,0,1627432416,,0,0,0,0,0,0,0,0,0,0,AIDA,0,True
0,pool13hpkh9ljtsa4896evualpvky8rcr89qtzvfdns64qtlp7pe93nn,0,0,,,0,340000000,8dc36b97f25c3b539759673bf0b2c438f033940b1312d9c35502fe1f,False,False,0,0,False,,0,10000000000,0,1627412162,,0,0,0,0,0,0,0,0,0,0,,0,True
49603125670,pool1sk64cyef3v2m000eshsdz6ydu3j7rczuyv93dl76euyev7pslxg,0,22,,,2,340000000,85b55c13298b15b7bdf985e0d1688de465e1e05c230b16ffdacf0996,False,False,48157741094,0.01,False,Because of loving ADA,38696387486,50000000,7526758100,1627358486,,3780529102,0.0116,0,0,0.0016,0,0,0.0020,0,0.0029,SAIGO,22,True
27864733458,pool1kccqxg032r6dcqqpvmv87azttcug5ug6cur9pa7qkuwc5ze4pxa,0,198,,,22,170000000,b6300321f150f4dc000166d87f744b5e388a711ac70650f7c0b71d8a,False,False,27864733458,0.01,False,ADA is the best,176011287,0,68497892095,1627358354,,132708916193,0.0228,0,0.0301,0.0109,0,0,0.0056,0,0.0139,HUDO,394,True
863834433223,pool1haus36sw7cwyg8jdeg882mentse5txac7fmeew8ketuwky6q602,0,261,blockdaemon.com,1,28,340000000,bf7908ea0ef61c441e4dca0e756f335c33459bb8f2779cb8f6caf8eb,False,False,863834433223,0.08,False,Blockdaemon 🧱😈 Stake Pool 1,910469684,200000000,395432653628,1627346034,,5451839510600,0.0300,0,0.0098,0.0083,0.0004,0.0096,0.0219,0.0051,0.0238,BD1,11652,True
25878047909,pool15krrlqfd3uc8nea2tw8z3wl2v0fny4enhu3q892988zv7dhv0vk,0,5,,,11,340000000,a5863f812d8f3079e7aa5b8e28bbea63d3325733bf2203954539c4cf,False,False,25878047909,0.015,False,Incrypture-ADA,12244181710,10000000000,1818806148,1627333148,,7794401062,0.0280,0,0,0,0,0,0,0,0,INCA,15,True
6959450613,pool1trxkcm5vnaj07htsmlfgjpwxmljy70ucs8z2n2qy8mvgxr73qlv,0,0,,,5,340000000,58cd6c6e8c9f64ff5d70dfd28905c6dfe44f3f9881c4a9a8043ed883,False,False,8122275916,0.01,False,Crypto Coffee Beans,4655404011,2000000000,0,1627322172,,0,0,0,0,0,0,0,0,0,0,COFE,0,True
38760991338,pool19dn4vmk5ayatdjshpnyvxy6w4fef0zfl585sfpls6l2wvn0xxjn,0,1,,,4,340000000,2b67566ed4e93ab6ca170cc8c3134eaa7297893fa1e90487f0d7d4e6,False,False,38760991338,0.015,False,GOAT23,38098955857,10000000000,356413351,1627301416,,1077810112,0.0048,0,0,0,0,0,0,0,0,MJ23,2,True
1045574031,pool1wjt7mjhdaj857hwk3qg2wswn30ghjczm2qetrs7k6sjc20x4hfx,0,0,,,6,340000000,7497edcaedec8f4f5dd68810a741d38bd179605b5032b1c3d6d42585,False,False,1045574031,0.5,False,153 Fish Pool,1000000000,1000000000,0,1627262719,,0,0,0,0,0,0,0,0,0,0,153F,0,True
75982587182251,pool14cq4fchmmqjygwjw4zexmqqd6a7caxptjnvseyu6wanjuppv4vk,27,280,,,2006,170000000,ae0154e2fbd824443a4ea8b26d800dd77d8e982b94d90c939a77672e,False,False,79439495808338,0,False,Cardano Suisse,4994966492622,3000000000000,75480000000,1627238730,,2188380818556,0.0277,0,0.0227,0.0235,0.0118,0.0160,0.0253,0.0215,0.0260,CH1,5675,True
50061794490,pool1e3y7u0rtq2zskc7ansvtrd4p3vtv9hglyztzcvsvlk22w9t40v0,0,45,,,33,340000000,cc49ee3c6b02850b63dd9c18b1b6a18b16c2dd1f20962c320cfd94a7,False,False,50068597368,0.01,False,Carden Pool,2356638,1000000,17013400378,1627235013,,169299285647,0.0377,0,0,0,0,0,0,0,0.0069,CRPL,293,True
28893162406,pool1qarmuvc39q7ygl2affsuly2hs39mukcag9tunsnu8xudwv8mf00,0,0,,,6,340000000,0747be3311283c447d5d4a61cf9157844bbe5b1d4157c9c27c39b8d7,False,False,28893162406,0.01,False,BeaglePool,25189617709,25000000000,0,1627208949,,0,0,0,0,0,0,0,0,0,0,BEAGL,0,True
1203009836,pool1tfye5tfgd6x2mw5xwe5lr2y6cu9grnpvenj7dc8258xmq8cuc04,0,0,,,2,340000000,5a499a2d286e8cadba867669f1a89ac70a81cc2ccce5e6e0eaa1cdb0,False,False,1203009836,0.05,False,The Cambridge Alliance,9436265,5000000,0,1627175253,,0,0,0,0,0,0,0,0,0,0,ERG,0,True
918861845,pool1k0sdhxunrkpv6dqdhhn3wkul8ytxhskt9erw94h66xe46nsqp0c,0,22,git.io/JOkNh,6,7,170000000,b3e0db9b931d82cd340dbde7175b9f39166bc2cb2e46e2d6fad1b35d,False,False,918861845,0,False,Cardano On The Moon,505304207,500000000,7695535194,1627155339,,21337985216,0.0372,0,0,0,0,0,0,0,0,ON1,42,True
1272375121,pool1p7rhyhffkw7xewl8c2c0dlaa406q7qfztg2hxa3aw4u2uaqlqla,0,0,,,4,345000000,0f87725d29b3bc6cbbe7c2b0f6ffbdabf40f01225a1573763d7578ae,False,False,1272375121,0,False,HUMAN Cardano Pool,197625746,100000000,0,1627029808,,0,0,0,0,0,0,0,0,0,0,HUMAN,0,True
25196466632,pool173qemdqfjnkrjzykmc0j4nqmxuuhvvv42pawt4xka3k2vwmd4mr,0,3,,,7,345000000,f4419db40994ec390896de1f2acc1b3739763195507ae5d4d6ec6ca6,False,False,25196466632,0.01,False,CoachellADA,2104658638,1000000000,1044949195,1627028410,,984970403,0.0107,0,0,0,0,0,0,0,0,CVSP,3,True
35244277976,pool190fke89hjqyyvsc0snhnzrgg3wjjchf0y7n79jlal0yuj8060xt,0,0,,,3,340000000,2bd36c9cb7900846430f84ef310d088ba52c5d2f27a7e2cbfdfbc9c9,False,False,35244277976,0.05,False,Noether Tech Pool,512621610,500000000,0,1627011299,,0,0,0,0,0,0,0,0,0,0,EMMY,0,True
11655245956,pool13zkcgp7se22046p9gczt98au93dw85q2g7m3zany4kzf66y46x0,0,12,pilo20.github.io,1,31,340000000,88ad8407d0ca94fae8254604b29fbc2c5ae3d00a47b7117664ad849d,False,False,11655245956,0.02,False,TERO,0,2252000000,3822674835,1626912848,,4496167714,0.0272,0,0,0,0,0,0,0,0,TERO,14,True
1626982517791,pool1xn63858ej0gcs4tkjm2e3a2fgjrecfxtvzq3465ypl8ywkx7gcv,0,249,occam-x.fi,0,1899,340000000,34f513d0f993d188557696d598f54944879c24cb60811aea840fce47,False,False,1616201453080,0.05,False,OccamFi,14752067224,0,1062248897341,1626890595,,280646414052,0.0074,0,0.0134,0.0145,0,0.0001,0.0110,0.0001,0.0174,pOCC,2247,True
2032987470706,pool1h4gwh638485yd0xcw0pkrm935nvm4aecqsxjx2yzzz0u6dfj73q,0,137,,,70,340000000,bd50ebea27a9e846bcd873c361ecb1a4d9baf738040d232882109fcd,False,False,2031325643936,0.25,False,SEBA Pool,46862410,0,134182571340,1626843157,,608607040008,0.0294,0,0.0112,0.0092,0.0144,0.0128,0.0092,0.0081,0.0122,SEBA,483,True
5580549964274,pool18xjkr4xpscwxsatewj9lqc6z74vw90qycjd0wrypeqej673j5u8,2,293,,,12,340000000,39a561d4c1861c687579748bf06342f558e2bc04c49af70c81c8332d,False,False,5581247361706,0.03,False,TAM Stake Pool,3970088440,2000000000,134551656848,1626796941,,1151860487228,0.0346,0,0.0194,0.0199,0.0112,0.0120,0.0209,0.0165,0.0238,TAM,2315,True
7848856273988,pool1n353xqapcq8wtyskm8cj4g04t8rv03lteyl30c42zug7kzv8vqz,6,182,,,57,340000000,9c691303a1c00ee59216d9f12aa1f559c6c7c7ebc93f17e2aa1711eb,False,False,7852163971098,0,False,NES Pool,3119546909,0,61200000000,1626722203,,544668116686,0.0272,0,0.0264,0.0242,0.0148,0.0220,0.0253,0.0248,0.0250,NES,1412,True
3374643460,pool19n2rjlddd0afs02cgd86mehptwaajv5kndtfcuqzdmgzq06lq0n,0,13,,,6,340000000,2cd4397dad6bfa983d58434fade6e15bbbd932969b569c70026ed020,False,False,3374643460,0.05,False,Next Apex Obtai Stake Pool,913771674,100000000,4850027689,1626706776,,8170526240,0.0304,0,0,0,0,0,0,0,0,NAO,19,True
2010436661,pool1vzquqa6clffwsegafvyds0zkaqpjcw0hurq3a0xc8ape6h0xhkh,0,0,,,1,340000000,6081c07758fa52e8651d4b08d83c56e8032c39f7e0c11ebcd83f439d,False,False,2010436661,0.05,False,AMRR Pool 1,2010436661,2000000000,0,1626680329,,0,0,0,0,0,0,0,0,0,0,AMRR1,0,True
7837817633,pool1lrgpe8s7yskeqwvgu4t6tmkmh8eqwu0xj56yvufpxcn2kjgn7ss,0,0,,,5,345000000,f8d01c9e1e242d903988e557a5eedbb9f20771e695344671213626ab,False,False,7837817633,0.15,False,TheHub,3315346446,3815541999,0,1626655639,,0,0,0,0,0,0,0,0,0,0,HUB01,0,True
9823059,pool18hk4akqtnktgsptxll625lksugwpc4r30nzjgz4pxtufqgw5gdd,0,12,,,1,340000000,3ded5ed80b9d96880566fff4aa7ed0e21c1c54717cc5240aa132f890,False,False,9823059,0.04,False,SPIRAL,9823059,100000000,4537513636,1626608697,,10980327360,0.0307,0,0,0,0,0,0,0,0,SPIRL,22,True
753451974140,pool1w9hdxd0ydy7qrtxe2lceg80mpsyamwnaqyvu2v0yngj4cfkfu2t,0,139,,,4,170000000,716ed335e4693c01acd957f1941dfb0c09ddba7d0119c531e49a255c,False,False,753800670243,1,False,NAPPY Pool,17300486115,100000000,98860248566,1626585203,,0,0,0,0,0,0,0,0,0,0,NAPPY,200,True
612166543,pool1ylkps8vax4nzxe507a0mx2svu3p8w2mkvdhyjqu7rl78q9rehh9,0,1,,,6,340000000,27ec181d9d356623668ff75fb32a0ce442772b76636e49039e1ffc70,False,False,612166543,0,False,BOL₳D₳ CARDANO,447564264,100000000,340000000,1626570819,,375207609,0.0065,0,0,0,0,0,0,0,0,BOLA1,1,True
112012308233,pool1qrp4nzmalqdgc96avaqjha9zp6mkahtzler6tvuupzlvvw786qn,0,81,,,5,340000000,00c3598b7df81a8c175d67412bf4a20eb76edd62fe47a5b39c08bec6,False,False,112012308233,0.04,False,,41342534276,13000000000,28790256143,1626560900,,30006148488,0.0131,0,0,0,0,0,0,0,0.0004,,108,True
2577856713,pool1szah3sjg5vhd09pa0y6fcsyja2rttsztdp0gj8jpngqxz9kj0a8,0,1,,,21,340000000,80bb78c248a32ed7943d79349c4092ea86b5c04b685e891e419a0061,False,False,2577856713,0,False,Aionios Pool,440214474,50000000,340000000,1626554771,,283047413,0.0038,0,0,0,0,0,0,0,0,TIME,1,True
1001063730,pool1dhzv896pw40c4tw23w4h2ux5yzm47r59h8qaqhu89shwkugqygj,0,0,,,10,340000000,6dc4c39741755f8aadca8bab7570d420b75f0e85b9c1d05f872c2eeb,False,False,1001063730,0.005,False,Cookie Stake Pool,505835174,505000000,0,1626546899,,0,0,0,0,0,0,0,0,0,0,CKE,0,True
614766722821,pool1nzsjg3cuam3uj39qusn44cs2uj7h30lppqsrqsllwxs2c8fx4xs,0,184,,,1009,340000000,98a124471ceee3c944a0e4275ae20ae4bd78bfe108203043ff71a0ac,False,False,610904016618,0.04,False,Discover Crypto,0,0,73336962824,1626463286,,301053682280,0.0241,0,0,0,0,0,0,0,0.0009,DISCO,691,True
2249499805,pool1kqpy3de52m07versalrkqd57w2qh5cze3wupwrgx39m5gvtkjct,0,0,,,4,340000000,b00248b73456dfe66470efc760369e72817a60598bb8170d06897744,False,False,2249499805,0.01,False,FETRI POOL,493619014,480000000,0,1626438926,,0,0,0,0,0,0,0,0,0,0,FETRI,0,True
15586226058,pool12qrgswlflndwp3met59zmuclqp4wryn4e9428gm7n8vwymnhvng,0,11,,,7,340000000,5006883be9fcdae0c7795d0a2df31f006ae19275c96aa3a37e99d8e2,False,False,15586226058,0.0437,False,Knights of ADA,10404054130,10000000000,3970966548,1626389289,,5000950547,0.0065,0,0,0,0,0,0,0,0,VALOR,13,True
5267117,pool16a23pum2srw5xmkknvw8dtc8ynqedx3wecmhacez4chrv9huvyg,0,0,,,6,340000000,d75510f36a80dd436ed69b1c76af0724c1969a2ece377ee322ae2e36,False,False,5267117,0,False,BearPool 🧸,1074023,10000000000,0,1626334828,,0,0,0,0,0,0,0,0,0,0,BEAR,0,True
146081832304,pool1fl0gdfcmzg4jf3hw839epdteuazm23nff44vddap00r0sm5gvvk,0,41,,,25,340000000,4fde86a71b122b24c6ee3c4b90b579e745b546694d6ac6b7a17bc6f8,False,False,146317708135,0,False,OMNI,41346002804,40000000000,13600000000,1626319033,,16968549570,0.0184,0,0.0005,0.0067,0,0,0.0129,0,0.0109,OMNI,66,True
125390370723,pool13p725l7vqedxvkrstaq7myguewcktjglapwls3re7wakxdv90fw,0,50,t.me/StakingADA,1,5,340000000,887caa7fcc065a6658705f41ed911ccbb165c91fe85df84479f3bb63,False,False,125390370723,0.015,False,Love Cardano,118202906768,100000000000,18949307650,1626096056,,128004537346,0.0319,0,0.0005,0.0003,0,0.0019,0.0006,0.0010,0.0012,ANCO,263,True
154247620,pool1thfkd47x8s84f2vfpxr6v0sfvhrtlwxdv0r7mtjaqvglgpuh9p0,0,0,,,2,345000000,5dd366d7c63c0f54a9890987a63e0965c6bfb8cd63c7edae5d0311f4,False,False,154247620,0.05,False,Ratio Staking Pool,146421921,100000000,0,1626062183,,0,0,0,0,0,0,0,0,0,0,RATIO,0,True
55057976261,pool1em9u4sf0lzkz4ammtcmakymunpf0l7445ayh3e7fpvryw640fc6,0,0,,,5,340000000,cecbcac12ff8ac2af77b5e37db137c9852fffab5a74978e7c90b0647,False,False,55057976261,0.00575,False,Norther Lights Staking,2046640231,2000000000,0,1626045072,,0,0,0,0,0,0,0,0,0,0,NLAP,0,True
10025963463809,pool1rw29y8c5md2rm4ynkrqhpm9saatd0a0xzyyc6xudelgkww5junh,6,295,,,20,999999000000,1b94521f14db543dd493b0c170ecb0ef56d7f5e611098d1b8dcfd167,False,False,10028147430521,0.99999,False,Ragdoll,19957672792,0,1358863428984,1625900015,,0,0,0,0,0,0,0,0,0,0,RGDL,2647,True
2386319,pool1vuhc5fl733g3twn856xsfjqusczvk68r6pvs6lqgtadzsf6fue2,0,0,,,1,340000000,672f8a27fe8c5115ba67a68d04c81c8604cb68e3d0590d7c085f5a28,False,False,2386319,0.01,False,Shark,2386319,1000000000,0,1625896871,,0,0,0,0,0,0,0,0,0,0,SHARK,0,True
7702343087,pool19nfs9chtv37vfawvpyf0x2shfhns9hpwy3qfckvpm4dmq0nrl8m,0,0,,,9,340000000,2cd302e2eb647cc4f5cc0912f32a174de702dc2e24409c5981dd5bb0,False,False,7787997045,0,False,FortuneADA Pool,1001730947,1000000000,0,1625820196,,0,0,0,0,0,0,0,0,0,0,FADA,0,True
1801494,pool1d4tuk5ln88x5s9xcck4lfz8u4svdvxzsh2ue9rnmqrxm6a486uv,0,0,,,2,340000000,6d57cb53f339cd4814d8c5abf488fcac18d61850bab9928e7b00cdbd,False,False,1801494,0.05,False,,1801494,220000000,0,1625815918,,0,0,0,0,0,0,0,0,0,0,,0,True
3201023351669,pool14hhs6ruwnuaf4fzsmx89mvmjl2qhyy5jnzyk2le03886kj6z9yp,1,284,,,17,340000000,adef0d0f8e9f3a9aa450d98e5db372fa817212929889657f2f89cfab,False,False,3196720398272,0.007,True,OKAYAMA,1137774724,1000000000,98645861748,1625802514,,392794287527,0.0292,0,0.0175,0.0163,0.0160,0.0107,0.0193,0.0080,0.0198,OKYM,948,True
23225025566405,pool1eaeynp2hs06v4x8q65jfm2xqcd3dc80rv220gmxvwg8m5sd6e7a,2,152,hodlerstaking.com,0,414,340000000,cf7249855783f4ca98e0d5249da8c0c362dc1de36294f46ccc720fba,False,False,23176051582071,0,True,Midnight ▫ 0% fee,25066114917,25000000000,33015571769,1625801377,,894806716749,0.0275,0,0.0230,0.0241,0.0112,0.0147,0.0254,0.0220,0.0270,HODLR,2354,True
116031858685,pool1glll6eskvg5f4jcep5trqcgqa8zpekfv8d8a6jrprvcwum6u5jn,0,13,,,8,170000000,47fffd661662289acb190d16306100e9c41cd92c3b4fdd48611b30ee,False,False,116083942766,0,False,Monozeros Staking,11269055620,10000000000,4010240093,1625763993,,3279666037,0.0075,0,0.0099,0.0066,0,0,0.0099,0,0.0054,MZS,15,True
13932545792,pool177xu75tv2wqnz2cg879yekswm3wqqvwfgzhulkglrfksslsyj9r,0,1,linkedin.com,1,5,340000000,f78dcf516c5381312b083f8a4cda0edc5c0031c940afcfd91f1a6d08,False,False,13932545792,0.02,False,Possibilities Unite People,2463217672,2000000000,359486613,1625750951,,954844037,0.0163,0,0,0,0,0,0,0,0,PUP,2,True
123506287054,pool12d3th585ga2w593eu5zqnkahsnlczjpqxemjc0qhku7awnhvn8a,0,4,,,9,340000000,5362bbd0f44754ea1639e50409dbb784ff81482036772c3c17b73dd7,False,False,123504311253,0,False,H3ART POOL,11132285268,10000000000,1363668976,1625731765,,939036448,0.0055,0,0,0,0,0,0,0,0,H3ART,4,True
4845998156,pool1h5368szqrqvfy7txc5r2lyay0xx4fvp2w38mswplqknax8l9wl2,0,3,,,11,340000000,bd23a3c0401818927966c506af93a4798d54b02a744fb8383f05a7d3,False,False,4845998156,0.015,False,CARDANERS,152577729,500000000,1030717800,1625685316,,703802365,0.0058,0,0,0,0,0,0,0,0,OSADA,3,True
8247561,pool1mxv85lq4lvuqx8r83lmwlvqhtnu3qjy0lldhsv83rfnj5ed7vyg,0,0,,,1,340000000,d9987a7c15fb38031c678ff6efb0175cf910488fffdb7830f11a672a,False,False,8247561,0.006,False,⭐May the ADA be with you⭐,8247561,1000000000,0,1625664018,,0,0,0,0,0,0,0,0,0,0,R2D2,0,True
9630058,pool13w9mcp8af4ef8vwsw624ams38w7hs0chvtjknz2t3pcxkm8w9m2,0,9,gitlab.com/futuristDOTstudio,0,2,420000000,8b8bbc04fd4d7293b1d076955eee113bbd783f1762e569894b88706b,False,False,9630058,0.9999,False,REIGN of self,9630058,5000000,6296741506,1625659975,,25421636,0.0001,0,0,0,0,0,0,0,0,REIGN,9,True
3586173812,pool175jklkquzts0u05axap90uqpym5knnjxky396mz95hhauwyzswe,0,5,,,6,340000000,f5256fd81c12e0fe3e9d374257f00126e969ce46b1225d6c45a5efde,False,False,3586173812,0.01,False,We are ANADA,2899306558,1000000000,1715520648,1625646791,,1506903002,0.0316,0,0,0,0,0,0,0,0,ANADA,5,True
0,pool14kddecyyn0vjm07kr7vctnqnn3dt668dna63epdly220z4kgss7,0,0,,,1,340000000,ad9adce0849bd92dbfd61f9985cc139c5abd68ed9f751c85bf2294f1,False,False,0,0.01,False,ADA CUAN,0,100000000,0,1625621593,,0,0,0,0,0,0,0,0,0,0,CUAN,0,True
1452411459,pool17y4pg5j8z8zklmplel2l3l705zx706w3mrac2etns0uccehx3nr,0,0,,,3,340000000,f12a14524711c56fec3fcfd5f8ffcfa08de7e9d1d8fb85657383f98c,False,False,1452411459,0,False,ECOM Pool,1035664597,1000000000,0,1625515832,,0,0,0,0,0,0,0,0,0,0,ECOM🗲,0,True
0,pool1trvj5seg8u2r5tz2usenfmz9vs8qnf3nc8aft6vr9uqhszdlrx0,0,0,,,1,340000000,58d92a43283f143a2c4ae43334ec45640e09a633c1fa95e9832f0178,False,False,0,0.05,False,,0,100000000,0,1625409578,,0,0,0,0,0,0,0,0,0,0,,0,True
7717999250589,pool1les50pm26wpf8gym7cda470xgfswukzhyykvhyfsfl4dcu2ezj4,3,287,,,10,340000000,fe6147876ad38293a09bf61bdaf9e64260ee5857212ccb91304feadc,False,False,7721699854144,0.03,False,Sagittarius Pool,10127836781,1000000000,120370952853,1625402394,,759225989253,0.0308,0,0.0197,0.0209,0.0179,0.0250,0.0222,0.0212,0.0227,SGTRS,1780,True
923691183,pool12zcqkql458zh0pxvpw9qad8mceccdatk2lm0cpxfql557lhve8y,0,0,,,3,340000000,50b00b03f5a1c57784cc0b8a0eb4fbc67186f57657f6fc04c907e94f,False,False,923691183,0,False,InHotWaterPool,13611314,2000000,0,1625309069,,0,0,0,0,0,0,0,0,0,0,IHWP,0,True
2241305149377,pool1ncg357pkgx29g6jrwunk94pwxe409ktxyrw8s0k66vwkc4qdgnu,0,204,,,38,340000000,9e111a78364194546a43772762d42e366af2d96620dc783edad31d6c,False,False,2239260544678,0.01,False,Bring ADA around the World,99858356508,25000000000,70467179477,1625227900,,143270777697,0.0214,0,0.0183,0.0214,0.0114,0.0191,0.0182,0.0191,0.0190,BIMI1,463,True
979832322,pool16j549cl7ftj9ejw9sx5v50zjyuh8l49stmakrfrea4rxy0e7us5,0,0,,,1,345000000,d4a952e3fe4ae45cc9c581a8ca3c52272e7fd4b05efb61a479ed4662,False,False,979832322,0.01,False,Pool raspberry Pi of VIETNAM,979832322,100000000,0,1625214667,,0,0,0,0,0,0,0,0,0,0,WRHP,0,True
710967277625,pool16vxqq0ttyvfkt84f6ksncskgdk0r9w8ulaum0af8cmmfgsf5hua,0,0,,,3,345000000,d30c003d6b2313659ea9d5a13c42c86d9e32b8fcff79b7f527c6f694,False,False,710967277625,0.02,False,Chile Condor Staking Pool,101619014,100000000,0,1625199299,,0,0,0,0,0,0,0,0,0,0,CHILE,0,True
2656445099,pool14yezww4csqq4ny9xwl45e3vckvrd7rkw2j4f350wl2mqqw6shcf,0,20,,,5,340000000,a932273ab880015990a677eb4cc598b306df0ece54aa98d1eefab600,False,False,2656445099,0,False,Minimum Fees Charity Pool,503421919,500000000,6800000000,1625186873,,142703076798,0.0355,0,0,0,0,0,0,0,0,MnM,231,True
332166855,pool1fkfn8l8t09mplwpxkg3et39llpr5p7l63ter94hkj38tw6fnh3g,0,5,,,7,340000000,4d9333fceb79761fb826b22395c4bff84740fbfa8af232d6f6944eb7,False,False,332166855,0,False,Darkartopia Family,2106233,0,1700000000,1625180351,,1138641542,0.0134,0,0,0,0,0,0,0,0,FAM,5,True
480471994863,pool126f65lklaqw39jgx9wl8klqtx99evewxk0x5yc2jzzp5wfs8fde,0,62,,,30,340000000,5693aa7edfe81d12c9062bbe7b7c0b314b9665c6b3cd426152108347,False,False,480471994863,0,False,Prophet,152208982830,119000000000,20740000000,1625173135,,11451120997,0.0097,0,0.0054,0.0036,0,0.0005,0.0056,0.0096,0.0049,XPPX,70,True
50000339790355,pool1jzk8rwf2fs5l02dmm6pm5tnw9stmd8jpmvsy54085vu2u2656re,10,297,etoro.com,13,4,340000000,90ac71b92a4c29f7a9bbde83ba2e6e2c17b69e41db204a55e7a338ae,False,False,50000339790355,1,False,eToro Pool 11,0,0,8393333345049,1625137691,,0,0.0002,0,0,0,0,0,0,0,0,ETO11,16133,True
50006996286899,pool19l206haluae6wyzm7tjpt3gln9paa5m9s4fedec2u09fqz300ht,19,227,etoro.com,12,2,340000000,2fd4fd5fbfe773a7105bf2e415c51f9943ded365855396e70ae3ca90,False,False,50006996286899,1,False,eToro Pool 10,0,0,6413357092472,1625137354,,0,0,0,0,0,0,0,0,0,0,ETO10,11822,True
10004189011,pool1j3t6mhgndeuzqkpcj6csyxfhsr2fkgwknk6e4tjeeqhnc52fjc9,0,0,,,3,340000000,9457addd136e7820583896b102193780d49b21d69db59aae59c82f3c,False,False,10004189011,0.1,False,OceanOfOne,197625306,100000000,0,1625075131,,0,0,0,0,0,0,0,0,0,0,7SEAS,0,True
1725202811508,pool1hmtm4mukp5gs7fgrp0k997lveh4psq9qpeqa6ldugq9nsfcdxmp,0,233,,,26,340000000,bed7baef960d110f25030bec52fbeccdea1800a00e41dd7dbc400b38,False,False,1725202811508,0.03,False,Adaly Stakepool,127422199330,30000000000,90505057166,1625046474,,375742592366,0.0298,0,0.0075,0.0083,0.0145,0.0242,0.0127,0.0122,0.0136,ADALY,823,True
3040127987731,pool14n77mmxh6a2d9k05jamzdwsws2ayvkyje8uc7led958p63at3aj,0,105,cardano.securestaking.io,4,92,170000000,acfdedecd7d754d2d9f4977626ba0e82ba465892c9f98f7f2d2d0e1d,False,False,3032950406917,0,False,FIVE SecureStaking.io,203013643979,200000000000,21590000000,1625036146,,152563545696,0.0285,0,0.0174,0.0197,0.0148,0.0170,0.0217,0.0149,0.0239,SECUR,387,True
67456466,pool122gfj3ynz5ch8cfkx0tt5dsfpnf36sujcvrvxzqjm28yym8vv8x,0,0,,,3,340000000,5290994493153173e13633d6ba36090cd31d4392c306c30812da8e42,False,False,67456466,0.02,False,CryptoTuts [GER],2618002,500000000,0,1624999034,,0,0,0,0,0,0,0,0,0,0,CTUTS,0,True
3999371735618,pool1kdfznpenxa9wwcz8tweump45k5h78h8hl4slv78fdypsug9ypc6,0,292,,,49,340000000,b352298733374ae760475bb3cd86b4b52fe3dcf7fd61f678e969030e,False,False,4001115420495,0.015,False,DOW Pool,32091147164,30000000000,115132085082,1624948430,,1195024409673,0.0341,0,0.0146,0.0191,0.0096,0.0107,0.0173,0.0118,0.0207,DOW,2349,True
554651740,pool1qz9qfxcxsc46vpgrrj868scmttjp3y9xaehyn6knknegcsphq6u,0,0,myadapoolnamerocks.com,6,2,340000000,008a049b06862ba605031c8fa3c31b5ae41890a6ee6e49ead3b4f28c,False,False,554651740,0,False,KTO,0,100000000,0,1624870175,,0,0,0,0,0,0,0,0,0,0,KTO,0,True
568268785,pool1nf8990yn76kp9csnfrrl9aar7z8l7pas0jlfu637us5n6sgycem,0,0,,,3,345000000,9a4e52bc93f6ac12e21348c7f2f7a3f08fff07b07cbe9e6a3ee4293d,False,False,1880454628,0.15,False,ZadaPool,9619058,100000000,0,1624841931,,0,0,0,0,0,0,0,0,0,0,ZADA,0,True
18029567276602,pool104gtn3hvp9lz5l6wevhjj98e45s7rfaa4zzvk9pex7nn786qncr,6,298,adapilot.com,1,1953,340000000,7d50b9c6ec097e2a7f4ecb2f2914f9ad21e1a7bda884cb143937a73f,False,False,18063929962258,0,False,Pilot Pool 2,325050000000,325000000000,100640000000,1624831280,,2099403127298,0.0316,0,0.0229,0.0220,0.0147,0.0183,0.0236,0.0226,0.0241,PILOT,4571,True
2162167160,pool127xz8pls3lr6nct6w274ph2g4u83vqajgykf3l9ll772gvmju8z,0,0,,,3,340000000,578c2387f08fc7a9e17a72bd50dd48af0f1603b2412c98fcbfffbca4,False,False,2162167160,0,False,aBox[dot]cx > Global Enterprise-grade Pool,2026816204,2000000000,0,1624783545,,0,0,0,0,0,0,0,0,0,0,ABOX,0,True
879463512813,pool12pwp8hln0cjsxv0h2a0463qsakkhwetfhyqw7vzmpwd2jdj86n6,0,174,,,11,340000000,505c13dff37e250331f7575f5d4410edad776569b900ef305b0b9aa9,False,False,879463512813,0.01,True,Kobe ADA Pool,234036014206,200000000000,59590323966,1624776757,,75864555893,0.0210,0,0.0029,0.0054,0.0145,0.0098,0.0055,0.0050,0.0069,KAP,262,True
41825743,pool12tlu3dm864fzxgcjp9jrsykcmcvxskjtqwy07z982avqx3n9dp2,0,0,,,6,345000000,52ffc8b767d55223231209643812d8de18685a4b0388ff08a7575803,False,False,41825743,0,False,Dana Node,0,18308000000,0,1624758037,,0,0,0,0,0,0,0,0,0,0,DNND,0,True
12457455168,pool1yv4s4v3rjgzfwj4zxm8sy24e2vq6zaexp8eudyrk9rx7yhwaxke,0,1,,,7,340000000,232b0ab2239204974aa236cf022ab95301a1772609f3c6907628cde2,False,False,12457455168,0.025,False,Merkle Validator,10538623483,10000000000,349253162,1624698679,,360873349,0.0047,0,0,0,0,0,0,0,0,MERK,1,True
96794849,pool1w9ksllt0ktnztjdzzlzaqfh7tzspu09xf5l08flz0cadyq0dv3j,0,1,,,4,340000000,716d0ffd6fb2e625c9a217c5d026fe58a01e3ca64d3ef3a7e27e3ad2,False,False,96794849,0.01,False,ANKER Pool,433758,4000000000,343867130,1624636198,,382845900,0.0324,0,0,0,0,0,0,0,0,ANKER,1,True
832494667,pool15z7890uxn6nwl2yufxgrdsvjrpd0kzngvudfm2z2yafsjgkfndg,0,1,,,3,357000000,a0bc72bf869ea6efa89c499036c192185afb0a68671a9da84a275309,False,False,832494667,0.05,False,Zohar Pool,7615098,1000000,375004396,1624607340,,342083527,0.0177,0,0,0,0,0,0,0,0,ZOHAR,1,True
1969352854835,pool1frz0ds4nhg4t0e30jadc5kwx35kzj2vfp9eak9ehh2727m4dqnv,0,165,,,1247,345000000,48c4f6c2b3ba2ab7e62f975b8a59c68d2c2929890973db1737babcaf,False,False,1969352854835,0.025,False,Guarda Wallet,550000000,100000000,60402161007,1624562001,,123588210791,0.0159,0,0,0,0,0,0,0,0.0002,GRD,365,True
34224409089,pool1llfrhf0htc528jcmp9dr2tzsjnt93y2gkjfjn5znjh9a79avwv7,0,42,,,22,170000000,ffd23ba5f75e28a3cb1b095a352c5094d6589148b49329d05395cbdf,False,False,32811243162,0.5,False,Blistering EarthNode,10034984301,10000000000,12926174543,1624550336,,11600305097,0.0208,0,0.0145,0.0103,0,0,0.0108,0.0296,0.0114,WMTX,48,True
9248208,pool1e6z3jnnvu9zqxlk60hkfjym2vj3mvgysy6h8l2xxyj5j220vlsd,0,0,,,1,340000000,ce85194e6ce144037eda7dec99136a64a3b6209026ae7fa8c624a925,False,False,9248208,0.05,False,UAE Stake Pool,9248208,5000000000,0,1624484590,,0,0,0,0,0,0,0,0,0,0,UAE,0,True
0,pool1rzzz3sy88y05r8vqpejczv6zqntf6ayn3untjkn9kfud6nemcp9,0,0,,,1,340000000,188428c087391f419d800e6581334204d69d74938f26b95a65b278dd,False,False,0,0.01,False,Abobolais Pool,0,5000000000,0,1624476195,,0,0,0,0,0,0,0,0,0,0,ABO,0,True
3311709780,pool18dmncsu0wwzfnje42udk3eeld3z0zwjpjxname3lp8a9kpah28w,0,44,,,9,340000000,3b773c438f738499cb35571b68e73f6c44f13a4191a7dde63f09fa5b,False,False,3311709780,0,False,Cardano Boston,401420910,400000000,15039350187,1624450858,,14714964698,0.0193,0,0,0,0,0,0,0,0,BOS,48,True
67679828832,pool1ast5kjj9zer9sp02f5w44nyqsc54589l2glyp5fhsg3awqs5axk,0,2,,,12,340000000,ec174b4a4516465805ea4d1d5acc8086295a1cbf523e40d1378223d7,False,False,67679828832,0,False,BlockSpaces Stake Pool,10789189043,10000000000,680000000,1624386457,,757460106,0.0026,0,0,0,0,0,0,0,0,BLKSP,2,True
57340739,pool18qph3xrjkds0hytfyrrm0nwxk29u70q3hz8d2qz5ru0uul04v4f,0,0,pilo20.github.io,0,1,340000000,3803789872b360fb916920c7b7cdc6b28bcf3c11b88ed500541f1fce,False,False,57340739,0.015,False,Cabala Pool,0,1000000000,0,1624377140,,0,0,0,0,0,0,0,0,0,0,CABAL,0,True
73185726510,pool1rtnk3j8jv0wl0qz2j8xq4h5yeh0uvw3xj738fgl6wc4scxenkgz,0,31,,,10,340000000,1ae768c8f263ddf7804a91cc0ade84cddfc63a2697a274a3fa762b0c,False,False,73161712598,0.02,False,Mokum Stake Pool,11238837972,10000000000,10704546818,1624306537,,9320814432,0.0150,0,0,0,0,0,0.0005,0,0.0002,MOKUM,33,True
20825937233,pool1m9h0ndgxlgxa63wsszv7a6l4x8lur35wktlnrycme6t852xrq76,0,0,,,4,340000000,d96ef9b506fa0ddd45d08099eeebf531ffc1c68eb2ff31931bce967a,False,False,20825937233,0.015,False,Verified Ventures Mark 1,20803111490,20000000000,0,1624300976,,0,0,0,0,0,0,0,0,0,0,VVM1,0,True
791258173521,pool1nchr83fc0hrykvhlnh64n3wlt5vkdu727xjep59znrwzs589jdd,0,175,,,25,340000000,9e2e33c5387dc64b32ff9df559c5df5d1966f3caf1a590d0a298dc28,False,False,790645032934,0.01,False,CANDY POOL,13295417677,10000000000,59871540191,1624291535,,104662957450,0.0227,0,0.0033,0.0045,0.0005,0.0003,0.0037,0.0003,0.0086,CANDY,305,True
4736306670176,pool1mcwcfl96ew79rmj4zxehr33p55e4e62dt4whyr2vqesswp9mmvz,0,287,,,280,340000000,de1d84fcbacbbc51ee5511b371c621a5335ce94d5d5d720d4c066107,False,False,4736346446587,0,False,MIYABI KYOTO,3735964937,1000000000,97240000000,1624290371,,555334998254,0.0287,0,0.0171,0.0164,0.0082,0.0110,0.0173,0.0118,0.0197,MYB,1270,True
138742943,pool1n6w5q9hw3gj6574uts75mkyrqcm702n240fxlk5df4sf7a7vlvk,0,0,,,1,345000000,9e9d4016ee8a25aa7abc5c3d4dd8830637e7aa6aabd26fda8d4d609f,False,False,138742943,0.02,False,GreenADAPool,138742943,100000000,0,1624277804,,0,0,0,0,0,0,0,0,0,0,GAPL,0,True
3790256664,pool1d66wvltjn768rm2ywdzpetzx034z7vanrlz8mrpn9us8zjcyjaf,0,0,,,3,340000000,6eb4e67d729fb471ed4473441cac467c6a2f33b31fc47d8c332f2071,False,False,3790256664,0,False,JIG Pool #01,0,51168940178,0,1624274907,,0,0,0,0,0,0,0,0,0,0,JIG01,0,True
2363699792120,pool10q2fhzwe4f5k2llny65z5z2fuhrpk3x56fdc0782djdq58p9uee,1,261,,,41,340000000,78149b89d9aa69657ff326a82a0949e5c61b44d4d25b87f8ea6c9a0a,False,False,2364048488205,0,False,KURIS JAPAN,14137604644,100000000,88060000000,1624252130,,349350262022,0.0286,0,0.0131,0.0126,0.0056,0.0038,0.0120,0.0093,0.0169,KURIS,799,True
8077501108,pool1mw8jpnmxd22vw4h68uqw70nx24vfju4aav9rznesc4vnjnt68g4,0,2,,,17,340000000,db8f20cf666a94c756fa3f00ef3e6655589972bdeb0a314f30c55939,False,False,8077501108,0,False,Oz Green Australia – 100% Renewable Energy,30689354,500000000,680000000,1624241382,,634831924,0.0059,0,0,0,0,0,0,0,0,OZGRN,2,True
1145957833,pool12tvj2j05hh6gtsvw349vuesyn0zphh75u7vadh5rkjs566s2ty5,0,0,,,4,340000000,52d92549f4bdf485c18e8d4ace66049bc41bdfd4e799d6de83b4a14d,False,False,1145957833,0,False,ADA LANIN POOL ,6818951,4000000000,0,1624223795,,0,0,0,0,0,0,0,0,0,0,LANIN,0,True
820025746,pool1uup47u5lmet469pmaym077hvewcp30larj9ugap8580uya3rtuw,0,0,,,1,340000000,e7035f729fde575d143be936ff7aeccbb018bffd1c8bc47427a1dfc2,False,False,820025746,0.15,False,FATEK,820025746,100000000,0,1624218210,,0,0,0,0,0,0,0,0,0,0,MPN,0,True
537982299,pool1qrmc270m32g080pks0uvyf0hhj7m8gyhgckkpy32l7nnzrll85v,0,0,,,4,344000000,00f78579fb8a90f3bc3683f8c225f7bcbdb3a097462d60922affa731,False,False,537982299,0.15,False,Green.Energy.Crypto.Lab.Cardano.Pool,424685339,80000000,0,1624206732,,0,0,0,0,0,0,0,0,0,0,GreenPoolTW,0,True
597625746,pool1m3tqw6s5dphrlkxyr97faxk4cm3gwejv54mtyfd6w34dsx429eu,0,0,,,2,345000000,dc56076a14686e3fd8c4197c9e9ad5c6e287664ca576b225ba746ad8,False,False,597625746,0,False,MK,597625746,100000000,0,1624166481,,0,0,0,0,0,0,0,0,0,0,ECOP,0,True
96577426949,pool1wlmyl6csyc5m9sxezcladq3ttty4hja9mue63dwdh5g7ymucukl,0,137,,,110,345000000,77f64feb102629b2c0d9163fd6822b5ac95bcba5df33a8b5cdbd11e2,False,False,96577426949,0.04,False,Wada Stakepool,7707721798,7000000000,83736371595,1624142741,,970422671110,0.0270,0,0.0189,0.0220,0,0,0.0209,0,0.0247,WADA,2435,True
64666106458,pool139ffqrvyqu9sgsekk3pu9t7jxx872w655vses7d4q4sxxyd257a,0,33,,,225,340000000,8952900d84070b044336b443c2afd2318fe53b54a3219879b5056063,False,False,64666106458,0.01,False,ADA Thailand Pool 🇹🇭,353943837,0,11044065608,1624109107,,15749782629,0.0203,0,0,0,0,0,0,0,0,ADATH,43,True
7622358,pool146u0r8qh0jg6rd3th76q6cepwm03nya4pkvfj08juqrz7wxnfv9,0,0,,,1,345000000,aeb8f19c177c91a1b62bbfb40d632176df1993b50d98993cf2e0062f,False,False,7622358,0.02,False,PilipinasADAPool,7622358,100000000,0,1624081648,,0,0,0,0,0,0,0,0,0,0,PINAS,0,True
106623722,pool1ztz3370gwds2v7hjzgtns33f7kw0qp0zjx34esg3dvlcycnnte5,0,0,,,1,345000000,12c518f9e87360a67af21217384629f59cf005e291a35cc1116b3f82,False,False,106623722,0.015,False,,106623722,100000000,0,1624076027,,0,0,0,0,0,0,0,0,0,0,,0,True
81754132596,pool15dp6dchtfwml32ls8xuzu4u3xx6kjekc3kvn0enexefxj90hw3c,0,2,,,12,340000000,a343a6e2eb4bb7f8abf039b82e579131b56966d88d9937e679365269,False,False,81754132596,0.05,False,CryptoPool.dev,10989265059,1000000000,728407882,1624065841,,919749781,0.0028,0,0,0,0,0,0,0,0,CRYPO,3,True
0,pool1p6hcxptwdpepslluq44shkzgk72k5gsszhhllykdcvts6xnrwvg,0,0,fiftystarinvestments.com,0,1,340000000,0eaf83056e6872187ffc056b0bd848b7956a221015efff92cdc3170d,False,False,0,0,False,FSI POOL A,0,100000000000,0,1624065331,,0,0,0,0,0,0,0,0,0,0,FSI_A,0,True
1112619894,pool1ed2usjswfh2hfyvatwuwl959y5g4fkf63uxtadcuez0l2rjn747,0,0,,,1,345000000,cb55c84a0e4dd574919d5bb8ef9685251154d93a8f0cbeb71cc89ff5,False,False,1112619894,0.02,False,DxbPool,1112619894,1000000000,0,1624047749,,0,0,0,0,0,0,0,0,0,0,DXB,0,True
1686724338,pool15em5uvfe8ujs3ny6ydcnynazvxhnk7dq9hu8zp4qf5jmknx32jn,0,0,,,45,340000000,a6774e31393f2508cc9a2371324fa261af3b79a02df87106a04d25bb,False,False,1686724338,0.99,False,ChefSwap ISPO #1,0,1450000000,0,1624035830,,0,0,0,0,0,0,0,0,0,0,CHEF1,0,True
1367097607,pool1k0uv5fhsr74we0w7gfkv6m7r9rfpvgz2u7v66ppe0vxsvj0pzvt,0,0,,,3,340000000,b3f8ca26f01faaecbdde426ccd6fc328d216204ae799ad04397b0d06,False,False,1367097607,0.9,False,Earthonomy Carbon Neutral Stake Pool #1,107621522,100000000,0,1624035581,,0,0,0,0,0,0,0,0,0,0,ECN1,0,True
1545808690,pool1j7cypyjzhcfuy0gsuc2vtd48cpsc0utmqkq09fjlp5dgsjrs7pg,0,0,,,5,345000000,97b0409242be13c23d10e614c5b6a7c06187f17b0580f2a65f0d1a88,False,False,1545808690,0.03,False,Sunshine Stake Pool,7423505,5000000,0,1624022219,,0,0,0,0,0,0,0,0,0,0,SHINE,0,True
28797454067286,pool1lfnlxfxxwvjadesxzm4c7grgs3elj70vfdnpjwjmg0ufsqnq52t,10,297,,,87,340000000,fa67f324c67325d6e60616eb8f20688473f979ec4b66193a5b43f898,False,False,28803165452373,0.0035,False,Hisa~i🌺Okinawa,126275429,100000000,112013167357,1623943245,,3348613928635,0.0324,0,0.0234,0.0246,0.0147,0.0181,0.0234,0.0213,0.0256,HISAI,7024,True
4901246071779,pool1nwfzutmm6et5yt6mdk6d3ls57qfmwje0hwcepr3dn68mu9wl0pd,2,184,,,52,400000000,9b922e2f7bd657422f5b6db4d8fe14f013b74b2fbbb1908e2d9e8fbe,False,False,4901943730974,0,False,Game Industrial Japan Pool 🎮,116349022302,100000000000,61380000000,1623923042,,371579004190,0.0253,0,0.0127,0.0153,0.0075,0.0118,0.0182,0.0114,0.0224,GAIN💎,1040,True
5244424044,pool10d303wup90j39mmvysf0lhr2xmr3mf38y5vs577nmlq6yy8n666,0,3,,,7,340000000,7b62f8bb812be512ef6c2412ffdc6a36c71da62725190a7bd3dfc1a2,False,False,5244424044,0.04,False,Benefits Stake Pool,2039697527,2000000000,1046744135,1623892878,,641859278,0.0063,0,0,0,0,0,0,0,0,CBCP,4,True
1344825940682,pool1upx7l0yrsxt4l94t5xfckahj6m7pt5dpmnx6u60sjxmn5p5mezs,0,71,,,78,170000000,e04defbc8381975f96aba1938b76f2d6fc15d1a1dccdae69f091b73a,False,False,1337831814746,0,False,CARDANO STAKEPOOL TAIWAN | 台灣 ADA 權益池,15884032206,888000000,16830000000,1623860502,,27991877667,0.0150,0,0.0095,0.0118,0,0,0.0175,0.0016,0.0159,TEN,105,True
516425793,pool1zcdptx4spapxquc0rpeu33ucc3x08g9wxsmm0qchqg0dgxrh6g7,0,0,,,2,340000000,161a159ab00f4260730f1873c8c798c44cf3a0ae3437b78317021ed4,False,False,516425793,0.01,False,RickyCoderPool,516425793,100000000,0,1623859265,,0,0,0,0,0,0,0,0,0,0,RCP,0,True
0,pool14hp04q89xy58gh9jjvfra5x8lfzd7jes3jljwcjrh0rcjqkss7y,0,0,,,0,345000000,adc2fa80e53128745cb293123ed0c7fa44df4b308cbf276243bbc789,False,False,0,0.15,False,CriptoCooperative,0,100000000,0,1623837232,,0,0,0,0,0,0,0,0,0,0,CCOOP,0,True
2729004,pool1r48usrtdxqzt6dmd02xgjss8xgqc9pc92cpkm4pykywnv7n33g6,0,0,,,1,340000000,1d4fc80d6d3004bd376d7a8c894207320182870556036dd424b11d36,False,False,2729004,0.02,False,mylittlenftstory,2729004,100000000,0,1623820689,,0,0,0,0,0,0,0,0,0,0,STORY,0,True
16682643650,pool1d04sakv5um2c8yrp3lm9ncncupgl7f7zw0lz2yuz3jrzsxvf42n,0,0,,,35,340000000,6beb0ed994e6d58390618ff659e278e051ff27c273fe2513828c8628,False,False,16682643650,0,False,SnowPunkz,154565639,50000000000,0,1623767141,,0,0,0,0,0,0,0,0,0,0,SNOWP,0,True
12814882413926,pool1s7ddsvuw09dvk7et6t842vhdfcmq893y88y3ev9attn67mruf5m,2,278,nu.fi,17,1721,340000000,879ad8338e795acb7b2bd2cf5532ed4e3603962439c91cb0bd5ae7af,False,False,12735906714978,0.03,False,Ellipal wallet,1007816010,1000000000,124072026902,1623761765,,980581506517,0.0261,0,0.0235,0.0221,0.0115,0.0204,0.0226,0.0209,0.0235,ELLIP,2541,True
141983624589,pool1r6dzsz6ju52hgelstefrrel4y8fsyt8ck9qgfvvmamgns4vh7w4,0,48,git.io/JOkNh,5,9,170000000,1e9a280b52e5157467f05e5231e7f521d3022cf8b14084b19beed138,False,False,141983624589,0.05,False,Design an individual,4937509902,100000000,17199819929,1623748003,,28781579059,0.0186,0,0.0148,0.0150,0.0450,0.0298,0.0129,0.0298,0.0105,DAI,73,True
536381206956,pool1w2alpqttaulpukcrz0j902kk8wmq68q9qm50c6npaypk7yypy5a,0,102,,,7,340000000,72bbf0816bef3e1e5b0313e457aad63bb60d1c0506e8fc6a61e9036f,False,False,536381206956,0,False,The Kibatsu Club Stake Pool,35731089758,2000000000,34347519084,1623746953,,31297575753,0.0157,0,0.0046,0.0037,0,0,0.0069,0.0002,0.0117,KIBA,132,True
1098560155,pool1f5zye57nw6nsrczkkzkpd8avayar7j48zjw5pu2e5k38ssm2yhd,0,8,,,11,340000000,4d044cd3d376a701e056b0ac169face93a3f4aa7149d40f159a5a278,False,False,1098560155,0.01,False,Dawnstar Pool,95427892,40000000000,2747223965,1623722472,,2695172872,0.0139,0,0,0,0,0,0,0,0,TRUCK,8,True
0,pool18ecuhr75yr6zt9e707shkj5w9p664syqnkt8gmmlkydg27z39xt,0,0,,,4,340000000,3e71cb8fd420f425973e7fa17b4a8e2875aac0809d96746f7fb11a85,False,False,0,0.01,False,ToolsPool,0,50000000,0,1623698497,,0,0,0,0,0,0,0,0,0,0,TPSV,0,True
0,pool1edm3pa2da0dz2sq9mgfqgf8nr2tjtnplhnvkdwuwd6j0ylmfxpp,0,0,,,1,340000000,cb7710f54debda254005da120424f31a9725cc3fbcd966bb8e6ea4f2,False,False,0,0.15,False,,0,100000000,0,1623697791,,0,0,0,0,0,0,0,0,0,0,,0,True
95348442028,pool1hxdcr4u22lytge79hr5hds39e90jsdmhafphdgnn4hlqvl4qlt7,0,15,,,8,340000000,b99b81d78a57c8b467c5b8e976c225c95f283777ea4376a273adfe06,False,False,95348442028,0.01,False,ADA TRADE POOL,3363642560,1000000000,5118845017,1623692213,,1865657518,0.0062,0,0.0015,0.0010,0,0,0.0005,0,0.0020,TRADE,16,True
9665378771,pool1v8cx78z8fqu4438vcmg20qlp4qujks8mrrlrcer6aa4f6eg9u2k,0,0,,,3,340000000,61f06f1c4748395ac4ecc6d0a783e1a8392b40fb18fe3c647aef6a9d,False,False,9665378771,0.03,False,LibertyStakePool,4848608146,5000000000,0,1623623323,,0,0,0,0,0,0,0,0,0,0,LBRTY,0,True
226373754503,pool1xk0nt3wmlyfp0pycsd2hwyz5l6uusttp68etzgnvaf2ysc4f3hx,0,54,,,41,340000000,359f35c5dbf9121784988355771054feb9c82d61d1f2b1226cea5448,False,False,226368484722,0,False,Panda Panda Pool,170816746536,50000000000,18360000000,1623584198,,23039786931,0.0178,0,0,0,0,0,0,0,0.0017,PPP,78,True
698844893322,pool1r5srulgd6gpav0sympqrkt9f4ykl06lh9sgk0p20r54v7759kws,1,188,,,118,340000000,1d203e7d0dd203d63e04d8403b2ca9a92df7ebf72c1167854f1d2acf,False,False,702002206063,0,False,DOG Pool,74462664266,50000000000,63337108480,1623520644,,88540176612,0.0204,0,0.0036,0.0070,0.0005,0.0003,0.0087,0.0005,0.0111,DOG,295,True
250000000,pool13lswc5y4zycu9u63ktssp6rnczt97fy54cqk4s2ehwjawg5tlh6,0,0,,,1,340000000,8fe0ec50951131c2f351b2e100e873c0965f2494ae016ac159bba5d7,False,False,250000000,0.004,False,Marty Moose  ,250000000,200000000,0,1623486063,,0,0,0,0,0,0,0,0,0,0,XMOO,0,True
15330764854106,pool18qddv82sx8p22uxzdrf0qx9lkewxadlr9ef45kpcf7dzz3n56qv,5,184,,,734,170000000,381ad61d5031c2a570c268d2f018bfb65c6eb7e32e535a58384f9a21,False,False,15416674153066,0,False,Alfa Pool,246693154605,240000000000,46750000000,1623410869,,335169647328,0.0256,0,0.0238,0.0253,0.0112,0.0164,0.0246,0.0240,0.0251,ALFA,931,True
8247425397,pool1h5kewwuh5jh6cuq52nwu5w7g8488qsp8ja7ahs8p2ln8ygde8xf,0,0,,,1,340000000,bd2d973b97a4afac701454ddca3bc83d4e704027977ddbc0e157e672,False,False,8247425397,0.01,False,,8247425397,8000000000,0,1623390187,,0,0,0,0,0,0,0,0,0,0,,0,True
2127509629866,pool18pnta4kfff66kq5shjrdsdr8ce2heu38t6x5nv7hylrcc0hpksk,0,239,,,31,340000000,3866bed6c94a75ab0290bc86d83467c6557cf2275e8d49b3d727c78c,False,False,2128932145096,0.01,False,SOUL Cardano Pool,1197544670018,1100000000000,82685292923,1623348763,,172108098940,0.0234,0,0.0096,0.0093,0.0002,0.0002,0.0120,0.0043,0.0169,SOUL,511,True
116948336,pool16zjsdvuxa39w9k48c9ds7sne4c9lhclmmcly53cdat4nu7l36f6,0,49,,,3,340000000,d0a506b386ec4ae2daa7c15b0f4279ae0bfbe3fbde3e4a470deaeb3e,False,False,116948336,0.04,False,BM Pool,100000000,100000000,18612697492,1623319857,,46864740445,0.0340,0,0,0,0,0,0,0,0,BMP,97,True
1654498658,pool123gn9my6u32zea8l3uk889rjj2qf2tfagcz67q4v4r9ccjjtge7,0,0,,,9,345000000,545132ec9ae4542cf4ff8f2c7394729280952d3d4605af02aca8cb8c,False,False,1654498658,0.15,False,SNY stake pool #1,497625746,100000000,0,1623308781,,0,0,0,0,0,0,0,0,0,0,SNY,0,True
1042162705753,pool1nx2g7dzc90uu47e8kp057r59g8z5sz6v0x76wsph8xpcqzqycv7,0,24,,,7,340000000,99948f34582bf9cafb27b05f4f0e8541c5480b4c79bda74037398380,False,False,1042162705753,0.0147,False,Fly Pool,1022937125506,1000006619057,8379333253,1623278034,,14415856656,0.0036,0,0,0,0,0,0,0,0,FLY,36,True
101376006,pool1xzpjn9f5nk52lnfzskuxey3r3h5fh8z78389qsd6vwyfcqum796,0,1,,,1,340000000,30832995349da8afcd2285b86c92238de89b9c5e3c4e5041ba63889c,False,False,101376006,0,False,Eastern Bloc,101376006,100000000,340000000,1623266482,,394871945,0.0302,0,0,0,0,0,0,0,0,SLAV,1,True
1099622807,pool1hgksl8y3637f88zhet6g8j8seq2kzp6v2qt4ct2maxaxzt0pmmj,0,0,,,5,340000000,ba2d0f9c91d47c939c57caf483c8f0c81561074c50175c2d5be9ba61,False,False,1099622807,0.02,False,Frontier Mining Stake Pool,529503708,500000000,0,1623264965,,0,0,0,0,0,0,0,0,0,0,FMSP,0,True
37436010393582,pool1xlfty06hg6q23qvcaxwv3p9ke7ff9n34qpr8tpxt2zflyq20ceh,13,273,,,701,340000000,37d2b23f574680a88198e99cc884b6cf9292ce3500467584cb5093f2,False,False,37450802852688,0.009,True,SAKE🍶,71565520335,25000000000,113667451457,1623260420,,2629885678080,0.0313,0,0.0237,0.0245,0.0119,0.0177,0.0253,0.0214,0.0266,SAKE,5960,True
8275458843,pool19nhmxfd2tts089nx742g8jtc2ynwstkhp2594y0wwp6d5we25f6,0,0,,,78,340000000,2cefb325aa5ae0f39666f55483c9785126e82ed70aa85a91ee7074da,False,False,9125158990,1,False,Whimsy,5819891,1000000000,0,1623193708,,0,0,0,0,0,0,0,0,0,0,WMSY,0,True
313914298892,pool143x8nhnr3j9mpzvhayuaen0y8l350guj6yd8mhmhhuupvuah3hh,0,132,,,27,340000000,ac4c79de638c8bb08997e939dccde43fe347a392d11a7ddf77bf3816,False,False,313914298892,0,True,XSEC Cardano ADA Pool,17176219142,580000000,44880000000,1623179957,,111788153445,0.0263,0,0.0007,0.0059,0,0,0.0034,0.0004,0.0063,XSEC,273,True
6263686288,pool1rkz43352y9kmsvzqn3wp08t6qfz64j6at4gtmn74ge0tv7hqdhf,0,3,,,57,340000000,1d8558c68a216db830409c5c179d7a0245aacb5d5d50bdcfd5465eb6,False,False,6263686288,0,False,Blizzeffect NFTs Pool,1000000,600000000,1020000000,1623121994,,1725162415,0.0088,0,0,0,0,0,0,0,0,BLIZZ,4,True
33756004212973,pool1jq7r3evstu2c040vlry8tgvpwf0mfvft86cxecwjpwcuvvqfu2r,12,302,ccv3000.github.io,3,4505,340000000,903c38e5905f1587d5ecf8c875a181725fb4b12b3eb06ce1d20bb1c6,False,False,33805699449197,0.03,False,(Crypto Capital Venture) #Pool4,20010124148,20000000000,251911130511,1623121764,,4612869376962,0.0323,0,0.0223,0.0237,0.0100,0.0150,0.0242,0.0187,0.0255,CCV3,9497,True
20497620862,pool1ecqt8vmkmu2mteqlkcxl4v6hp0ngzmgpx6k6wp2hp8tguq88u4l,0,0,,,1,340000000,ce00b3b376df15b5e41fb60dfab3570be6816d0136ada7055709d68e,False,False,20497620862,0.015,False,,20497620862,20000000000,0,1623023884,,0,0,0,0,0,0,0,0,0,0,,0,True
1544341958,pool1ah5jv4mrq0z7g4wuhjjnc24kfwqekwcap0wqmsr57thfg8mpr4n,0,0,,,2,345000000,ede926576303c5e455dcbca53c2ab64b819b3b1d0bdc0dc074f2ee94,False,False,1544341958,0.02,False,Heart Working Staking Pool,533618090,500000000,0,1623012064,,0,0,0,0,0,0,0,0,0,0,HWSP,0,True
1549647588287,pool199a44nvtjr0c5xlanz4p5c0nywu8l6k5hz3t2he0hq7wvljnsrt,0,221,,,141,170000000,297b5acd8b90df8a1bfd98aa1a61f323b87fead4b8a2b55f2fb83ce6,False,False,1139888259017,0,True,AdaLoop,25457484731,25000000000,65133238422,1622966557,,546811956471,0.0318,0,0.0165,0.0171,0,0.0103,0.0192,0.0112,0.0207,ALoop,1201,True
1828161971,pool1pmyave37l324x5phh0s7tdy30kx9mdzmqnj829teccun2je37xw,0,10,,,58,340000000,0ec9d6663efc55535037bbe1e5b4917d8c5db45b04e4751579c63935,False,False,1828161971,0.01,False,Gemble KOREA,0,2000000000,3453132002,1622957747,,5250417579,0.0184,0,0,0,0,0,0,0,0,GEMKR,12,True
6235559617,pool1wpj6th0242z6l2s7zl357a6rv8s7a4lq9x0p74mev453qczweyf,0,13,,,1,345000000,7065a5ddeaaa85afaa1e17e34f774361e1eed7e0299e1f5779656910,False,False,6235559617,0.005,False,Like a Rolling Stone,6235559617,500000000,5693771853,1622885404,,16134188703,0.0253,0,0,0,0,0,0,0,0,ROCK,30,True
701407805,pool1g5gcxs48ur9y6kvycy44e9n8wn254fltvjklcf29jxfp23x2wjx,0,1,,,4,345000000,45118342a7e0ca4d5984c12b5c966774d54aa7eb64adfc2545919215,False,False,701407805,0.025,False,BlockSensus Cardano Stake Pool,3582106,0,350761041,1622848733,,378308410,0.0475,0,0,0,0,0,0,0,0,BSCSP,1,True
472976532,pool18aklqwussc7j6y9nap8vxst4ht8s6sv76ge9799rzv3lcrau7yg,0,0,,,4,340000000,3f6df03b90863d2d10b3e84ec34175bacf0d419ed2325f14a31323fc,False,False,472976532,0,False,Solrad Cardano Stake Pool,356622907,250000000,0,1622840647,,0,0,0,0,0,0,0,0,0,0,SOLX,0,True
480616337374,pool1ytyw34lckr8k9dhn59h287wqry5lk6waqtfhxe6v94v4gsaa7vx,0,51,,,19,340000000,22c8e8d7f8b0cf62b6f3a16ea3f9c01929fb69dd02d373674c2d5954,False,False,480964151128,0.01,True,ADACZECH,27672240209,10000000000,17098360848,1622823285,,9737726547,0.0092,0,0.0001,0.0036,0,0,0.0070,0,0.0095,CZBE1,68,True
2461664863,pool1a40qpxlsqwjk4a9yk636dcawly4dcrd6l26tghjxlr37cmlrwv4,0,0,,,4,345000000,ed5e009bf003a56af4a4b6a3a6e3aef92adc0dbafab4b45e46f8e3ec,False,False,2461664863,0.15,False,Rpool,197125746,100000000,0,1622731971,,0,0,0,0,0,0,0,0,0,0,RPO,0,True
27779426527,pool1v8q93vtkf4vqqqus6ts772w8dr9h5tz99lnylfj40x3p7cutxx4,0,11,,,6,300000000,61c058b1764d58000390d2e1ef29c768cb7a2c452fe64fa65579a21f,False,False,27779426527,0,False,Kansas City Computer Pro Pool,12665665293,11500000000,3660907744,1622705844,,2307912495,0.0160,0,0.0126,0.0084,0,0,0.0042,0,0.0087,KCCP,11,True
18794215740062,pool18zf8txwv8lmtpq2src8wrhz0pjut5qft8h5tfxnctwc95r7jvvj,0,297,,,1968,340000000,38927599cc3ff6b081501e0ee1dc4f0cb8ba012b3de8b49a785bb05a,False,False,18663638808359,0.03,False,Maluiin,25090686215,25000000000,197380276868,1622694914,,3131886311804,0.0330,0,0.0198,0.0211,0.0094,0.0170,0.0222,0.0223,0.0241,Malu,6278,True
2029803,pool18n7kk90klq4uf45j6pguqskyrxe9eprgfgrjhr7cpvdxzus3zn8,0,1,,,1,345000000,3cfd6b15f6f82bc4d692d051c042c419b25c84684a072b8fd80b1a61,False,False,2029803,0.03,False,,2029803,25000000000,0,1622648333,,0,0,0,0,0,0,0,0,0,0,,1,True
183265277,pool1w65amkyxhlstja5mp0vf7q2av5tm0m6zjsm9pll3xw36x6g8qte,0,6,myadapoolnamerocks.com,5,12,340000000,76a9ddd886bfe0b9769b0bd89f015d6517b7ef42943650fff133a3a3,False,False,183265277,0.015,False,Caribbean,108710484,30000000000,2084503290,1622647515,,2922383004,0.0182,0,0,0,0,0,0,0,0,CRBN,7,True
340417081,pool1myw0304x7q2zuk24pzmf2rwwcwlh9p29pnj257zzjcd9j29s4xl,0,0,,,1,400000000,d91cf8bea6f0142e595508b6950dcec3bf7285450ce4aa7842961a59,False,False,340417081,0.01,False,CryptoBetsExclusive,340417081,100000000,0,1622618043,,0,0,0,0,0,0,0,0,0,0,CBE,0,True
543283630,pool16jhjt6nly4s5thsjc0yek6h9prwtkqhq6dff2mkjypweut69zh3,0,0,,,6,340000000,d4af25ea7f256145de12c3c99b6ae508dcbb02e0d352956ed2205d9e,False,False,543283630,0,False,Iron Staking Pool,1577976,0,0,1622577711,,0,0,0,0,0,0,0,0,0,0,IRN,0,True
3841060475,pool1luwt2c73ng94v20qv75dcyduml727s39w3yr8xvx6eue6ae58h2,0,0,,,6,340000000,ff1cb563d19a0b5629e067a8dc11bcdffcaf42257448339986d6799d,False,False,3841060475,0.01,False,Quick-Stake,0,500000000,0,1622567106,,0,0,0,0,0,0,0,0,0,0,QSTKE,0,True
3868156308459,pool1peayemzlkmcwn64c455mx8sxdaztq0xuv9hdxlp0kcsxz57up3z,2,231,,,39,340000000,0e7a4cec5fb6f0e9eab8ad29b31e066f44b03cdc616ed37c2fb62061,False,False,3861249910658,0.01,False,AIDpool1,50088750436,50000000000,81233432226,1622546856,,170392030491,0.0227,0,0.0180,0.0187,0.0068,0.0152,0.0180,0.0157,0.0181,AID1,518,True
5720045707,pool1vcmqgcykx4k3ngj2upkyhu424dsn85ansepz2xmdxg4mqw7w6ac,0,0,,,15,345000000,6636046096356d19a24ae06c4bf2aaab6133d3b38642251b6d322bb0,False,False,5720045707,0.04,False,BitcoinsensusTheMoon,120425837,100000000,0,1622541561,,0,0,0,0,0,0,0,0,0,0,MPN,0,True
12587386745283,pool1yt868wrp9s2x5pehe96del9m3nwasme62yw02vww3kg6zwzspcz,4,292,xray.app,2,3235,340000000,22cfa3b8612c146a0737c974dcfcbb8cddd86f3a511cf531ce8d91a1,False,False,12549535745479,0.01,False,XRAY | Network,1001443639,1000000000,105303710540,1622535422,,5111560885664,0.0352,0,0.0213,0.0230,0.0110,0.0159,0.0247,0.0199,0.0246,XRAY3,9677,True
20949857416103,pool1ntfxj2jgvhzen8e86ed679ctukar3vj538ywyyq8ryld66jj4sx,6,290,xray.app,1,1795,340000000,9ad2692a4865c5999f27d65baf170be5ba38b25489c8e21007193edd,False,False,20953833042829,0.01,False,XRAY | Network,1001769585,1000000000,106615508399,1622534781,,4789748154796,0.0339,0,0.0221,0.0221,0.0097,0.0145,0.0231,0.0194,0.0251,XRAY2,9329,True
3070591,pool1q86d5lfjtyrq8yzkyc55dy5p4yw0qvgkp5nqgr9ld5fv6ustg8h,0,0,,,1,345000000,01f4da7d3259060390562629469281a91cf031160d26040cbf6d12cd,False,False,3070591,0.02,False,,3070591,1862817955,0,1622517620,,0,0,0,0,0,0,0,0,0,0,,0,True
25661035499991,pool1psk0c2p7pwactw00nkzjexdw0msn7g8nddc06eyvds6yswr3tjg,10,301,itcpool.github.io,2,5384,340000000,0c2cfc283e0bbb85b9ef9d852c99ae7ee13f20f36b70fd648c6c3448,False,False,25594168391582,0.0399,False,Into the Cryptoverse #2,100010433979,100000000000,281123903554,1622511769,,4314658572773,0.0327,0,0.0167,0.0195,0.0112,0.0074,0.0222,0.0101,0.0240,ITC2,8875,True
1608177143,pool14dz6syalxmtlykaudkk50t9xtve0ne2rvtsgqmyvfeg5cxx68n4,0,2,,,5,340000000,ab45a813bf36d7f25bbc6dad47aca65b32f9e54362e0806c8c4e514c,False,False,1608177143,0,False,Cupid Pool,1005112588,1000000000,680000000,1622505248,,754868843,0.0218,0,0,0,0,0,0,0,0,CUPID,2,True
116330953,pool13p8rkc9nv8umw98qdvjqv0tmwgjmzlmyedrd3m50pjpp58ek53a,0,0,,,1,340000000,884e3b60b361f9b714e06b24063d7b7225b17f64cb46d8ee8f0c821a,False,False,116330953,0.02,False,Adapify,116330953,40000000,0,1622467081,,0,0,0,0,0,0,0,0,0,0,PIFY,0,True
394836261834,pool1dkt4rqtjs6j6d8snna60s2g002ddcj5h62nee59mvsznk20q300,0,76,,,61,330000000,6d9751817286a5a69e139f74f8290f7a9adc4a97d2a79cd0bb64053b,False,False,394520922648,0.01,False,Elik Pool,1030807099,1000000000,25597249189,1622449996,,17547673833,0.0118,0,0.0020,0.0056,0.0018,0.0012,0.0049,0.0012,0.0084,ELIK,90,True
1798486413,pool14y3wr9lkqyeg8z8pwuprmjwahr0ydu0pjs8usy2g93mugtpx622,0,0,,,4,345000000,a922e197f601328388e177023dc9ddb8de46f1e1940fc811482c77c4,False,False,1798486413,0.05,False,Garlic Knot Pool,162110596,100000000,0,1622437662,,0,0,0,0,0,0,0,0,0,0,GAR,0,True
12970338133,pool1xpfe5q3v3axrjdc8h38taaa93frq3m9pfewxk46x4r6jgy2yj5n,0,4,,,3,340000000,30539a022c8f4c393707bc4ebef7a58a4608eca14e5c6b5746a8f524,False,False,12970338133,0.03,False,Cardano Maple Leaf,1579036646,100000000,1470754849,1622434214,,3581073507,0.0300,0,0,0,0,0,0,0,0,MAPLE,9,True
1803750610,pool1fnvj5za9k5ev88l8tw0nh3n4tn582gvf3d6vmuv7nh4ustqecn5,0,0,,,5,340000000,4cd92a0ba5b532c39fe75b9f3bc6755ce87521898b74cdf19e9debc8,False,False,1803750610,0,False,FLASH STAKING POOL,102011235,100000000,0,1622432048,,0,0,0,0,0,0,0,0,0,0,FLASH,0,True
11417466066,pool1fgj2ua0rz4dkq0hmmkv7syuccda96slh40wex2w7vsnxujuvjtv,0,4,,,18,340000000,4a24ae75e3155b603efbdd99e81398c37a5d43f7abdd9329de64266e,False,False,11417466066,0.03,False,Crypto Cujo,0,10000000000,1404685297,1622416525,,1292289569,0.0146,0,0,0,0,0,0,0,0,CUJO,4,True
549286182000,pool1nh9j5qucsddxkzn3m4dm4gxkhwtpya4wm4e0ye2u0puaqgkcm65,1,195,,,189,340000000,9dcb2a0398835a6b0a71dd5bbaa0d6bb961276aedd72f2655c7879d0,False,False,552453527514,0.03,False,BFREE Stake Pool,302210016174,250000000000,68782191869,1622411992,,180875529738,0.0257,0,0.0041,0.0031,0.0236,0.0161,0.0024,0.0080,0.0105,BFREE,451,True
121433709001,pool1rhq7qyw4y2s80gstyevm6rhz2lsdsrcstawunxx5eld8csvuvlu,0,135,,,97,340000000,1dc1e011d522a077a20b2659bd0ee257e0d80f105f5dc998d4cfda7c,False,False,120801666258,0,False,Blockchain ART Pool,25041076998,25000000000,45900000000,1622278203,,422172333686,0.0366,0,0.0012,0.0014,0,0,0.0015,0,0.0039,ART,763,True
0,pool1p8cgpwp63e08jsckma4y83x4ehc3ynt0tuameh99hmreg0hf7mx,0,0,,,1,340000000,09f080b83a8e5e794316df6a43c4d5cdf1124d6f5f3bbcdca5bec794,False,False,0,0,False,Obi-WanKenobi,0,5000000000,0,1622257298,,0,0,0,0,0,0,0,0,0,0,OBI,0,True
243988115,pool1rkknx2m6h3dw6y6t8ux6fx65mxamgk207mdwtcc3yvas2yyrvxp,0,0,,,3,345000000,1dad332b7abc5aed134b3f0da49b54d9bbb4594ff6dae5e311233b05,False,False,243988115,0.05,False,BitFind,21942491,1000000000,0,1622230196,,0,0,0,0,0,0,0,0,0,0,BTFND,0,True
4978095875697,pool1dswpls43u0s6cpt0dh2d6npm0rnxh5qcjm9xax9y6fp3uq880xm,2,98,,,338,340000000,6c1c1fc2b1e3e1ac056f6dd4dd4c3b78e66bd01896ca6e98a4d2431e,False,False,4953428333397,0.01,False,Relay Stake Pool,121795039731,115000000000,27598697483,1622207828,,118377752515,0.0209,0,0.0211,0.0160,0.0102,0.0119,0.0195,0.0152,0.0210,RELAY,381,True
24041162318525,pool1asfgkqtmjuusclgx72xpzvpw336gkulchtstsx9lsj9uqzjckv0,12,303,ibexpool.com,0,59,340000000,ec128b017b97390c7d06f28c11302e8c748b73f8bae0b818bf848bc0,False,False,24051118201875,0.03,False,BASHO,6028123603,4000000,196931650750,1622201544,,3047670680309,0.0323,0,0.0232,0.0247,0.0151,0.0181,0.0233,0.0202,0.0249,BASHO,6279,True
57344797511,pool1xdcg6kg0g4y3wqf92f8uh44urz06suglhff036k5yak2g0m8zlc,0,3,,,41,340000000,33708d590f4549170125524fcbd6bc189fa8711fba52f8ead4276ca4,False,False,57344797511,0.0314,False,Adaberry Pi,34065438468,32000000000,1050778986,1622199742,,949443546,0.0021,0,0,0,0,0,0,0,0,00000,3,True
2158538449,pool16gkhcchdyqr7a9vtupchcdaq4nu77tq9t0ny0k9m877u7zv03v2,0,0,,,40,340000000,d22d7c62ed2007ee958be0717c37a0acf9ef2c055be647d8bb3fbdcf,False,False,2158538449,0.0199,False,INFINITY,1182866914,1000000000,0,1622191300,,0,0,0,0,0,0,0,0,0,0,0000,0,True
734702661,pool1wx9rs2z0nuzds7aj9dvptwcruxputh3dvvfcavnwr6hkjvly20w,0,1,iagon.com,0,4,340000000,718a38284f9f04d87bb22b5815bb03e183c5de2d63138eb26e1eaf69,False,False,734702661,0,False,"IAGON, Sore above with decentralized cloud",100000000,100000000,340000000,1622108524,,303805278,0.0031,0,0,0,0,0,0,0,0,IAGON,1,True
500624074,pool1xn6rwtc6m7hnf66006uk3r0yp3yt5cq7u95esu3xg4mk52cva8w,0,0,,,1,340000000,34f4372f1adfaf34eb4f7eb9688de40c48ba601ee16998722645776a,False,False,500624074,0.03,False,🚀 Cardanaut's LIVE Pool 🌌🏡,500624074,500000000,0,1622063332,,0,0,0,0,0,0,0,0,0,0,LIVE,0,True
2015999,pool1a0wm2emve4y6e3tn8lnhk9vfhk9u7wgjqmrs5zfsn792gjtquu3,0,0,,,2,340000000,ebddb5676ccd49acc5733fe77b1589bd8bcf391206c70a09309f8aa4,False,False,2015999,0.075,False,,0,1000000000,0,1622059983,,0,0,0,0,0,0,0,0,0,0,,0,True
8012919654,pool1vj08te6uceklte43cy6canq7te45qjmmm0dhewy0kvstyjmgqzt,0,0,,,1,340000000,649e75e75cc66df5e6b1c1358ecc1e5e6b404b7bdbdb7cb88fb320b2,False,False,8012919654,0.0075,False,EvergreenPool1,8012919654,8000000000,0,1622054259,,0,0,0,0,0,0,0,0,0,0,EGRN1,0,True
83242180249,pool1vfayajkdc0gw876lax5va6ygpfpsd8kz73k4y977emm3clnxlm5,0,39,,,41,340000000,627a4ecacdc3d0e3fb5fe9a8cee8880a43069ec2f46d5217decef71c,False,False,83247749833,0,False,0 % fees. Cardano Singapore Pool,30091353388,30000000000,13260000000,1622035493,,12495373781,0.0167,0,0,0,0,0,0.0011,0,0.0019,KAYA,49,True
0,pool1vekz9v9ntugs7g3flpg2q3au8tp7205zsyl9kh03g72s7rz5hvm,0,0,,,2,340000000,666c22b0b35f110f2229f850a047bc3ac3e53e82813e5b5df147950f,False,False,0,0.01,False,Brotein Stake,0,1450000000,0,1622031036,,0,0,0,0,0,0,0,0,0,0,BRO,0,True
575379341142,pool1vhzjtcrcyzy5ld05mj8edy5at37x4g7du8uvvss037h26h8s8z5,0,82,,,64,340000000,65c525e07820894fb5f4dc8f96929d5c7c6aa3cde1f8c6420f8faead,False,False,575379341142,0.05,False,Diing Staking! 🛎,82533808203,50000000000,28770629111,1622030487,,16921953895,0.0116,0,0.0084,0.0084,0,0.0004,0.0059,0.0082,0.0057,DIING,97,True
27597982,pool1h7nugww5y2q74435nadg6gggsj20nj5v3dq0w2gjwp3qvrpvgzh,0,0,,,1,340000000,bfa7c439d42281ead6349f5a8d21088494f9ca8c8b40f72912706206,False,False,27597982,0.01,False,Doge Pool,27597982,500000000,0,1622012723,,0,0,0,0,0,0,0,0,0,0,DOGE,0,True
222264982,pool1ysnxzyr2ck49pxafgq52tt8wzdhpcsqw3jxdftf7u2whgtmry3k,0,0,,,4,345000000,242661106ac5aa509ba94028a5acee136e1c400e8c8cd4ad3ee29d74,False,False,222264982,0.15,False,coriolanpool,1439125,100000000,0,1622010423,,0,0,0,0,0,0,0,0,0,0,MPN,0,True
117618178,pool14pwff25hl70dusazjckjqvzft35ew67t33x49hwjm5j7y675ere,0,0,,,1,345000000,a85c94aa97ff9ede43a2962d2030495c69976bcb8c4d52ddd2dd25e2,False,False,117618178,0,False,,117618178,100000000,0,1621967248,,0,0,0,0,0,0,0,0,0,0,,0,True
19379190943472,pool1jufp9k6gmyusvch65ra8yk2s7wu6cx5fsgnltl83p93ejg6h3xg,5,299,cardanode.io,1,846,495000000,971212db48d9390662faa0fa725950f3b9ac1a898227f5fcf1096399,False,False,19381374148300,0,False,Cardanode: 0.00% Fee & 100% Rewards Guaranteed,620631593010,500000000000,130640000000,1621912817,,4006613380990,0.0339,0,0.0204,0.0212,0.0096,0.0151,0.0220,0.0190,0.0234,FUND,7780,True
0,pool1mayjfth7yz6mpd4hhtcwl974ut8hld8hls2f07rrdul3ypqt9rm,0,0,,,1,340000000,df4924aefe20b5b0b6b7baf0ef97d5e2cf7fb4f7fc1497f8636f3f12,False,False,0,0,False,LFG Pool,0,180000000,0,1621897455,,0,0,0,0,0,0,0,0,0,0,LFG,0,True
1685271127,pool1a26gnntcj3j5v7ng599qncn7uuav2sp560xwlkvp3pqlj822jtl,0,0,,,3,340000000,eab489cd789465467a68a14a09e27ee73ac54034d3ccefd9818841f9,False,False,1685271127,0.05,False,NASA Pool 01,1024244396,1000000000,0,1621882470,,0,0,0,0,0,0,0,0,0,0,NASA1,0,True
3494860691,pool1rd02pkrtvme3pd6fznltk62e4cr5ddgq5fmd080neu4mkt8r020,0,1,,,4,340000000,1b5ea0d86b66f310b74914febb6959ae0746b500a276d79df3cf2bbb,False,False,3494860691,0.03,False,ARK,3004708164,2500000000,373892799,1621785209,,1095867168,0.0184,0,0,0,0,0,0,0,0,ARK,2,True
3622402,pool1a9j9dtdppvfq94w84ns59fnrptz3cj2mkwpmku57e2yf5k6a4ae,0,0,,,2,345000000,e96456ada10b1202d5c7ace142a6630ac51c495bb383bb729eca889a,False,False,3622402,0.05,False,ayame,3622402,1000000,0,1621776220,,0,0,0,0,0,0,0,0,0,0,ayame,0,True
1053239172,pool17pappd4r69ag7ud695he8rhygzh80qvtdtv8k25hjyggzz8gc53,0,0,,,1,340000000,f07a10b6a3d17a8f71ba2d2f938ee440ae77818b6ad87b2a97911081,False,False,1053239172,0.0298,False,BLISKO Pool,1053239172,1000000000,0,1621716830,,0,0,0,0,0,0,0,0,0,0,BLSKO,0,True
6108812087,pool1cshuf0jy40a83glgwakert9czfnqrpyq6zwqly2705mrwkajuhu,0,0,thegoodnode.com,2,2,340000000,c42fc4be44abfa78a3e8776d91acb81266018480d09c0f915e7d3637,False,False,6108812087,0.01,False,THE OLD GOOD NODE,12068846,1000000,0,1621651451,,0,0,0,0,0,0,0,0,0,0,TGN,0,True
18114811,pool16g4atk6yaj7hxexrlhyf96gtxts3kjs5wszvxmq0paw3xdre68q,0,0,,,6,340000000,d22bd5db44ecbd7364c3fdc892e90b32e11b4a147404c36c0f0f5d13,False,False,18114811,0,False,morbit,1289068,10000000000,0,1621620012,,0,0,0,0,0,0,0,0,0,0,BIT,0,True
27036165027810,pool1cmdq8atcy8x7lfhh09vdumveuh0ywsx0269ur774nvzkyhma37d,9,298,,,149,340000000,c6da03f57821cdefa6f77958de6d99e5de4740cf568bc1fbd59b0562,False,False,26317721838495,0,False,MOMO ADA POOL,55756291691,40000000000,100640000000,1621585253,,2195455056784,0.0314,0,0.0241,0.0251,0.0102,0.0163,0.0257,0.0221,0.0256,MOMO,4731,True
178514397749,pool1udr30lxsqa799lyl9haxf0wzg8qsz3xaf2gtpqf4n2s064jrvsj,0,62,,,29,250000000,e34717fcd0077c52fc9f2dfa64bdc241c10144dd4a90b081359aa0fd,False,False,178514397749,0.02,False,StakeCare,100177788,10000000000,21481094579,1621554869,,28473635861,0.0151,0,0,0,0,0,0,0,0,CARE,85,True
543887880463,pool1z724xxqgzf9a30eejsa4edznmv8hgy27ssxqfcpqz42sc6lfqwu,0,71,,,17,340000000,1795531808124bd8bf39943b5cb453db0f74115e840c04e02015550c,False,False,549164854074,0.02,False,cardanoYYC,13162345462,10000000000,24228866648,1621472046,,21014467399,0.0124,0,0.0001,0.0057,0,0,0.0088,0,0.0071,YYC,99,True
645079510,pool1st9xr6arqq8f2hjsdz6urxejjwzpjkjceatnjuehhr9xuq6k4eu,0,0,,,2,340000000,82ca61eba3000e955e5068b5c19b329384195a58cf57397337b8ca6e,False,False,645079510,0.005,False,cardano-stake.com,627877762,626754414,0,1621448389,,0,0,0,0,0,0,0,0,0,0,BDB1,0,True
193339943952,pool1a44j6jas4sjhh3qc96r8rmhsdjxjuntuzxr3440jzwjjcysl9ca,0,58,,,712,340000000,ed6b2d4bb0ac257bc4182e8671eef06c8d2e4d7c11871ad5f213a52c,False,False,193361979596,0.05,False,MELD,29916707329,20000000000,1266249607366,1621402959,,24176936864,0.0009,0,0,0,0,0,0,0,0,MELD,1839,True
38907893390520,pool1mh4ng2ldxk4sqfppzu6r4knxrk6e87e9c4wgrred84uy7xauzlh,4,306,ccv3000.github.io,2,4614,340000000,ddeb342bed35ab00242117343ada661db593fb25c55c818f2d3d784f,False,False,38875890986424,0.03,False,(Crypto Capital Venture) #Pool3,20007124148,20000000000,281963242531,1621377841,,5412167790860,0.0331,0,0.0207,0.0220,0.0112,0.0157,0.0239,0.0188,0.0251,CCV2,11128,True
10286953804,pool1c4tqc60574fgcyqdy53vyv4dusjpj2zd9grm65avn6cz7equ0g6,0,0,,,1,340000000,c5560c69f4f5528c100d2522c232ade42419284d2a07bd53ac9eb02f,False,False,10286953804,0,False,Europa Independent Pool,10286953804,1900000000,0,1621282975,,0,0,0,0,0,0,0,0,0,0,EIP,0,True
2007228,pool1xpptvfwpqau6qg7j8e4qatkzeartxm7ezux95evgv4zm6xxd3px,0,0,,,4,340000000,3042b625c10779a023d23e6a0eaec2cf46b36fd9170c5a65886545bd,False,False,2007228,0.05,False,Cryptogrow,2007228,25000000000,0,1621271283,,0,0,0,0,0,0,0,0,0,0,GROW1,0,True
59603626,pool19sk7acvpdxszed5hmckt0wmqxljalartue7d7d4a7qhwuw0n0ws,0,0,,,2,345000000,2c2deee18169a02cb697de2cb7bb6037e5dff46be67cdf36bdf02eee,False,False,59603626,0.02,False,Papa Elon,0,1000000000,0,1621269207,,0,0,0,0,0,0,0,0,0,0,ELON,0,True
112678649,pool16m6c5rcpm63k2606lkqadg3x5pykjwr4pthhj9h4ancquafwhjl,0,0,,,4,345000000,d6f58a0f01dea36569fafd81d6a226a0496938750aef7916f5ecf00e,False,False,112678649,0.01,False,,109852906,100000000,0,1621246253,,0,0,0,0,0,0,0,0,0,0,,0,True
163039113,pool1s4a3y5ktdg7s08d6mntkctzc739h5n46t930jggef287cwz8pph,0,0,,,1,340000000,857b1252cb6a3d079dbadcd76c2c58f44b7a4eba5962f921194a8fec,False,False,163039113,0.005,False,EZStaking.io,163039113,100000000,0,1621244108,,0,0,0,0,0,0,0,0,0,0,XEZ,0,True
178083843134,pool1wyu23ahrnql8hc0y5jx00y2evnmw05d2rxnyqlgqq4lxs93q7ue,0,49,,,14,170000000,7138a8f6e3983e7be1e4a48cf7915964f6e7d1aa19a6407d00057e68,False,False,178083843134,0,False,United States of ADA,175189983264,10000000,14790000000,1621218743,,12114898793,0.0172,0,0.0248,0.0253,0,0,0.0282,0.0124,0.0130,USA,54,True
14776577,pool1ga0h4pv0psju8z3j7l852elq92c7xshuspt27jklnx665r4l2q8,0,0,,,1,500000000,475f7a858f0c25c38a32f7cf4567e02ab1e342fc8056af4adf99b5aa,False,False,14776577,0.01,False,,14776577,1000000,0,1621214380,,0,0,0,0,0,0,0,0,0,0,,0,True
1021789075453,pool1cpqpw923842ple6gnkjl0k2z238uwm4s8xh53ryzxcavu89rp9p,0,192,huskypool.com,1,28,340000000,c0401715513d541fe7489da5f7d942544fc76eb039af488c82363ace,False,False,1020984051600,0.03,False,Husky pool 2,25027768583,10000000000,68641734112,1621164734,,107481560996,0.0215,0,0.0213,0.0171,0.0126,0.0086,0.0124,0.0252,0.0129,HUSKY,336,True
272770621247,pool13s6u5zjngelr5uddhqygqqf5tcup0g3ajenma6amy9zuu7e97gm,0,63,,,21,340000000,8c35ca0a53467e3a71adb8088001345e3817a23d9667beebbb2145ce,False,False,273652445233,0.01,False,Cardano Stake Pool by CHAINOMETRY,208983716731,200000000000,21572336402,1621044706,,15081307001,0.0124,0,0.0008,0.0005,0,0.0009,0.0008,0.0004,0.0017,CTL,70,True
593799895,pool12x6z2am9fxpw7s8wfjpsdd4jm2v5wdj62fshv00ztpxr6jy3ztp,0,0,,,3,345000000,51b42577654982ef40ee4c8306b6b2da9947365a5261763de2584c3d,False,False,593799895,0.01,False,MIASPool,496175032,100000000,0,1621002431,,0,0,0,0,0,0,0,0,0,0,MIAS,0,True
87749079239,pool1x0necz9ktlnah9505f3fkdncrlepz0q2gyfp4r7pjxnq53qw5kx,0,21,,,20,170000000,33e79c08b65fe7db968fa2629b36781ff2113c0a41121a8fc191a60a,False,False,87749079239,0.01,False,MEGA Stake Pool,35015495233,10000000000,4661561031,1620989761,,7084543058,0.0177,0,0.0247,0.0164,0,0.0505,0.0219,0.0498,0.0069,MEGA,27,True
46349638679468,pool1rmpv0h0pecysach8tj06vxx9wku2pdm74mk9cunx759v58q0hu2,10,291,,,199,340000000,1ec2c7dde1ce090ee2e75c9fa618c575b8a0b77eaeec5c7266f50aca,False,False,46355872102412,0.035,False,SASA Stake Pool,123051923,80000000,168673657183,1620971780,,2282002046246,0.0261,0,0.0217,0.0228,0.0107,0.0160,0.0239,0.0206,0.0244,SASA,6001,True
69775182712100,pool1t6ek99u2dzj8sr606uqm3uz0tt4ejr4cpvwtqfwen6p2z57rrst,19,286,blockdaemon.com,0,86,340000000,5eb362978a68a4780f4fd701b8f04f5aeb990eb80b1cb025d99e82a1,False,False,70120093590420,0.08,False,Blockdaemon 🧱😈 Stake Pool 0,6905315879,200000000,464175676680,1620939353,,6307038216678,0.0313,0,0.0210,0.0215,0.0131,0.0152,0.0223,0.0184,0.0233,BD0,13481,True
68332622,pool1js3l2kgut64prz0q0a8px7qtyduclfm3h2kuvrl5gfzmy0waxyt,0,38,,,3,340000000,9423f5591c5eaa1189e07f4e13780b23798fa771baadc60ff44245b2,False,False,68332622,0,False,Gundam Stake,0,50000000000,12240000000,1620870123,,54088010194,0.0199,0,0,0,0,0,0,0,0,Gunda,114,True
594564135,pool14p6lu0454w4wq6gsxxftqdz43x3tuv3teunp8kgu08tacgf43gd,0,0,,,4,345000000,a875fe3eb4abaae069103192b0345589a2be322bcf2613d91c79d7dc,False,False,996764578,0.15,False,QPool,497625174,100000000,0,1620764582,,0,0,0,0,0,0,0,0,0,0,QPO,0,True
0,pool1renn86d9mty7jdq2qy32xk9lyl0lydcqx337e4504fzvvcye532,0,0,,,0,340000000,1e6733e9a5dac9e9340a0122a358bf27dff237003463ecd68faa44c6,False,False,0,0,False,,0,650000000,0,1620745760,,0,0,0,0,0,0,0,0,0,0,,0,True
58863958229,pool1jc24u7v5xsaw9dw6s0vftjat8ssc8ru4c0uhrj8zpm3usnrp03t,0,0,,,11,340000000,96155e7994343ae2b5da83d895cbab3c21838f95c3f971c8e20ee3c8,False,False,57485698874,0,False,Halo Stake Pool,3002007384,3000000000,0,1620699855,,0,0,0,0,0,0,0,0,0,0,HALO,0,True
945853250,pool1pxhywws8s8h05c69ug3k4rl6jtpxms23eyag7eawwdvxql8spwc,0,26,,,6,340000000,09ae473a0781eefa6345e2236a8ffa92c26dc151c93a8f67ae735860,False,False,945853250,0.01,False,StakingKakis,0,5000000000,8902289394,1620659009,,6154603641,0.0124,0,0,0,0,0,0,0,0,KAKIS,26,True
501132556,pool16q8rhnyj65mtfz8rvf38ernr0jlcr5gcdpjzv0wgtqvcc5yw7g7,0,0,,,2,345000000,d00e3bcc92d536b488e362627c8e637cbf81d1186864263dc858198c,False,False,501132556,0.01,False,All With Ada,482150026,100000000,0,1620655042,,0,0,0,0,0,0,0,0,0,0,AWA,0,True
2053456536903,pool193rdch53x9c53rmftlqgzj22vmz6w8z8hhut2ckzd2zej45zpap,1,87,,,85,170000000,2c46dc5e913171488f695fc081494a66c5a71c47bdf8b562c26a8599,False,False,2056604470311,0.01,False,Alleycat Stake Pool,10000000000,10000000000,15416882625,1620575083,,78891383984,0.0224,0,0.0258,0.0236,0.0032,0.0251,0.0237,0.0282,0.0210,ALLEY,243,True
1707736537549,pool1k99yncea8tq9pfeks3yymyj6fwjf4apx0s490j09m4y66vtyufr,0,160,,,81,340000000,b14a49e33d3ac050a73684484d925a4ba49af4267c2a57c9e5dd49ad,False,False,1707736537549,0,False,ADA TO THE MOON,78816789763,69420000000,54416123036,1620570944,,78589666503,0.0200,0,0.0093,0.0082,0.0002,0.0003,0.0144,0.0054,0.0137,PUMP,272,True
10285682325,pool1rx2745qj65qrgcutmpydv9k3ld930puq52t7skcd3ennqh550zc,0,105,,,14,340000000,1995ead012d50034638bd848d616d1fb4b178780a297e85b0d8e6730,False,False,10285682325,0,False,LEON POOL,4664621622,1000000000,35966270619,1620568887,,208503437215,0.0387,0,0,0,0,0,0,0,0,KUNI,373,True
2342381143,pool1kyn4xguhrd600j4y9kvksptzjk8k4hz5rdcrxx3qw3jksuwjnwz,0,0,,,2,345000000,b1275323971b74f7caa42d99680562958f6adc541b70331a20746568,False,False,2342381143,0,False,,0,100000000,0,1620566106,,0,0,0,0,0,0,0,0,0,0,,0,True
0,pool1fqnluegrkns2jj49vgvn8vvn5u8y4m2m3xptx4wngvf4cnwa2fk,0,0,wolfschedule.com,3,1,340000000,4827fe6503b4e0a94aa5621933b193a70e4aed5b8982b355d343135c,False,False,0,0.02,False,Wolf Schedule,0,9000000000,0,1620529090,,0,0,0,0,0,0,0,0,0,0,3A81,0,True
58965041651,pool1mnghpud4rypv76fgq5urhzaujlevp94tjxug6556e9qyua43ktl,0,0,,,11,345000000,dcd170f1b51902cf692805383b8bbc97f2c096ab91b88d529ac9404e,False,False,58965041651,0.15,False,TradeMark,107618574,100000000,0,1620525390,,0,0,0,0,0,0,0,0,0,0,TRDMK,0,True
2335044275530,pool10wfvyl284h0eyzjtwndh8kvu36lqvptusq4nxtv52pmazpyvfud,1,284,,,228,340000000,7b92c27d47addf920a4b74db73d99c8ebe06057c802b332d945077d1,False,False,2321090654536,0.0199,False,Advanced Crypto Team,166985774883,120000000000,105563413773,1620522132,,474414582472,0.0336,0,0.0164,0.0128,0.0109,0.0181,0.0178,0.0198,0.0146,ACT,1002,True
1907080796339,pool1u2lghnv4ae3zy73ysjlgvxwj7tuqpmyfavk74j48g0gnqnyc692,2,242,,,77,340000000,e2be8bcd95ee62227a2484be8619d2f2f800ec89eb2deacaa743d130,False,False,1906453919812,0,False,Cardano ADEN Stake Pool,9401603147,100000000,89880000000,1620484437,,683451018691,0.0325,0,0.0152,0.0181,0.0205,0.0183,0.0176,0.0138,0.0183,ADEN,1448,True
1114952433430,pool1chzrvd7wzmw8ufsehctn8fmf7ca27xf7d6f5tpreat7kxx6hwf9,0,192,,,19,170000000,c5c43637ce16dc7e2619be1733a769f63aaf193e6e93458479eafd63,False,False,1113307808848,0,True,MOBC StakePool,1020870872,1000000000,60421481012,1620459684,,142557725185,0.0242,0,0.0216,0.0198,0.0292,0.0391,0.0171,0.0273,0.0175,MOBC,381,True
7603844095513,pool12ktz62g9d32nq0cdk9jyyqg6kquj7lnmx776at5h598supql0t2,2,306,crown-tech.co.jp,1,7,680000000,55962d29056c55303f0db16442011ab0392f7e7b37bdaeae97a14f0e,False,False,7597941004538,0.5,False,CTEC2 Stake Pool,10487806197,10000000000,655232964058,1620455844,,409916247744,0.0137,0,0.0066,0.0083,0.0034,0.0040,0.0085,0.0051,0.0097,CTEC2,2083,True
7813253770578,pool15z87p296y3m7eq8pwuu8qs6h2v4d2ctnx3yd2vqpl6txkkdvl5h,3,225,muen-project.com,0,56,340000000,a08fe0a8ba2477ec80e17738704357532ad561733448d53001fe966b,False,False,7804791060320,0.02,True,"MUEN-StakePool,",15027888897,10000000000,86033952837,1620441567,,498646205041,0.0280,0,0.0200,0.0194,0.0065,0.0065,0.0207,0.0146,0.0197,MUEN,1225,True
1978279340,pool1wpzr2xafvtne6cnvlyzjqf8dlj2dg7tgkv3vu4zt687266ep7wg,0,48,,,21,340000000,7044351ba962e79d626cf9052024edfc94d47968b322ce544bd1fcad,False,False,1978279340,0,False,GENZOD,0,14500000000,16583931281,1620439773,,56350141182,0.0298,0,0,0,0,0,0,0,0,ZOD,107,True
1665757,pool1r96tdg42e7qpxxef2fhzlusl4wtqjk24kznsj4ttar0f6adw0jq,0,0,,,1,340000000,1974b6a2aacf80131b29526e2ff21fab96095955b0a709556be8de9d,False,False,1665757,0.0125,False,GonzoGonGonPool,1665757,1000000000,0,1620388278,,0,0,0,0,0,0,0,0,0,0,GGG,0,True
60781695,pool15zrj43nldc357nas0g7glm09wqhtyexxs64skq52mtg6sdrsjzd,0,0,,,2,340000000,a0872ac67f6e234f4fb07a3c8fede5702eb264c686ab0b028adad1a8,False,False,60781695,0.05,False,💰 Austria Crypto Vault 💰 sponsored by MERANU,6738263,1000000,0,1620355913,,0,0,0,0,0,0,0,0,0,0,ADAEU,0,True
1000000,pool1ura3w5x8uy7mgzu0pd4kskap4hynt9zymt30h5macll4kuxpqnv,0,0,,,2,340000000,e0fb1750c7e13db40b8f0b6b685ba1adc9359444dae2fbd37dc7ff5b,False,False,1000000,0.01,False,Yinvesto,0,5000000000,0,1620309325,,0,0,0,0,0,0,0,0,0,0,YIN,0,True
2154234843,pool1509aw97y38yl6cpamvpzv58hh9c6lxrggxssya9twj9f6xxd394,0,1,,,9,340000000,a3cbd717c489c9fd603ddb022650f7b971af986841a10274ab748a9d,False,False,2154234843,0.00111,False,Hong Kong Beyondr,1796769708,10000000000,340439861,1620280571,,395831702,0.0021,0,0,0,0,0,0,0,0,HKB,1,True
1283343771012,pool145ak0czqxe97ef38zjupk0pz5yk7pahcyrdfee2lrnsnwawj6dc,0,244,heysoftwareinnovation.com,3,1130,340000000,ad3b67e040364beca62714b81b3c22a12de0f6f820da9ce55f1ce137,False,False,1282494684683,0.045,False,The Investor Accelerator Staking Pool,10013189749,10000000000,101408127714,1620272849,,395734198884,0.0308,0,0.0099,0.0164,0.0003,0.0004,0.0152,0.0004,0.0116,TIA,844,True
2032466362337,pool1zkdaju2rjefa52uh6yh6etsxla0x6aqs6p6wm245y5szk7k3msd,0,253,,,649,340000000,159bd971439653da2b97d12facae06ff5e6d7410d074edaab425202b,False,False,1989686877002,0.025,False,A3C Pool,15366278859,15000000000,93299003551,1620216539,,296736101860,0.0271,0,0.0149,0.0122,0.0063,0.0043,0.0171,0.0147,0.0187,A3C,771,True
10124394889,pool1fu6ppur5uumrpydpeswzrvfg4epr68xw39aar9rcu56tk5ukat3,0,78,,,43,340000000,4f3410f074e7363091a1cc1c21b128ae423d1cce897bd19478e534bb,False,False,10124394889,0.0499,False,ADA 9000 - Dedicated to Cardano,645450226,1000000000,32934408500,1620162443,,320576405936,0.0356,0,0,0,0,0,0,0,0,9000,589,True
1367572695541,pool1zwqrrwpr5zx7c3f4ukpu4r4fz5c2hkwx9vwqka5068urgqvpjzr,0,218,,,243,170000000,138031b823a08dec4535e583ca8ea91530abd9c62b1c0b768fd1f834,False,False,1367300648712,0.03,False,CarPool,40000000000,40000000000,83525496876,1620154737,,391094329972,0.0360,0,0.0096,0.0109,0,0,0.0105,0.0061,0.0142,CAR,806,True
118227189,pool1clkt34hufs3k4gfnd2rl8gy9zlzzdgr9838y0k2hwfuhy0mh2t9,0,0,,,2,340000000,c7ecb8d6fc4c236aa1336a87f3a08517c426a0653c4e47d957727972,False,False,103923029,0.9,False,TrapPool,103923029,100000000,0,1620131917,,0,0,0,0,0,0,0,0,0,0,TRAP,0,True
1100522781,pool1gqmjahruyhxvec59g9wh0z67aqxa2k3n4al4lyafv08xk90zl2z,0,0,,,1,340000000,40372edc7c25cccce285415d778b5ee80dd55a33af7f5f93a963ce6b,False,False,1100522781,0.015,False,EspressoPool.net,1100522781,11000000000,0,1620047050,,0,0,0,0,0,0,0,0,0,0,ESPR,0,True
40736173192384,pool1h6q8jj55dn6727yydlypu0rz4sflf2enxhs0thqydmddgu3shl5,14,243,,,624,170000000,be80794a946cf5e578846fc81e3c62ac13f4ab3335e0f5dc046edad4,False,False,41290986362505,0.03,True,Hazelpool,404197737071,350000000000,84675741943,1620010189,,1148469199517,0.0292,0,0.0217,0.0245,0.0122,0.0154,0.0254,0.0199,0.0257,HAZEL,2862,True
0,pool1e5dxsm5ckaq0k9fg9hkclcrdj740757w4tqf9sk35wt22swypdu,0,0,wolfschedule.com,2,1,340000000,cd1a686e98b740fb15282ded8fe06d97aaff53ceaac092c2d1a396a5,False,False,0,0.05,False,Wolf Schedule,0,200000000,0,1619984473,,0,0,0,0,0,0,0,0,0,0,C0B5,0,True
0,pool1nad4u2vhlwpjd2f52dpgf5rh36ntvdsm38mxmztndtmcscpy82u,0,0,wolfschedule.com,1,1,340000000,9f5b5e2997fb8326a934534284d0778ea6b6361b89f66d89736af788,False,False,0,0.05,False,wolf-7C9E,0,100000000,0,1619934021,,0,0,0,0,0,0,0,0,0,0,7C9E,0,True
119036341,pool17edtg9kt83mpguyh87u6ju2fkgjta4jjmmyzj9n8tsf4uwalg7h,0,0,,,3,340000000,f65ab416cb3c761470973fb9a97149b224bed652dec82916675c135e,False,False,119036341,0.01,False,MEGHANADA,112542179,10000000,0,1619883823,,0,0,0,0,0,0,0,0,0,0,MEGHA,0,True
313931844439,pool17r3u34ywld6sehe9dd5t40ygq7rmc6yfw2k0h0hpllznwlmwsnn,0,155,,,119,170000000,f0e3c8d48efb750cdf256b68babc880787bc688972acfbbee1ffc537,False,False,314248361284,0.025,True,ADA Rewards,160516912224,100000000000,54072675108,1619841821,,358097918182,0.0363,0,0.0207,0.0184,0.0207,0.0553,0.0153,0.0273,0.0088,ADAR,724,True
277173167,pool1g2zsavkscwrzz0tqqwwykkyganyedlzgqc63fneq6nvzc7rwdzp,0,0,,,4,345000000,42850eb2d0c386213d60039c4b5888ecc996fc48063514cf20d4d82c,False,False,277173167,0.999,False,Red Bike,106633769,100000000,0,1619826107,,0,0,0,0,0,0,0,0,0,0,RBA,0,True
7083426021,pool1ca862gvy5r06k5l3hulsphtp20tvuxqef0arzcyejdf365c5nrs,0,0,,,11,340000000,c74fa52184a0dfab53f1bf3f00dd6153d6ce18194bfa31609993531d,False,False,7083426021,0.01,False,ChillerBude,1809605726,300000000,0,1619814020,,0,0,0,0,0,0,0,0,0,0,CHILL,0,True
100609921,pool16m8xz3av9e3lwnxgu0jfnuwckgayev63zpzcu56hsxx7vy4eqzn,0,10,,,3,340000000,d6ce6147ac2e63f74cc8e3e499f1d8b23a4cb35110458e5357818de6,False,False,100609921,0.01,False,EZ-Pool,100609921,550000000000,3459793378,1619794205,,5559935129,0.0188,0,0,0,0,0,0,0,0,EZP,13,True
127046347,pool1rq70y0sj8fnjgnuavsjtvk2qm6hjw2r9zfacd46z6z8c7tlgcmx,0,0,,,1,345000000,183cf23e123a67244f9d6424b65940deaf272865127b86d742d08f8f,False,False,127046347,0.05,False,,127046347,100000000,0,1619744117,,0,0,0,0,0,0,0,0,0,0,,0,True
1032212606,pool1zcdwn5z04gw7m0n7qzwx9gqn8a9l3wfcvejc3wrdxfuhc88usua,0,0,,,5,340000000,161ae9d04faa1dedbe7e009c62a0133f4bf8b938666588b86d32797c,False,False,1032212606,0.035,False,Maasai.io Cardano Stake Pool,1007477141,1000000000,0,1619710007,,0,0,0,0,0,0,0,0,0,0,MASAI,0,True
3520782752,pool1ze57pe06f82s3v8ugjqxrny56sj63vs26sm5q879ahkkq69zn0c,0,8,,,14,340000000,1669e0e5fa49d508b0fc448061cc94d425a8b20ad437401fc5eded60,False,False,3520782752,0,False,FourBrothersForADA,0,10000000000,2720000000,1619709563,,3818353245,0.0174,0,0,0,0,0,0,0,0,4BFA,9,True
313858022745,pool1stvux7an3kp2p55na0p7eec2e7l66gqcpuc7yu9cx5242g4j2eh,1,88,,,16,170000000,82d9c37bb38d82a0d293ebc3ece70acfbfad20180f31e270b8351555,False,False,314206266403,0.016,False,cardanohub.net stake pool,81768474284,80000000000,28749407916,1619705790,,21953648281,0.0179,0,0.0134,0.0093,0.0209,0.0279,0.0074,0.0197,0.0061,CHUB,101,True
22653969070,pool1jq7083uth03spzhg5ag6gfgg24ux6fjuhng8vj2wdz8jkukqvcl,0,0,,,6,345000000,903cf3c78bbbe3008ae8a751a4250855786d265cbcd076494e688f2b,False,False,22653969070,0.075,False,Tiny Pool,406436573,400000000,0,1619684453,,0,0,0,0,0,0,0,0,0,0,TINY,0,True
19501367114472,pool1u99x2rr6trfznwakv0959llmxmtgc2nvanc067uugl3ejuvvnc8,6,310,wavepool.digital,4,4357,340000000,e14a650c7a58d229bbb663cb42fffb36d68c2a6cecf0fd7b9c47e399,False,False,19378091037662,0.01,False,wavepool.digital,87253070056,5000000,144417407468,1619664636,,5819104866678,0.0368,0,0.0219,0.0226,0.0123,0.0161,0.0242,0.0198,0.0264,WAV7,11049,True
49782708,pool1waplz6cz4t2uss0qcst8wkqj52rzhy9vfr5jr9se9pjx7ucjcfm,0,0,wolfschedule.com,0,4,345000000,7743f16b02aad5c841e0c416775812a2862b90ac48e921961928646f,False,False,49782708,0.15,False,Wolf Schedule,0,100000000,0,1619655160,,0,0,0,0,0,0,0,0,0,0,WOLF,0,True
1594727390,pool1h26acqctjzuzk04uxc35mt5eavnlr5wyaqavmdqhd3s2zr8v7nm,0,0,,,5,345000000,bab5dc030b90b82b3ebc36234dae99eb27f1d1c4e83acdb4176c60a1,False,False,1594727390,0.02,False,Babylon,402257168,10000000,0,1619538780,,0,0,0,0,0,0,0,0,0,0,BABYL,0,True
200575676255,pool13zdrhek6m4n947grhrm0772zt09lrm2vzkffsla25e7yq6xqjkg,0,62,,,40,340000000,889a3be6dadd665af903b8f6ff79425bcbf1ed4c1592987faaa67c40,False,False,200575676255,0.01,False,FrogePool by FrogeWorld,50503606379,50000000000,21110857004,1619518502,,58898781649,0.0281,0,0.0008,0.0009,0,0,0.0059,0,0.0046,FPOOL,131,True
2097621830,pool18cr7st8wvagllpgq23y70ncnejux2dmxrsdc45hyalk67e63jg6,0,0,,,2,340000000,3e07e82cee6751ff85005449e7cf13ccb86537661c1b8ad2e4efedaf,False,False,2097621830,0.01,False,xsyfr,2097621830,2000000000,0,1619499074,,0,0,0,0,0,0,0,0,0,0,XSY,0,True
3572523687,pool169mewaur9ma6ffw6x90xhjj0sk9j8yu3ynqz20jh03dj20syqwc,0,1,,,3,340000000,d1779777832efba4a5da315e6bca4f858b23939124c0253e577c5b25,False,False,3572523687,0.01,False,CARDAZIO,0,9680000000,343840245,1619473842,,380184306,0.0118,0,0,0,0,0,0,0,0,CDZIO,1,True
1075435349,pool165cyssah9wcnkuqq339c9fam5wga3x7zl6kw4ktltq5x68tlu4w,0,0,,,3,340000000,d5304843b72bb13b70008c4b82a7bba391d89bc2feacead97f58286d,False,False,1075435349,0,False,Amici Elettronici,1000000000,1000000000,0,1619451659,,0,0,0,0,0,0,0,0,0,0,AMICI,0,True
12825377957,pool1ft4z335t0eclqwlxdktam5wphf47swfpzgxe4fslnjz5y70hq2p,0,0,,,5,345000000,4aea28c68b7e71f03be66d97ddd1c1ba6be83921120d9aa61f9c8542,False,False,12825377957,0,False,MediumRareStake,1112215016,1100000000,0,1619449462,,0,0,0,0,0,0,0,0,0,0,MDRS,0,True
354132091286,pool1umflj8hjq873fs9r6aq2zvgs88zrs5xjswn2znkdaehlz2eqy59,0,93,,,16,340000000,e6d3f91ef201fd14c0a3d740a1311039c43850d283a6a14ecdee6ff1,False,False,354132091286,0.0115,True,banC StakePool,31627864476,2000000000,34405205053,1619438538,,268631760356,0.0302,0,0.0002,0.0004,0,0,0.0004,0,0.0120,BANC,523,True
1732950989,pool1eal2z34ugj8a0ckykd6xx45dz6jwdgz4cuvutk320cp4w8t2sm4,0,6,,,1,340000000,cf7ea146bc448fd7e2c4b37463568d16a4e6a055c719c5da2a7e0357,False,False,1732950989,0.002,False,FIXEDVALUE,0,20000000000,2050892682,1619432553,,2312049828,0.0295,0,0,0,0,0,0,0,0,FIXV,6,True
1343690167284,pool1fwhu9w2z82n5r7hdeu8ayl9tywraursthd78mxxekr6zzdjgpkm,0,152,,,18,340000000,4bafc2b9423aa741faedcf0fd27cab2387de0e0bbb7c7d98d9b0f421,False,False,1406671164555,0.01,False,ADAMars,12777875638,2000000000,51976690781,1619425961,,55438892138,0.0167,0,0.0087,0.0083,0,0.0068,0.0108,0.0069,0.0102,MARS,214,True
672157574364,pool13zq5jktx7xmngfer82nkrs8aqjklmydntxdqzttas328yuttgx6,1,164,,,38,170000000,8881495966f1b73427233aa761c0fd04adfd91b3599a012d7d845472,False,False,672157574364,0,True,VICISpool,97701043557,84000000000,39950000000,1619372810,,189834041366,0.0256,0,0.0066,0.0112,0,0,0.0148,0.0065,0.0175,VICIS,485,True
0,pool1md2zw92j6ye2m2dl34x6pvp8phdpjcknay72tzrz4vcq523druq,0,0,,,1,340000000,db54271552d132ada9bf8d4da0b0270dda1962d3e93ca58862ab300a,False,False,0,0.025,False,Crayon Eater Hooah Pool,0,52500000000,0,1619322621,,0,0,0,0,0,0,0,0,0,0,HOOAH,0,True
552424253,pool172gxn08m64vyfvpn926t3q8md5qf0q9k3y6kqz6krj8ry0tntmz,0,0,git.io/JOkNh,4,1,340000000,f29069bcfbd55844b0332ab4b880fb6d009780b68935600b561c8e32,False,False,552424253,0.01,False,homePool,552424253,550000000,0,1619306336,,0,0,0,0,0,0,0,0,0,0,HOME,0,True
97623898,pool1hg9yyezrm6dslw9q767n5tlu0qk2ccvd4k9946vv7ymgvsvnttf,0,0,icecoldstakepool.com,1,1,340000000,ba0a426443de9b0fb8a0f6bd3a2ffc782cac618dad8a5ae98cf13686,False,False,97623898,0.02,False,ICECOLD,97623898,0,0,1619305394,,0,0,0,0,0,0,0,0,0,0,ICE,0,True
7544443216079,pool12qtv7kyrx8g0d5890alk6dkc6n6nyfx80synspvqafjrqd3ergz,1,308,,,72,340000000,5016cf588331d0f6d0e57f7f6d36d8d4f53224c77c09380580ea6430,False,False,7546680021094,0,False,Asahi Stake Pool,81814037757,40000000000,104148961023,1619277232,,1091423230120,0.0332,0,0.0217,0.0204,0.0171,0.0172,0.0237,0.0166,0.0229,ASAHI,2275,True
314271584,pool1mzn7a7h4ghv35d7hm7lepzcc8vkwq38qajnnuqalc60mkl0recn,0,0,,,13,340000000,d8a7eefaf545d91a37d7dfbf908b183b2ce044e0eca73e03bfc69fbb,False,False,314271584,0.05,False,,304534015,300000000,0,1619204359,,0,0,0,0,0,0,0,0,0,0,,0,True
905455988092,pool1qaxrj6n50naglqmzj5puq5sd0awgy9wnqmykpwmcah4vzhndpve,0,202,,,42,340000000,074c396a747cfa8f83629503c0520d7f5c8215d306c960bb78edeac1,False,False,905455988092,0,False,🐈Nora Neko Stake Pool🌏,66080686291,50000000000,68696310975,1619196882,,291940477894,0.0267,0,0.0052,0.0054,0,0.0003,0.0099,0.0001,0.0111,🐈NNSP,719,True
333471723066,pool1qhs3cf9ymc2nvmrd2j8cs36cj9jdqgnqk6s9ngyvy2lz5s8rak8,0,133,,,74,170000000,05e11c24a4de15366c6d548f8847589164d02260b6a059a08c22be2a,False,False,333958512353,0.04,False,PANL Stake Pool,189663935941,166000000000,42938406392,1619193305,,364272739707,0.0342,0,0,0.0063,0,0,0.0090,0,0.0187,PANL,745,True
171697292534,pool1nyh6jcznks8wvlek7r7rlvg9hfchfqqyvup39ugkmr6kghrl0as,0,32,,,31,340000000,992fa96053b40ee67f36f0fc3fb105ba71748004670312f116d8f564,False,False,171697292534,0.037,False,HANABI stake pool,3258613240,100000000,10583431736,1619163074,,7163890655,0.0128,0,0.0008,0.0006,0,0,0.0012,0,0.0008,HNB1,34,True
0,pool1l0myzl403h70d26pvwmn5fszlwuyf4y9wltlc6unt706zlqx3zc,0,0,,,0,345000000,fbf6417eaf8dfcf6ab4163b73a2602fbb844d48577d7fc6b935f9fa1,False,False,0,0.15,False,,0,100000000,0,1619118056,,0,0,0,0,0,0,0,0,0,0,,0,True
132528047724,pool1g9v6nnrn8x7jcj26mqernsh3h97g6gyhamttzg8q39yvjr60g7k,0,108,,,95,170000000,4159a9cc7339bd2c495ad83239c2f1b97c8d2097eed6b120e08948c9,False,False,134692481386,0.015,False,DEGAS - The Pool Fighting GHG Emissions,84045389069,80000000000,36070068625,1619102161,,166828652901,0.0310,0,0.0325,0.0132,0.1576,0.1025,0.0171,0.0498,0.0177,DEGAS,343,True
27922847933,pool193eeqrm9vfx5y7d7u7766zskcr0ss0pnypy8sn30mlar29s49zv,0,186,,,20,340000000,2c73900f65624d4279bee7bdad0a16c0df083c332048784e2fdffa35,False,False,27922847933,0.015,False,OKExPool,5772369729,1000000000000,72997521722,1619083385,,630517660633,0.0340,0,0,0,0,0,0,0,0,OKEx,1235,True
30024289804316,pool1u8yequt4vq3jhajeegc02r3msnne6krayxuzrypaz8jkq5v5pux,7,231,,,579,340000000,e1c990717560232bf659ca30f50e3b84e79d587d21b821903d11e560,False,True,30034805524373,0.02,True,Hosk Pool,10050954920,10000000000,122702971907,1619078133,,2165576015885,0.0288,0,0.0231,0.0229,0.0075,0.0143,0.0245,0.0171,0.0262,HOSK,5359,True
0,pool15wpcswzd758g6ym0g4x3mx6y6hm3acvx2d0uq3y3z6xnj0eajkg,0,0,stake1uy5xgc54nu6l8a0qrxgwxaen4x2w30j37ff88803992zz6sgat5sa,1,0,345000000,a38388384df50e8d136f454d1d9b44d5f71ee186535fc04491168d39,False,False,0,0.01,False,,0,1000000000,0,1618955432,,0,0,0,0,0,0,0,0,0,0,,0,True
306763214,pool1eyccsl45l8f7sdplfs770460l2uqe9xfne4l64xvwewd22fcl9a,0,0,,,2,340000000,c931887eb4f9d3e8343f4c3de7d74ffab80c94c99e6bfd54cc765cd5,False,False,306763214,0.03,False,nerdco.io,306763214,300000000,0,1618940265,,0,0,0,0,0,0,0,0,0,0,NRDCO,0,True
3486173436,pool1dhfz7yak8wqmpvm5luf8ey44aewa9hcrldz0ea3rhh97jmrru5j,0,1,,,6,340000000,6dd22f13b63b81b0b374ff127c92b5ee5dd2df03fb44fcf623bdcbe9,False,False,3486173436,0,False,Fidelio,557856648,520000000,349514771,1618903854,,307644268,0.0225,0,0,0,0,0,0,0,0,FIDE,1,True
647354782720,pool1h8fnr4vlfcv9l4jlv9epalghy3zgjpye4wv85c4rafpvvfztsk7,0,93,,,12,340000000,b9d331d59f4e185fd65f61721efd172444890499ab987a62a3ea42c6,False,False,647703691104,0,False,Janus Stake Pool,300455932239,250000000000,31280000000,1618891998,,22667484610,0.0121,0,0.0005,0.0028,0,0,0.0064,0.0006,0.0066,JANUS,116,True
5248037688872,pool10fxpa6wkv0wc6wcmahcnz4wvvfx9m7547sevxrge3nfuv7yh8m0,2,217,,,455,340000000,7a4c1ee9d663dd8d3b1bedf13155cc624c5dfa95f432c30d198cd3c6,False,False,5449292064338,0,False,GranADA Pool,31749291787,30000000000,73108092553,1618839389,,706474456929,0.0291,0,0.0135,0.0157,0,0.0015,0.0188,0.0129,0.0225,GRANA,1636,True
368868379950,pool1qzz0flh92qkg0mjufaw9j2zk72lmvf5n2kuaslk4f8j4ze362w4,0,155,,,668,340000000,0084f4fee5502c87ee5c4f5c592856f2bfb6269355b9d87ed549e551,False,False,368879466064,0.05,False,Drunken Dragon Pool,552033718,100000000000,58099246064,1618791495,,192216198680,0.0277,0,0,0,0,0,0,0,0.0001,DND,418,True
263734488589,pool1ut39vczq4h03vpzfcn7ssxa04qzkyj8nxu4nq4rfv0nsxz39c5y,0,78,,,16,340000000,e2e2566040addf160449c4fd081bafa8056248f3372b30546963e703,False,False,263734488589,0.01,False,Toba Mint,100025187409,100000000000,28540302859,1618788160,,199947749489,0.0428,0,0.0006,0.0007,0,0,0.0099,0,0.0059,TOBA,338,True
5126534362895,pool1vpa84enqxhh5hnyypeqfshsgqhnjfzyddgq7z4tfmavh68c9s9p,0,293,,,59,340000000,607a7ae66035ef4bcc840e40985e0805e724888d6a01e15569df597d,False,False,5127536533843,0.01,False,Chaos,98414298755,60000000000,105589298104,1618782047,,606976080643,0.0299,0,0.0220,0.0233,0.0125,0.0134,0.0229,0.0142,0.0226,CHAOS,1401,True
205590768892,pool1442wwr8zzdpcu8uwnglackzr3u5ggrmfxsjja0s7aef66hk2fuc,0,44,,,57,170000000,ad54e70ce213438e1f8e9a3fdc58438f28840f6934252ebe1eee53ad,False,False,205590768892,0,True,Pasta Pool,20175774960,20000000000,11864761345,1618736845,,18428951596,0.0174,0,0.0067,0.0049,0,0,0.0176,0,0.0179,PASTA,71,True
205618530,pool1ajjz83zx620n7fyr0gvfaz0k0udc6x09rdnkqrgaxu9qwcz97qe,0,0,,,1,345000000,eca423c446d29f3f24837a189e89f67f1b8d19e51b67600d1d370a07,False,False,205618530,0.01,False,copenhagenvertigo,205618530,100000000,0,1618735227,,0,0,0,0,0,0,0,0,0,0,CPHV,0,True
19600791636,pool197e83k4u53l6txk8yr83007efgavngua8wnwp00w3xrqw3pmr4x,0,83,,,51,170000000,2fb278dabca47fa59ac720cf17bfd94a3ac9a39d3ba6e0bdee898607,False,False,19600791636,1,False,CREUS,1706992,0,35220586884,1618682293,,1834763034070,0.0479,0,0,0,0,0,0,0,0,CREUS,2622,True
39009056190054,pool1urgvu6zk422j4xwtxa45lzpd6dm25msfthpkezr042secrtuwzc,17,312,ccv3000.github.io,1,5129,340000000,e0d0ce6856aa952a99cb376b4f882dd376aa6e095dc36c886faaa19c,False,False,39170508599566,0.03,False,(Crypto Capital Venture) #Pool2,20011772600,20000000000,286440677257,1618608761,,5455961340515,0.0329,0,0.0215,0.0225,0.0120,0.0169,0.0226,0.0216,0.0249,CCV1,11305,True
12198816319,pool1prerctlrtn5e63m0zu5ydr2adaxpsypzj6wx3v8y44dsyj2lcwm,0,0,,,13,340000000,08f23c2fe35ce99d476f1728468d5d6f4c181022969c68b0e4ad5b02,False,False,12198816319,0.015,False,Caden's Stake Pool,11912109622,11000000000,0,1618577516,,0,0,0,0,0,0,0,0,0,0,CADEN,0,True
198649033904,pool1yrqqa03ea5fdh5hnap99k4actjtj6ypeeauuwrvf8d3zw9ywvye,0,71,,,26,340000000,20c00ebe39ed12dbd2f3e84a5b57b85c972d1039cf79c70d893b6227,False,False,198646079274,0,False,Cardanodo,105784616973,100000000000,24144073841,1618530715,,20967954217,0.0171,0,0,0,0,0,0.0004,0,0.0020,NODO,80,True
34329580498939,pool15cy4p3axu0m6sfrmxsp46z5cevx3ruksfwjl48730cgx24j4ydz,12,263,,,645,170000000,a60950c7a6e3f7a8247b34035d0a98cb0d11f2d04ba5fa9fd17e1065,False,False,34262286345616,0,True,Tech pool,126378937914,101000000000,67948019937,1618524862,,1187022237058,0.0266,0,0.0217,0.0233,0.0138,0.0165,0.0243,0.0196,0.0251,TECH,3116,True
274557374,pool1avrc505uzld32hjr78pxra8jtmxvwaxdttxq2zxsjearwsy0quc,0,0,,,6,340000000,eb078a3e9c17db155e43f1c261f4f25eccc774cd5acc0508d0967a37,False,False,274557374,0.03,False,WINPool,0,50000000000,0,1618522049,,0,0,0,0,0,0,0,0,0,0,WPool,0,True
6304620604,pool1ap29p59japhsunqkknkrdm4wh4f8krrvhft66zhns43evawjd03,0,0,,,9,340000000,e85450d0b2e86f0e4c16b4ec36eeaebd527b0c6cba57ad0af3856396,False,False,6304620604,0.02,False,SnowPool,47632478,0,0,1618459011,,0,0,0,0,0,0,0,0,0,0,SNOW,0,True
51628053324883,pool1cf7mqj0xd8z4jqhr7nf565mxuvepk8euv5t6ehmuwe49kfz9llr,22,312,aichi-stakepool.com,1,329,340000000,c27db049e669c55902e3f4d34d5366e3321b1f3c6517acdf7c766a5b,False,False,51838336235507,0.005,False,Tokai Stake Pool,110008806930,100000000000,130577364874,1618436799,,4996130188668,0.0329,0,0.0230,0.0243,0.0145,0.0172,0.0246,0.0211,0.0254,TOKAI,10449,True
5828192999,pool1jhca0ycgclhc3ae860llt8fwtgvkw4p44m0khs2df5xawk4kx8t,0,0,,,8,340000000,95f1d79308c7ef88f727d3fff59d2e5a19675435aedf6bc14d4d0dd7,False,False,5828192999,0,False,bitPull,5153150,0,0,1618411718,,0,0,0,0,0,0,0,0,0,0,BTPUL,0,True
6069402033620,pool15plk69huszwt6mpamzacu07un6r5u89vhfyq5dvm8u39yhqq2dc,4,307,,,15,340000000,a07f6d16fc809cbd6c3dd8bb8e3fdc9e874e1cacba480a359b3f2252,False,False,6071842915020,1,False,Cardano ADA SSS Pool,10499980720,1000000000,1802522032476,1618408062,,8195618055,0.0003,0,0,0,0,0,0,0,0,SSS,3086,True
98891914711,pool15676jwlm6gancffzs2jg9vf5xwzmspyktw75dl4kaucyst4qt8q,0,225,thc-room335.com,4,23,335000000,a6bda93bfbd23b3c252282a482b1343385b804965bbd46feb6ef3048,False,False,93392412136,1,False,Rama DeFi Bangkok,31625049779,4000000000,802939765751,1618377762,,89655816181,0.0033,0,0,0,0,0,0.0000,0,0.0000,RAMA,2055,True
635138393,pool1wg3xyzscx4qp0d4zmvlh7ksw8cupqcnegulmezl0cp77vtwlvgr,0,34,,,5,340000000,7222620a18354017b6a2db3f7f5a0e3e38106279473fbc8befc07de6,False,False,635138393,0.03,False,Prepare U Pool,6644858,10000000000,19943446506,1618322646,,201202716482,0.0449,0,0,0,0,0,0,0,0,PrepU,309,True
14728643594,pool14nzt6708j4jgu5f5ajxgp0pdfp42jqraum585dy2r7vt5zulyd8,0,1,,,11,340000000,acc4bd79e795648e5134ec8c80bc2d486aa9007de6e87a348a1f98ba,False,False,14728643594,0,False,Brisnode Australia,3986978827,4500000000,340000000,1618291005,,344191632,0.0047,0,0,0,0,0,0,0,0,BN1AU,1,True
8101565361,pool1tay8z4sq4a4gmyhnygyt0t5j84z8epwjra06wq28jnnmschkkuu,0,11,,,7,340000000,5f48715600af6a8d92f32208b7ae923d447c85d21f5fa7014794e7b8,False,False,8101565361,0.01,False,The HIGH Pool,4893657636,1000000000,3798191660,1618272222,,6372426613,0.0145,0,0,0,0,0,0,0,0,HIGH,19,True
28155734292,pool1c8enfyd0rt39p4wr9h840y3d2xtqylxq5rsu3ku8gld45swgtne,0,3,,,3,340000000,c1f33491af1ae250d5c32dcf57922d5196027cc0a0e1c8db8747db5a,False,False,28155734292,0,False,Nobelware,14371453119,10000000000,1020000000,1618268029,,925872266,0.0080,0,0,0,0,0,0,0,0,NBLWR,3,True
2448182932948,pool1n6z7rf722heq35v2dxvstfwezgdt8cv0mftpv4r9jay3wjk2kkt,0,284,,,16,340000000,9e85e1a7ca55f208d18a699905a5d9121ab3e18fda56165465974917,False,False,2428202058009,0.01,False,YOKOHAMA stake pool,65439068139,5000000000,100104249066,1618261448,,383481262613,0.0313,0,0.0210,0.0229,0.0211,0.0317,0.0206,0.0229,0.0185,YKSP,883,True
4981757252,pool14fka0t3prjrldjkavqc6vs0zyngq7jw9edek57js94g9v4r25rg,0,29,,,20,340000000,aa6dd7ae211c87f6cadd6031a641e224d00f49c5cb736a7a502d5056,False,False,5017903025,0,False,Here To STAY,94501048,30500000000,9860000000,1618223262,,57311067042,0.0400,0,0,0,0,0,0,0,0,STAY,101,True
5223772,pool1zmj5rkpvhdknscjrgul4cxw4xhaqfhfcjqv9kffmhd0zvdx6rvd,0,0,,,2,340000000,16e541d82cbb6d386243473f5c19d535fa04dd3890185b253bbb5e26,False,False,5223772,0.01,False,Viet Nam ADA Pool - TM,5223772,2000000,0,1618206828,,0,0,0,0,0,0,0,0,0,0,TMHH,0,True
2146800031761,pool1m3gg43uhtetn4hmw79u8836dyq8qe4cex8qnn6mks5egza7n6tp,0,295,,,1920,340000000,dc508ac7975e573adf6ef17873c74d200e0cd71931c139eb76853281,False,False,2189900456103,0.0199,False,The Summoning Pool,3092088853,1000000000,112985683827,1618192582,,641630058406,0.0307,0,0.0147,0.0121,0.0061,0.0083,0.0121,0.0083,0.0136,SUMN,1425,True
9074692322,pool1xmn8ag7jctcpdqk9jtrzk9s7qgs4f3cehkxhtelgpag6c7fjxdm,0,33,,,58,340000000,36e67ea3d2c2f01682c592c62b161e022154c719bd8d75e7e80f51ac,False,False,9074692322,0.01,False,Back The Blockchain Staking Pool,1000000,100000000000,18182261700,1618180772,,165940491994,0.0376,0,0,0,0,0,0,0,0,BACK,273,True
852303032,pool1t4q9v8vxf8ltx407cqkwq3sksgmq85e459jqsf34x0cxyfaqljw,0,0,icecoldstakepool.com,0,2,340000000,5d40561d8649feb355fec02ce04616823603d335a16408263533f062,False,False,852303032,0.03,False,ICECOLD,596889206,0,0,1618171737,,0,0,0,0,0,0,0,0,0,0,ICE,0,True
92364172606,pool1tf73xqv234ye2crduemjpreuu4efrdfmpna3l9dwqy2uycvee9y,0,3,,,8,340000000,5a7d13018a8d4995606de677208f3ce57291b53b0cfb1f95ae0115c2,False,False,92364172606,0,False,CHF SWISS,59042918006,50000000000,1020000000,1618166153,,1074164815,0.0028,0,0,0,0,0,0,0,0,CHF,3,True
2130130184,pool1jqxp8hn0ywdrg3clzha9c2u7qh3zsh68u55wh50vdmecupc5rxs,0,0,,,5,340000000,900c13de6f239a34471f15fa5c2b9e05e2285f47e528ebd1ec6ef38e,False,False,2169715254,0.01,False,StakeMana Pool 1,50000000,2000000000,0,1618156812,,0,0,0,0,0,0,0,0,0,0,STKMN,0,True
40510370462753,pool138m7hevnvp664cmtralju857t5k7e4frpnaevtgpuykggr50kne,10,313,itcpool.github.io,1,8502,340000000,89f7ebe5936075aae36b1f7f2e1e9e5d2decd5230cfb962d01e12c84,False,False,40493379247195,0.0399,False,Into the Cryptoverse,100005261958,100000000000,358262106136,1618091508,,6070492752598,0.0335,0,0.0214,0.0224,0.0124,0.0151,0.0232,0.0183,0.0247,ITC,12231,True
71062600614925,pool13c9mnvfx4nvwvkszxcprwlv60fh3tteef50hhhv9yxptsua2v70,19,314,,,8,340000000,8e0bb9b126acd8e65a023602377d9a7a6f15af394d1f7bdd852182b8,False,False,71034364980164,1,False,dark-private,71033964194930,68000000000000,12793249707036,1618083218,,0,0.0002,0,0,0,0,0,0,0,0,DARK,19465,True
6056430916722,pool16jefdagcsgzyek9jytzfezx5ajvfkytjgghaps64hzz6uzkpc0e,1,244,,,32,340000000,d4b296f51882044cd8b222c49c88d4ec989b1172422fd0c355b885ae,False,False,6057128342721,0.01,False,NGS発達障がい支援KGSP,83389655504,12400000000,85563803398,1618078858,,338445560834,0.0254,0,0.0193,0.0190,0.0085,0.0155,0.0217,0.0156,0.0225,NGS,890,True
31772472910,pool15wfu7td5r4k27erk5q5wt06x59skxxyqj206tdnfmfmk7pd3rp3,0,9,,,16,340000000,a393cf2db41d6caf6476a028e5bf46a161631880929fa5b669da776f,False,False,31772472910,0,False,lowIQ,132778425,123000000,3080750761,1618040927,,3171533292,0.0114,0,0,0,0,0,0,0,0,lowIQ,9,True
188099018954,pool1th6xh9uks6rywerld5aya0gc3yswwrx3yus9zvehyqaky5c6utd,0,40,,,25,340000000,5df46b9796868647647f6d3a4ebd188920e70cd12720513337203b62,False,False,188099018954,0.01,False,Avocado Pool 🥑 by Numic,2290207444,100000000,13687613919,1618037325,,10262373286,0.0121,0,0.0003,0.0002,0,0,0.0003,0.0006,0.0005,AVOC,42,True
1984815408293,pool12dcwy586prq83qggtfvaxwdpys9dw4sl2yahrdjyjxsqzcq84rk,1,244,,,30,170000000,5370e250fa08c07881085a59d339a1240ad7561f513b71b64491a001,False,False,1980814676556,0,False,Right Stake Pool,27719103836,10000000000,67660620901,1618018913,,179767870006,0.0257,0,0.0117,0.0143,0.0221,0.0147,0.0143,0.0105,0.0202,RIGHT,497,True
7692145738369,pool1dhf4dt395f0c0ujnscazvzvw73ynzgwvtf5k4y9c907hwjdyaq4,3,309,ippei76.github.io,0,207,340000000,6dd356ae25a25f87f253863a26098ef4493121cc5a696a90b82bfd77,False,False,7684579558305,0,False,ADA HARVEST Staking Pool,58194713147,10000000000,104380000000,1618006192,,1425311754662,0.0326,0,0.0177,0.0196,0.0063,0.0125,0.0227,0.0113,0.0243,JSP,3011,True
111420244303,pool1al783um2muyhrpcj779y46z0qtnd0nteu0y5jt7252nl26dt0h0,0,27,,,31,340000000,effc78f36adf09718712f78a4ae84f02e6d7cd79e3c9492fcaa2a7f5,False,False,111415352462,0.005,False,GOLGI Italy Pool 1,10348643515,10000000000,9202658667,1617999299,,4509077473,0.0104,0,0.0011,0.0007,0.0033,0.0022,0.0010,0.0022,0.0031,GOLGI,27,True
17427226,pool1gprrm7gehg9wlupqsvyf59l52q8wgr3y46p656r66t7zy7j2z66,0,0,,,2,340000000,40463df919ba0aeff02083089a17f4500ee40e24ae83aa687ad2fc22,False,False,17427226,0.01,False,MilkPool,10689635,1111000000,0,1617916832,,0,0,0,0,0,0,0,0,0,0,MILK,0,True
3876184691855,pool1t847w2hfv33qrra7q33nzq8epvcxv6ydshcq7w7j23c87xv2c2k,3,246,,,1253,340000000,59ebe72ae96462018fbe04633100f90b3066688d85f00f3bd254707f,False,False,3883432420976,0,False,CardaPool.com - 0% Fees!,30004693170,30000000000,82976328103,1617908706,,252472884952,0.0232,0,0.0205,0.0219,0.0001,0.0086,0.0201,0.0150,0.0189,CAPO,738,True
11671909011771,pool1x5dfpgp987e4jhxvgczr3wv50nv2pwd873tlx3uthvcasm422q6,2,290,,,1129,340000000,351a90a0253fb3595ccc460438b9947cd8a0b9a7f457f3478bbb31d8,False,False,11684467707251,0.02,False,Quixote Dream Pool,62512718863,50000000000,140598657059,1617876751,,2582597852394,0.0313,0,0.0226,0.0216,0.0151,0.0180,0.0236,0.0213,0.0249,QXT,5565,True
7952568,pool1jrst9acplgqk95469zu68xv5xj802lqxe682jjsd39z26ddj8ur,0,0,,,2,340000000,90e0b2f701fa0162d2ba28b9a39994348ef57c06ce8ea94a0d8944ad,False,False,7952568,0.0088,False,Lucky8888,3994995,8000000000,0,1617832611,,0,0,0,0,0,0,0,0,0,0,8888,0,True
1455252746967,pool19rjjay24ez2ezgqkyqvna6uwc5ur9lt489gwvrv7ve5exlcld3x,0,180,,,60,340000000,28e52e9155c89591201620193eeb8ec53832fd753950e60d9e666993,False,False,1456350239131,0,False,MBCG,31333216787,24000000000,61200000000,1617820538,,104282872548,0.0184,0,0.0108,0.0105,0.0002,0.0062,0.0117,0.0032,0.0132,MBCG,314,True
393026812962,pool1ex7p88tnq3d6d3dsqtlc3632tp2t8eurc352mwf9phu3w8n3vz7,0,179,,,223,170000000,c9bc139d73045ba6c5b002ff88ea2a5854b3e783c468adb9250df917,False,False,393026812962,0.02,False,Crypto Loops,62229066137,50000000000,64443933250,1617809769,,496907605564,0.0334,0,0.0055,0.0075,0,0.0110,0.0096,0.0055,0.0124,LOOPS,936,True
26046378685,pool14kd9lt3gsdhv48j9w4vgcufw0txdvz932xwh9dapkpv2c0j4ytd,0,5,,,11,340000000,ad9a5fae28836eca9e4575588c712e7accd608b1519d72b7a1b058ac,False,False,26046378685,0.0199,False,Frontier Pool,17732658391,16000000000,1746340096,1617792050,,2282308031,0.0138,0,0,0,0,0,0,0,0,FRNTR,6,True
744783259,pool1ge9c0gw40pzkcuj0xx6kevxz0hvwce7ac207lw2dtd58y957f74,0,0,,,4,345000000,464b87a1d578456c724f31b56cb0c27dd8ec67ddc29fefb94d5b6872,False,False,744783259,0.06,False,Cardano stake-pool MX,0,100000000,0,1617784865,,0,0,0,0,0,0,0,0,0,0,CSPMX,0,True
6705418844,pool15jc92k3rhksa3uf92sluqhhnnetx04l49xttslx67kuxz5e36e4,0,0,,,6,345000000,a4b0555a23bda1d8f125543fc05ef39e5667d7f52996b87cdaf5b861,False,False,6705418844,0.05,False,MAYA MEXICO,2515619759,2505000000,0,1617769338,,0,0,0,0,0,0,0,0,0,0,MAYA,0,True
17878413649,pool130hx49xrg3cjtdqnqegmn03z8fgu6juenyctws0feh6ekdy0fam,0,0,,,13,340000000,8bee6a94c3447125b4130651b9be223a51cd4b999930b741e9cdf59b,False,False,17878413649,0.05,False,Raven Pool,2004921768,1500000000,0,1617761527,,0,0,0,0,0,0,0,0,0,0,RAVEN,0,True
1359700002965,pool1es67mveksd22l9alfh5cht6w2krc7lcrq3zvxcpaj5hwxgmhg3m,0,204,,,34,340000000,cc35edb3368354af97bf4de98baf4e55878f7f030444c3603d952ee3,False,False,1359700002965,0.01,False,Anejo Stake Pool,26196098046,25000000000,70595886195,1617742908,,121437091793,0.0232,0,0.0067,0.0048,0.0003,0.0004,0.0137,0.0065,0.0109,ANEJO,363,True
1729423021,pool13u45a953lme8y835e5upndqp50r887dha7gt26v6hcaeup4aavx,0,0,,,2,340000000,8f2b4e9691fef2721e34cd3819b401a3c673f9b7ef90b5699abe3b9e,False,False,1729423021,0.0199,False,Quantum Energy Tokens,1729423021,1729000000,0,1617735214,,0,0,0,0,0,0,0,0,0,0,QET,0,True
1519935174172,pool1sfjdu0xmz7vdmp6cufxd55gprp95g4p703zzr3upt70dst0fur2,0,72,,,20,340000000,8264de3cdb1798dd8758e24cda5101184b44543e7c4421c7815f9ed8,False,False,1519935174172,0.01,False,Sublayer Pool,3121193746,1000000000,25143181970,1617718107,,99139088735,0.0133,0,0,0,0,0,0,0,0,SBLYR,187,True
643342259314,pool1la0t0gsskwejyfca5lchw5aqd5g8hknxdu6tuyqp0ttjxl6zt35,0,206,,,58,170000000,ff5eb7a210b3b322271da7f17753a06d107bda666f34be10017ad723,False,False,643845868753,0,False,HUNNY pool🍯,5960401793,5000000000,59445742746,1617694078,,196139717124,0.0315,0,0.0169,0.0156,0.0305,0.0202,0.0176,0.0236,0.0202,HUNNY,451,True
22420601,pool1v46s6ak79m3mlv65pjh7ypvsp7n6cc62a723dpwmhtn8uy4pld5,0,0,,,2,340000000,65750d76de2ee3bfb3540cafe205900fa7ac634aef951685dbbae67e,False,False,22420601,0.01,False,dEYEy Nonprofit,22420601,10000000,0,1617668887,,0,0,0,0,0,0,0,0,0,0,DEYEY,0,True
247210196,pool10pmpya78vv23pngluf7hwpg9lerepmqdmdu47huf5vsskt56wzq,0,0,,,3,340000000,78761277c7631510cd1fe27d770505fe4790ec0ddb795f5f89a3210b,False,False,247210196,0.015,False,MONOBLOCK,247210196,200000000,0,1617659083,,0,0,0,0,0,0,0,0,0,0,MONO,0,True
2238307888,pool16w2mssm03rrk5jzkcvxyma77zcxx4vsjhwz77hka33gnsk9j47n,0,65,,,10,340000000,d395b8436f88c76a4856c30c4df7de160c6ab212bb85ef5edd8c5138,False,False,2238307888,0.01,False,Cardabros,0,25000000000,22378492464,1617647411,,21298158818,0.0183,0,0,0,0,0,0,0,0,BROS,73,True
349622266984,pool107qfdeg9wlpt9yntg7650kzval6ahl696jr2ca20763ukzr0tzw,0,89,,,6,340000000,7f8096e50577c2b2926b47b547d84ceff5dbff45d486ac754ff6a3cb,False,False,349622266984,0.01,False,Smile Rose Pool,83833611956,50000000000,30211049207,1617588608,,37286868583,0.0177,0,0.0002,0.0008,0.0010,0.0007,0.0008,0.0003,0.0042,SRP,121,True
102616550,pool1xkrqy49edygfumvw9jxna55c373cmckzqq92m57ng82ycpykcmz,0,0,,,1,345000000,35860254b969109e6d8e2c8d3ed2988fa38de2c2000aadd3d341d44c,False,False,102616550,0.05,False,,102616550,7000000000,0,1617520669,,0,0,0,0,0,0,0,0,0,0,,0,True
2771955524,pool1zqcz8zt9v07ygj06zr28lwm85s20f6w2qdcdltjyd0wuklydqnd,0,0,,,6,340000000,103023896563fc4449fa10d47fbb67a414f4e9ca0370dfae446bddcb,False,False,2771955524,0,False,Gold Coast,1038414281,1000000000,0,1617520438,,0,0,0,0,0,0,0,0,0,0,GCP,0,True
659281602,pool1h2q3cyle9yrjv4g6qvwqyrm5vk9qj38gtqndvavpqf6lkgpqvj3,0,0,,,2,500000000,ba811c13f9290726551a031c020f74658a0944e85826d675810275fb,False,False,659281602,0.04,False,Reach,476652900,400000000,0,1617485402,,0,0,0,0,0,0,0,0,0,0,REACH,0,True
4043429587,pool1n62v2xsrnpyyaav2mgauwzn40u8hfzavt520vsaehz252v2tf7u,0,0,,,12,345000000,9e94c51a0398484ef58ada3bc70a757f0f748bac5d14f643b9b89545,False,False,3968273947,0.2,False,Guildwork,527625746,500000000,0,1617480218,,0,0,0,0,0,0,0,0,0,0,GUILD,0,True
845859599,pool1v7q3xsa9u4ezatnsunuyw8646fc3fsvjju9a5x3835d6uf09pe8,0,0,,,5,340000000,67811343a5e5722eae70e4f8471f55d27114c192970bda1a278d1bae,False,False,845859599,0.005,False,Maxima Pool,1822839,10000000000,0,1617478754,,0,0,0,0,0,0,0,0,0,0,MAX,0,True
4427641,pool1suuvhhetdpjmenal5j2uyjld26jke57xw2yz7gc4j2s3yhgd7us,0,0,,,4,340000000,8738cbdf2b6865bccfbfa495c24bed56a56cd3c672882f231592a112,False,False,4427641,0.02,False,AssetPocket pool,0,1020000000,0,1617467111,,0,0,0,0,0,0,0,0,0,0,ASPK,0,True
2556497788,pool17k568pj9x6qwmvutn97p5wgzvgmjf7m46sz3vzudq62swqdfh4a,0,0,myadapoolnamerocks.com,4,4,345000000,f5a9a386453680edb38b997c1a3902623724fb75d405160b8d069507,False,False,1753913248,0.15,False,KardanoK,120363176,90000000,0,1617459375,,0,0,0,0,0,0,0,0,0,0,KDK,0,True
20722801605443,pool17taqml487n9t4r9a6ppvf9qv0qlw2lu4zcrzwfdsfcv6xp7uqym,7,281,,,1449,240000000,f2fa0dfea7f4caba8cbdd042c4940c783ee57f9516062725b04e19a3,False,False,20661952228201,0.0169,False,PSILOBLOX,51248791319,50000000000,113610618300,1617441276,,2228306681086,0.0306,0,0.0204,0.0218,0.0110,0.0163,0.0243,0.0174,0.0256,PSB,5136,True
557318174408,pool155x3l57d4xu52t93f9r55cqaysej4pc2dl3jkc9d6w5ckyu6u7n,1,168,,,110,340000000,a50d1fd3cda9b9452cb149474a601d24332a870a6fe32b60add3a98b,False,False,557666877143,0.02,False,Sprout Pool,24167643092,5000000000,60954461753,1617431103,,195018638708,0.0288,0,0.0038,0.0028,0.0232,0.0154,0.0032,0.0077,0.0040,SPRO,432,True
298025070606,pool19xyfanyp28j6j07dxgwdjp0wur6seqmyyu64qgzstzl7s47pvpj,0,115,,,160,170000000,29889ecc8151e5a93fcd321cd905eee0f50c8364273550205058bfe8,False,False,298523007850,0.01,False,VALHALLA,53180655341,25000000000,33827200537,1617418952,,82960317997,0.0254,0,0.0030,0.0060,0,0,0.0125,0.0066,0.0175,VLHLA,205,True
2823411,pool1cuufgqx2wymaavuuuuewrcywksqql299ugjxcw5hf8gux3ed3lc,0,0,,,1,340000000,c7389400ca7137deb39ce732e1e08eb4000fa8a5e2246c3a9749d1c3,False,False,2823411,0.0199,False, &#128579;&#128578;&#128578;&#128579; APPY,2823411,5000000000,0,1617390038,,0,0,0,0,0,0,0,0,0,0,APPY,0,True
859268183763,pool1892ry20mvu6tvrmuua5gdmk7unw30w7tf8scpllpyq8w2sdwvc7,0,151,,,54,170000000,39543229fb6734b60f7ce76886eedee4dd17bbcb49e180ffe1200ee5,False,False,869718504473,0,False,Stakepool Guru,20013205728,20000000000,41645754656,1617380218,,144217595900,0.0326,0,0.0411,0.0291,0,0.0084,0.0219,0.0095,0.0229,1GURU,319,True
120191548120,pool1qa2h3hha0m5he0429ym7tqvsn89nsddvn7wgkx3v8g6hsstdzc0,0,128,,,26,790000000,075578defd7ee97cbeaa2937e5819099cb3835ac9f9c8b1a2c3a3578,False,False,120191548120,0,False,Summer Night SKY pool,106781353716,80000000000,80489147559,1617370154,,827600346485,0.0351,0,0,0,0,0,0.0052,0,0.0023,SNSKY,1512,True
1031823793,pool1lyxxsvl8tulypzj6rql4yaw9rsh6q6237fmfmj76a4mfsrz40gk,0,1,,,9,340000000,f90c6833e75f3e408a5a183f5275c51c2fa06951f2769dcbdaed7698,False,False,1031823793,0.01,False,Broken Box,0,25200000000,343948978,1617366660,,390948889,0.0192,0,0,0,0,0,0,0,0,BOX,1,True
10708958287193,pool1qkd5y9azf2xx0gmrj68lrkcn59ldjmnpzd3y2rq3tvjp2vqljan,6,291,,,537,340000000,059b4217a24a8c67a363968ff1db13a17ed96e611362450c115b2415,False,False,10712443172977,0.01,False,ADA Moon Stake Pool,177653102752,150000000000,119286379981,1617349555,,2070528252341,0.0330,0,0.0212,0.0232,0.0048,0.0127,0.0227,0.0160,0.0235,AMOON,4121,True
0,pool1nuhdrn8v7jrqpqtyrjhqqd2jtjff2pks6sz7qfsurp96vqdswz5,0,2,,,1,340000000,9f2ed1ccecf4860081641cae0035525c929506d0d405e0261c184ba6,False,False,0,0.05,False,CardanoPy🥧,0,10000000000,720753917,1617338527,,774324444,0.0147,0,0,0,0,0,0,0,0,₳Py🥧,2,True
1962569540112,pool1l54qvzlg2jfalkcram9kxsa8vcmgy0fz845q5gptjq8k20kzg2r,0,271,,,133,340000000,fd2a060be85493dfdb03eecb6343a76636823d223d680a202b900f65,False,False,1963266846463,0.01,False,RADAR Stake Pool,120396814505,100000000000,99182445203,1617326273,,693478444093,0.0337,0,0.0132,0.0155,0.0092,0.0085,0.0172,0.0117,0.0211,RADAR,1425,True
97540012837,pool14f58kf59ec7ymk7mm5w07advfgs6a2guur3g5zyf45uvyvl80t4,0,88,everstake.one,10,22,400000000,aa687b2685ce3c4ddbdbdd1cff75ac4a21aea91ce0e28a0889ad38c2,False,False,97540012837,0.04,False,Everstake,1500504447,1000000000,35985886099,1617302260,,29332028261,0.0153,0,0,0,0,0,0,0,0.0001,EVE5,120,True
2500000,pool14ga04y2dec7vmahzstd2c5mjsw7vq0v62mwclqynvy2wsc5g40p,0,86,wavemkr.github.io,0,2,340000000,aa3afa914dce3ccdf6e282daac537283bcc03d9a56dd8f80936114e8,False,False,2500000,1,False,WAVE-6,0,10000000000000,1321693634985,1617291986,,0,0,0,0,0,0,0,0,0,0,WAV6,1821,True
2724476215305,pool10kya8ug3wr6cwnzm0qdcppjtuwfwmnvusu2uenscz4dg7pl07qv,0,312,wavepool.digital,3,10,340000000,7d89d3f11170f5874c5b781b80864be392edcd9c8715ccce18155a8f,False,False,2725870831654,1,False,wavepool.digital,725511912870,10000000,9666413583845,1617291582,,0,0.0001,0,0,0,0,0,0,0,0,WAV2,14141,True
17619014,pool1scnq7w9rxgt2c4lax0y0ch0el2t9pjcyffhhzs2dfgt75u2zcq4,0,0,,,1,345000000,86260f38a33216ac57fd33c8fc5df9fa9650cb044a6f71414d4a17ea,False,False,17619014,0.01,False,ALEX1612,17619014,5000000,0,1617290244,,0,0,0,0,0,0,0,0,0,0,ALEX,0,True
50425749,pool163aacna7n8tgphz40prapjgkrkpvsfttaqt56yeg2psd2umnxqu,0,0,,,1,340000000,d47bdc4fbe99d680dc557847d0c9161d82c8256be8174d13285060d5,False,False,50425749,0.01,False,HANA,50425749,1000000,0,1617288457,,0,0,0,0,0,0,0,0,0,0,HANA,0,True
13261710250,pool1j5ukjmhn96jslmcd6k3ymj3vnjf3wpjn9sarhk7m7vtkv7ll2w3,0,36,,,98,340000000,9539696ef32ea50fef0dd5a24dca2c9c931706532c3a3bdbdbf31766,False,False,13261710250,0,False,Red Horse,629160235,15000000000,6120000000,1617267171,,59315624624,0.0478,0,0,0,0,0,0,0,0,REDH,111,True
308097517,pool1vxpu476qrulzkk2u97emkfskmc2jx4mzznvupw0zf5206nx35vl,0,0,,,1,340000000,6183cafb401f3e2b595c2fb3bb2616de1523576214d9c0b9e24d14fd,False,False,308097517,0.02,False,Syndicalist,308097517,300000000,0,1617244477,,0,0,0,0,0,0,0,0,0,0,SNDC,0,True
322000316076,pool1ls80gx9sen3qc7s6c7u2ajw6hk8faqanljugcg5tfukp6qscetv,0,87,,,286,340000000,fc0ef418b0cce20c7a1ac7b8aec9dabd8e9e83b3fcb88c228b4f2c1d,False,False,322000316076,0,False,LGBTQ pride pool,61820864366,33000000000,33474189185,1617238295,,216055396605,0.0373,0,0.0005,0.0011,0,0,0.0011,0,0.0026,LGBTQ,396,True
75847831087262,pool16ajaae2n5lsyr4f9k9uz5y8tpf0996tw640dzu7chwp2wdrnz6a,11,295,,,5264,170000000,d765dee553a7e041d525b1782a10eb0a5e52e96ed55ed173d8bb82a7,False,False,76188619320861,0,False,BLADE Pool,553552398791,500000000000,78564215698,1617229405,,8504960508618,0.0333,0,0.0230,0.0242,0.0142,0.0173,0.0258,0.0217,0.0271,BLADE,17510,True
17425265,pool1ryyfhgm4rqa9pnykxuhxcmy6rdn0uyltufm9t86c6uskwv3aame,0,0,,,1,340000000,19089ba375183a50cc96372e6c6c9a1b66fe13ebe276559f58d72167,False,False,17425265,0,False,Skill Pool,17425265,32000000000,0,1617224514,,0,0,0,0,0,0,0,0,0,0,SKILL,0,True
7414749,pool1euzg0c7npjm9dld4f7n5kj7as6n5d8ts8q6qt4rer50p5p9nr6g,0,0,,,2,345000000,cf0487e3d30cb656fdb54fa74b4bdd86a7469d70383405d4791d1e1a,False,False,7414749,0.025,False,Saarland Pool,7414749,500000000,0,1617222661,,0,0,0,0,0,0,0,0,0,0,Saar,0,True
70449031,pool172vhywk0n2m7r47a8wq78xzc7nnytu3x78wyftmdedvjyzxjc7s,0,0,,,2,340000000,f299723acf9ab7e1d7dd3b81e39858f4e645f226f1dc44af6dcb5922,False,False,70449031,1,False,Fonzie Hodl Pool,47627732,0,0,1617208323,,0,0,0,0,0,0,0,0,0,0,FONZ,0,True
0,pool12pupdkq80hxxcje94kjgc75x9vsqsgaz65upnmx7k7zmvc3rpd5,0,0,,,1,340000000,507816d8077dcc6c4b25ada48c7a862b200823a2d53819ecdeb785b6,False,False,0,0.04,False,Shallow Pool,0,1000000000,0,1617207464,,0,0,0,0,0,0,0,0,0,0,SHALP,0,True
1564899355,pool1pkpey8fua58sqvkwr9w4zyxhnvrqhnucnu8g2cupeggsyxee6ke,0,0,,,4,345000000,0d83921d3ced0f0032ce195d5110d79b060bcf989f0e856381ca1102,False,False,1564899355,0.1,False,EliPool,1237309818,700000000,0,1617187738,,0,0,0,0,0,0,0,0,0,0,ELI,0,True
16093637749,pool1y0mz6yevqk34gk4tml37a62h69tg59sfz6vslzv4sf5fvsjhvpw,0,29,,,9,345000000,23f62d132c05a3545aabdfe3eee957d1568a160916990f8995826896,False,False,16093637749,0.02,False,Stake for Africa,0,50000000000,10205936355,1617179464,,9845882253,0.0161,0,0,0,0,0,0,0,0,SFA,32,True
21497772755660,pool1mhww3q6d7qssj5j2add05r7cyr7znyswe2g6vd23anpx5sh6z8d,9,279,,,190,340000000,dddce8834df02109524aeb5afa0fd820fc29920eca91a63551ecc26a,False,False,21538525306099,0.0314159,False,GimbalPool,22127819180,18000000000,143743952041,1617143749,,1534545491991,0.0277,0,0.0215,0.0225,0.0110,0.0162,0.0233,0.0208,0.0232,GMBL,3601,True
5486161660,pool1z4d4s883ul7h6vsrmg9s3t64df2vcx02h8tqtm8sq5yqw62pu44,0,0,myadapoolnamerocks.com,3,11,340000000,155b581cf1e7fd7d3203da0b08af556a54cc19eab9d605ecf0050807,False,False,5486161660,0,False,SEOUL,598620245,580000000,0,1617108701,,0,0,0,0,0,0,0,0,0,0,SEOUL,0,True
11124857359,pool1yrycp4fjyd0al60xw826jdju35zazqmfny53r07efucuvlvnej7,0,29,,,11,340000000,20c980d532235fdfe9e671d5a9365c8d05d10369992911bfd94f31c6,False,False,11124857359,0.01,False,The Pirate Stacking Pool,0,10000000000,10768228764,1617090580,,59747139768,0.0421,0,0,0,0,0,0,0,0,PIRAT,98,True
626690294,pool1693h5jn424n7kazynt4h9r6fe8u8wtsp7us2me60msq5kpv390n,0,0,,,6,340000000,d1637a4a755567eb74449aeb728f49c9f8772e01f720ade74fdc014b,False,False,626690294,0,False,LTTR Stakingpool,1038808,26169000000,0,1617037780,,0,0,0,0,0,0,0,0,0,0,LTTR,0,True
126600782,pool136mu955m4fl6stzq9rjrsww92xftwnjr85997zykeqylc9h3k8u,0,0,,,2,340000000,8eb7c2d29baa7fa82c4028e43839c55192b74e433d0a5f0896c809fc,False,False,126633993,0,False,We are ADA fans ,3092547,100000000,0,1617033847,,0,0,0,0,0,0,0,0,0,0,ODA,0,True
1017415444,pool17m2zg7dcg54a8gz2jgkwz2s3fzzth2gyf466k7sy4dl7wchp3lv,0,3,,,3,340000000,f6d42479b8452bd3a04a922ce12a114884bba9044d75ab7a04ab7fe7,False,False,1017415444,0.03,False,YOLO POOL,6502255,1000000000,1056967738,1617033781,,1195290232,0.0104,0,0,0,0,0,0,0,0,YOLO,3,True
29706406,pool1tha2grue5rppsx2w93v5tljr5sshn2lz94ud9z3szlltz46s5k2,0,1,,,9,340000000,5dfaa40f99a0c218194e2c5945fe43a42179abe22d78d28a3017feb1,False,False,29706406,0.025,False,Adaption.us,0,5000000000,349907139,1617030006,,386378449,0.0073,0,0,0,0,0,0,0,0,DPTUS,1,True
3167610152977,pool1q2fh3cl6rx0wv5gry4qx5l4h65qpjf7x99xmq66nqj2fj5g6u9z,1,70,,,211,170000000,029378e3fa199ee6510325406a7eb7d5001927c6294db06b53049499,False,False,3056268471131,0,False,AssurancePool,17031432581,5000000000,13952547922,1616993147,,314612825099,0.0248,0,0.0170,0.0239,0.0018,0.0048,0.0248,0.0128,0.0246,ASTCH,892,True
0,pool1j2g7nwksj60fszcz6pxsf2hyzny9ch673en08xjlx05jwxeh2uz,0,1,,,1,345000000,9291e9bad0969e980b02d04d04aae414c85c5f5e8e66f39a5f33e927,False,False,0,0.01,False,Otterable,0,21000000000,0,1616987082,,0,0,0,0,0,0,0,0,0,0,OTTER,1,True
496719173,pool162szyrlrwes7qwy0za4ekufgyljfz0lac9t8h8svzale67n8vl4,0,0,,,1,340000000,d2a0220fe37661e0388f176b9b712827e4913ffdc1567b9e0c177f9d,False,False,496719173,0.01,False,mery and mak!,496719173,449450697,0,1616972123,,0,0,0,0,0,0,0,0,0,0,MAKL,0,True
69720767,pool1eggah53ghqwlsm2u4upwnm3s9et8m5yd4p56shaqtm7vql6zm4h,0,0,,,4,340000000,ca11dbd228b81df86d5caf02e9ee302e567dd08da869a85fa05efcc0,False,False,69720767,0,False,EmeraldPool,5835127,0,0,1616960042,,0,0,0,0,0,0,0,0,0,0,EMRLD,0,True
1337387044,pool186wnrzw2zq20wt6p9aer6z33vqgv4xaxm6445fa4g4wr559e0j8,0,0,,,2,340000000,3e9d3189ca1014f72f412f723d0a316010ca9ba6deab5a27b5455c3a,False,False,1337387044,0.001,False,Infinity Pool,251000039,250000000,0,1616958173,,0,0,0,0,0,0,0,0,0,0,INF1,0,True
328039053236,pool1trjvzzska2mnd8xjxvjz0kfart6cfsj232kk6ghrlnc7u2xyqx0,0,81,,,2,345000000,58e4c10a16eab7369cd2332427d93d1af584c24a8aad6d22e3fcf1ee,False,False,328039053236,0.025,False,Patriots Pool,118707045047,100000000000,29447343916,1616952930,,58591414214,0.0186,0,0,0,0,0,0,0,0,PATPL,131,True
65174408659,pool1qsxhnvr03tg6jj7cl0y74jd63n85fgejm8tlqq7ct7fexfygkye,0,52,,,4,200000000,040d79b06f8ad1a94bd8fbc9eac9ba8ccf44a332d9d7f003d85f9393,False,False,65174408659,0.015,False,Bardels Pool,55493420419,50000000000,13623080382,1616951967,,21045606325,0.0179,0,0.0174,0.0180,0,0.0106,0.0162,0.0107,0.0164,BRNS,75,True
5805804939,pool1ytfsdx0zjdum8qwrk6urv6u6gxvlnd3r93j8p8ckj57wz3aaudu,0,0,,,4,342000000,22d30699e29379b381c3b6b8366b9a4199f9b6232c64709f16953ce1,False,False,5805804939,0,False,ADA for Cats,1001592742,100000000,0,1616941527,,0,0,0,0,0,0,0,0,0,0,CATS1,0,True
1090805108771,pool1zyzfcyhtmes7j3f3avksy26yhf8ah3ywag2t7m9l9fh5g8yaerl,1,220,,,17,340000000,11049c12ebde61e94531eb2d022b44ba4fdbc48eea14bf6cbf2a6f44,False,False,1091502514403,0.01,False,AZ5 Stake Pool,42092583887,5000000000,75675241628,1616934181,,133381198337,0.0210,0,0.0063,0.0056,0.0120,0.0161,0.0062,0.0080,0.0102,AZ5,390,True
18816176,pool14hpc9wgnwy0w3jrlcqwftyufm8xs5qena4sax5hx7e5q703uuml,0,0,myadapoolnamerocks.com,2,1,340000000,adc382b913711ee8c87fc01c959389d9cd0a0333ed61d352e6f6680f,False,False,18816176,0.025,False,A Good Day Pool,18816176,1000000000,0,1616922644,,0,0,0,0,0,0,0,0,0,0,AGOOD,0,True
400944493,pool1n7zh6hu89v9lz6d8ggjr9xll8q8jqr5aa4qxkfnlfh2uj39802c,0,0,,,1,345000000,9f857d5f872b0bf169a74224329bff380f200e9ded406b267f4dd5c9,False,False,400944493,0.1,False,Aria Waygency,400944493,100000000,0,1616912661,,0,0,0,0,0,0,0,0,0,0,ARIA,0,True
31812122034,pool1484zq40k4xg69t55z4fqz78zz6j3t9pvlw4jd635w692xhfzkka,0,1,,,3,340000000,a9ea2055f6a991a2ae9415520178e216a515942cfbab26ea34768aa3,False,False,31812122034,0.01,False,TORA,30471557042,30000000000,368272054,1616902203,,1140330687,0.0076,0,0,0,0,0,0,0,0,TORA,2,True
0,pool1t69ww3neaf5z5jy3a3fjuw2drz50sw593u6gp00kq5fqz3n58h4,0,0,thegoodnode.com,1,0,340000000,5e8ae74679ea682a4891ec532e394d18a8f83a858f3480bdf6051201,False,False,0,0,False,THE SUPER GOOD NODE,0,1000000,0,1616836672,,0,0,0,0,0,0,0,0,0,0,SDG1,0,True
1140491657008,pool1cmqpzlsrrjup8zg6qaperz868u64dlt7uvvdszsr658mvzz9qq0,0,249,,,427,170000000,c6c0117e031cb813891a07439188fa3f3556fd7ee318d80a03d50fb6,False,False,1139696105923,0,False,stakeTREK.io,11062521579,11000000000,94737233961,1616809919,,646504928576,0.0382,0,0.0074,0.0115,0.0056,0.0038,0.0167,0.0093,0.0153,TREK,1208,True
2870032726,pool1snvcmtdnssf6t8fhs7943uxmmujlt4f89yv58cp7m99cq5tw9hy,0,1,,,15,340000000,84d98dadb38413a59d37878b58f0dbdf25f5d527291943e03ed94b80,False,False,2870032726,0,False,First Cardano Stake Pool of Indiana,7251029,67500000000,0,1616808392,,0,0,0,0,0,0,0,0,0,0,INDYS,1,True
51339332,pool1fjdsl4zajjt5rv8panvnp89g6pnvt2t3e6za8hcf8yw2zncnl07,0,1,,,2,340000000,4c9b0fd45d949741b0e1ecd9309ca8d066c5a971ce85d3df09391ca1,False,False,51339332,0.02,False,BYOB Stake Pool,51339332,550000000,348251776,1616795381,,404337060,0.0169,0,0,0,0,0,0,0,0,BYOB,1,True
507449333,pool193cdhdpaedcev7x6qps3eps7s4sh2v8k6v9yr4tc2ulujq4982d,0,0,,,2,340000000,2c70dbb43dcb719678da00611c861e85617530f6d30a41d578573fc9,False,False,507449333,0.01,False,One4All,507449333,500000000,0,1616789197,,0,0,0,0,0,0,0,0,0,0,14ALL,0,True
3649856666,pool1q5h54ekx7wwqpfz78y8dppyl6uv7rpyvvr8nhf4es434un4mpx3,0,2,,,24,345000000,052f4ae6c6f39c00a45e390ed0849fd719e1848c60cf3ba6b985635e,False,False,3649856666,0,False,Behemoth,2015644521,1000000000,690000000,1616785666,,1893267901,0.0126,0,0,0,0,0,0,0,0,BHMT,4,True
127837672,pool190vx20f4ptv93u8em69pl74y6kux0mgl6kpzwmq6xvx8qvza429,0,4,,,7,340000000,2bd8653d350ad858f0f9de8a1ffaa4d5b867ed1fd582276c1a330c70,False,False,127837672,0.01,False,Coinolix staking pool,0,121000000000,1376176880,1616770545,,1601511248,0.0099,0,0,0,0,0,0,0,0,CLX,4,True
0,pool1tk3x77en700tk4w47xm8vzr0p490m29q6dknt77pakdyc4qmw65,0,0,,,1,340000000,5da26f7b33f3debb55d5f1b676086f0d4afda8a0d36d35fbc1ed9a4c,False,False,0,0.02,False,Stakehub,0,7000000000,0,1616657962,,0,0,0,0,0,0,0,0,0,0,STKHB,0,True
133400000,pool1s7vl4r9vr2etmr2pfhcvxu223e8asaxu96te3urd7gh3c2kl74a,0,0,,,1,340000000,8799fa8cac1ab2bd8d414df0c3714a8e4fd874dc2e9798f06df22f1c,False,False,133400000,0.01,False,vipool nz,133400000,133000000,0,1616650327,,0,0,0,0,0,0,0,0,0,0,Vpool,0,True
8490580319,pool1xwy9ulstsdfwuh0q0jc76hjalvmh2mfal004ep6ka38k5z4zmh3,0,0,,,4,345000000,33885e7e0b8352ee5de07cb1ed5e5dfb37756d3dfbdf5c8756ec4f6a,False,False,8490580319,0.02,False,ZB_Pool,5007027031,5000000000,0,1616630194,,0,0,0,0,0,0,0,0,0,0,ZBP,0,True
101394677396,pool1wntxmftndrsj7y4aqles8knl3nfuyj22l83jun02yyx9s962gm3,0,12,,,17,170000000,74d66da57368e12f12bd07f303da7f8cd3c2494af9e32e4dea210c58,False,False,101394677396,0.01,True,Coudre Bros,68330991006,60000000000,3257983793,1616622089,,3789270692,0.0102,0,0.0111,0.0150,0,0,0.0215,0,0.0111,CBROS,14,True
4387800503756,pool1n2yp66zk6m33sg8k20hsvmk9tw7xeeswzdcfxhnx9hm9jkxv5k4,1,313,,,937,340000000,9a881d6856d6e31820f653ef066ec55bbc6ce60e1370935e662df659,False,False,4293119718374,0.01,False,ONE Pool,117101773028,100000000000,122967192267,1616611314,,1695959213868,0.0357,0,0.0153,0.0144,0.0116,0.0097,0.0171,0.0127,0.0195,ONE1,3136,True
1062558799,pool1rscmngzy9mzyy98kl7h38scshgmk4cw0cs6ed58mq68mw4uustm,0,0,,,2,500000000,1c31b9a0442ec44214f6ffaf13c310ba376ae1cfc43596d0fb068fb7,False,False,1062558799,0.05,False,Empire Cardano Stake Pool,1012446209,10000000000,0,1616610424,,0,0,0,0,0,0,0,0,0,0,EMP,0,True
854530249635,pool1csrtagrya4hc5pectc20s8s7am3e6vpdjj6antqzvn2lgmm5afs,0,188,,,31,340000000,c406bea064ed6f8a07385e14f81e1eeee39d302d94b5d9ac0264d5f4,False,False,854883618964,0.008,False,HUAT 發 Singapore,504762048084,200000000000,65237671930,1616579946,,159892096655,0.0306,0,0.0080,0.0073,0.0152,0.0104,0.0085,0.0055,0.0080,HUAT,383,True
499489389,pool1k7asvr2vd28jxw25fsh9pxckt5ykadhn8ua4x88vu39dzquvqvh,0,0,,,4,340000000,b7bb060d4c6a8f2339544c2e509b165d096eb6f33f3b531cece44ad1,False,False,499489389,0.018,False,PrizePool,0,300000000000,0,1616566153,,0,0,0,0,0,0,0,0,0,0,PRIZE,0,True
274417916,pool1rq6c8ntlsh2xl3le0utg4fpxqhag7fdlpzdykcld7dh9gtz8fxt,0,6,,,7,340000000,183583cd7f85d46fc7f97f168aa42605fa8f25bf089a4b63edf36e54,False,False,274417916,0.005,False,No Cap Stakepool,119945678,50000000000,2047350848,1616560855,,2284360716,0.0212,0,0,0,0,0,0,0,0,NOCAP,6,True
3698154464116,pool1r2g9wv7jyt7haygrmrc2tst2m8m9ssrr3c690ffp49uhywhvmdl,0,269,,,124,170000000,1a905733d222fd7e9103d8f0a5c16ad9f65840638e3457a521a97972,False,True,3700251465072,0,False,Crypto Functional,812127324180,750001000000,73822532582,1616545336,,489898901717,0.0297,0,0.0145,0.0169,0.0018,0.0071,0.0176,0.0100,0.0200,CRFN,1050,True
81647624082,pool12ame5t8hdltyl30npznvhn23kxnvthk82j9p7dr4uew3y92uqes,0,77,,,95,340000000,57779a2cf76fd64fc5f308a6cbcd51b1a6c5dec7548a1f3475e65d12,False,False,81647624082,0.01,False,EoK,0,30000000000,31510889500,1616530699,,251797306492,0.0413,0,0,0,0,0,0,0,0,EoK,402,True
127677984128,pool1fk7lk6x7j6jkxuvl0het8nmunra4g7370mw29f286dv9ylegutq,0,144,,,39,340000000,4dbdfb68de96a563719f7df2b3cf7c98fb547a3e7edca2a547d35852,False,False,127677984128,0.019,False,Wish Pool,70546710681,31000000000,56607824794,1616509728,,370610515026,0.0356,0,0.0182,0.0161,0,0,0.0121,0.0093,0.0110,WISH,678,True
1162108630,pool1ghsq6nqsdmxxep9jrfml0j6jk935uhq7d9l5a0ltllev7nk2fa0,0,32,,,10,340000000,45e00d4c106ecc6c84b21a77f7cb52b1634e5c1e697f4ebfebfff2cf,False,False,1162108630,0,False,PLOT Stake pool,0,25000000000,10880000000,1616479923,,54345782095,0.0369,0,0,0,0,0,0,0,0,PLOT,98,True
147825749934,pool18c2qgn5fv5vfhsvqjvn20j943qjaegs0dylgpsmmwz2lx03n76k,0,36,,,51,340000000,3e14044e8965189bc1809326a7c8b58825dca20f693e80c37b7095f3,False,False,147825749934,0.01,False,The Better Pool,1661173499,35000000000,12348582366,1616470035,,10749655914,0.0096,0,0,0,0,0,0,0,0.0063,BETTR,44,True
816886634,pool1wuu2at4ccsqnlaw9q080wz7y0hq7m5utclffjfn3g0vd2j9xs8j,0,0,,,5,345000000,7738aeaeb8c4013ff5c503cef70bc47dc1edd38bc7d299267143d8d5,False,False,816886634,0,False,Stakinator T600,0,5000000000,0,1616468125,,0,0,0,0,0,0,0,0,0,0,T600,0,True
1317240693,pool1fd6geyevpsg26s7q58fvuv2eh559n5p9vv3ctxjs74v6g7lkew4,0,0,git.io/JOkNh,3,2,345000000,4b748c932c0c10ad43c0a1d2ce3159bd2859d0256323859a50f559a4,False,False,1335164972,0.04,False,EFECTO,1002621654,1000000000,0,1616457164,,0,0,0,0,0,0,0,0,0,0,ECO,0,True
6453117,pool16dk66d47thmteth783kt2cw9uh0zc4xsdvlqrwadz7vnyaev8cv,0,0,,,2,340000000,d36dad36be5df6bcaefe3c6cb561c5e5de2c54d06b3e01bbad179932,False,False,6453117,0.03,False,SolisPool,6453117,2000000000,0,1616430949,,0,0,0,0,0,0,0,0,0,0,SOLIS,0,True
11176375598,pool1y0s5vwg2rdvfnynyhhgh08hdrd74p6rfhwxzvrxvfnrvjuddyf2,0,31,,,8,170000000,23e146390a1b58999264bdd1779eed1b7d50e869bb8c260ccc4cc6c9,False,False,11176375598,0,False,Iluka,0,0,8320000000,1616425011,,7157208385,0.0108,0,0.0151,0.0195,0,0,0.0170,0,0.0099,ILUKA,33,True
12440621,pool157sjc5een0ptynrn6ettx6zr2gl8wm8ymjtwuyravqmmcs45d20,0,0,,,1,340000000,a7a12c53399bc2b24c73d656b36843523e776ce4dc96ee107d6037bc,False,False,12440621,0.035,False,Luna Nusa Staking Pool,0,0,0,1616388487,,0,0,0,0,0,0,0,0,0,0,LNSP,0,True
16320656966,pool1wp9p6rlpratng7rhrvyz6mcjqsl04laxxvvuu06umc5vghacqa4,0,0,binance.com,60,9,345000000,704a1d0fe11f573478771b082d6f12043efaffa63319ce3f5cde28c4,False,False,16320656966,0.06,False,Binance Staking - 74,17639298,2000000,0,1616385286,,0,0,0,0,0,0,0,0,0,0,BNP,0,True
18781066459,pool1043kkcc2uwmdf76wg6jy80tkgwztzprep2rakyypmwc4637c2xe,0,0,binance.com,59,5,345000000,7d636b630ae3b6d4fb4e46a443bd764384b104790a87db1081dbb15d,False,False,18781066459,0.06,False,Binance Staking - 75,17639298,2000000,0,1616385249,,0,0,0,0,0,0,0,0,0,0,BNP,0,True
27396266754,pool19sydze39a8dccylczqe2m4nnslpreytxlj5fu400nqxkg8wvgx8,0,0,binance.com,58,7,345000000,2c08d16625e9db8c13f81032add67387c23c9166fca89e55ef980d64,False,False,27396773000,0.06,False,Binance Staking - 76,17639298,2000000,0,1616385249,,0,0,0,0,0,0,0,0,0,0,BNP,0,True
2158840814,pool1ur2y44cgsyf9l40y4xdc7w3cwy88vgmj95deatatzqnqqhrfp7f,0,0,binance.com,57,6,345000000,e0d44ad70881125fd5e4a99b8f3a38710e7623722d1b9eafab102600,False,False,2158977368,0.06,False,Binance Staking - 77,17639298,2000000,0,1616385221,,0,0,0,0,0,0,0,0,0,0,BNP,0,True
3246128193,pool1dmugaarr3nq0679fa02kqunlfmcyxdxfy3quc9x9s69zquty478,0,0,binance.com,56,7,345000000,6ef88ef4638cc0fd78a9ebd560727f4ef04334c92441cc14c5868a20,False,False,3319090885,0.06,False,Binance Staking - 78,17639298,2000000,0,1616385221,,0,0,0,0,0,0,0,0,0,0,BNP,0,True
3377044613077,pool1drv9qkh2tgqqucc0jp8cwswpmmkfzdd898ja7ac0uwm9j5d44tq,0,274,,,104,170000000,68d8505aea5a000e630f904f8741c1deec9135a729e5df770fe3b659,False,False,3382088018825,0,True,Nimuë Lady of the Lake Pool,1034730016321,1000000123456,73950001520,1616359075,,216165235272,0.0284,0,0.0170,0.0174,0.0020,0.0128,0.0201,0.0134,0.0216,NIMUE,650,True
14144899478,pool1knwd92dnngrypyvj3egguuxtl8g8elxarlvaqsyjewvh7sjla2g,0,0,,,4,340000000,b4dcd2a9b39a064091928e508e70cbf9d07cfcdd1fd9d04092cb997f,False,False,14144899478,0,False,Cardano Garden,14009822531,14009822531,0,1616349652,,0,0,0,0,0,0,0,0,0,0,ADAG,0,True
182157811155,pool1hrfv7z55k4m2q6ghemu56r3zkw7dt5wd5xay5yw7an7p7aw33ac,0,58,,,46,170000000,b8d2cf0a94b576a06917cef94d0e22b3bcd5d1cda1ba4a11deecfc1f,False,False,182157811155,0,False,WEN K? Stake Pool,21413416575,1000000000,17777410012,1616344337,,62737968377,0.0344,0,0.0117,0.0073,0,0,0.0113,0.0113,0.0106,WEN_K,131,True
63907383326,pool1e0jyj79d3ady680wajgcd4vgndqjdlf65777pz5939ehseqaem3,0,11,,,4,340000000,cbe44978ad8f5a4d1deeec9186d5889b4126fd3aa7bde08a85897378,False,False,63907383326,0,False,La Frontiera,0,15000000000,3786290314,1616342549,,4136916476,0.0091,0,0,0,0,0,0,0,0,FRONT,11,True
91184421717,pool1udt98825znk9uslz4v05gh5cd3s5e4g0cd9c4gzhcfpd2j2xm2u,0,24,,,37,340000000,e356539d5414ec5e43e2ab1f445e986c614cd50fc34b8aa057c242d5,False,False,93475177284,0,False,The Greek Pool,33920108104,30000000000,8160000000,1616322895,,5767747643,0.0144,0,0.0007,0.0004,0.0040,0.0026,0.0002,0.0013,0.0012,ZORBA,25,True
607393771,pool1znp7z30qfdgwcwel4htqmwapfm2h05ml32ttt8znevtz2vwnqwt,0,0,,,2,340000000,14c3e145e04b50ec3b3fadd60dbba14ed577d37f8a96b59c53cb1625,False,False,607393771,0.0299,False,Ujamaa Stake Pool,602616946,500000000,0,1616305460,,0,0,0,0,0,0,0,0,0,0,UJMA,0,True
1093094791,pool12f68ksfmsthe4r9xx2up9x4zx43tstu3psmjvk57papsv8vu9re,0,0,,,1,340000000,52747b413b82ef9a8ca632b8129aa23562b82f910c37265a9e0f4306,False,False,1093094791,0,False,Sairam Pool,1093094791,1000000000,0,1616257531,,0,0,0,0,0,0,0,0,0,0,SAI,0,True
2499063749781,pool1jsxk3ymqv2gdc6mhqk52544g2aun4zhq5wgx6n32l5s3jlne70n,3,270,,,48,170000000,940d6893606290dc6b7705a8aa56a857793a8ae0a3906d4e2afd2119,False,False,2499537155002,0.03,True,AKYO🥁,49075783959,41000000000,77189060221,1616210014,,359571995342,0.0322,0,0.0227,0.0190,0.0075,0.0168,0.0171,0.0212,0.0178,AKYO,767,True
3711263580549,pool1gdgjzmp96kk0d0sj482655wqlq8jtc4t9xw8xzfwfx4tjyq73hw,2,303,,,26,340000000,4351216c25d5acf6be12a9d5aa51c0f80f25e2ab299c73092e49aab9,False,False,3712659653036,0.02,False,Luna 9,251861355971,250000000000,109372614273,1616207297,,343412628022,0.0277,0,0.0209,0.0211,0.0035,0.0138,0.0219,0.0149,0.0222,LUNA9,884,True
26713955798,pool1u3despkvw4sqeq2fv9ufrh5dxacf8vm0aax00elkdeelymg7f38,0,0,,,4,340000000,e45b9806cc75600c8149617891de8d377093b36fef4cf7e7f66e73f2,False,False,26713955798,0.01,False,Ada Life Form,25097611490,25000000000,0,1616176687,,0,0,0,0,0,0,0,0,0,0,ALF,0,True
7233390397412,pool12eht6dqxpzqj87xuextrpufz2gxmt4reuesuw26r2utzw0kw906,0,272,,,301,200000000,566ebd3406088123f8dcc99630f122520db5d479e661c72b43571627,False,False,7248446098152,0,True,CanadaStakes,91063744220,40000000000,75727532934,1616168091,,1799586183700,0.0323,0,0.0269,0.0249,0.0161,0.0193,0.0249,0.0241,0.0251,CAN1,3874,True
690843895706,pool1hvevy8qu5lwg7ul66xmzvwv8zwdgdradsg9ncvrflm7dvy407e0,1,57,,,76,170000000,bb32c21c1ca7dc8f73fad1b6263987139a868fad820b3c3069fefcd6,False,False,963138196777,0,True,Hamster Stake Pool,60036367987,60000000000,11730000000,1616141706,,23516527200,0.0212,0,0.0179,0.0156,0,0.0065,0.0183,0.0033,0.0212,HAMDA,84,True
6734321082,pool1zpsk3ql6qgzkgqncrlzulf9dype3km52rcdnajn5ttddwhhc3vj,0,0,,,1,340000000,10616883fa02056402781fc5cfa4ad20731b6e8a1e1b3eca745adad7,False,False,6734321082,0.02,False,GTA Cardano Stake Pool,6734321082,5000000000,0,1616133146,,0,0,0,0,0,0,0,0,0,0,GTA,0,True
6390134558004,pool1efacpnedlfrhe9sa6s4jzq839s5q4qdrl70em0za57xg6t38d3s,0,287,stakit.io,2,101,340000000,ca7b80cf2dfa477c961dd42b2100f12c280a81a3ff9f9dbc5da78c8d,False,False,6394333026605,0.04,False,ADA Swiss,150663104004,150000000000,110459179176,1616101745,,347171232241,0.0270,0,0.0151,0.0139,0.0124,0.0138,0.0138,0.0159,0.0163,ADACH,868,True
129735560079,pool1yff3j4xqhmunrccjsdh0u9qxrws7xdqhagjx5lqktklwj67u5s3,0,54,,,33,340000000,22531954c0bef931e312836efe14061ba1e33417ea246a7c165dbee9,False,False,129735560079,0.02,False,CDN Cardano,46514914125,25000000000,19407520028,1616101533,,51328482731,0.0281,0,0.0009,0.0006,0,0,0.0013,0.0018,0.0017,CDNC,114,True
101976167887,pool1tnl3yxmj8848vq6meduhz9n5520a7dwsh05r5gfyvlatj87k3jl,0,50,,,36,170000000,5cff121b7239ea76035bcb79711674a29fdf35d0bbe83a212467fab9,False,False,102324893006,0.01,False,SpidarPool,83690439541,30000000000,15649222323,1616099939,,152002282715,0.0319,0,0,0,0,0,0.0032,0,0.0134,SPIDR,288,True
0,pool1t490d5nsl9v354mrppk4j8hla4n60gxjn206jfaxh4jts93tqpp,0,0,,,0,340000000,5d4af6d270f9591a5763086d591effed67a7a0d29a9fa927a6bd64b8,False,False,0,0.01,False,VelociCoin,0,3500000000,0,1616096370,,0,0,0,0,0,0,0,0,0,0,VELC,0,True
9975834,pool1rhew9hdp6wpudh22k7gyjtv98r872hca064n8ug8lk3j65ae59a,0,0,,,1,340000000,1df2e2dda1d383c6dd4ab790492d8538cfe55f1d7eab33f107fda32d,False,False,9975834,0,False,HaxMode Pool,9975834,0,0,1616089560,,0,0,0,0,0,0,0,0,0,0,HAX,0,True
782008817936,pool1pn36hexudnjg6uwvxc5tld3ay2g6ty99ardzhn7crhkhzshjpte,0,48,,,25,200000000,0ce3abe4dc6ce48d71cc3628bfb63d2291a590a5e8da2bcfd81ded71,False,False,782008817936,0.01,False,YakisobaPool,15958003731,500000000,14803383930,1616073378,,19897827322,0.0161,0,0.0140,0.0155,0,0,0.0164,0.0179,0.0160,YKSB,87,True
12581250338,pool1749t2act40esvfj0w0g0ear7l3hrnjfc8l5rl8eznuh8vunjl86,0,0,,,23,340000000,f54ab5770babf306264f73d0fcf47efc6e39c9383fe83f9f229f2e76,False,False,12581250338,0.01,False,The Ocean Cleanup Pool,10442525441,10000000000,0,1616067523,,0,0,0,0,0,0,0,0,0,0,TOCP,0,True
9202652806,pool1qlpen2kkw8yc0pjyjjcg4zlswhrahf73f99y3ae85kjy6leqk7l,0,19,heysoftwareinnovation.com,2,106,2500000000,07c399aad671c987864494b08a8bf075c7dba7d1494a48f727a5a44d,False,False,9202652806,0,False,FOFA Stake Pool,140984110,1000000,6460000000,1616055890,,7082745215,0.0188,0,0,0,0,0,0,0,0,FOFA,20,True
4892752722701,pool1kprt6l4quz03dhqx8jw22spdjvp5dkshdnn567vlexqkj35hd8a,2,92,,,368,170000000,b046bd7ea0e09f16dc063c9ca5402d930346da176ce74d799fc98169,False,False,4759508197990,0,True,Bedrock Staking,27376854241,25000000000,17356998455,1616037989,,149719495029,0.0253,0,0.0196,0.0218,0.0061,0.0144,0.0238,0.0160,0.0255,BDRK,449,True
19359283567,pool1h6l7mhtqqvkgq5hyvkrjrrwddulx7zc6mxlrsezsspymckuuext,0,11,,,13,340000000,bebfeddd60032c8052e46587218dcd6f3e6f0b1ad9be3864508049bc,False,False,19359283567,0.01,False,Trump Fan,463832905,1000000,3776780046,1616034965,,3641225077,0.0134,0,0,0,0,0,0,0,0,Trump,11,True
304278509,pool100wj94uzf54vup2hdzk0afng4dhjaqggt7j434mtgm8v2gfvfgp,0,0,,,2,340000000,7bdd22d7824d2ace055768acfea668ab6f2e81085fa558d76b46cec5,False,False,304278509,0,False,JayField Pool,0,4000000000,0,1616019960,,0,0,0,0,0,0,0,0,0,0,JFLD,0,True
507423329,pool12mvua605f7w2gs90d580ywzyyf96je0y5q6zwcz2l76tcdqa8y9,0,0,,,1,340000000,56d9cee9f44f9ca440af6d0ef23844224ba965e4a03427604affb4bc,False,False,507423329,0.005,False,PoolsBrothers,507423329,500000000,0,1616014703,,0,0,0,0,0,0,0,0,0,0,PBJM,0,True
11625848783,pool192xshj2cu50qfy2pm5cck8lnm9lxv2tjquznqjdkkzw6y5hnzl6,0,0,,,2,340000000,2a8d0bc958e51e049141dd318b1ff3d97e66297207053049b6b09da2,False,False,11625848783,0,False,STEEL-STAKING,10017022851,10000000000,0,1616013290,,0,0,0,0,0,0,0,0,0,0,STEEL,0,True
897047887,pool1tegyxvyvya2lsqd7w2nna3h63ffdq85l0v8tg44yeak77du8zxd,0,0,,,2,340000000,5e5043308c2755f801be72a73ec6fa8a52d01e9f7b0eb456a4cf6def,False,False,897047887,0.01,False,GlassPool,583646133,500000000,0,1616009793,,0,0,0,0,0,0,0,0,0,0,GLAS,0,True
172769951176,pool1tqywsutw3wtgcvzrljdacgwmv5kfzm8f0ladml5frkckccd72gg,0,22,,,3,340000000,5808e8716e8b968c3043fc9bdc21db652c916ce97ffaddfe891db16c,False,False,172769951176,0.0314,False,The FreeBSD Stake Pool,5348201980,5000000000,7664055450,1615999443,,5677583486,0.0083,0,0,0,0,0,0,0,0,FBSD,24,True
941459492,pool1yv8lps0rx4xxppwpm0vea852wwu6lg78xh3qfss7dmftq2gqy3r,0,0,,,5,340000000,230ff0c1e3354c6085c1dbd99e9e8a73b9afa3c735e204c21e6ed2b0,False,False,941459492,0.0055,False,MetaADA,100618750,100000000,0,1615978709,,0,0,0,0,0,0,0,0,0,0,MADA,0,True
209736273,pool1mgpcx225587y9uf2zcwrputd3kj70jfpf654ca86dehuw5qk5pf,0,0,,,3,340000000,da03832954a1fc42f12a161c30f16d8da5e7c9214ea95c74fa6e6fc7,False,False,209736273,0.0299,False,Prosper Staking,0,75000000000,0,1615974075,,0,0,0,0,0,0,0,0,0,0,PRSPR,0,True
150610962,pool1npx8wwtj8knlavx6h7spcj7sk6n6dd5qa0npk9fcdefd542y9vx,0,0,,,1,345000000,984c7739723da7feb0dabfa01c4bd0b6a7a6b680ebe61b15386e52da,False,False,150610962,0.01,False,RENT,150610962,100000000,0,1615959244,,0,0,0,0,0,0,0,0,0,0,RENT,0,True
1273931512703,pool1e7mwu80pmsjqdf8lu7rsfdj5sldashslll0hpj7rhx3w6xpwkq7,0,66,,,11,170000000,cfb6ee1de1dc2406a4ffe78704b65487dbd85e1fffdf70cbc3b9a2ed,False,False,1274628904904,0.015,False,Nizi Stake Pool 🌈,657983889,100000000,20455140687,1615948757,,17806638070,0.0132,0,0.0162,0.0128,0.0354,0.0234,0.0114,0.0218,0.0093,NIZI🌈,80,True
247645521153,pool137cuaqqktk0rhh3a9zj4rchr75qm07pgzgekprle5qyq2xk2nzq,0,54,,,15,340000000,8fb1ce80165d9e3bde3d28a551e2e3f501b7f8281233608ff9a00805,False,False,247645521153,0.01,False,Pacific Digital Technologies,100010667769,100000000000,18496496430,1615932747,,13513149255,0.0129,0,0.0012,0.0014,0,0,0.0015,0,0.0018,PDT1,61,True
444287597,pool1ujpy2536jz3x9gje5d5vuadzcpadl7pwrcsgq4laestu7mrs9hp,0,0,,,1,345000000,e48245523a90a262a259a368ce75a2c07adff82e1e208057fdcc17cf,False,False,444287597,0.05,False,Ideas2Reality,444287597,435000000,0,1615925537,,0,0,0,0,0,0,0,0,0,0,I2R,0,True
1588487278875,pool1gf8a46j6hvhad8e48hez4084x34snpua8k7t3kzy9w42q6w60z8,0,73,,,120,170000000,424fdaea5abb2fd69f353df22abcf5346b09879d3dbcb8d8442baaa0,False,False,1588834535995,0,False,Gratis ADA,41179232694,30000000000,12922538896,1615923806,,51038354635,0.0209,0,0.0208,0.0209,0.0041,0.0108,0.0191,0.0258,0.0214,GRADA,167,True
4496813408,pool1qp7ge7rwk8ht63v8z6vkyw3g8em5qr5k0z0l6ta8mxjtzx4dzy8,0,1,,,6,340000000,007c8cf86eb1eebd45871699623a283e77400e96789ffd2fa7d9a4b1,False,False,4496813408,0,False,everwin01,114588717,100000000,340000000,1615912591,,370000005,0.0215,0,0,0,0,0,0,0,0,EVE01,1,True
729154941958,pool14dswwngc8j92uek927jced2lfc7c4pa4ss9gry9nu9rhkc7a055,0,52,,,28,170000000,ab60e74d183c8aae66c557a58cb55f4e3d8a87b5840a8190b3e1477b,False,False,729154941958,0,False,Vrijstaat,106176776740,100000000000,11365355850,1615890776,,16038632725,0.0109,0,0.0122,0.0164,0,0,0.0133,0,0.0160,VRIJ,68,True
0,pool1kqrsr700m267q9tz4pw4rjeg69nkahk5wuy3kkw479y56fqfy9t,0,0,,,1,340000000,b00701f9efdab5e01562a85d51cb28d1676eded477091b59d5f1494d,False,False,0,0.015,False,Strike Pool,0,3250000000,0,1615887876,,0,0,0,0,0,0,0,0,0,0,STRK,0,True
46556940471074,pool14fjmlppz76667ws3jl5luejf2wgztuhpsftulvh3ucc65anqgve,13,318,xstakepool.com,1,1233,340000000,aa65bf8422f6b5af3a1197e9fe6649539025f2e18257cfb2f1e631aa,False,False,46564228142596,0.037,True,X-StakePool2,53192731036,20000000000,292495814786,1615879587,,4829695928274,0.0317,0,0.0226,0.0236,0.0163,0.0208,0.0241,0.0228,0.0251,XSP2,10603,True
51831954758,pool1fxlf6mqxeuptm7ztwdpp2zdwm7tsfcy3fweu7euyf6aduuh6u42,0,3,,,23,340000000,49be9d6c06cf02bdf84b73421509aedf9704e0914bb3cf67844ebade,False,False,51831954758,0.02,False,Slice of Stake,10933201503,10000000000,1043338925,1615877995,,1143607432,0.0048,0,0,0,0,0,0,0,0,SLICE,3,True
2313440393,pool1pg2fxvdpl9d8kdsfln3lvmwwk0apwvw6ykc5fyuc9jamgk6yvmt,0,10,,,1,340000000,0a149331a1f95a7b3609fce3f66dceb3fa1731da25b14493982cbbb4,False,False,2313440393,0.04,False,AloraPool,2313440393,25000000000,3589019764,1615872187,,4536474467,0.0121,0,0,0,0,0,0,0,0,ALORA,11,True
19736460,pool1q6ydlweuzytf4wxdnr9h7qxalu7v3kg4c2t6m7uysn0r67jqx62,0,0,,,9,340000000,0688dfbb3c11169ab8cd98cb7f00ddff3cc8d915c297adfb8484de3d,False,False,19736460,0,False,GratefulPool,2481480,8000000000,0,1615837871,,0,0,0,0,0,0,0,0,0,0,GR8FL,0,True
611713058632,pool1ralkckmup253k79hap4chku450qyshezh4sasjqh0ltxu2gytlq,0,257,,,28,340000000,1f7f6c5b7c0aa91b78b7e86b8bdb95a3c0485f22bd61d848177fd66e,False,False,611713058632,0,False,Oyaji Stake Pool,30039921442,15000000000,87040000000,1615822576,,278547828770,0.0272,0,0.0122,0.0127,0.0006,0.0008,0.0113,0.0010,0.0186,OYAJI,706,True
299551923,pool19u3glj3t9c0nsyzgrd6zdhnj0ed5dk67wmv3fs6nc0702xzh94y,0,0,,,6,340000000,2f228fca2b2e1f3810481b7426de727e5b46db5e76d914c353c3fcf5,False,False,299551923,0.01,False,Cardanopool Germany 1,57415409,50000000,0,1615806163,,0,0,0,0,0,0,0,0,0,0,CAGE1,0,True
1803357596445,pool180fejev4xgwe2y53ky0pxvgxr3wcvkweu6feq5mdljfzcsmtg6u,1,124,,,264,170000000,3bd3996595321d951291b11e1331061c5d8659d9e69390536dfc922c,False,False,1745346270365,0,False,Charly&Aliens Alliance,55424433230,50000000000,22950000000,1615795552,,162718607443,0.0256,0,0.0137,0.0148,0,0.0024,0.0171,0.0107,0.0231,CHIEN,450,True
36886524002,pool1vz9txqmdhxwegpy7uzrsap84z309veehqv3uh4s60qwxk0u7h06,0,63,,,9,340000000,608ab3036db99d94049ee0870e84f5145e5667370323cbd61a781c6b,False,False,36886524002,0.01,False,Waiting for delegators,2397409563,1000000,21956460842,1615792083,,53109626386,0.0357,0,0,0.0019,0,0,0.0009,0,0.0053,BOOM,109,True
178415169533,pool1hrv8gtrm0dgjg6zyss5uwa4nkruzfnh5vrdkr2sayj7x2nw6mjc,0,168,,,137,340000000,b8d8742c7b7b512468448429c776b3b0f824cef460db61aa1d24bc65,False,False,168443069726,0.015,False,𝛑 + ₳ = ∞,101064792271,100000000000,67368552793,1615782574,,669835736291,0.0355,0,0,0,0,0,0.0008,0,0.0053,PIADA,1260,True
2163639227635,pool1n4fq4gw6snzqjep3pylj8dc6aaa4xgn78gl58k360dqdw6a58g8,1,281,,,44,340000000,9d520aa1da84c4096431093f23b71aef7b53227e3a3f43da3a7b40d7,False,False,2140415534480,0.0369,False,Cafe Pepe,162469582940,42000000000,110343771518,1615774908,,403714996279,0.0271,0,0.0157,0.0105,0.0002,0.0040,0.0172,0.0252,0.0159,PEPE,926,True
308187430157,pool1ey0gxeyesszrsshc6zjlzamr7z0f2d29e3ut0ppg4j4gxduyn5r,0,165,,,132,340000000,c91e83649984043842f8d0a5f17763f09e953545cc78b78428acaa83,False,False,236075020707,0.01,False,KentuckyBourbon,0,1140000000000,60616806797,1615768886,,389428162992,0.0329,0,0,0,0,0,0,0,0,KYBBN,777,True
116891017787,pool1ghfmak7eu4t6f7ep8jkspt586l828z54xnxfw732yxlngtny0uh,0,3,,,11,340000000,45d3bedbd9e557a4fb213cad00ae87d7cea38a9534cc977a2a21bf34,False,False,116891017787,0.008,False,Noble Stake Pool,56174799440,50000000000,1028006026,1615754935,,992747385,0.0020,0,0,0,0,0,0,0,0,NOBLE,3,True
0,pool16rq0nmr3pr202a7dcf9507gy5u3sh9j6dw8jjwp3dg4qc6cqj0f,0,0,,,2,340000000,d0c0f9ec7108d4f577cdc24b47f904a7230b965a6b8f2938316a2a0c,False,False,0,0.02,False,ADAPool Germany,0,3000000000,0,1615754240,,0,0,0,0,0,0,0,0,0,0,ADADE,0,True
542500801635,pool1wz4euuc8r3gfya335gvpxl2nuajkvkjh3d6ylm4w83wcz7lqxc6,0,146,,,60,345000000,70ab9e73071c50927631a218137d53e765665a578b744feeae3c5d81,False,False,542802987342,0.01,False,FasoPool,3411260296,3000000000,51286661991,1615752981,,90750921233,0.0221,0,0.0081,0.0084,0,0,0.0048,0.0079,0.0039,FASO,256,True
10482854928,pool1w6vj437xqhlkasuhc2td09jd6vfem5e03nhhpn7yqxfkzrkamch,0,97,,,12,340000000,76992ac7c605ff6ec397c296d7964dd3139dd32f8cef70cfc4019361,False,False,10482854928,0.01,False,Wine Pool,936571018,1000000,32981799413,1615745130,,33838146689,0.0210,0,0,0,0,0,0.0037,0,0.0032,WINE,112,True
928651575,pool1wsr9ehtfvc4cs3rzfv65jjv7w7pe3xngw58mtt0ex4jck5frw79,0,0,,,3,340000000,74065cdd69662b8844624b3549499e7783989a68750fb5adf935658b,False,False,928651575,0.01,False,Studio0716,9823411,500000000,0,1615744859,,0,0,0,0,0,0,0,0,0,0,S0716,0,True
1444704495708,pool18jrsaddmrwtrdycydmk3zv0fxawnv0q8xh7f6fyp2r247zz9tc5,0,220,,,67,340000000,3c870eb5bb1b963693046eed1131e9375d363c0735fc9d248150d55f,False,False,1445399812368,0.03,False,Sunner,5218834616,0,62092756674,1615743179,,136128391970,0.0259,0,0.0091,0.0072,0.0002,0.0119,0.0143,0.0090,0.0189,SUNNE,387,True
1339013336,pool1aum2mx8ds554pfm45el2wn3lr7lsnphlggxzhk3qlpl56qnffm2,0,29,,,9,340000000,ef36ad98ed852950a775a67ea74e3f1fbf0986ff420c2bda20f87f4d,False,False,1339013336,0.02,False,ADA Music Messengers,363300110,10000000000,11593038796,1615706591,,84918901794,0.0349,0,0,0,0,0,0,0,0,AMM,135,True
671500221,pool1gmwp956mrfn5hcs7rp7nasa7xpwmx84kkkclyx48xwuh5dltmpj,0,0,,,6,340000000,46dc12d35b1a674be21e187d3ec3be305db31eb6b5b1f21aa733b97a,False,False,671500221,0,False,oceanblue_pool,131285137,100000000,0,1615706380,,0,0,0,0,0,0,0,0,0,0,OBLUE,0,True
272325923464,pool1gqk5pzqmrc9c6030m5sj2s3560ymm5ymq3hqjmz6vfdmx4mw5gs,0,75,,,43,340000000,402d40881b1e0b8d3e2fdd21254234d3c9bdd09b046e096c5a625bb3,False,False,272263984376,0.01,False,HISTAKE POOL,9052999244,3500000000,25568478424,1615697341,,56853644687,0.0245,0,0.0009,0.0012,0,0,0.0015,0.0004,0.0033,HIST,140,True
11290832560799,pool1crts5gmqr34gsrn6wvrhfs9yqp0ynu8t2t4r350xp80s6pc56ue,2,305,,,767,340000000,c0d70a23601c6a880e7a730774c0a4005e49f0eb52ea38d1e609df0d,False,False,11282029001311,0,False,BreakingADA,47231853777,25000000000,103045354604,1615696723,,1490107692465,0.0312,0,0.0219,0.0235,0.0112,0.0135,0.0236,0.0183,0.0248,BREAK,3164,True
37932825619,pool1aj697twgk5kt7c6kjtkpwejqqhljvf3hzsmsamswzy42v24cw5h,0,1,,,4,340000000,ecb45f2dc8b52cbf635692ec17664005ff26263714370eee0e112aa6,False,False,37932825619,0.05,False,KyleK's Stake Pool,15920617477,15436500000,354801243,1615689220,,281223629,0.0018,0,0,0,0,0,0,0,0,KYLEK,1,True
1000713424,pool1lwp52dj9762g7uk2jk3czwywxqaa4753v7x2v56qr5l2znkky4h,0,0,,,1,340000000,fb83453645f6948f72ca95a381388e303bdafa91678ca653401d3ea1,False,False,1000713424,0.02,False,PimpMyPool,1000713424,1000000000,0,1615680006,,0,0,0,0,0,0,0,0,0,0,PMP,0,True
799909887,pool1a8902n5s5z8cgehphzj8ujwv6wf7dycnrdx4ekfz9cwmwj2fenu,0,8,,,5,340000000,e9caf54e90a08f8466e1b8a47e49ccd393e693131b4d5cd9222e1db7,False,False,799909887,0,False,EGuard.io 0PCT Pool#1,799029644,25500000000,2735840987,1615675193,,3893838194,0.0345,0,0,0,0,0,0,0,0,EG1,9,True
494831058,pool1ga8rg7snafqj5t24zf4xr8cz7tl576ett05qf93qhcamgmkqmj3,0,0,,,3,340000000,474e347a13ea412a2d55126a619f02f2ff4f6b2b5be8049620be3bb4,False,False,494831058,0.005,False,Poolposition a Poolify Pool,494616908,250000000,0,1615665125,,0,0,0,0,0,0,0,0,0,0,PPPFY,0,True
3385854880,pool12plmfgtqk4nj0wse5wnr49xth22fjacxm0gxg3wc88ewzztpwf5,0,0,,,3,340000000,507fb4a160b56727ba19a3a63a94cbba94997706dbd06445d839f2e1,False,False,3385854880,0.0199,False,Ample Pool,0,100000000,0,1615658589,,0,0,0,0,0,0,0,0,0,0,AMPLE,0,True
7239660812887,pool1a3ekt9me035qgju0en2w39vjns9ggtewnc9fugsmpgczvgtl6u9,1,319,sman8.github.io,1,47,340000000,ec736597797c68044b8fccd4e895929c0a842f2e9e0a9e221b0a3026,False,False,7243157124996,0.01,True,SMAN8,240691985727,168000000000,131403525352,1615647719,,2335353066590,0.0361,0,0.0227,0.0239,0.0088,0.0118,0.0225,0.0165,0.0250,SA8,4467,True
5154646,pool1yd67ecxptd70flavhu9m4x9pj460fpy3pttlcfs5wvjlwzs79vw,0,0,,,1,400000000,2375ece0c15b7cf4ffacbf0bba98a19574f484910ad7fc26147325f7,False,False,5154646,0.02,False,ADAPrim,5154646,490000000,0,1615635657,,0,0,0,0,0,0,0,0,0,0,APRIM,0,True
105132223,pool1t2e4v7ajh38qhjswqaavjqfsevyllhda24t2s2u6vhsavyhhqaf,0,0,,,1,340000000,5ab3567bb2bc4e0bca0e077ac90130cb09ffddbd5556a82b9a65e1d6,False,False,105132223,0.03,False,GAJA ADA STAKE POOL,105132223,100000000,0,1615629690,,0,0,0,0,0,0,0,0,0,0,GAJA,0,True
0,pool16qsddpnjv5msjp62lxam4erurckks98t2e6k7tuqw5e4u5xcmc5,0,0,,,2,340000000,d020d68672653709074af9bbbae47c1e2d6814eb56756f2f8075335e,False,False,0,0.01,False,1 Percent BULLION,0,505000000,0,1615610086,,0,0,0,0,0,0,0,0,0,0,1PCTB,0,True
52037404,pool16r36znhvh3h2lk55vu89hsx3ug94sx2etqv9s2006d8awufhaz7,0,0,,,1,340000000,d0e3a14eecbc6eafda94670e5bc0d1e20b58195958185829efd34fd7,False,False,52037404,0,False,Bee Pool,52037404,0,0,1615602712,,0,0,0,0,0,0,0,0,0,0,BEEP,0,True
7673013345,pool19d5anp46tkzvf8xmqmxrtedr6lvw55snk65zfep2srsd2qe2wcc,0,0,adacoinprofits.com,1,3,340000000,2b69d986ba5d84c49cdb06cc35e5a3d7d8ea5213b6a824e42a80e0d5,False,False,7673013345,0,False,ADACoinProfits2,36920446,10000000000,0,1615595841,,0,0,0,0,0,0,0,0,0,0,ADAC2,0,True
515619014,pool1d25d0c06al8geglarw7yd4nqh65nws82d7v04yrv2eec7rwcjlk,0,0,,,1,340000000,6aa8d7e1faefce8ca3fd1bbc46d660bea93740ea6f98fa906c56738f,False,False,515619014,0.01,False,Comet Staking,515619014,500000000,0,1615591156,,0,0,0,0,0,0,0,0,0,0,COMET,0,True
30255150003274,pool1l6aeyn35nkqkn9lqqlwqnpraakdzuukjrqprcrj3sctk6hhe32k,10,252,,,1597,170000000,febb924e349d816997e007dc09847ded9a2e72d218023c0e5186176d,False,False,29314316328879,0.02,True,Oyster Pool | Midnight | Mithril | Rosen Bridge,502400905729,400000000000,82692281148,1615575079,,1736254849680,0.0280,0,0.0209,0.0231,0.0113,0.0151,0.0239,0.0180,0.0254,OYSTR,4358,True
2099393590331,pool1wp7vqk4mkx0w0wxzpy8avhft4qwcg60xldwem2uh9n4pw777fhz,1,21,,,13,340000000,707cc05abbb19ee7b8c2090fd65d2ba81d8469e6fb5d9dab972cea17,False,False,52455898027,0.03,False,beehive,1049615131,1000000000,6979358918,1615564556,,6823679782,0.0186,0,0,0,0,0,0.0090,0,0.0064,BEEHI,26,True
172153471575,pool1jm8s3r3xq4kpawavy096rqle964exle3lxwnpvx62wjnwadwd5l,0,74,,,58,340000000,96cf088e26056c1ebbac23cba183f92eab937f31f99d30b0da53a537,False,False,171645444379,0.01,False,NARU Pool,100664155090,100000000000,27123421681,1615557481,,193284906284,0.0404,0,0.0140,0.0098,0.0021,0.0028,0.0055,0.0021,0.0041,NARU,315,True
2823567219,pool12yfqjghmn47qajajqduf2rd83qxtdhva8j0qdctmla4v5w3mhq4,0,51,,,15,340000000,51120922fb9d7c0ecbb20378950da7880cb6dd9d3c9e06e17bff6aca,False,False,2823567219,0.005,False,PlebPool,0,31544000000,17715668427,1615539711,,74677258037,0.0376,0,0,0,0,0,0,0,0,PLBPL,130,True
50493452143378,pool1sjwdmeme5zs042jzwmdvxshhv27kepxke0mr02f2yzacsyd4wtu,17,319,ccv3000.github.io,0,5671,340000000,849cdde779a0a0faaa4276dac342f762bd6c84d6cbf637a92a20bb88,False,False,50403379836640,0.03,False,(Crypto Capital Venture),20085412016,20000000000,348122588371,1615532401,,7030515065406,0.0337,0,0.0228,0.0237,0.0130,0.0155,0.0244,0.0182,0.0251,CCV,14283,True
57425793,pool18lwlvq4j8yxgrsuvyqntmyq7wyeql5t9nhmtg0cx0uqa6n5hplm,0,0,,,1,340000000,3fddf602b2390c81c38c2026bd901e71320fd1659df6b43f067f01dd,False,False,57425793,0.015,False,,57425793,10000000,0,1615513747,,0,0,0,0,0,0,0,0,0,0,,0,True
17115823,pool1spqkpaezku3knl9ug7txrlyzr8kkvdr0h75yyz262cx6gls6zlm,0,0,adacoinprofits.com,0,1,340000000,804160f722b72369fcbc479661fc8219ed66346fbfa842095a560da4,False,False,17115823,0,False,ADACoinProfits1,17115823,10000000000,0,1615507335,,0,0,0,0,0,0,0,0,0,0,ADAC1,0,True
508803240573,pool17mr554wv653z4ttr3rydt5dsxg6r28ysu5mlz9cc5ax32gsleh9,0,73,,,41,340000000,f6c74a55ccd5222aad6388c8d5d1b03234351c90e537f11718a74d15,False,False,508803240573,0.0069,False,MEME POOL,54659670895,40000000000,24541073316,1615504832,,20337784714,0.0138,0,0.0004,0.0004,0.0007,0.0005,0.0023,0.0005,0.0030,MEME,92,True
383640982541,pool1fu69ry8k9qxfque9hng3lxcq7g30pykg38mtahah8x4mzpgls3k,0,228,,,281,340000000,4f345190f6280c907325bcd11f9b00f222f092c889f6bedfb739abb1,False,False,384082545394,0.02,False,BonafideADA,259857650,250000000,84331791848,1615499841,,418359043906,0.0298,0,0.0057,0.0040,0,0.0227,0.0028,0.0116,0.0027,BFADA,844,True
115904852882,pool1sxj5qufj25ssfk83jjxp4tw2py7vfceta63p2u8ymugtga9us8t,0,43,,,25,350000000,81a5407132552104d8f1948c1aadca093cc4e32beea21570e4df10b4,False,False,115904852882,0,False,Cypherpunk,0,2010000000000,15050000000,1615491944,,58159264576,0.0325,0,0,0,0,0,0,0,0,CYPHR,130,True
205235067033,pool18r2y72aue5nmv489xtnfxl36vzusq95qst6urd87yd5hgzms04c,0,125,,,172,340000000,38d44f2bbccd27b654e532e6937e3a60b900168082f5c1b4fe236974,False,False,205200342714,0,False,Alpen Cardano,27424360555,27400000000,42500000000,1615491845,,153243232660,0.0300,0,0.0011,0.0007,0.0018,0.0024,0.0010,0.0012,0.0177,ALPCH,349,True
0,pool18fwhlhyx6h2822gujjjnjntn2hsy5lr0exvcf526t3wdkxhryj0,0,0,,,0,340000000,3a5d7fdc86d5d475291c94a5394d7355e04a7c6fc99984d15a5c5cdb,False,False,0,0.019,False,HealyAvalonPool,0,500000000,0,1615486291,,0,0,0,0,0,0,0,0,0,0,HEALY,0,True
486635133,pool1tr33ynaapce33pjc5ctvj7fju596gppsmqwna4smx0f2khnetjf,0,0,,,4,340000000,58e3124fbd0e33188658a616c97932e50ba40430d81d3ed61b33d2ab,False,False,486635133,0.015,False,AARON POOL,5110690,100000000,0,1615477948,,0,0,0,0,0,0,0,0,0,0,AARN,0,True
569011789872,pool1xnaxushl47aeha3mr3uwnxcfkvzj0um6c4zxdr064d3y68z646c,0,52,,,6,170000000,34fa6e42ffafbb9bf63b1c78e99b09b30527f37ac544668dfaab624d,False,False,569696049897,0,False,ALPEN Pool for Development,4797472738,0,10277293264,1615476960,,17005350885,0.0189,0,0.0146,0.0268,0,0.0078,0.0215,0.0076,0.0200,ALPEN,67,True
2188364779283,pool1pyegru75d64xgg4jh83904nst8fs8qz6mvtxquatv44rkartevc,0,310,ada.ibexpool.com,1,15,340000000,093281f3d46eaa6422b2b9e257d67059d303805adb166073ab656a3b,False,False,2189062171221,0.024,False,IBEX2 ADA Pool,3199916229,5000000,135421168708,1615467259,,1176562149684,0.0339,0,0.0139,0.0120,0.0059,0.0079,0.0201,0.0098,0.0215,IBEX2,2286,True
1047231164,pool1msfz0v3yrzl3k5njsm92uw59cfs5uepajs4a62rxfm5xke9d2zr,0,0,sman8.github.io,0,1,340000000,dc1227b22418bf1b527286caae3a85c2614e643d942bdd28664ee86b,False,False,1047231164,0.01,False,SMAN8,1047231164,600000000,0,1615465900,,0,0,0,0,0,0,0,0,0,0,SA8,0,True
8504480203,pool1ye4zrxf0w7d7drq5wmat36dlzq270dxy9rhgcwufnaja644vwr9,0,193,nu.fi,16,8,340000000,266a21992f779be68c1476fab8e9bf1015e7b4c428ee8c3b899f65dd,False,False,8504480203,0.03,False,Nu.Fi & AdaLite H,1007816010,1000000000,237973110939,1615460124,,5572746056686,0.0369,0,0,0,0,0,0,0,0,NUFIH,9863,True
35757128717341,pool1f8erepj5w5nth5xfxgxnwpz59jzywt6zdwfr50jzjwfwksmg9ek,8,315,nu.fi,15,11,340000000,49f23c86547526bbd0c9320d3704542c84472f426b923a3e429392eb,False,False,35764578144796,0.03,False,Nu.Fi & AdaLite E,1008522850,1000000000,300143983927,1615459819,,6276531905763,0.0352,0,0.0238,0.0246,0.0133,0.0175,0.0241,0.0199,0.0256,NUFIE,11980,True
40917964317195,pool15d62znf04qymt6ve536tt5y9ky979ly4um5zmgz9m850vu7wuv7,11,315,nu.fi,14,14,340000000,a374a14d2fa809b5e999a474b5d085b10be2fc95e6e82da045d9e8f6,False,False,40934884157499,0.03,False,Nu.Fi & AdaLite D,1008429844,1000000000,311546990298,1615459528,,6653107680365,0.0355,0,0.0202,0.0217,0.0098,0.0134,0.0241,0.0179,0.0258,NUFID,12834,True
12066188507618,pool1chtam5czevzk2ttctvltpsc8twlwf6zzyh7kj3jkz72gks975sn,4,317,nu.fi,13,19,340000000,c5d7ddd302cb05652d785b3eb0c3075bbee4e84225fd69465617948b,False,False,12073295153920,0.03,False,Nu.Fi & AdaLite C,1008473835,1000000000,213734587099,1615458772,,3453280659209,0.0354,0,0.0219,0.0224,0.0104,0.0201,0.0209,0.0212,0.0228,NUFIC,6769,True
172222794268,pool1vl0hlf4jecm3rk0vcc9mtpu5us2cv7hzlz396cgs8crc5df43mn,0,145,,,14,340000000,67df7fa6b2ce3711d9ecc60bb58794e415867ae2f8a25d61103e078a,False,False,172222794268,0,False,Nut Pool #1,998510,10000000000,48960000000,1615455618,,89122211935,0.0223,0,0.0004,0.0056,0,0,0.0027,0,0.0035,NUT1,231,True
14425047601817,pool1u0mc9ywfxl529atxyajuz3pgqnwgnk6w7lejjmjg22ucvn7z9vh,4,314,stakewithnerd.com,0,1882,340000000,e3f78291c937e8a2f5662765c1442804dc89db4ef7f3296e4852b986,False,False,14369955972336,0.04,False,Nerd Stake Pool,25003820067,25000000000,233293467507,1615447291,,3054491931270,0.0345,0,0.0208,0.0220,0.0136,0.0131,0.0232,0.0208,0.0244,NERD,5940,True
306685167,pool1k93a7tazk6uhy0pe26pau9hthyn9kmtdcdl9er5kw9w82fl5j2w,0,26,,,2,345000000,b163df2fa2b6b9723c395683de16ebb9265b6d6dc37e5c8e96715c75,False,False,306685167,0.01,False,Life,200285130,450000000000,9399546921,1615436845,,10484188243,0.0192,0,0,0,0,0,0,0,0,LIFE,28,True
0,pool19ccud9eawdghzqg8425g8upxqws9r64f35f3cvv3vpxdcl879cn,0,0,,,1,340000000,2e31c6973d7351710107aaa883f02603a051eaa98d131c3191604cdc,False,False,0,0.05,False,,0,4410000000,0,1615436174,,0,0,0,0,0,0,0,0,0,0,,0,True
0,pool19c39hucr2p6ra4v6c5qwqt4zgc6ugchu7cs4yal7ndetsnrmzju,0,0,,,1,340000000,2e225bf30350743ed59ac500e02ea24635c462fcf6215277fe9b72b8,False,False,0,0,False,Fail Pool,0,0,0,1615433508,,0,0,0,0,0,0,0,0,0,0,FAIL,0,True
242260501532,pool1628y4cuysuspjhcfhmx3te5ctd2vhuak9eft757947zsz5rtx8h,0,173,,,132,340000000,d28e4ae3848720195f09becd15e6985b54cbf3b62e52bf53c5af8501,False,False,242260501532,0.01,False,DenAdaPool,24703006028,20000000000,65240580856,1615433091,,536606280272,0.0368,0,0.0006,0.0063,0.0014,0.0009,0.0031,0.0005,0.0030,DEN,978,True
20015900,pool1aqslsnawz622pd8367tgsu2atfm3lgk9xcdw5rh3c6rgzca33yq,0,0,stake1uy5xgc54nu6l8a0qrxgwxaen4x2w30j37ff88803992zz6sgat5sa,0,2,345000000,e821f84fae1694a0b4f1d79688715d5a771fa2c5361aea0ef1c68681,False,False,20015900,0.01,False,CASUS,9823059,5000000000,0,1615429891,,0,0,0,0,0,0,0,0,0,0,CASUS,0,True
26600229164270,pool1vdh6kxcqt9mxavyv80ggnec6jjwms44ms30rhle3lt266aj8jgh,6,303,nedscave.io,3,499,170000000,636fab1b0059766eb08c3bd089e71a949db856bb845e3bff31fad5ad,False,False,26605861561934,0.015,True,NEDSCAVE.IO,1005161190942,1000000000000,115702464907,1615424274,,2188376002549,0.0300,0,0.0217,0.0235,0.0107,0.0153,0.0242,0.0190,0.0254,NEDS4,5001,True
23098895577477,pool1gas95lqlch5pj5e4lwg78gxlq7km9xfurfd557x4tgwk5kktd04,7,305,nedscave.io,2,652,170000000,47605a7c1fc5e8195335fb91e3a0df07adb2993c1a5b4a78d55a1d6a,False,False,23116793309352,0.015,True,NEDSCAVE.IO,1005345624852,1000000000000,129664599574,1615423947,,2757218202013,0.0336,0,0.0226,0.0232,0.0102,0.0121,0.0236,0.0183,0.0247,NEDS3,5693,True
1190761831,pool1prn0a3058n4e0evm55gvc5rrawht79p3jxpv42nq7s2ncxhszla,0,4,,,1,345000000,08e6fec5f43ceb97e59ba510cc5063ebaebf14319182caaa60f4153c,False,False,1190761831,0.01,False,ADIZ stakepool,1190761831,1000000000,1360000000,1615416053,,1607983820,0.0144,0,0,0,0,0,0,0,0,ADIZ,4,True
128053127031,pool1ap4k28jflxcyekms0rjp39ruuydrvwrek2ca267w8mwyvknpx87,0,0,,,4,340000000,e86b651e49f9b04cdb7078e418947ce11a363879b2b1d56bce3edc46,False,False,128053127031,0.015,False,Coin Minter,124497618310,100000000000,0,1615411400,,0,0,0,0,0,0,0,0,0,0,MNTR,0,True
1800569,pool1vr8tegnnjtvfe7me66qrchaq6ucmmxve6anuuypwn6s3zs6342s,0,5,,,2,340000000,60cebca27392d89cfb79d6803c5fa0d731bd9999d767ce102e9ea111,False,False,1800569,0.01,False,WINGMAN,0,12500000000,1728055387,1615406685,,2777483540,0.0452,0,0,0,0,0,0,0,0,WING,6,True
72929778481,pool1v3rzrj25ak30dhuyrupkxeddttetxzh4cz9ccpjlfxuh6d85d58,0,23,,,43,340000000,644621c954eda2f6df841f036365ad5af2b30af5c08b8c065f49b97d,False,False,72929778481,0,False,Reaction,11697585834,10000000000,7820000000,1615385415,,4132214384,0.0110,0,0,0.0008,0,0,0.0008,0,0.0023,XRX,24,True
24404180239,pool1wggqaqs4pw2l4vml0k0p2kmvpq7pme3fl6smwc8cjjhvvuun9ww,0,14,,,40,170000000,72100e82150b95fab37f7d9e155b6c083c1de629fea1b760f894aec6,False,False,24404180239,0.01,False,Xystence - ADA against child abuse,5391494908,4810000000,4651755994,1615327594,,6473449837,0.0194,0,0,0,0,0,0,0,0,XST,18,True
2007224344,pool1c465ftax734tzx0kr36nudtmjy66zzwqgmct7ktpff46u8hrl0e,0,0,,,1,340000000,c57544afa6f46ab119f61c753e357b9135a109c046f0bf59614a6bae,False,False,2007224344,0.001,False,uma Stake Pool,2007224344,2000000000,0,1615310222,,0,0,0,0,0,0,0,0,0,0,UMA,0,True
1394304762855,pool1j742gcsul7u8c05rsqmkgpkvj5qadj0pew69nctu6crqy9wjjn4,1,174,,,318,340000000,97aaa4621cffb87c3e8380376406cc9501d6c9e1cbb459e17cd60602,False,False,1393001182440,0.01,False,BONE pool,122798597905,62000000000,59376645212,1615308866,,88260485844,0.0169,0,0.0089,0.0106,0.0093,0.0064,0.0102,0.0033,0.0090,BONE,315,True
2742048,pool1w7y659w3ya4x4rd9ljp6rmcx70yj2t0s0nk97d6zgmymq0a2k7w,0,0,,,1,340000000,7789aa15d1276a6a8da5fc83a1ef06f3c9252df07cec5f374246c9b0,False,False,2742048,0,False,Stake Better,2742048,150000000,0,1615303599,,0,0,0,0,0,0,0,0,0,0,BTR,0,True
712881149,pool1m4nc6ea8htk9t58yx43sqluln7cp2a6qmzq257uudrvtkue8vw3,0,3,,,3,340000000,dd678d67a7baec55d0e43563007f9f9fb0157740d880aa7b9c68d8bb,False,False,712881149,0.01,False,Icarus Pool,1817228,25000000000,1037334657,1615290753,,1716131196,0.0123,0,0,0,0,0,0,0,0,ICS,4,True
6192921948,pool10u90lv7ayyfdulnt004h2wg42yff22c8vjlnqjxv7pytypuaykv,0,1,,,11,340000000,7f0affb3dd2112de7e6b7beb7539155112952b0764bf3048ccf048b2,False,False,6192921948,0.025,False,,7442557,45000000000,0,1615233484,,0,0,0,0,0,0,0,0,0,0,,1,True
686317949,pool13gyxktxqh8umjn3dh2uk9nucacnegl0ppcsfg236hkfhcg8asxf,0,0,,,7,345000000,8a086b2cc0b9f9b94e2dbab962cf98ee27947de10e20942a3abd937c,False,False,686317949,0.15,False,ogerbopool,0,50000000,0,1615224555,,0,0,0,0,0,0,0,0,0,0,OGER,0,True
970432866355,pool1g8w64u3sx9mrvhwrdfvysw4g4wnffkjfp5zds3ur6svwzdhwhx9,0,53,,,47,170000000,41ddaaf2303176365dc36a58483aa8aba694da490d04d84783d418e1,False,False,960264785379,0.015,False,Knights of Cardano,42845204993,30000000000,11967977134,1615210879,,49452952977,0.0240,0,0.0158,0.0175,0.0192,0.0248,0.0177,0.0236,0.0180,KNGHT,135,True
26916453522643,pool12udshcl3ycj4qpxes28n0ugsye23h89rj8z2a5ast4482m08xe7,9,320,,,32,35000000000,571b0be3f126255004d9828f37f11026551b9ca391c4aed3b05d6a75,False,False,26925519617767,0.9999,False,QQQ,49757140135,0,4602454376964,1615207291,,108638442,0.0000,0,0,0,0,0,0,0,0,QQQ,8686,True
148796601,pool1fjxud865hvsg3us4t5ndv6jhjcssj5rg2eq783664wpn720deqr,0,0,,,2,340000000,4c8dc69f54bb2088f2155d26d66a5796210950685641e3c75aab833f,False,False,148796601,0.019,False,CardanoBox,0,10000000000,0,1615205158,,0,0,0,0,0,0,0,0,0,0,CBOX,0,True
1396757037,pool1qngadlcclnkqgdwd4l3vp5gmgdc7cpkfek76q7rzscqqk5ak9y8,0,0,unitegrity.com,1,5,340000000,04d1d6ff18fcec0435cdafe2c0d11b4371ec06c9cdbda0786286000b,False,False,1396757037,0.03,False,UniTEGRITY,20000000,10000000000,0,1615184194,,0,0,0,0,0,0,0,0,0,0,UNIT,0,True
8284335119,pool123fz95jxlu2fgqteredsqxml553rt9lsu9ef352kagm7qlejem4,0,1,,,4,340000000,545222d246ff149401791e5b001b7fa5223597f0e17298d156ea37e0,False,False,8284335119,0.02,False,FORTIS,8064252779,7495000000,347810187,1615183782,,382699180,0.0062,0,0,0,0,0,0,0,0,FORTS,1,True
4341618756,pool1fmrd4ds793ja4c5muy7hwj6q7kssuhtx22em4udmvx6957z9m0u,0,0,,,6,340000000,4ec6dab61e2c65dae29be13d774b40f5a10e5d6652b3baf1bb61b45a,False,False,4341618756,0,False,Terry's Lair,3511839844,800000000,0,1615178826,,0,0,0,0,0,0,0,0,0,0,TLP,0,True
209111829684,pool1lxhlu48gq0606mj6k20mh56zz804zf7narxvmty4pd3mgee65e5,0,73,,,5,340000000,f9affe54e803f4fd6e5ab29fbbd34211df5127d3e8cccdac950b63b4,False,False,209460578076,0.01,False,Orpheus AntPool,179179571879,50000000000,27944922860,1615171135,,309223725976,0.0374,0,0.0003,0.0009,0,0,0.0044,0.0006,0.0090,ORPH,523,True
101227512,pool18v6rlcg506atlkkhy8sdgtnm5efzjjjshk9axyvp8fa35txspr8,0,0,,,1,340000000,3b343fe1147ebabfdad721e0d42e7ba652294a50bd8bd311813a7b1a,False,False,101227512,0.075,False,,101227512,100000000,0,1615150507,,0,0,0,0,0,0,0,0,0,0,,0,True
324018535046,pool10q33p4hx4wqum6thmglw7z5l2vaay4w6m5cdq8fnurw7vjdppcf,0,76,,,26,340000000,782310d6e6ab81cde977da3eef0a9f533bd255dadd30d01d33e0dde6,False,False,324715929706,0.01,False,Sparkle,4653641283,1000000000,25594099014,1615138784,,28519311042,0.0193,0,0.0139,0.0093,0,0,0.0102,0.0007,0.0076,SPKL,105,True
3645013697612,pool19q034g07ka2ltwc3wwjeu79w29nlafc0w2ppne5ppu5wud60rgq,0,254,,,134,170000000,281f1aa1feb755f5bb1173a59e78ae5167fea70f728219e6810f28ee,False,False,3646893491785,0,False,Hedges Stake Pool,54054644435,50000000000,68463421020,1615135676,,442805207406,0.0308,0,0.0255,0.0244,0.0018,0.0048,0.0213,0.0207,0.0215,HEDGE,954,True
438358728994,pool1grz62pdyyakffeymsjxpkz4x9382y3zhfa8zu28tk2fpqxm6p5l,0,181,,,981,340000000,40c5a505a4276c94e49b848c1b0aa62c4ea244574f4e2e28ebb29210,False,False,438370115706,0.0095,False,Kawanua,30268855868,30000000000,66399731406,1615127125,,329071556200,0.0328,0,0.0050,0.0035,0,0.0005,0.0071,0.0003,0.0062,KAWAN,649,True
223866352,pool1gpz97nhqges80ggnefeshg3n4grprrltdvzqr8sz5fvxg3lekqh,0,0,tigrpool.com,1,2,340000000,40445f4ee0466077a113ca730ba233aa06118feb6b04019e02a25864,False,False,223866352,0.001,False,Tigrpool.com,0,5000000000,0,1615113757,,0,0,0,0,0,0,0,0,0,0,TIGR1,0,True
14785014207,pool12a4mx8ztxg7dwatm6lmfm36q7eyygkt3y3h29tklvcp6vyxp0nt,0,16,,,18,340000000,576bb31c4b323cd7757bd7f69dc740f648445971246ea2aedf6603a6,False,False,14785014207,0.03,False,Tesla Pool,0,50000000000,5659766880,1615104762,,7105796051,0.0179,0,0,0,0,0,0,0,0,TSLA,19,True
43831016876,pool1mnhywmx87p5dlsk86szshumnn5pljdnacr0e8zsq2v32ckh5wyf,0,115,,,44,340000000,dcee476cc7f068dfc2c7d4050bf3739d03f9367dc0df938a005322ac,False,False,43831016876,0.015,False,PooPool,25522547,100000000000,40671350328,1615092404,,96629263121,0.0316,0,0,0,0,0,0,0,0,POOP,216,True
49004102867,pool1533ly347ggl6je42ta7l7dv262hg07n8p4y8v32npgvajl6rxqz,0,11,,,6,340000000,a463f246be423fa966aa5f7dff358ad2ae87fa670d487645530a19d9,False,False,49004102867,0,False,TheHolyGrail,8469039569,4000000000,3747807493,1615090369,,1631521698,0.0092,0,0.0012,0.0008,0.0075,0.0050,0.0019,0.0025,0.0042,MONTY,11,True
42864872750,pool15uuf0sz5w0kp50wmflxml8ffnz880402nvj54e40e7l8x06y5e6,0,10,,,32,340000000,a73897c05473ec1a3ddb4fcdbf9d29988e77d5ea9b254ae6afcfbe73,False,False,42864872750,0.02,False,MEAPOOL,24124751914,20246000000,3453997464,1615088194,,3388935600,0.0058,0,0,0,0,0,0,0,0,MEA,10,True
907270494076,pool1zt2d9aa8ck62uyy985yny47hr0f6cmf2hnxzke0up0lc7zcp65f,0,80,,,72,170000000,12d4d2f7a7c5b4ae10853d093257d71bd3ac6d2abccc2b65fc0bff8f,False,False,907553072933,0.01,True,46 South Stake Pool,26503771485,25000000000,19344834720,1615087228,,69376285224,0.0288,0,0.0156,0.0177,0,0.0141,0.0197,0.0118,0.0196,46S,153,True
8840034662,pool18fldcktken22hfd3tyx8qwes46lv6jhv43jhns8gg24k2rta4al,0,0,,,3,340000000,3a7edc5976ccd4aba5b1590c703b30aebecd4aecac6579c0e842ab65,False,False,8840034662,0.01,False,Link,1212621566,1000000000,0,1615082603,,0,0,0,0,0,0,0,0,0,0,LINK,0,True
773870549861,pool1h40kkf28nr3amhs6nsmqn75aderg6cutmygr47czu2dw2dxzvgm,0,194,,,56,340000000,bd5f6b254798e3ddde1a9c3609fa9d6e468d638bd9103afb02e29ae5,False,False,774568021210,0.02,False,💃 Tango Pool 🕺,30028357174,30000000000,78047439460,1615081582,,591789798958,0.0338,0,0.0058,0.0042,0.0005,0.0003,0.0118,0.0057,0.0116,TANGO,1186,True
66912319257092,pool1ahazpr2yz5gljk2m4q8g7wnmq7m2sr9unhdfmr5arhqrjnntwdz,16,318,adavault.com,3,2463,340000000,edfa208d441511f9595ba80e8f3a7b07b6a80cbc9dda9d8e9d1dc039,False,False,66624447198211,0,True,ADAvault Stake Pool 3,252568495869,250000000000,107440000000,1615076017,,6717333059633,0.0323,0,0.0221,0.0226,0.0099,0.0135,0.0247,0.0198,0.0262,ADV3,14574,True
240722383,pool1k7ku4sqvepztwqfvqj7wjadcsw96mancwyf8spty9tm0jfnwls9,0,1,,,5,340000000,b7adcac00cc844b7012c04bce975b8838badf67871127805642af6f9,False,False,240722383,0.01,False,spadanpool,0,20000000000,343963535,1615069225,,392390012,0.0255,0,0,0,0,0,0,0,0,SPADA,1,True
30433032730661,pool19k9grwq9cdswn4k7vxzmwcls24jj3466g4s4xr5vucehcqpslfy,7,84,adavault.com,2,139,340000000,2d8a81b805c360e9d6de6185b763f0556528d75a4561530e8ce6337c,False,False,30539802307776,0,True,ADAvault Stake Pool 4,251177726521,250000000000,27880000000,1615068822,,57552191129,0.0197,0,0.0205,0.0211,0.0086,0.0117,0.0219,0.0182,0.0216,ADV4,243,True
2579588877,pool1jeu6mkn43sc8y0yf5jwtfy6g5yc7lmyt3psm2tlue7pfg8deygg,0,0,tigrpool.com,0,3,340000000,9679adda758c30723c89a49cb49348a131efec8b8861b52ffccf8294,False,False,2579588877,0.001,False,Tigrpool.com,0,5000000000,0,1615047802,,0,0,0,0,0,0,0,0,0,0,TIGR2,0,True
548340078,pool1vyk3x4j2lfrj4y8t282xmwep936rh8gv2vqrkxghm2h67l2upjq,0,0,,,4,340000000,612d13564afa472a90eb51d46dbb212c743b9d0c53003b1917daafaf,False,False,548340078,0.05,False,WeCloudPool - Cardano Stake Pool,501824203,500000000,0,1615035091,,0,0,0,0,0,0,0,0,0,0,OMWCP,0,True
44518958076,pool1wvhd4nf6mar2x0zaek2te6lqkrckk9mxtjctezy878a3zprru7s,0,26,,,19,340000000,732edacd3adf46a33c5dcd94bcebe0b0f16b17665cb0bc8887f1fb11,False,False,44518958076,0,False,ADA 24/7,5331404045,500000000,8840000000,1615034377,,11928844295,0.0207,0,0,0,0,0,0,0,0,AD247,33,True
0,pool1eesa3kdfavq33kd3f3ajwh4mg9sal76fp348en5u37435g4h4ca,0,0,,,1,340000000,ce61d8d9a9eb0118d9b14c7b275ebb4161dffb490c6a7cce9c8fab1a,False,False,0,0,False,Droyd_Pool,0,5000000000,0,1615031742,,0,0,0,0,0,0,0,0,0,0,DRYD,0,True
5194932926260,pool1nyf8x2xrlmfqwy9shqrlx2csentnzyjmxr0r3w0ljuaqz5ek7qz,3,320,1percentpool.eu,27,120,340000000,99127328c3fed20710b0b807f32b10ccd731125b30de38b9ff973a01,False,True,5195707247177,0.01,True,1 Percent Pool #6 (v3),52310747463,50000000000,140674445353,1615014779,,3219489301562,0.0372,0,0.0259,0.0241,0.0051,0.0171,0.0248,0.0274,0.0228,1PCT6,5752,True
838620177163,pool15xgej4c7ns20y5pt7dc5vq6yj87ss5sl2ffucmh5j766j90ppur,0,175,1percentpool.eu,26,105,340000000,a19199571e9c14f2502bf37146034491fd08521f5253cc6ef497b5a9,False,True,838620002730,0.01,True,1 Percent Pool #5 (v3),51032373845,50000000000,64448990621,1615013497,,584543078876,0.0415,0,0.0029,0.0054,0,0.0003,0.0100,0.0004,0.0117,1PCT5,967,True
74175035716,pool14ujg8l2x6fm5jm07jd6jftktt35dzsnefl2jmx9d8vr4cxxkt5d,0,16,,,120,340000000,af2483fd46d277496dfe937524aecb5c68d142794fd52d98ad3b075c,False,False,74103815008,0.02,False,7Pool,10591566,7000000,5561722143,1615002011,,5167071125,0.0113,0,0,0,0,0,0,0,0,7PL,17,True
2618354,pool1ktg9hvae8kluwnr29khma3mxd7ffjj9k5l0yjdqlmazjclv4j3d,0,0,,,1,340000000,b2d05bb3b93dbfc74c6a2dafbec7666f929948b6a7de49341fdf452c,False,False,2618354,0.075,False,,2618354,500000000,0,1614999183,,0,0,0,0,0,0,0,0,0,0,,0,True
3668720828517,pool1zx909vz9qe73avvpd0y7qqcwz8fffvnup6yuq2e8hql4svk9xr7,0,315,,,258,340000000,118af2b045067d1eb1816bc9e0030e11d294b27c0e89c02b27b83f58,False,False,4327422718821,0,False,UN_ADA_SDGs,7337586725,2000000000,106760000000,1614997901,,945987872643,0.0338,0,0.0100,0.0122,0.0001,0.0001,0.0172,0.0047,0.0192,SDGs,1920,True
4292361625,pool16qhf24jz4pdru0gqrh9rwnvv9v05a6fq73g4md6mawavz2fg5v7,0,0,,,3,345000000,d02e955642a85a3e3d001dca374d8c2b1f4ee920f4515db75bebbac1,False,False,4292361625,0.027,False,NeXtStack,164248716,100000000,0,1614984027,,0,0,0,0,0,0,0,0,0,0,NEXT,0,True
27329061058677,pool104avq7309gjm0fxms69yqusxy8zf888k4mamngg5vnc6vculpzq,4,316,nu.fi,12,5643,340000000,7d7ac07a2f2a25b7a4db868a40720621c4939cf6aefbb9a11464f1a6,False,False,27274358854759,0.03,False,Nu.Fi & AdaLite B,1004645511,1000000000,256631197088,1614971867,,4857648656403,0.0340,0,0.0212,0.0230,0.0118,0.0145,0.0243,0.0188,0.0258,NUFIB,9786,True
10843473,pool18fw3qgzt4u094hn8kf82n6jye5y96csamj0f20dja8tnq4ad0hy,0,0,,,1,340000000,3a5d10204baf1e5ade67b24ea9ea44cd085d621ddc9e953db2e9d730,False,False,10843473,0.05,False,Phoenix Rising Pool,10843473,1000000000,0,1614959901,,0,0,0,0,0,0,0,0,0,0,RISNG,0,True
9345801764,pool1yenqraf3znn07qmvtd8wg23fymsr0vsme7ry2475r48vk6ss0z2,0,22,planetstake.com,2,22,340000000,266601f53114e6ff036c5b4ee42a2926e037b21bcf864557d41d4ecb,False,True,9345801764,0,False,🌍 PLANETSTAKE 3,5000000000,5000000000,5100000000,1614959538,,32581048056,0.0372,0,0,0,0,0,0,0,0,STAKE,57,True
4259437485,pool13ft2syyqvrd0x89hcyskvz3dymqz6xavq646x2gy79lq6lrthrx,0,0,,,4,340000000,8a56a8108060daf31cb7c121660a2d26c02d1bac06aba32904f17e0d,False,False,4259437485,0.03,False,VivrePool,3904692550,1000000000,0,1614959269,,0,0,0,0,0,0,0,0,0,0,VKP,0,True
81618218411,pool15a04yc72q4tfkwaweu86l0764urswee8c3zxperyrdq4kx8nvua,0,167,1percentpool.eu,25,38,340000000,a75f5263ca05569b3baecf0fafbfdaaf07076727c44460e4641b415b,False,True,81618218411,0.01,True,1 Percent Pool #4 (v3),50016799384,50000000000,80819100701,1614952462,,2379531987623,0.0421,0,0.0009,0.0006,0,0,0.0003,0,0.0035,1PCT4,3624,True
5885306,pool17m39tt99rq96gv9s4cp7u93auavams3khrdtzfapngxgjs3tj7s,0,0,,,3,340000000,f6e255aca5180ba430b0ae03ee163de759ddc236b8dab127a19a0c89,False,False,5885306,0,False,IDCloudHost,5885306,2500000000,0,1614946904,,0,0,0,0,0,0,0,0,0,0,IDCH,0,True
653014581,pool190gglea2zvf8vch44jnmpkzljyzvk3u84gpaj4l4ypwc2lpf27m,0,0,,,4,345000000,2bd08fe7aa13127662f5aca7b0d85f9104cb4787aa03d957f5205d85,False,False,653014581,0.05,False,OzNode,1323235,1101148896,0,1614942814,,0,0,0,0,0,0,0,0,0,0,OZN,0,True
57819442412941,pool1tmt8thfaqeqv499l3s7k5kl64s84nycvnx55ll3ksm9hq50p0ks,14,314,wafflepool.org,1,1100,340000000,5ed675dd3d0640ca94bf8c3d6a5bfaac0f59930c99a94ffe3686cb70,False,False,57834357064161,0.02,True,WAFFLE,897000429089,850000000000,265307989448,1614925236,,7776612735155,0.0338,0,0.0216,0.0233,0.0133,0.0150,0.0243,0.0195,0.0259,WFFL,15741,True
3185555676,pool1uzkf7xmg6p3p5nn8y0eknfgws8e8j94vklx590qra2kfxpsxwsa,0,156,binance.com,55,5,345000000,e0ac9f1b68d0621a4e6723f369a50e81f27916acb7cd42bc03eaac93,False,False,3185555676,0.06,False,Binance Staking - 73,6000000,2000000,396763452805,1614912065,,5372769719591,0.0391,0,0,0,0,0,0,0,0,BNP,8770,True
6582479701,pool17etnr2ngwpnqwuvdzszzd36u67kzcsrs8scuxf0a63hezy9zvpv,0,3,,,15,340000000,f65731aa68706607718d140426c75cd7ac2c40703c31c325fdd46f91,False,False,6659891261,0.02,False,AdaRare Stake Pool,6070335122,5000000000,1038030038,1614908312,,883471932,0.0122,0,0,0,0,0,0,0,0,ARARE,3,True
16188245142,pool1hjszxsd493fmr99g2d8evnqlrlurscu00n8jv9mz8qm42f7jvln,0,0,,,3,340000000,bca02341b52c53b194a8534f964c1f1ff838638f7ccf261762383755,False,False,16188245142,0.0399,False,RainForest,2005908625,999000000,0,1614907301,,0,0,0,0,0,0,0,0,0,0,RAINF,0,True
29445355,pool1czlxfj2dyc2lt2gcrhhxyqhgzcpza845yjr6k262e2vqsysrylu,0,0,,,5,340000000,c0be64c94d2615f5a9181dee6202e816022e9eb42487ab2b4aca9808,False,False,29445355,0.03,False,Vortex,4749457,1000000,0,1614891255,,0,0,0,0,0,0,0,0,0,0,VTX,0,True
0,pool140d97glhjr5nws8cdhn70h4nk35vmmmvqe3zwg43t4caxt0m7wn,0,2,,,0,340000000,abda5f23f790e93740f86de7e7deb3b468cdef6c06622722b15d71d3,False,False,0,0.05,False,Soleia α,0,100000000000,757213821,1614890795,,1467062627,0.0199,0,0,0,0,0,0,0,0,OSLO,3,True
572273994349,pool19k4azhj8tye5wwy5pfj7q6m938m8fg5nglds5dkhtfwnvcg3s0k,0,152,,,76,170000000,2dabd15e4759334738940a65e06b6589f674a29347db0a36d75a5d36,False,False,572720243597,0.01,True,Southtyrol,50304940883,36000000000,39943822293,1614889233,,96888899841,0.0218,0,0.0039,0.0076,0,0,0.0111,0,0.0214,SUDTI,277,True
1275557451153,pool1vwquf4wt465lhketcy2j7jwpz5l6l0ce6a79ga3y4wg7gc8egp0,0,189,,,68,170000000,6381c4d5cbaea9fbdb2bc1152f49c1153fafbf19d77c547624ab91e4,False,False,1276602231189,0,False,Crypto Colony Pool,18761579566,10000000000,50878864705,1614880185,,106047081981,0.0204,0,0.0136,0.0120,0,0,0.0163,0.0068,0.0197,CCP,321,True
419544471,pool1repwaml372lx5kf3yw7568yhefa4d60r2d07un5gmykyv57ejxq,0,0,,,4,340000000,1e42eeeff1f2be6a593123bd4d1c97ca7b56e9e3535fee4e88d92c46,False,False,419544471,0,False,ADA INDIA STAKE POOL,406405934,400000000,0,1614874440,,0,0,0,0,0,0,0,0,0,0,IND,0,True
229038885,pool1jd33dsshcmepweqwmrgn9jc0lqfnammnua8yc2qq9w0txxkawt6,0,156,binance.com,54,5,345000000,936316c217c6f217640ed8d132cb0ff8133eef73e74e4c28002b9eb3,False,False,229038885,0.06,False,Binance Staking - 72,6000000,2000000,400884776772,1614874424,,5437334193131,0.0396,0,0,0,0,0,0,0,0,BNP,8870,True
6787864048,pool18kpfz02v3knfp24k4a3zv50h5eva5s90slwtfvae3n5rq4zfget,0,156,binance.com,53,6,345000000,3d82913d4c8da690aab6af622651f7a659da40af87dcb4b3b98ce830,False,False,6787864048,0.06,False,Binance Staking - 71,6000000,2000000,404318459132,1614874190,,5491111228273,0.0400,0,0,0,0,0,0,0,0,BNP,8969,True
43458486265,pool1etu9qtmx2dhf2yu0hu3uzj4au8gnpyx54m6jhy5876pwsulrcmc,0,156,binance.com,52,6,345000000,caf8502f66536e95138fbf23c14abde1d13090d4aef52b9287f682e8,False,False,43458486265,0.06,False,Binance Staking - 70,6000000,2000000,399737009180,1614874051,,5419349117834,0.0394,0,0,0,0,0,0,0,0,BNP,8843,True
3329200969,pool1uezuqdzj9ue9y2l3ce9873sj33tz3q9tcf4tuhm97fdggywuydy,0,161,binance.com,51,4,345000000,e645c034522f32522bf1c64a7f46128c562880abc26abe5f65f25a84,False,False,3329200969,0.06,False,Binance Staking - 69,6000000,2000000,404060357715,1614873644,,5405565167499,0.0386,0,0,0,0,0,0,0,0,BNP,8976,True
11276742723,pool1yp85j5tmfwwlj8hmsxcrp2dnxuu0fu858qvl6tpeedpckt9zvkj,0,156,binance.com,50,8,345000000,204f49517b4b9df91efb81b030a9b33738f4f0f43819fd2c39cb438b,False,False,11276742723,0.06,False,Binance Staking - 68,6000000,2000000,397871108917,1614873450,,5390125820742,0.0392,0,0,0,0,0,0,0,0,BNP,8796,True
4145371766,pool12va8zrqehhwuz39trxgq6dagzjyq3qjenqd96jy9qvwwx2372zv,0,153,binance.com,49,3,345000000,533a710c19bdddc144ab19900d37a81488088259981a5d4885031ce3,False,False,4145371766,0.06,False,Binance Staking - 67,6000000,2000000,392972502305,1614873227,,5329579969745,0.0395,0,0,0,0,0,0,0,0,BNP,8671,True
20233469142,pool1c8f3ffu2g0eatw4fctjpq5q48pppzst0yg90fgj23637uhhhx23,0,153,binance.com,48,3,345000000,c1d314a78a43f3d5baa9c2e4105015384211416f220af4a24a8ea3ee,False,False,19838731221,0.06,False,Binance Staking - 66,6000000,2000000,388258330168,1614872706,,5255748840642,0.0390,0,0,0,0,0,0,0,0,BNP,8526,True
90517028924,pool1v8f9npqqyywumf58s5g7kmvywx09c5pv02nr65q00ftuur8780p,0,148,binance.com,47,9,345000000,61d2598400211dcda6878511eb6d84719e5c502c7aa63d500f7a57ce,False,False,90517028924,0.06,False,Binance Staking - 65,6000000,2000000,381999277020,1614872422,,5184712911289,0.0399,0,0,0,0,0,0,0,0,BNP,8359,True
6005560,pool1eu4s4jmjam94dgzm56mejgk5k3l7m7unk95296c7t73xqgp6kfr,0,153,binance.com,46,3,345000000,cf2b0acb72eecb56a05ba6b79922d4b47fedfb93b168a2eb1e5fa260,False,False,6005560,0.06,False,Binance Staking - 64,6000000,2000000,383016353329,1614872186,,5173619701104,0.0384,0,0,0,0,0,0,0,0,BNP,8407,True
7067988396,pool1c50yum9j2pj66p6qyjwxd6h6z8scvysxq2hlrnw22vgs5rq2547,0,154,binance.com,45,4,345000000,c51e4e6cb25065ad0740249c66eafa11e186120602aff1cdca53110a,False,False,7067988396,0.06,False,Binance Staking - 63,6000000,2000000,387144081905,1614871704,,5232876741901,0.0388,0,0,0,0,0,0,0,0,BNP,8504,True
571693265,pool1z8rxpwrukslywg9s2wy4kvfhknqg7dnah5pszf7fcm0fu2valeh,0,153,binance.com,44,7,345000000,11c660b87cb43e4720b053895b3137b4c08f367dbd030127c9c6de9e,False,False,571693265,0.06,False,Binance Staking - 62,6000000,2000000,384860902430,1614871226,,5202514600550,0.0386,0,0,0,0,0,0,0,0,BNP,8444,True
494553194,pool162ejhdrf7m5te4hpuzagrpck6vt78undp2flx9as3lww6uvs4lq,0,154,binance.com,43,5,345000000,d2b32bb469f6e8bcd6e1e0ba818716d317e3f26d0a93f317b08fdced,False,False,494553194,0.06,False,Binance Staking - 61,6000000,2000000,388699813468,1614870803,,5257250490843,0.0390,0,0,0,0,0,0,0,0,BNP,8543,True
109028510,pool1lxg4rf0aqqachwft52hs9mtwlmpfyw6jqxyulz0pcfj25d4uaqd,0,153,binance.com,42,3,345000000,f99151a5fd003b8bb92ba2af02ed6efec2923b520189cf89e1c264aa,False,False,109028510,0.06,False,Binance Staking - 60,6000000,2000000,388879140015,1614869924,,5265465604173,0.0391,0,0,0,0,0,0,0,0,BNP,8549,True
102228700,pool1z5h4jhmhqrd2ndrhn3w7kr8nvcqwunds53hrs6vpzr882x4n3la,0,0,,,4,345000000,152f595f7700daa9b4779c5deb0cf36600ee4db0a46e38698110ce75,False,False,102228700,0.035,False,AWES pool,102228700,100000000,0,1614831017,,0,0,0,0,0,0,0,0,0,0,SDA,0,True
146040924258,pool1e9tp0emvvg9sc4ds9h4nhwk8qpn6869qwnas2qywu9ep2reaaxe,0,160,,,61,340000000,c95617e76c620b0c55b02deb3bbac70067a3e8a074fb05008ee17215,False,False,146040924258,0.02,False,Lord Byron,23362205562,20000000000,59188833461,1614824722,,227723153827,0.0345,0,0,0,0,0,0.0116,0,0.0052,LORDB,448,True
24257988240322,pool154hq0j6u6ydz62mtlu7xaj78mhreyp0zsv2kq7f0qmne2fu4t7y,6,321,crown-tech.co.jp,0,90,340000000,a56e07cb5cd11a2d2b6bff3c6ecbc7ddc79205e2831560792f06e795,False,False,23924115358442,0.01,False,CTEC Stake Pool,30085377918,30000000000,168443536854,1614820469,,5952042392894,0.0362,0,0.0224,0.0222,0.0122,0.0154,0.0241,0.0201,0.0262,CTEC,11360,True
413437663725,pool1etgtwnwu4lmtw0dwdtmjvp9fh7wx2fk4e6jt725ysp5f7sjd5vy,0,1,,,5,340000000,cad0b74ddcaff6b73dae6af72604a9bf9c6526d5cea4bf2a8480689f,False,False,413437663725,0.01,False,1PercentPool.COM,0,5000000000,343702479,1614813143,,366545455,0.0003,0,0,0,0,0,0,0,0,1PCT1,1,True
388321443,pool17xtz3a8ppy9prj4e2e5t5ggk6p68ls305x5pyyxdxc2lut0ltm2,0,0,,,4,340000000,f19628f4e1090a11cab95668ba2116d0747fc22fa1a81210cd3615fe,False,False,388321443,0,False,Pool For Kids Who Can't Stake Good,7426233,0,0,1614808780,,0,0,0,0,0,0,0,0,0,0,ZLNDR,0,True
3360713955,pool1687dfgyljnhamx05h6r04zdllv68exatshhd0jny4q56skc0926,0,0,,,3,340000000,d1fcd4a09f94efdd99f4be86fa89bffb347c9bab85eed7ca64a829a8,False,False,3360713955,0.025,False,Adopt_Pool,3355463742,3355000000,0,1614804061,,0,0,0,0,0,0,0,0,0,0,TRUEC,0,True
166495628031,pool1esd3cqme3zzvvdnsx3p6ywudn6p86mqyz7fpvqpegxv2qzmtes0,0,95,,,27,170000000,cc1b1c03798884c636703443a23b8d9e827d6c0417921600394198a0,False,False,166495628031,0.025,False,ADASRN,26365421770,20000000000,26125045249,1614799045,,70125467184,0.0278,0,0.0130,0.0131,0,0.0261,0.0154,0.0130,0.0241,SRN,166,True
95424561,pool1ps3quyamsmn5cvp403tgjzgpfwha5u4dr2zc3wtts5kgqc078se,0,0,,,1,340000000,0c220e13bb86e74c30357c568909014bafda72ad1a8588b96b852c80,False,False,95424561,0.01,False,Yeti-Pool,95424561,50000000,0,1614791917,,0,0,0,0,0,0,0,0,0,0,YETI,0,True
2625614,pool1ygrwdlhn46gehyay2duxp8ynh57drxg0lgf9huymxlpvukdv0k6,0,0,,,2,340000000,2206e6fef3ae919b93a45378609c93bd3cd1990ffa125bf09b37c2ce,False,False,2625614,0.02,False,KopenHagen,2625614,0,0,1614771702,,0,0,0,0,0,0,0,0,0,0,NAKED,0,True
2631163234724,pool1dww6s8stvm7dl2n8740s3v5rnxmsuqcl8jcnu64g7cds5w29pft,1,314,1percentpool.eu,24,99,340000000,6b9da81e0b66fcdfaa67f55f08b28399b70e031f3cb13e6aa8f61b0a,False,True,2155364310434,0.01,True,1 Percent Pool #3 (v3),52249770030,50000000000,140905124201,1614771184,,3441966807585,0.0428,0,0.0190,0.0211,0.0196,0.0131,0.0192,0.0213,0.0204,1PCT3,5418,True
711678995611,pool1258yqnsegc3k7raqcdkxu4893aqexxljflmg9g96yfha2qytayv,0,238,1percentpool.eu,23,139,340000000,550e404e1946236f0fa0c36c6e54e58f41931bf24ff682a0ba226fd5,False,True,711678995611,0.01,True,1 Percent Pool #2 (v3),51164728774,50000000000,87255057709,1614771129,,889360678890,0.0424,0,0.0154,0.0147,0.0005,0.0003,0.0120,0.0244,0.0121,1PCT2,1500,True
277796609690,pool1zmtm8yef7725p9n7x433m50kvv9xpzjujnny9m5t960g5qm30ua,0,189,1percentpool.eu,22,63,340000000,16d7b39329f79540967e35631dd1f6630a608a5c94e642ee8b2e9e8a,False,True,277796609690,0.01,True,1 Percent Pool #1 (v3),50848911507,50000000000,94372801052,1614766356,,3008760043886,0.0441,0,0.0160,0.0163,0,0,0.0199,0.0315,0.0137,1PCT1,4498,True
4593359052,pool1n3agd6rep8jw3gff684mja56ns6wqmshayu0av7hxcgx7f4pnwy,0,0,,,3,340000000,9c7a86e87909e4e8a129d1ebb9769a9c34e06e17e938feb3d736106f,False,False,4593359052,0,False,Canada West-Coast Pool,1097096991,1097000000,0,1614748559,,0,0,0,0,0,0,0,0,0,0,CANW0,0,True
1000000,pool1vl46tq6mxq3f5c4m2e2x3jlruutweahnv5adkjy2sskyc3lc4ge,0,0,,,1,345000000,67eba5835b30229a62bb565468cbe3e716ecf6f3653adb488a842c4c,False,False,1000000,0.0025,False,Apollo Ascent ADA Pool,1000000,100000000000,0,1614747424,,0,0,0,0,0,0,0,0,0,0,AAADA,0,True
0,pool1hmgufw0zuwtf5h4nudugkvu9qgk8zefrz70tv4ng4vhq5frzeuf,0,0,,,1,340000000,bed1c4b9e2e3969a5eb3e3788b3385022c716523179eb65668ab2e0a,False,False,0,0.02,False,THCA-Asia Consulting,0,50000000,0,1614741496,,0,0,0,0,0,0,0,0,0,0,THCA,0,True
0,pool1ph3u549evvr8626xav25vk3sgcwa9llhvcp65q0m0gvz6q2klz3,0,1,,,1,345000000,0de3ca54b963067d2b46eb15465a30461dd2fff76603aa01fb7a182d,False,False,0,0.01,False,coins2stake,0,100000000000,349200101,1614728706,,415810014,0.0071,0,0,0,0,0,0,0,0,C2S,1,True
0,pool1nyq3fcx438ydyprzfnpg8y8nkekmjqe2gp3mh04e9hv22ljaavj,0,0,,,2,340000000,990114e0d589c8d204624cc28390f3b66db9032a4063bbbeb92dd8a5,False,False,0,0,False,Global Investment,0,2600000000,0,1614721002,,0,0,0,0,0,0,0,0,0,0,GBI,0,True
3240658574,pool1m80jrruqnynpuqvmm5cyhxjqy2q8pnnpyu40sd02z0gkzehqxua,0,1,,,3,340000000,d9df218f8099261e019bdd304b9a40228070ce61272af835ea13d161,False,False,3240658574,0.01,False,1 Percent Pool,750760012,50000000000,344079280,1614720924,,403848785,0.0027,0,0,0,0,0,0,0,0,1PCT,1,True
230945444186,pool1t0jheek3yftf0a9dgzgr2hc2wttwrcjyd5whdrek4ggcc5famre,0,67,,,94,170000000,5be57ce6d1225697f4ad4090355f0a72d6e1e2446d1d768f36aa118c,False,False,229150958083,0.042,False,The Pond,59348165335,44000000000,49959499144,1614710924,,401083367059,0.0362,0,0.0186,0.0264,0,0.0035,0.0176,0.0190,0.0187,POND,134,True
5643104132,pool1pfl8ssfunf32pe5dyntel7eqc4gutej3f9r70h8ss7v3vesdtks,0,2,,,11,340000000,0a7e78413c9a62a0e68d24d79ffb20c551c5e6514947e7dcf0879916,False,False,5643104132,0.0049,False,Golf,1735056791,1000000000,702789120,1614710401,,1609303665,0.0156,0,0,0,0,0,0,0,0,GOLF,3,True
1000000000,pool18ytpk5m7fun45j9julxq0x06dcwzmfdads3ha5rmp3qqqd5lreq,0,0,,,1,340000000,39161b537e4f275a48b2e7cc0799fa6e1c2da5bd6c237ed07b0c4000,False,False,1000000000,0.05,False,QUANT POOL,1000000000,1000000000,0,1614710053,,0,0,0,0,0,0,0,0,0,0,QUANT,0,True
10000000,pool1gavc60d7mz7vvhsh7grcrc8pmcy0zugrnxh3dklwx0sjsdva6sj,0,0,,,2,340000000,47598d3dbed8bcc65e17f20781e0e1de08f1710399af16dbee33e128,False,False,107825567,0.05,False,Child Pool,10000000,10000000,0,1614698339,,0,0,0,0,0,0,0,0,0,0,CHILD,0,True
4233056,pool1ctfxzwgqakxujmn95dfvprcm0h3dtzjh408apk0cewl0c4r6gg3,0,0,,,1,340000000,c2d2613900ed8dc96e65a352c08f1b7de2d58a57abcfd0d9f8cbbefc,False,False,4233056,0.02,False,ROAR Pool,4233056,0,0,1614656115,,0,0,0,0,0,0,0,0,0,0,ROAR,0,True
66098877187,pool17p8a9e5ljeucdvmsl62a667y7lwwx9xzwzjulwu7df2q7854mh4,0,17,,,257,340000000,f04fd2e69f967986b370fe95dd6bc4f7dce314c270a5cfbb9e6a540f,False,False,66094982352,0.01,False,Argyros Crypto,36474258684,25000000000,5900615151,1614652552,,9475114831,0.0142,0,0,0,0,0,0,0,0,AGC,27,True
8677403005963,pool1enul577he3e0s500lv8z98m6k936uecz2rpckxxmmk8c7k0n2rd,0,252,,,648,340000000,ccf9fa7bd7cc72f851effb0e229f7ab163ae670250c38b18dbdd8f8f,False,False,8414450483064,0.0169,False,PXLZ Staking Pool,206787252629,100000000000,124055929884,1614647496,,3596207906321,0.0294,0,0.0201,0.0212,0.0145,0.0184,0.0253,0.0194,0.0272,PXLZ,8386,True
536842986,pool1udv42vs52wg34268zkfsgtrzuvyskphfavaf3n8tmf4tugm7et0,0,0,,,4,340000000,e35955321453911aab471593042c62e3090b06e9eb3a98ccebda6abe,False,False,536842986,0.01,False,Dank Central,339024863,10000000000,0,1614645158,,0,0,0,0,0,0,0,0,0,0,DANK,0,True
40459562385,pool1t9ckjy949dk97prfs6any8xdjyq9du6prnplx06n4fcn5jgukhc,0,7,,,4,340000000,59716910b52b6c5f046986bb321ccd910056f3411cc3f33f53aa713a,False,False,40459562385,0.01,False,The Swedish Staking Pool,6639257,80539000000,2415614384,1614637244,,3525824372,0.0104,0,0,0,0,0,0,0,0,SWADA,8,True
485127957752,pool1h2vtxz36m93e2dw9mn4luh64372t794qsjcpgt3fqpnycc8qh3z,0,47,,,21,340000000,ba98b30a3ad9639535c5dcebfe5f558f94bf16a084b0142e2900664c,False,False,485127957752,0,False,Pool in Germany with 0% Margin and high Pledge,371832737543,500000000000,16085905304,1614630727,,25321176724,0.0101,0,0,0,0,0,0,0,0,FRITZ,64,True
5097623546,pool10s8x49tu6wcne63rqv6gmnhwpcg4kg8r4s3ncv6q7uxx76jvlwg,0,0,,,1,340000000,7c0e6a957cd3b13cea2303348dceee0e115b20e3ac233c3340f70c6f,False,False,5097623546,0,False,Voltaire_Adapool_Partnership,5097623546,5000000000,0,1614614577,,0,0,0,0,0,0,0,0,0,0,VOLTR,0,True
994008,pool1xxjcu9djguspkrctjgszvzcagy7pzy8vxqfaqtl5xy9824fz2qg,0,0,,,2,340000000,31a58e15b247201b0f0b9220260b1d413c1110ec3013d02ff4310a75,False,False,994008,0.03,False,Band Pool,994008,1000000000,0,1614585277,,0,0,0,0,0,0,0,0,0,0,BAND,0,True
5672070970,pool12rruj0mjqzaf8ryg7ny0x77y80lpdxd7zh4kgg5zyy0r2rzue0q,0,19,,,3,340000000,50c7c93f7200ba938c88f4c8f37bc43bfe1699be15eb642282211e35,False,False,5672070970,0.015,False,ADA Infinitum - Arkansas,0,2500000000,6584959458,1614578422,,8205671761,0.0216,0,0,0,0,0,0,0,0,INFAR,20,True
562788726338,pool1h9jr0f9evk3raxlljq6mt4gj7ej4v82afvnlc2wh28rwy2d8lsy,0,79,,,32,170000000,b96437a4b965a23e9bff9035b5d512f665561d5d4b27fc29d751c6e2,False,False,563299051350,0,True,punkr,204160434619,200000000000,19281510580,1614562091,,32878245379,0.0236,0,0.0121,0.0121,0,0.0077,0.0096,0.0234,0.0105,PUNKR,97,True
26689366920,pool17k2dpgvx8spkdhgf5j7x5u7pqjpvlwa76sugwen8l3xtk7kq3c4,0,0,,,7,170000000,f594d0a1863c0366dd09a4bc6a73c10482cfbbbed438876667fc4cbb,False,False,26689366920,0,False,Freedom Socal,134259515,105000000,0,1614553699,,0,0,0,0,0,0,0,0,0,0,FRSC,0,True
391087660,pool18243r3ncukrk54jrx3mnr2k6lvu30dy7y6uj252cyldhqze7qe3,0,0,,,2,340000000,3aab11c678e5876a5643347731aadafb3917b49e26b925515827db70,False,False,391087660,0.05,False,HispanoPool,391087660,340000000,0,1614548979,,0,0,0,0,0,0,0,0,0,0,HISPA,0,True
509235798,pool1qzg0lsft8d6zz5vytz5td3f383ra8f46zsdnsa93dgrg2nf7ckf,0,0,,,4,340000000,0090ffc12b3b7421518458a8b6c5313c47d3a6ba141b3874b16a0685,False,False,509235798,0.01,False,Elite ADA Stakepool,156625840,100000000,0,1614537233,,0,0,0,0,0,0,0,0,0,0,ELIT3,0,True
56781085,pool1fvuy9r4ndp432yuh059q4fekh42t4d42qjhgz5qxlr8jctrp5l2,0,0,,,3,340000000,4b38428eb3686b1513977d0a0aa736bd54bab6aa04ae815006f8cf2c,False,False,56781085,0.02,False,CryptoRocket,1000000,1000000000,0,1614510519,,0,0,0,0,0,0,0,0,0,0,ROCKT,0,True
11212256899630,pool1zytydvyy3qztrs8l2xyggvkfcjctp23m2hc3aj7sudnzgny79cg,4,290,,,929,340000000,111646b0848804b1c0ff51888432c9c4b0b0aa3b55f11ecbd0e36624,False,False,11168386407338,0.01,False,PsyADA,25093768642,20000000000,121869509031,1614465946,,2445637947447,0.0335,0,0.0200,0.0198,0.0045,0.0113,0.0226,0.0177,0.0248,PSYA,5000,True
137424058686,pool1fn8mfqp4jt6097ygqrze5rjzg3y5s8fktxszqgs9mg22jvr42dx,0,86,,,131,340000000,4ccfb4803592f4f2f88800c59a0e424449481d3659a0202205da14a9,False,False,137772781107,0.02,False,ADA DARKPOOL,52504421981,25010000000,29627130284,1614463889,,97242266581,0.0312,0,0.0007,0.0005,0,0,0.0010,0,0.0024,DARK,192,True
109588208832,pool1cdkv8070twtzhpeznc42wql8fre2edkc48watnuf2pmqcp93qjy,0,0,,,8,340000000,c36cc3bfcf5b962b87229e2aa703e748f2acb6d8a9ddd5cf8950760c,False,False,109588208832,0.05,False,Stop Multiple Sclerosis,50006869925,50000000000,0,1614462284,,0,0,0,0,0,0,0,0,0,0,NOMS,0,True
72048749129,pool1rk28hp58ptwapha9nc944ast32gln8a7hx6eue0gzuj7sndzrhk,0,7,,,8,340000000,1d947b86870addd0dfa59e0b5af60b8a91f99fbeb9b59e65e81725e8,False,False,72048749129,0.03,False,NobodyCardanos,6964534052,5000000000,2398492244,1614460977,,858611248,0.0043,0,0.0019,0.0013,0,0,0.0012,0.0017,0.0018,NOCAR,7,True
0,pool1uc4hd4qe0uf9dl9ajjxxyclvn6cxhhctfmzy82lsppwfq6a9hvd,0,0,,,1,340000000,e62b76d4197f1256fcbd948c6263ec9eb06bdf0b4ec443abf0085c90,False,False,0,0,False,LunaPool,0,9000000000,0,1614442329,,0,0,0,0,0,0,0,0,0,0,MOON,0,True
7395261117,pool1xlgmew766a2ndakrn4sn63t00sf5z99w4ncd7k75r5thxqyln92,0,0,,,7,345000000,37d1bcbbdad75536f6c39d613d456f7c134114aeacf0df5bd41d1773,False,False,7395261117,0.015,False,Gödel's Game Reserve,103613734,100000000,0,1614425824,,0,0,0,0,0,0,0,0,0,0,GODEL,0,True
230039832744,pool1l4synes9s3swlf5r5rsfpede3582r4km2wd94xctceyaudv9zx3,0,123,,,94,170000000,fd6049e6058460efa683a0e090e5b98d0ea1d6db539a5a9b0bc649de,False,False,224884960284,0.01,False,Stayk Pool,21939543814,3000000000,41529703055,1614422872,,88586305464,0.0243,0,0.0094,0.0063,0,0.0188,0.0074,0.0188,0.0123,STAYK,225,True
0,pool1l5a4689wchd3vrdzck70ysdcn5d390um6ge4x4rzx79vzmgwvf0,0,0,,,2,400000000,fd3b5d1caec5db160da2c5bcf241b89d1b12bf9bd233535462378ac1,False,False,0,0.035,False,JUDH,0,5000000000,0,1614420249,,0,0,0,0,0,0,0,0,0,0,JUDH,0,True
0,pool139ds596tpxew8mhvu77p4mk42ed25d62ah2ucwlwemn6xltj4ws,0,0,,,0,340000000,895b0a174b09b2e3eeece7bc1aeed5565aaa374aedd5cc3beecee7a3,False,False,0,0.02,False,HIVE ADA STAKE POOL,0,160000000,0,1614412118,,0,0,0,0,0,0,0,0,0,0,H1VE,0,True
512065971,pool1auwfzangu7s9uagapchhmac87jy3k87a3dxhp23vadtw5m5dswl,0,7,,,2,340000000,ef1c917668e7a05e751d0e2f7df707f4891b1fdd8b4d70aa2ceb56ea,False,False,512065971,0.017,False,jpn24_ada_pool,512065971,100000000,2425284485,1614379604,,2618508906,0.0382,0,0,0,0,0,0,0,0,JPN24,7,True
247574844345,pool19n5ml38q5uedy8kgwwwtlsa3p9tmfcef0lfjp42k7j9d5mpgs2m,0,170,buynfts.exchange,0,621,170000000,2ce9bfc4e0a732d21ec8739cbfc3b10957b4e3297fd320d556f48ada,False,False,239048207986,0,False,So Litty Records,853878659,1000000,57469041758,1614366907,,234951199458,0.0291,0,0.0176,0.0116,0,0,0.0058,0.0085,0.0170,SLR,515,True
38410784053889,pool1ewrm7y47s9hv6hxku9n5gfnsuspymp0qqpwgvgm9rvm37cek2h6,7,297,,,2940,340000000,cb87bf12be816ecd5cd6e167442670e4024d85e0005c8623651b371f,False,False,38421332335295,0.03,True,ADA4Good ❤️ ADA + WMTX + MACH + AA rewards,102498095047,25000000000,259786516783,1614349010,,5483641424298,0.0325,0,0.0224,0.0225,0.0121,0.0185,0.0235,0.0194,0.0246,A4G,11411,True
36820169193430,pool1ywpt43nttzjd7883wafg255mh0hmjypwe65ercw6p2sxg5lt7ez,14,316,everstake.one,9,31689,400000000,2382bac66b58a4df1cf1775285529bbbefb9102ecea991e1da0aa064,False,False,36852838066087,0.04,False,Everstake,1500043298,1000000000,347493696013,1614334233,,6139435806369,0.0331,0,0.0195,0.0215,0.0095,0.0151,0.0221,0.0181,0.0244,EVE4,12366,True
42494467168982,pool1xmsdhync6k6grkkj7tuycskjpseykpr24luhlazl5nsngsy87gm,9,319,everstake.one,8,27873,400000000,36e0db9278d5b481dad2f2f84c42d20c324b046aaff97ff45fa4e134,False,False,42451839974883,0.04,False,Everstake,1500302741,1000000000,372214314910,1614331376,,6802701019973,0.0335,0,0.0225,0.0238,0.0089,0.0138,0.0243,0.0204,0.0248,EVE3,13669,True
11633160,pool1p98qztq2t77u89vvsratsmsx8hu965w4n7xneg5qu7gtgcdude0,0,0,,,2,340000000,094e012c0a5fbdc3958c80fab86e063df85d51d59f8d3ca280e790b4,False,False,11633160,0.05,False,Koko Staking Pool #1,10000000,5000000,0,1614318376,,0,0,0,0,0,0,0,0,0,0,KOKO1,0,True
53706194,pool1vru3p8sswq5xkr38ceavad67t6krh6m6q0q42p59e6htkld4yxs,0,11,,,2,340000000,60f9109e1070286b0e27c67aceb75e5eac3beb7a03c1550685ceaebb,False,False,53706194,0.02,False,PoolingTogether,0,740000000,3815412904,1614303635,,3695232428,0.0211,0,0,0,0,0,0,0,0,PTGR,11,True
32669731924239,pool14zdcvdec8qmqzsat5wg3a2h9f0u5yzrgjew534z8u3gs5durnjz,4,321,cardanowithpaul.com,1,6363,340000000,a89b86373838360143aba3911eaae54bf9420868965d48d447e4510a,False,False,33105389624970,0.03,False,Cardano With Paul 2 ☘️,100220895066,100000000000,254284840763,1614292519,,4714298454624,0.0323,0,0.0208,0.0222,0.0114,0.0160,0.0229,0.0202,0.0249,PAUL,9633,True
10010883882,pool1wmyr8pp6f3rll0hdxed6e8kkxzvj9ur0ecc45sttan3fqcfldcm,0,1,,,1,340000000,76c833843a4c47ffbeed365bac9ed6309922f06fce315a416bece290,False,False,10010883882,0.05,False,Enchantress of Numbers,10010883882,10000000000,398406301,1614291745,,1109719723,0.0139,0,0,0,0,0,0,0,0,AAL,2,True
1274342413526,pool10wcmpvjmmv7ph7cz2263f52yckvnnwu5kdppwqgu74s2qhe7l7m,2,225,,,23,340000000,7bb1b0b25bdb3c1bfb0252b514d144c59939bb94b34217011cf560a0,False,False,1274342238873,0.01,False,4tun8,204999036286,200000000000,85375034077,1614289805,,293945279647,0.0345,0,0.0105,0.0131,0.0103,0.0137,0.0100,0.0069,0.0147,4TUN8,635,True
0,pool1vpav6vlznpwzrr82nvq7jenfxk4mwqk9jju9yx03dryqcg9sqnn,0,78,,,1,340000000,607acd33e2985c218cea9b01e9666935abb702c594b85219f168c80c,False,False,0,0,False,CHATL Pool 1,0,10000000000,26520000000,1614288507,,129653262070,0.0364,0,0,0,0,0,0,0,0,CHTL1,222,True
64359353982604,pool17s3mr9c4ejjfq20dz0ls9ggskc770kt267s9xmw93payzdswwgg,12,298,,,2561,340000000,f423b19715cca49029ed13ff02a110b63de7d96ad7a0536dc5887a41,False,False,65862649700199,0.018,False,FIKA Pool,51452581412,50000000000,133090473970,1614282376,,1767521450183,0.0275,0,0.0225,0.0236,0.0127,0.0169,0.0238,0.0205,0.0247,FIKA,4449,True
8029774180623,pool1tcmk6at0dmkytxgq5j4u7fgsx9kytvfu7gz22lrs8hp9ztu7arw,6,316,,,383,340000000,5e376d756f6eec459900a4abcf2510316c45b13cf204a57c703dc251,False,False,8143664517186,0.1,True,RATS Pool,1000033497414,1000000000000,199879602005,1614279920,,766360413685,0.0287,0,0.0165,0.0197,0.0114,0.0131,0.0196,0.0137,0.0207,RATS,1957,True
1721267489314,pool18ljuhhw27t85zddz0pvsmsjsz5k0mlz03pzsxgh8qarcsw5wycc,1,157,cardanocafe.org,2,81,340000000,3fe5cbddcaf2cf4135a278590dc250152cfdfc4f88450322e7074788,False,False,1724317795385,0,False,CardanoCafe Three,114264161807,100000000000,52700000000,1614276829,,66095594290,0.0198,0,0.0189,0.0181,0.0370,0.0245,0.0163,0.0149,0.0137,CAFE3,256,True
10671458233,pool1yjz9nhtlvnl9rx46t2kfufwxd338m0kw0jxaj86pqfthse837z8,0,0,,,3,340000000,248459dd7f64fe519aba5aac9e25c66c627dbece7c8dd91f41025778,False,False,10671458233,0.01,False,ADA Mountain,101831463,5000000000,0,1614275722,,0,0,0,0,0,0,0,0,0,0,ADM,0,True
0,pool1dnszy9spu7m4u9s8jqh95myuqapujwcju593eqczgl56khllyuc,0,16,,,0,340000000,6ce0221601e7b75e1607902e5a6c9c0743c93b12e50b1c830247e9ab,False,False,0,0.03,False,Wookie Nation,0,100000000000,5591010424,1614273979,,7384213041,0.0114,0,0,0,0,0,0,0,0,WOOK,19,True
1087822733,pool1mv7z7jzats0g3s36rd6sk08ew6wg4pf7ulu9uvd6grpdc0mh7e0,0,0,,,1,340000000,db3c2f485d5c1e88c23a1b750b3cf9769c8a853ee7f85e31ba40c2dc,False,False,1087822733,0.05,False,,1087822733,1000000000,0,1614262161,,0,0,0,0,0,0,0,0,0,0,,0,True
3475789047,pool19ddv2pe786q8zqjzvw50u60y2aau7wl76sg3pnkc4j92wcx2kp2,0,25,,,28,170000000,2b5ac5073e3e8071024263a8fe69e4577bcf3bfed41110ced8ac8aa7,False,False,3475789047,0,False,NEXUS Stake Pool,1342823416,1000000000,8586862348,1614255350,,9189204707,0.0158,0,0,0,0,0,0,0,0,NEXUS,35,True
42244647310552,pool1ng3vqzrhn3z45yjdscv3q37n26g2pj3vp99rfkgv6225y8lqg8j,10,319,everstake.one,7,29998,400000000,9a22c008779c455a124d86191047d35690a0ca2c094a34d90cd29542,False,False,43608134989266,0.04,False,Everstake,1500628547,1000000000,366960106473,1614253091,,6685287988026,0.0344,0,0.0213,0.0213,0.0117,0.0188,0.0228,0.0194,0.0245,EVE2,13263,True
190425486,pool1z26udkezqtry8xtca2u9f807ptf0llcv70rnr3j2357gqgrs79f,0,18,,,4,340000000,12b5c6db2202c6439978eab8549dfe0ad2ffff0cf3c731c64a8d3c80,False,False,190425486,0.01,False,Tiger Pool,0,48400000000,7513804047,1614215678,,137986601602,0.0432,0,0,0,0,0,0,0,0,TIG,197,True
72419375424735,pool1lfvzgsrghmugvpym868mh29288ez0nncz680mamzjygu2jpuwcd,12,317,nordicpool.org,2,2379,340000000,fa58244068bef886049b3e8fbba8aa39f227ce78168efdf7629111c5,False,False,73189045490568,0,True,#3 Nordic Pool,318073275225,100000000000,111310400115,1614202748,,7891161585043,0.0333,0,0.0245,0.0253,0.0109,0.0162,0.0259,0.0217,0.0269,NORTH,16310,True
25539160274,pool15l4plz3r2lm5x48lz78ph7qh8w89zd7ewrg62gvwv7u7kw6tmns,0,1,,,1,340000000,a7ea1f8a2357f74354ff178e1bf8173b8e5137d970d1a5218e67b9eb,False,False,25539160274,0.05,False,CryptoPatriot Pool,25539160274,25000000000,359819777,1614202081,,376575772,0.0029,0,0,0,0,0,0,0,0,CPAT,1,True
464078945,pool175p7tqqgmduq6r5ad7jca2c4jz6tp3rslz7jffx7zru3cakdmt2,0,0,,,2,340000000,f503e58008db780d0e9d6fa58eab1590b4b0c470f8bd24a4de10f91c,False,False,464078945,0.015,False,gqs-rainforest,10054082,401000000,0,1614200692,,0,0,0,0,0,0,0,0,0,0,GQSRN,0,True
47512973102,pool1j4nkshfytq8tww99ttfwvrmv8n7yq2tvuw0xlphelzzw6vfghwq,0,29,,,30,170000000,9567685d24580eb738a55ad2e60f6c3cfc40296ce39e6f86f9f884ed,False,False,2105799368615,0,False,Tapioca Pool,12722034327,10350000000,7820000000,1614198505,,15382580682,0.0232,0,0,0,0,0,0.0092,0,0.0085,TAPC,44,True
12145784,pool1s54847dyrcpgxjvsjvhjjqjrkz3x6vevy77xaqje5nugxhp6j2g,0,1,,,4,340000000,852a7af9a41e02834990932f290243b0a26d332c27bc6e8259a4f883,False,False,668637777,0.005,False,Kairos1,1750033,1000000,341620799,1614197170,,322539090,0.0027,0,0,0,0,0,0,0,0,KAI1,1,True
39983004,pool1ydgmfmxpuateqwz028lpgypsdchs5m0tzes732qdragdg4jp0uf,0,0,,,7,340000000,2351b4ecc1e75790384f51fe1410306e2f0a6deb1661e8a80d1f50d4,False,False,39983004,0.002,False,focPool,26631686,26000000,0,1614192314,,0,0,0,0,0,0,0,0,0,0,1FOC,0,True
21741883242,pool1aqr4843pgkyaq6p2557vgnxsxwnj5s5em2xusf5k4ya4uzk3w5l,0,20,,,11,340000000,e80753d6214589d0682aa53cc44cd033a72a4299da8dc82696a93b5e,False,False,21753360754,0.01,False,Peak Pool,20934970626,20000000000,7072494313,1614181689,,26964773038,0.0348,0,0,0,0,0,0,0,0,PEAK,53,True
278472864059,pool1kxtzkv3ylyc48hgjqkwe93q2vkx67vgzag9tvqfalhwsjs43w9u,0,64,,,22,170000000,b1962b3224f93153dd12059d92c40a658daf3102ea0ab6013dfddd09,False,False,278472864059,0.005,False,adapool.at,161388400562,160000000000,15702591231,1614172075,,16571654880,0.0178,0,0.0076,0.0129,0,0.0152,0.0114,0.0076,0.0176,ADAAT,70,True
1068093207,pool1fy57yj7fq4n640h0r7yzchgytvx747nl85lkct7pc8faywwsyy2,0,1,,,3,340000000,4929e24bc90567aabeef1f882c5d045b0deafa7f3d3f6c2fc1c1d3d2,False,False,1068093207,0.025,False,Stakeopedia,1721373,20000000000,348493285,1614137118,,331238151,0.0043,0,0,0,0,0,0,0,0,STKOP,1,True
872085077,pool14e7g4xmj77s7sy5uajwvdmvejmjcvhkf449tasq3tz80gv098t8,0,1,,,3,340000000,ae7c8a9b72f7a1e8129cec9cc6ed9996e5865ec9ad4abec011588ef4,False,False,872085077,0.05,False,🦖 T-Rex Staking,0,50000000000,367185528,1614130495,,516525039,0.0093,0,0,0,0,0,0,0,0,TREX,1,True
8597718128,pool1her5uyhxcxeyxws60jrft4kkczc2uxyz3z2sq24582z9kvwsng0,0,4,,,10,340000000,be474e12e6c1b2433a1a7c8695d6d6c0b0ae18828895002ab43a845b,False,False,9075727490,0,False,AIVS ADA pool,100777362,0,1360000000,1614056873,,1638120047,0.0300,0,0,0,0,0,0,0,0,AIVS,4,True
100000000,pool1t9ve93m48au8m4w8x0m2exh55s0tf2jjk5rwj5hsuqegvvgfq4z,0,0,,,1,340000000,595992c7753f787dd5c733f6ac9af4a41eb4aa52b506e952f0e03286,False,False,100000000,0.05,False,Gini's Cardano Pool #1,100000000,100000000,0,1614046325,,0,0,0,0,0,0,0,0,0,0,GINI,0,True
1318364027499,pool12yscr8j3zs34ewxrwlk0p2w5uvgcnrzywpp78ddjsj8kxd530f9,1,237,,,636,340000000,5121819e5114235cb8c377ecf0a9d4e311898c447043e3b5b2848f63,False,False,1318054477404,0.01,False,Gero Labs,110616079235,50000000000,79958126137,1614046091,,419560416025,0.0282,0,0.0053,0.0048,0.0003,0.0002,0.0063,0.0102,0.0053,GERO2,851,True
916656657801,pool1jslaut45plz6ek7grjyzxz6kzgerr7p5204h9sprh3msw6d8yht,0,211,,,384,340000000,943fde2eb40fc5acdbc81c88230b56123231f83453eb72c023bc7707,False,False,905005125724,0.01,False,Crypto Justice Pool,79463708500,60000000000,75738905074,1614037904,,392151661422,0.0377,0,0.0050,0.0035,0.0143,0.0095,0.0060,0.0095,0.0088,CJ01,740,True
518261627811,pool177q3zxxyqzp5kffeh5jxssnxk7rwnpkf04628kcsf0cyj6jaklw,0,77,,,51,340000000,f7811118c400834b2539bd24684266b786e986c97d74a3db104bf049,False,False,519355609970,0,False,AdaHero,5657632340,3957000000,24820000000,1614036058,,21191370340,0.0141,0,0.0005,0.0004,0.0007,0.0009,0.0050,0.0005,0.0057,ADAHR,88,True
63041288686,pool153lhpqpcms4a73metcjd439h8yzvht2yyjluuav9vfsv75gtf7l,0,28,,,20,170000000,a47f708038dc2bdf47795e24dac4b73904cbad4424bfce75856260cf,False,False,63058270931,0,False,AGG1 Stake Pool,23946687083,1000000000,8500000000,1614003614,,7478364710,0.0161,0,0.0176,0.0117,0,0,0.0120,0.0355,0.0095,AGG1,30,True
33316351548150,pool10ya6hxrssmyhl560gqyalhqxudkgfjdlc0e4krww6wweyaeajs8,12,319,kazunaka.com,0,483,340000000,793bab987086c97fd34f4009dfdc06e36c84c9bfc3f35b0dced39d92,False,False,33328566783772,0.01,False,NKR ADA POOL,64349900561,40000000000,136501820571,1613978236,,4839448385177,0.0333,0,0.0235,0.0243,0.0124,0.0153,0.0255,0.0209,0.0276,NKR,10023,True
185058301178,pool1jp67hct7n86tdkr7qxrfh3q0xl973rl6986aawxkrqz6wq4ymc9,0,146,,,88,170000000,9075ebe17e99f4b6d87e01869bc40f37cbe88ffa29f5deb8d61805a7,False,False,185058301178,0,False,DN Staking,13476533,1069000000,45603765905,1613977192,,114246905050,0.0250,0,0,0,0,0,0,0,0.0031,69DN,298,True
41794809404,pool1fy5aaf5gz2646dghhm8u899mj6hyznn428sqhdx3tmqmsdy6rcz,0,37,,,40,340000000,4929dea68812b55d3517becfc394bb96ae414e7551e00bb4d15ec1b8,False,False,41794809404,0.01,False,University of Wyoming | Advanced Blockchain Lab,2191292824,760000000,13714193303,1613967443,,145676430604,0.0374,0,0,0,0,0,0,0,0,UWYO,218,True
17853779131,pool1ydz2znwyh3409v55r3psgc70w2ykvqjkkagx3f5ep96vgp0vlmr,0,1,,,6,340000000,2344a14dc4bc6af2b2941c430463cf7289660256b75068a6990974c4,False,False,17853779131,0.01,False,Dude Pool,10746446871,10000000000,344046399,1613941993,,400593515,0.0044,0,0,0,0,0,0,0,0,DUDE,1,True
578979273597,pool14w9tn4w30dwd2lfv4cwjg2a2e3ukfd0nqrydx37fjzf7z5f5jnk,0,154,kaizencrypto.com,3,65,340000000,ab8ab9d5d17b5cd57d2cae1d242baacc7964b5f300c8d347c99093e1,False,False,678628907263,0.025,False,🏆Kobe Stake Pool by Kaizen Crypto,549401550,500000000,53918629061,1613936591,,85564607297,0.0231,0,0.0042,0.0056,0.0006,0.0004,0.0033,0.0078,0.0053,KOBE,242,True
2443789,pool1stjukmjtgs7rdvy8ucsc543f9y2ct56ss08zed392php7k0teaq,0,0,wafflepool.org,0,1,340000000,82e5cb6e4b443c36b087e6218a5629291585d35083ce2cb625506e1f,False,False,2443789,0.02,False,Waffle Pool,2443789,0,0,1613922201,,0,0,0,0,0,0,0,0,0,0,WFL,0,True
23723419099703,pool12wpfng6cu7dz38yduaul3ngfm44xhv5xmech68m5fwe4wu77udd,8,264,,,592,200000000,538299a358e79a289c8de779f8cd09dd6a6bb286de717d1f744bb357,False,False,23885104965227,0.02,True,Apex Stake Pool,50890512051,50000000000,104614311283,1613922021,,1587662253746,0.0329,0,0.0211,0.0231,0.0128,0.0174,0.0242,0.0186,0.0237,APEX,3364,True
22002670959588,pool1utqhj9g53a5cwg7tyd8neky7jvjlgzuf470adc0e69cp5uuquzx,4,317,,,86,340000000,e2c17915148f698723cb234f3cd89e9325f40b89af9fd6e1f9d1701a,False,False,22011469221368,0.01,True,Haskell CI Support Pool,137845797672,75000000000,128968388201,1613920162,,2170535164576,0.0316,0,0.0241,0.0252,0.0163,0.0202,0.0247,0.0239,0.0251,ZW3RK,4694,True
10137954961,pool19gz6ffzagyh9daymscvyc64maq2xf4s05w5upthferlnwd7vgr8,0,0,,,2,340000000,2a05a4a45d412e56f49b86184c6abbe81464d60fa3a9c0aee9c8ff37,False,False,10137954961,0.02,False,Sakonera,5567949459,5550000000,0,1613902786,,0,0,0,0,0,0,0,0,0,0,SAK01,0,True
20061667,pool1x9kerklpmyrzx22z944l9n8x9gn8s597vqy4hsllujetue8e5g8,0,0,,,17,340000000,316d91dbe1d9062329422d6bf2cce62a267850be60095bc3ffe4b2be,False,False,20061667,0.0125,False,0 BLOCKS,0,1000000000,0,1613888332,,0,0,0,0,0,0,0,0,0,0,0BLK,0,True
74597368355,pool1c45udwv2kdjcth5fvnhlklsz2tutw8spl9tcwnfw7m8cxl8eanm,0,1,,,2,345000000,c569c6b98ab36585de8964effb7e0252f8b71e01f957874d2ef6cf83,False,False,74597368355,0.01,False,KREWE Pool,73448819064,70000000000,349055461,1613884606,,401490701,0.0011,0,0,0,0,0,0,0,0,KREWE,1,True
0,pool198wj6nckft025tvkthdpamw6xxwdftactw34fag60d2xxa2qz7y,0,0,,,1,340000000,29dd2d4f164adeaa2d965dda1eedda319cd4afb85ba354f51a7b5463,False,False,0,0.02,False,Our Pool,0,500000000,0,1613882892,,0,0,0,0,0,0,0,0,0,0,OUR,0,True
57316415068904,pool1vev8z03vh7jwx3mfrgzrt9fltt97nupaxv8ffj4r5r8mgwts5ze,12,309,,,5591,340000000,6658713e2cbfa4e347691a0435953f5acbe9f03d330e94caa3a0cfb4,False,False,57129025886165,0.01,False,ADA Australia,82538762317,60000000000,168367162716,1613876898,,6562462623458,0.0323,0,0.0224,0.0237,0.0125,0.0150,0.0252,0.0209,0.0258,ADAOZ,13772,True
1049660822147,pool1zfhww5y28t303z6uyq3w47pkhfmxww9dsn89vrxteplg2zjkekl,1,238,moomanchoo.github.io,1,178,170000000,126ee7508a3ae2f88b5c2022eaf836ba766738ad84ce560ccbc87e85,False,False,1050023008330,0.05,False,CARDANO REPUBLIC - BY CRYPTO JEROME (FRANCE),155416164863,150000000000,80192469925,1613869781,,374068167232,0.0354,0,0.0159,0.0147,0,0.0118,0.0137,0.0157,0.0136,CARE4,736,True
22424605,pool196fz9gd7n0jnn2rwpcqqdyf9j5q3na6qwhhy0k6j9ysx5f3u7r4,0,0,,,2,340000000,2e9222a1be9be539a86e0e00069125950119f74075ee47db5229206a,False,False,22424605,0.02,False,Saturno Pool,22424605,5000000,0,1613857716,,0,0,0,0,0,0,0,0,0,0,Satur,0,True
168282205645,pool1kfu02878dsz2l2pml9r42fvh32l4zn3msjvgfx077q3yx2xgul8,0,42,,,18,340000000,b278f51fc76c04afa83bf9475525978abf514e3b84988499fef02243,False,False,168282205645,0,False,Women in STEM Pool,37211116928,25005000000,14280000000,1613845289,,11825566269,0.0112,0,0.0006,0.0008,0,0,0.0010,0,0.0009,WOMEN,44,True
9486132,pool163q9zuwpt9wr8rruuhw2mz6w6em25mhtrv58f8nz9aywj7vzer7,0,0,,,1,340000000,d4405171c1595c338c7ce5dcad8b4ed676aa6eeb1b28749e622f48e9,False,False,9486132,0.01,False,Darth pool,9486132,289000000,0,1613840499,,0,0,0,0,0,0,0,0,0,0,DARTH,0,True
33101636806640,pool1cq25dmlt5974x8tqg3e4dlzvrxefcce2atpnwlfp7ad5ugec9fp,10,323,beastlyorion.github.io,1,116,340000000,c01546efeba17d531d60447356fc4c19b29c632aeac3377d21f75b4e,False,False,27141257380514,0.03,False,BEAST Pool,1634790584684,1000000000000,315801200895,1613837413,,6661083693511,0.0351,0,0.0249,0.0239,0.0129,0.0159,0.0242,0.0244,0.0255,BEAST,12973,True
2132836767,pool1d5zrmzgskqzse485j7p5cly2290xyffr2tyq9d8ngkzyxjjxwtm,0,27,fimi.vn,1,5,340000000,6d043d8910b0050cd4f497834c7c8a515e62252352c802b4f3458443,False,False,2132836767,0.01,False,We are Grabber,1000435602,1000000000,9410345438,1613836091,,22804199756,0.0284,0,0,0,0,0,0,0,0,ELLY7,46,True
56285397716111,pool13qdkwy5y88ncr5qpjrh8hgtf94d0zw4wuhgezjg3hvlyyrh37c7,14,321,cardano.securestaking.io,3,1066,170000000,881b67128439e781d00190ee7ba1692d5af13aaee5d1914911bb3e42,False,False,55282472504601,0.03,False,FOUR SecureStaking.io,102001469348,100000000000,100933979720,1613821946,,5742470374233,0.0328,0,0.0224,0.0238,0.0118,0.0147,0.0256,0.0203,0.0270,SECUR,12509,True
247147247305,pool1lr9vvcf5r5jgkgv5ly7z2lh068ymzg4xmqk5f8pu2k23vt25x7a,0,204,,,84,340000000,f8cac661341d248b2194f93c257eefd1c9b122a6d82d449c3c559516,False,False,247147247305,0,False,Staking Cardano with HYGGE,0,0,67660000000,1613816615,,206170603805,0.0329,0,0.0097,0.0068,0.0540,0.0357,0.0108,0.0182,0.0090,HYGGE,466,True
123857260583,pool12g6gfm5c4q7rzwwxdmh0xdxk07tyvujp6d9tke2m46k7q7cz7p0,0,265,nodeasy.com,1,12,340000000,523484ee98a83c3139c66eeef334d67f96467241d34abb655baeade0,False,False,123857260583,0.03,False,Nodeasy #2,2693028599,2000000000,334407350435,1613800319,,7939576544975,0.0364,0,0.0006,0.0004,0,0,0.0005,0,0.0265,NDE,14383,True
5879394,pool196tul7axlt0qzqvs7rx4glfdkpsjlsh68tdkl7y87q3uztcvd5k,0,0,,,1,340000000,2e97cffba6fade010190f0cd547d2db0612fc2fa3adb6ff887f023c1,False,False,5879394,0.015,False,Tech Donations,5879394,5000000,0,1613795551,,0,0,0,0,0,0,0,0,0,0,ARM,0,True
0,pool10h9j9hazmtszyfyty7e6vj3usr6v0jdzvraqcxxs27rtqp7hsgc,0,0,,,2,340000000,7dcb22dfa2dae022248b27b3a64a3c80f4c7c9a260fa0c18d05786b0,False,False,0,0.01,False,Rush,0,1000000000,0,1613783216,,0,0,0,0,0,0,0,0,0,0,RUSH,0,True
0,pool1cpqzd83axxlqxkeyuauwsmyqwud4jekjjvfmr0mp0mrrsnz3dng,0,3,,,1,340000000,c040269e3d31be035b24e778e86c80771b5966d29313b1bf617ec638,False,False,0,0,False,sustainapool,0,7000000000,1020000000,1613760144,,1180992055,0.0116,0,0,0,0,0,0,0,0,STSPL,3,True
325942427555,pool12fzerww0hmk0fyvaujz5t2kg6hl4n8daz85rqy5jk8qk58r59y6,0,181,zetetic.tech,1,91,170000000,524591b9cfbeecf4919de48545aac8d5ff599dbd11e8301292b1c16a,False,False,325942427555,0,False,Zetetic 2,2240113104,1000000000,56100000000,1613759187,,115155319524,0.0323,0,0.0138,0.0140,0,0.0136,0.0132,0.0136,0.0118,ZETE2,327,True
291472771,pool10ez5uusmzx7ep6pee6hmqr79z5ee0lhgzdelzgptexh9xq3ar4e,0,0,,,3,340000000,7e454e721b11bd90e839ceafb00fc5153397fee81373f1202bc9ae53,False,False,291472771,0.03,False,Super Actuarial Stake Pools,101008551,100000000,0,1613758864,,0,0,0,0,0,0,0,0,0,0,SACT,0,True
869826460,pool1jqfk2y5wked4sjpx9sqxn6dmut8hq2n9qlreymqtpxuc5l38fl0,0,0,,,4,340000000,901365128eb65b5848262c0069e9bbe2cf702a6507c7926c0b09b98a,False,False,869826460,0.02,False,Atlantis,0,1000000000,0,1613757654,,0,0,0,0,0,0,0,0,0,0,ATLAN,0,True
1921543503954,pool1vqm5n5d503uumuc89s5y4wuczrwe3tlgylt2u2uj7y276avr5pl,0,281,,,810,340000000,603749d1b47c79cdf3072c284abb9810dd98afe827d6ae2b92f115ed,False,False,1901867232268,0.03,False,Bio Pool,29007642737,1000000000,126263983396,1613756283,,1049402476850,0.0360,0,0.0099,0.0133,0,0.0130,0.0151,0.0066,0.0167,BIO,2000,True
66495963078,pool1tkexntwvhg0fqs2xnm7xg6ljqzjkpk0pl4nxxe3nf48ux8nucqy,0,83,,,117,340000000,5db269adccba1e9041469efc646bf200a560d9e1fd666366334d4fc3,False,False,66495963078,0,False,Artano NFT Pool,19779518614,22000000000,28220000000,1613753733,,47250010983,0.0247,0,0,0,0,0,0,0,0,ARTA,118,True
1882914959680,pool104v7kzpq86r0wnfsz8r7jeld2raap92qq84trjcqk62zyh9akqt,1,282,,,172,170000000,7d59eb08203e86f74d3011c7e967ed50fbd0954001eab1cb00b69422,False,False,1900887590811,0,False,adaseal.eu,87913681684,60000000000,78880000000,1613753733,,309370293176,0.0305,0,0.0165,0.0186,0.0035,0.0185,0.0206,0.0197,0.0190,SEAL,693,True
15630339493705,pool1r0sxz0hygfc0266lhdclve6j3cwcwlth6dya6uey65yxjnwm7qc,9,133,,,487,170000000,1be0613ee44270f56b5fbb71f667528e1d877d77d349dd7324d50869,False,False,15412713313182,0,False,BURN Pool,200970099875,200000000000,37124019601,1613750144,,153174356248,0.0261,0,0.0236,0.0250,0.0144,0.0187,0.0253,0.0203,0.0248,BURN,447,True
8631314979,pool1l3u6jww4npkx2e0utcsmkhwjjgnp43w62exrqwzm8wudg0457e5,0,10,,,3,340000000,fc79a939d5986c6565fc5e21bb5dd292261ac5da564c30385b3bb8d4,False,False,8631314979,0.01,False,Token Dynamics (ACE),6423846429,0,3438003991,1613719091,,3762395491,0.0193,0,0,0,0,0,0,0,0,ACE,10,True
1313835444,pool1k8mxlherc4vmfk9pmxs0rk27qmu3sqy0gsdck4gwduz57xsepak,0,9,,,3,340000000,b1f66fdf23c559b4d8a1d9a0f1d95e06f918008f441b8b550e6f054f,False,False,1313835444,0.01,False,Lo-Fi Stake Pool,1142469070,100000000,3115926338,1613715497,,7102326450,0.0224,0,0,0,0,0,0,0,0,LOFI,17,True
109063264,pool16jczz0dlv557vgywgftd4m3vwnwjnl38wpn7wu5gqryz7aedahd,0,0,,,2,340000000,d4b0213dbf6529e6208e4256daee2c74dd29fe277067e7728800c82f,False,False,109063264,0.02,False,Savvy Stake Pool 01,1072967,71000000000,0,1613697571,,0,0,0,0,0,0,0,0,0,0,SAVVY,0,True
776657131,pool1nqveuw4q2yw9u9x6yzy260skdwc309krsx32hmgvpyp962mu996,0,0,,,3,341000000,98199e3aa0511c5e14da2088ad3e166bb11796c381a2abed0c09025d,False,False,776657131,0.01,False,Eurasia Staking,776657131,700000000,0,1613691865,,0,0,0,0,0,0,0,0,0,0,EURAS,0,True
41107430877362,pool1j099ctc7kcc9fa78dz5qwsy2g0n96lrgletwxvxmyzh4zd7ck0j,15,314,,,1768,340000000,93ca5c2f1eb63054f7c768a807408a43e65d7c68fe56e330db20af51,False,False,41190958815327,0.0199,False,Stake with Pride - Hosky ISPO,149411163870,100000000000,152525084834,1613690727,,2940534738969,0.0308,0,0.0222,0.0227,0.0128,0.0163,0.0240,0.0203,0.0240,PRIDE,6384,True
21812789986178,pool1cpr59c88ps8499gtgegr3muhclr7dln35g9a3rqmv4dkxg9n3h8,9,238,,,247,170000000,c04742e0e70c0f52950b465038ef97c7c7e6fe71a20bd88c1b655b63,False,False,21818911693732,0.01,True,Open Source Software Fund,119750422671,75000000000,71191628540,1613684433,,852181178216,0.0294,0,0.0200,0.0218,0.0119,0.0140,0.0229,0.0180,0.0240,LACE,2000,True
80618718662,pool1qadgwr92pgx0yz3u9n63f0s9ugryaud6wxers850z6sfu06y3rg,0,143,,,164,340000000,075a870caa0a0cf20a3c2cf514be05e2064ef1ba71b2381e8f16a09e,False,False,80620632302,1,False,Responsible Staking,13486823023,0,58605750606,1613683342,,487513804095,0.0359,0,0,0,0,0,0,0,0.0011,VITAL,868,True
180936173404,pool1arx4x8ecnxu46xrpfj88hwm25j9gcy8080szvf62a0avke556v5,0,31,,,73,340000000,e8cd531f3899b95d18614c8e7bbb6aa48a8c10ef3be026274aebfacb,False,False,180936173404,0,False,Stakepool Germany,11351862872,3500000000,10200000000,1613681193,,4555488517,0.0093,0,0.0005,0.0007,0,0,0.0009,0,0.0028,SPG01,31,True
186275546180,pool16l9ph0cm42qk4h8wqlka3fw7ws7rvnj5n59xzy8ky4l8gnudugk,0,8,,,17,170000000,d7ca1bbf1baa816adcee07edd8a5de743c364e549d0a6110f6257e74,False,False,186423176942,0.01,False,Arcadian Crypto Pool 1,5790594700,4500000000,1923127575,1613677979,,2054290472,0.0077,0,0,0,0,0,0.0027,0,0.0052,RKDN,8,True
7365030542011,pool1cspe7naf0mtntwyysqxk6czah3jlh6v4cja8pdfju932yxsehnm,3,248,,,508,340000000,c4039f4fa97ed735b884800d6d605dbc65fbe995c4ba70b532e162a2,False,False,7881104753859,0,False,Cardano Blockhouse,106920360635,100000000000,84721445182,1613661979,,992835079462,0.0299,0,0.0178,0.0186,0.0070,0.0095,0.0211,0.0144,0.0223,CBH,2294,True
100000000,pool18y056s0echkc44dwnnd0hwanmrlnecxvkluwn339ukhnwnaz5v6,0,0,,,2,340000000,391f4d41f9c5ed8ad5ae9cdafbbbb3d8ff3ce0ccb7f8e9c625e5af37,False,False,100000000,0.15,False,Frankfurt Relay Digital Pool,100000000,100000000,0,1613645577,,0,0,0,0,0,0,0,0,0,0,FRED,0,True
1360197288,pool1mtnhc34ylrthfu7vzja3em2j5csaq3ewd5z294hs8xw2w6nupuf,0,2,,,8,345000000,dae77c46a4f8d774f3cc14bb1ced52a621d0472e6d04a2d6f0399ca7,False,False,1360197288,0.025,False,Transferium Network,1279861864,33000000000,709316152,1613620535,,753329957,0.0052,0,0,0,0,0,0,0,0,78653,2,True
1822684341,pool1ek4yc2mvmettdmkl7wjfpcjkp60xssq2urr9hc8ffx5ss73wdm0,0,0,,,3,345000000,cdaa4c2b6cde56b6eedff3a490e2560e9e68400ae0c65be0e949a908,False,False,1822684341,0.05,False,Mental Health Pool,35000000,500000000,0,1613617588,,0,0,0,0,0,0,0,0,0,0,MIND,0,True
25825259,pool15xdvllxmlzhz0ct3u35wv3gmzxym06zwg3l6ltuqmcsmv9jq527,0,0,,,1,345000000,a19acffcdbf8ae27e171e468e6451b1189b7e84e447fafaf80de21b6,False,False,25825259,0.15,False,,25825259,500000000,0,1613616868,,0,0,0,0,0,0,0,0,0,0,,0,True
885864435374,pool1gha260s6hx855p49fc735w78p0kcp4hyxl8glymp5k5muk9jkgm,0,234,,,315,340000000,45faad3e1ab98f4a06a54e3d1a3bc70bed80d6e437ce8f9361a5a9be,False,False,886213303164,0.04,False,NSPYR POOL,152020086124,150000000000,95148514894,1613604470,,375333130442,0.0340,0,0.0134,0.0088,0.0145,0.0087,0.0111,0.0080,0.0116,NSPYR,763,True
3734720474,pool179u2dtcn92xv7n05dldlevt6hcu5v3p7g4aaqva2fm8qjzu7lpc,0,2,,,8,340000000,f178a6af132a8ccf4df46fdbfcb17abe3946443e457bd033aa4ece09,False,False,3734720474,0.02,False,RiseUp,1802630979,1000000000,696643919,1613599851,,815552083,0.0054,0,0,0,0,0,0,0,0,RISUP,2,True
1322858,pool1wkk7mlwet6pgqk9gd706trlw25vnu9a7ygvrugap0swjcfty7vd,0,0,,,1,340000000,75adedfdd95e828058a86f9fa58fee55193e17be22183e23a17c1d2c,False,False,1322858,0.05,False,ADA Aus Stake Pool,1322858,6050000000,0,1613593297,,0,0,0,0,0,0,0,0,0,0,ADAAU,0,True
12201091746139,pool1pfdd8d8n7jx0xnk4uev3x36se87c747w6l2d5x7fanh5w9evhw2,2,285,bravostakepool.nl,1,395,340000000,0a5ad3b4f3f48cf34ed5e659134750c9fd8f57ced7d4da1bc9ecef47,False,False,12203413484501,0,False,Bravo pool Two,527007922892,501000000000,96371615166,1613591625,,537657470096,0.0272,0,0.0225,0.0231,0.0155,0.0172,0.0239,0.0217,0.0240,BRAVO,1441,True
11383936449,pool1rpdfq9gm9ls0q8tnc2ssnpg5av3hm5ehktul7cfznjvjxyku2k6,0,0,,,6,345000000,185a90151b2fe0f01d73c2a1098514eb237dd337b2f9ff61229c9923,False,False,11383936449,0.075,False,POPADA,240619014,100000000,0,1613578424,,0,0,0,0,0,0,0,0,0,0,PADA,0,True
2646822,pool1gaq7x3ejv47cykw2wrcyt99f3gcy3ayyuxsf6gqvd8j2jf90w4h,0,0,,,2,340000000,4741e34732657d8259ca70f04594a98a3048f484e1a09d200c69e4a9,False,False,2646822,0.025,False,Starfish Stake Pool,2646822,25000000000,0,1613573523,,0,0,0,0,0,0,0,0,0,0,STARF,0,True
106115657,pool1x96hyvvamshl5ymcpdshz4ymqjp33vvz9s8dx06xxwpzzkhgra7,0,2,,,4,340000000,317572319ddc2ffa13780b6171549b048318b1822c0ed33f46338221,False,False,106115657,0.01,False,Ada best pool pro,6821475,0,0,1613568081,,2839731596,0.0453,0,0,0,0,0,0,0,0,ABPP,6,True
17087143254,pool1jmw0strgchxurvgamymrexjn2lypxslexaz0q7la3078vnple57,0,3,,,5,340000000,96dcf82c68c5cdc1b11dd9363c9a5357c81343f93744f07bfd8bfc76,False,False,17087143254,0.03,False,ADA Connect,11350940266,10000000000,1040096990,1613524525,,649802745,0.0068,0,0,0,0,0,0,0,0,ADAC0,3,True
1252726081400,pool1jxv3my3c70e8pfr0cgm6esatehey2ml3v0qk8x236aw32eu0fcy,0,233,,,254,250000000,91991d9238f3f270a46fc237acc3abcdf2456ff163c1639951d75d15,False,False,1252600875599,0.01,False,ADA Coinz,224379340973,100000000000,72953968745,1613520473,,261605323929,0.0292,0,0.0081,0.0081,0,0,0.0051,0.0010,0.0132,COINZ,638,True
13575220788101,pool1ujcu3myfg9wwvdyh2ks653954lamtufy3lefjs73jrr327q53j4,5,321,,,93,340000000,e4b1c8ec89415ce6349755a1aa44b4affbb5f1248ff29943d190c715,False,False,13580103492521,0.04,False,Pudim's pool,80455698757,50000000000,181968549396,1613518757,,1764534870499,0.0328,0,0.0216,0.0219,0.0100,0.0158,0.0231,0.0183,0.0235,PUDIM,3723,True
101924863,pool1erd30yrzqx4nvevnqu3cxmgv5nh6reau5ycxdulde7vq68zcrlz,0,1,,,2,340000000,c8db17906201ab3665930723836d0ca4efa1e7bca13066f3edcf980d,False,False,101924863,0.042,False,Carma pool,0,100000000000,361252110,1613501757,,403790101,0.0072,0,0,0,0,0,0,0,0,CARMA,1,True
0,pool10nug2zc80t6tz64awqr0362kfsh6yvje6xz2a6appzhzwe25nc5,0,0,,,1,340000000,7cf8850b077af4b16abd7006f8e9564c2fa23259d184aeeba108ae27,False,False,0,0,False,Wave's pool,0,12000000000,0,1613500284,,0,0,0,0,0,0,0,0,0,0,WAVES,0,True
31343571616785,pool1d3gckjrphwytzw2uavgkxskwe08msumzsfj4lxnpcnpks3zjml3,12,319,,,1396,170000000,6c518b4861bb88b1395ceb116342cecbcfb8736282655f9a61c4c368,False,False,31328217513086,0.0199,True,Cardano Fans,105057479244,100000000000,171188898598,1613481933,,4084119482475,0.0329,0,0.0227,0.0239,0.0130,0.0179,0.0253,0.0200,0.0266,CRFA,8482,True
233445021,pool16ga833sw8tzuvv83gq2gp6zyuwhj3lka4nevnauj5grpuq8y2al,0,0,unitegrity.com,0,3,345000000,d23a78c60e3ac5c630f1401480e844e3af28feddacf2c9f792a2061e,False,False,233445021,1,False,UniTEGRITY-Felix-01,198619454,100000000,0,1613446850,,0,0,0,0,0,0,0,0,0,0,UNIF1,0,True
150990903879,pool1axeed9wqmyvm8ttgdkpazx5dr0e6ezhucnzarpua0zpdg8ycqwl,0,0,,,5,340000000,e9b39695c0d919b3ad686d83d11a8d1bf3ac8afcc4c5d1879d7882d4,False,False,150990903879,0.03,False,Giveback,100496838386,100000000000,0,1613446637,,0,0,0,0,0,0,0,0,0,0,WWF,0,True
3140661415,pool1e603j2p4q346w8knqt2a8c96n8t9l5u4qdrv4kk50qvpgvh8hax,0,39,,,7,170000000,ce9f192835046ba71ed302d5d3e0ba99d65fd3950346cadad4781814,False,False,3140661415,0,False,HOLA Stake Pool,3089220713,3000000000,13495983073,1613418455,,41683168789,0.0246,0,0,0,0,0,0,0,0,HOLA,78,True
617280133945,pool1ah9fqr5pwdtjtw82nkkcskak4vtc2xjz70mkyselzvalgzd3jlt,0,104,,,5,340000000,edca900e81735725b8ea9dad885bb6ab17851a42f3f762433f133bf4,False,False,617280133945,0.03,False,Sylvanium-1,19898159690,5000000000,35950503821,1613407586,,41467390546,0.0175,0,0.0069,0.0050,0.0199,0.0136,0.0043,0.0070,0.0037,SYLV1,142,True
1649085566,pool1ret0s9eqs27nvw0k7y6vvv7nzfhpx3a86qyjnl4np79sk29q8f8,0,0,cardano-education.com,1,3,340000000,1e56f8172082bd3639f6f134c633d3126e1347a7d00929feb30f8b0b,False,False,1017431353888,0,False,Education Pool,0,0,0,1613398202,,0,0,0,0,0,0,0,0,0,0,edu,0,True
15441757122679,pool1uhy50u9y76nd6z2xmzt3mta0yc7g3gdssef8lheyyg7zzymgzm8,3,324,nu.fi,11,2238,340000000,e5c947f0a4f6a6dd0946d8971dafaf263c88a1b086527fdf24223c21,False,False,15436014263201,0.03,False,Nu.Fi & AdaLite A,1005635623,1000000000,241584301031,1613397914,,4275055083853,0.0374,0,0.0242,0.0235,0.0137,0.0182,0.0248,0.0219,0.0259,NUFIA,7908,True
1257789162,pool1w50f20mpxwtal3plsqmgrx2xxlg84hn7ep0fhlcajkhu77k8tfp,0,0,,,3,340000000,751e953f613397dfc43f803681994637d07ade7ec85e9bff1d95afcf,False,False,1257789162,0.02,False,Spane,754221182,100000000,0,1613367424,,0,0,0,0,0,0,0,0,0,0,SPANE,0,True
5836671990158,pool1j3umdcuxcewcxz98wm3sx5xqwgxx0v7z376xyjfq4jgejpvv8fz,0,321,masterstake.com,1,498,340000000,9479b6e386c65d8308a776e30350c0720c67b3c28fb4624920ac9199,False,False,5838053226605,0.02,False,Masterstake,10012104023,10000000000,141165903950,1613341202,,1906885416919,0.0367,0,0.0209,0.0202,0.0108,0.0130,0.0220,0.0218,0.0245,MASTR,3554,True
11697410668,pool14gw9d5yhxf5t6k68tqvpa95hragu78yuyr7lm9gz9d9dx2yz9s4,0,4,,,24,340000000,aa1c56d0973268bd5b4758181e96971f51cf1c9c20fdfd95022b4ad3,False,False,11697410668,0.015,False,European ADA Pool,8885249420,8850000000,1382085937,1613337317,,1450309997,0.0156,0,0,0,0,0,0,0,0,EUADA,4,True
1726782090,pool14g7yxpecpp2vt25nc7mjtf8q5g8n362wxksvpxz5fht35khqs0t,0,0,,,4,340000000,aa3c4307380854c5aa93c7b725a4e0a20f38e94e35a0c098544dd71a,False,False,1726782090,0.1,False,ETIRUCE POOL #1,10000000,10000000,0,1613322325,,0,0,0,0,0,0,0,0,0,0,EPOOL,0,True
1763331083,pool1sa0uepv2uzwd0g8sh5lkjzgwkcxrg3z4m5wyzgfh93pnwupsm8g,0,0,,,3,345000000,875fcc858ae09cd7a0f0bd3f69090eb60c344455dd1c4121372c4337,False,False,1763331083,0.015,False,Pimp my Cardano,1292868508,50000000,0,1613321637,,0,0,0,0,0,0,0,0,0,0,PIMP,0,True
334540525107,pool1ksfzungz56vxa9sy6hr54v5hf6qx8rmcu6734gqm3qlxucveed6,0,154,,,237,340000000,b4122e4d02a6986e9604d5c74ab2974e80638f78e6bd1aa01b883e6e,False,False,334363413427,0,False,EUSKL POOL,71782794727,5000000000,52372320427,1613297568,,108039992551,0.0228,0,0.0070,0.0056,0,0,0.0079,0.0134,0.0062,EUSKL,307,True
0,pool17m6ue6rcq7fmvxpvr22s9umscgzlw7fuy9ywrkzr2trncnj5nx9,0,0,,,0,340000000,f6f5cce8780793b6182c1a9502f370c205f7793c2148e1d84352c73c,False,False,0,0.15,False,Finanovate ADA Staking Pool,0,2000000000,0,1613273575,,0,0,0,0,0,0,0,0,0,0,FIADA,0,True
6542797301,pool126ut5j5qz5wg09sjxrjugmjhqyslgam9cyj7a275y99l6n3gql0,0,0,,,10,340000000,56b8ba4a80151c87961230e5c46e570121f47765c125eeabd4214bfd,False,False,6542797301,0.02,False,BIOME Pool,1210482,10000000000,0,1613267587,,0,0,0,0,0,0,0,0,0,0,BIOME,0,True
306331688,pool1ncst8jldzmwa4s874u3x4q7seqjyq3njc89a2w2056m2ywktd6w,0,0,,,4,340000000,9e20b3cbed16dddac0feaf226a83d0c824404672c1cbd5394fa6b6a2,False,False,306331688,0.99,False,Proud Staking,53738926,0,0,1613266444,,0,0,0,0,0,0,0,0,0,0,PROUD,0,True
36127816550,pool17ajuw0arwq8klfe4xy8tcqj4yetp8kerl4amzn5dsnne20wlnsa,0,8,,,340,340000000,f765c73fa3700f6fa735310ebc0255265613db23fd7bb14e8d84e795,False,False,36127816550,0,False,ELLADA,6780084325,10000000000,2720000000,1613252991,,2702446775,0.0070,0,0,0,0,0,0,0,0,HELAS,8,True
1084237796617,pool1q5za50d3sr707xkmjtyrs0v76ezxyj8g8uhggfk0wfl77aufd9k,0,154,,,16,340000000,0505da3db180fcff1adb92c8383d9ed6446248e83f2e8426cf727fef,False,False,1084237796617,0.01,False,,742606558912,725000000000,51123963468,1613245453,,246431127088,0.0308,0,0,0,0,0,0.0001,0,0.0062,,484,True
11350484526410,pool1qgmwcxs8d8qmr0vtvsqd9u8gugrventh5dcqukmu79e2sgfuu8t,5,320,,,5863,170000000,0236ec1a0769c1b1bd8b6400d2f0e8e206cccd77a3700e5b7cf172a8,False,False,11310076375623,0.05,False,CLAY,103201157336,100000000000,198339591924,1613229105,,2529949870258,0.0314,0,0.0249,0.0241,0.0090,0.0204,0.0251,0.0230,0.0219,CLAY,5236,True
6008222335,pool1x9ar8wy7ljw83ppe6y9p6h2yskrmf5dfa0td36ypk6vtgqzwqh7,0,1,,,7,340000000,317a33b89efc9c788439d10a1d5d448587b4d1a9ebd6d8e881b698b4,False,False,6008222335,0.025,False,Target,5754184727,5754000000,349855678,1613220372,,482928269,0.0141,0,0,0,0,0,0,0,0,TRGT,1,True
26701952471,pool1q8sll5g69z98q6mmu5teg7zn4fnlsqjyq898e6cxmec0cj9lk6r,0,1,,,7,340000000,01e1ffd11a288a706b7be517947853aa67f8024401ca7ceb06de70fc,False,False,29713345147,0.02,False,MATRIX,105927120,100000000,347804680,1613217277,,382429350,0.0084,0,0,0,0,0,0,0,0,MATRX,1,True
90645611,pool1fspfv7z8l8755une5vt8drk7aufenxlucnl0p09sy8vxjw5kz3y,0,1,,,4,340000000,4c02967847f9fd4a7279a316768edeef13999bfcc4fef0bcb021d869,False,False,90645611,0.001,False,Platinum Pool,0,1000000000,340396350,1613194258,,395954270,0.0311,0,0,0,0,0,0,0,0,PLAT,1,True
739397341467,pool1vkngxunyagwen690yn36pa2v6jecyxgeavl9nva9dwzhu22fzt7,0,178,,,79,340000000,65a6837264ea1d99e8af24e3a0f54cd4b3821919eb3e59b3a56b857e,False,False,739397341467,0,False,Love2Stake: 0.00% Fee & 100% Rewards,1530004019,500000000,57120000000,1613172880,,109555862911,0.0225,0,0.0032,0.0022,0,0,0.0011,0,0.0050,LOVE2,296,True
288793994520,pool16wt6mzvytu9key68efv7cx6zfkqn0d9kzlnt746cyuv0zj3nxh8,0,68,,,8,170000000,d397ad89845f0b6c9347ca59ec1b424d8137b4b617e6bf57582718f1,False,False,289491413032,0,False,BananaBit Pool,13048922801,10000000000,20283530234,1613170242,,18167751153,0.0134,0,0.0195,0.0235,0,0,0.0202,0.0153,0.0122,BANAN,76,True
11380951542638,pool1ue4ngerz28nkpstsr5p53qvl5ulq3jtmllj4my0d0n28yyrn4l4,5,317,,,57,340000000,e66b34646251e760c1701d0348819fa73e08c97bffe55d91ed7cd472,False,False,11372932989271,0.01,False,StakePools Cardano Pool,83653420607,50000000000,121980423290,1613145691,,1476156518761,0.0318,0,0.0103,0.0149,0.0146,0.0097,0.0174,0.0048,0.0209,STP,3027,True
397921363,pool1pmcgmdd2984nzs2azxmau9umr49sqf3sr0kgphhra6yfg67nt00,0,1,,,2,345000000,0ef08db5aa29eb31415d11b7de179b1d4b0026301bec80dee3ee8894,False,False,397921363,0.02,False,Antverpia,397921363,10000000000,353186650,1613125791,,401145875,0.0053,0,0,0,0,0,0,0,0,ANR,1,True
5398685,pool1tuux2sctklrlzsh34w4gquz2wtundky30fvrn0qky5p7qr5n00d,0,0,,,1,345000000,5f3865430bb7c7f142f1abaa80704a72f936d8917a5839bc162503e0,False,False,5398685,0.15,False,,5398685,100000000,0,1613107277,,0,0,0,0,0,0,0,0,0,0,,0,True
1822883,pool15jlf23neurgga440wxfux2g4pk0pwjm0t9mvvzvs0npvy59mdpn,0,0,,,2,345000000,a4be954679e0d08ed6af7193c329150d9e174b6f5976c609907cc2c2,False,False,1822883,0.02,False,BardoPool1,1822883,2500000000,0,1613100050,,0,0,0,0,0,0,0,0,0,0,BARD1,0,True
2481200527592,pool1lrnyqdlrj97d0ju5j6d9xa8prw0xeyumfd53rz5wk3gf7czqzjz,0,303,,,574,340000000,f8e64037e3917cd7cb94969a5374e11b9e6c939b4b69118a8eb4509f,False,False,2482673560202,0.01,False,Tygar,111569084807,100000000000,108283386447,1613076491,,562041542859,0.0322,0,0.0149,0.0178,0.0103,0.0102,0.0161,0.0133,0.0177,TYGAR,1222,True
3136691715,pool1k9xjmvud972vng83669mkveaedteaprnfflqv047y66ugtqjyyq,0,0,myadapoolnamerocks.com,1,5,345000000,b14d2db38d2f94c9a0f1d68bbb333dcb579e84734a7e063ebe26b5c4,False,False,3136691715,0.15,False,SXYGRL,498625042,100000000,0,1613063159,,0,0,0,0,0,0,0,0,0,0,SXGRL,0,True
5897241761,pool1ugwj76z4cx6sywscud8ntd2m9tg3gyesmnnl35qr2l5mu06pe3x,0,2,,,2,340000000,e21d2f6855c1b5023a18e34f35b55b2ad1141330dce7f8d00357e9be,False,False,5897241761,0,False,The JDFR pool,5895099116,5000000000,680000000,1613062853,,2266542266,0.0306,0,0,0,0,0,0,0,0,JDFR,4,True
533517462,pool1nhstzc6dk7d04k83yfccyrylzewhpd422kall4u6a5ck5c0pw3q,0,0,,,7,340000000,9de0b1634db79afad8f12271820c9f165d70b6aa55bbffd79aed316a,False,False,533517462,0.01,False,K2 Pool,120856153,100000000,0,1613055582,,0,0,0,0,0,0,0,0,0,0,K2P,0,True
76301883323,pool1r7tn56lj5j7te7zyj3wvqn0wyw8tr3g96chw6lwnqxjmgggrfd8,0,13,,,31,340000000,1f973a6bf2a4bcbcf844945cc04dee238eb1c505d62eed7dd301a5b4,False,False,76301883323,0.024,False,Julien Aklei,10000000,2500000000,4511518560,1613035220,,3708163618,0.0100,0,0,0,0,0,0,0,0,AKLEI,13,True
0,pool1u6r6439cne2ymaa2sn98c4l8wqkgcsg6pj3wr523j92f6744qcu,0,0,,,3,340000000,e687aac4b89e544df7aa84ca7c57e7702c8c411a0ca2e1d15191549d,False,False,0,0.01,False,NORWAY,0,1000000000,0,1612960180,,0,0,0,0,0,0,0,0,0,0,NOR,0,True
77609805810,pool1meljzszklf23y97ka5sjqwasnel50xe5ar68gz70slm0jmt2wxs,0,77,,,163,340000000,de7f214056fa551217d6ed21203bb09e7f479b34e8f4740bcf87f6f9,False,False,77609805810,0.03,True,The Morphium,1091988784,1000000000,34974900442,1612940849,,224370143923,0.0280,0,0,0,0,0,0.0050,0,0.0077,MRPHM,415,True
1561682531260,pool17xh922cr9skc0fqk7sr8at6xx6eluh5qyv9p7ca2x0mtc3st0mz,1,229,,,860,170000000,f1ae552b032c2d87a416f4067eaf4636b3fe5e80230a1f63aa33f6bc,False,False,1547953980792,0.02,False,SeasideStaking,43510853800,40000000000,62553656915,1612896619,,179501951196,0.0236,0,0.0240,0.0228,0,0.0146,0.0170,0.0214,0.0175,SEA,477,True
59755442360,pool15lp37f7da0guj662jcxy0eyc49s5gxudcd93j8qz4nfcvuhrsf9,0,129,,,99,340000000,a7c31f27cdebd1c96b4a960c47e498a961441b8dc34b191c02acd386,False,False,59755442360,0,False,SCV Pool,2899232564,100000000,43951623082,1612873394,,345652557795,0.0374,0,0,0,0,0,0,0,0,SCV01,571,True
864347752201,pool1vvesqladm29fuzrv93px5qse0upw82a579lz9063xsfrz7yef7z,0,116,,,19,340000000,6333007fadda8a9e086c2c426a02197f02e3abb4f17e22bf51341231,False,False,864347752201,0,False,8SQRD Cardano Stake Pool,96666776188,51000000000,39559597108,1612866216,,45766776372,0.0152,0,0.0006,0.0005,0.0004,0.0003,0.0068,0.0004,0.0060,8SQRD,172,True
63318743524226,pool1uj4u73qgtprqre78q75fq2vkcrpfrcdreqcqkvn6u0m2k6nk2yp,13,326,everstake.one,6,27229,400000000,e4abcf4408584601e7c707a8902996c0c291e1a3c8300b327ae3f6ab,False,False,62250526494208,0.04,False,Everstake,1500218435,1000000000,424408350797,1612860558,,8047111412290,0.0323,0,0.0221,0.0224,0.0125,0.0146,0.0237,0.0199,0.0253,EVE1,16911,True
1908340000134,pool18p7p752cjnf9z8g70ygkre5cstwmgfatzuqm0tm3n2xf739j8k8,0,172,,,165,170000000,387c1f515894d2511d1e791161e69882ddb427ab1701b7af719a8c9f,False,False,1907639735948,0,True,Sagan Stake Pool,53611652716,5000000000,43871285031,1612831443,,81959340028,0.0198,0,0.0167,0.0181,0.0035,0.0137,0.0186,0.0148,0.0209,SAGAN,267,True
326466865,pool1s4ve6tap62x9khdvhkk9f8fj74ks5txuygsnu7wkujk3jd2c0jh,0,0,,,6,340000000,85599d2fa1d28c5b5dacbdac549d32f56d0a2cdc22213e79d6e4ad19,False,False,326466865,0,False,Craiva Stake Pool,0,15999000000,0,1612782967,,0,0,0,0,0,0,0,0,0,0,CRAI1,0,True
0,pool16wk6a0rmwplcv9wm6x8cyv6e77ey7zgluzne5jzqdqmfq52s69q,0,0,,,0,340000000,d3adaebc7b707f8615dbd18f823359f7b24f091fe0a79a4840683690,False,False,0,0,False,,0,5000000000,0,1612752726,,0,0,0,0,0,0,0,0,0,0,,0,True
0,pool19gspsgyjq9hdkm9crrr7n00fn5p62udpcujw5mjv86u0xua9yxr,0,0,,,1,340000000,2a20182092016edb6cb818c7e9bde99d03a571a1c724ea6e4c3eb8f3,False,False,0,0.01,False,Tierplace,0,1000000000,0,1612717727,,0,0,0,0,0,0,0,0,0,0,TIER,0,True
19297632500386,pool13annzt9hjfc822f0ejvxjf7fsmxd6cc28whpk5kagec6ggfmm7u,0,291,atomicwallet.io,2,35697,345000000,8f67312cb7927075292fcc986927c986ccdd630a3bae1b52dd4671a4,False,False,19122425132460,0.05,False,Atomic Nodes #3,2062690288,1000000000,379614959709,1612616811,,5325737633276,0.0303,0,0.0083,0.0075,0.0055,0.0127,0.0074,0.0112,0.0040,AWP3,9677,True
22679718536033,pool1nwt6mxqus3tpzrshky5h5kykz9rjpxmacrvw0z6yak9uk5p5045,10,325,danteachescrypto.com,1,2864,340000000,9b97ad981c8456110e17b1297a58961147209b7dc0d8e78b44ed8bcb,False,False,22612072358787,0.05,False,DigitalAssetNews Two,40320992855,40000000000,289435113869,1612554617,,3412287913394,0.0340,0,0.0227,0.0227,0.0085,0.0138,0.0239,0.0189,0.0248,DNEWS,6893,True
4094238622047,pool15j6hdfel6c6zcr8gu39qgp5xkrs264yn9hm8ynhaydjtxvmznxq,2,260,,,132,260000000,a4b576a73fd6342c0ce8e44a040686b0e0ad54932df6724efd2364b3,False,False,4053364354653,0,True,💡 ADA Skepsis 💡,22754267464,20000000000,83528891100,1612493181,,396245446153,0.0290,0,0.0166,0.0182,0.0133,0.0115,0.0219,0.0129,0.0226,ASKP,990,True
410901280841,pool12u28yewx8ycf6dj77lzpj6vvhjwp6veh6kxpc63h8fqnqqtlwmu,0,135,,,357,340000000,57147265c639309d365ef7c419698cbc9c1d3337d58c1c6a373a4130,False,False,410901280841,0,False,Noops Pool,103108156524,60000000000,47624305786,1612475091,,224678127254,0.0392,0,0.0001,0.0040,0,0,0.0024,0.0003,0.0052,NOOPS,411,True
14318063205523,pool1850xvydng5mkjzkwqw6566y7e6hsrgakc3y87jrnqrkrwdjua2p,5,326,,,741,340000000,3d1e6611b34537690ace03b54d689eceaf01a3b6c4487f487300ec37,False,False,14312042755763,1,False,BITA,17455182,10000000,523089728275,1612471244,,2310433964353,0.0298,0,0,0,0,0,0,0,0,BITA,5359,True
0,pool1x5ge78ks6jc0j8nsfwyqqhk2ukxlkvz7zxlm9utgk6405hh490n,0,36,iohk.io,33,1,500000000,35119f1ed0d4b0f91e704b88005ecae58dfb305e11bfb2f168b6aafa,False,False,0,1,False,Input Output Global (IOHK) - Private,0,1000000000000,781180109546,1612464804,,0,0,0,0,0,0,0,0,0,0,IOGP,1151,True
5018662003,pool18gxqszcsk9yt0jsnzc293556x5t0cd0xdepr69wta9rh23349j5,0,0,,,1,345000000,3a0c080b10b148b7ca13161458d29a3516fc35e66e423d15cbe94775,False,False,5018662003,0.15,False,Up And Byte Canada,5018662003,5000000000,0,1612463554,,0,0,0,0,0,0,0,0,0,0,UAB,0,True
20369775749,pool1whzghlghkuqn8qf3ehpm3a4rugv0xxmgzau43zqer2awy2rngef,0,0,,,11,340000000,75c48bfd17b701338131cdc3b8f6a3e218f31b6817795888191abae2,False,False,20369775749,0.03,False,Bull-Pool,10000000,10000000000,0,1612436752,,0,0,0,0,0,0,0,0,0,0,BULL1,0,True
457999378,pool1futpazj04ukh0754m6wexrr9gdezmrl6e0pksyhpc9gjql44l0y,0,0,myadapoolnamerocks.com,0,3,345000000,4f161e8a4faf2d77fa95de9d930c6543722d8ffacbc36812e1c15120,False,False,457999378,0,False,Shambhu,347416817,50000000,0,1612408293,,0,0,0,0,0,0,0,0,0,0,SMBU1,0,True
504683670,pool1kn059wyuuff0srprtvufv327th542l4c25e5hhcmwlsjymwr32d,0,0,,,3,340000000,b4df42b89ce252f80c235b3896455e5de9557eb855334bdf1b77e122,False,False,504683670,0.02,False,TrustIsCardano,503612018,500000000,0,1612394900,,0,0,0,0,0,0,0,0,0,0,TIC,0,True
12311490784030,pool1qetkrhjs9fll3nthuxk6zp0ssanf3rszg5wh8x79mg67gsg7vjv,2,322,adafrog.io,8,41,340000000,065761de502a7ff8cd77e1ada105f08766988e02451d739bc5da35e4,False,False,12314978429809,0.03,False,Diamond Pool,60710466819,50000000000,150208834147,1612371841,,1334176665066,0.0316,0,0.0173,0.0204,0.0040,0.0128,0.0209,0.0159,0.0220,CARAT,2832,True
101080977,pool1856hr68ypjteu686stdagfpv2sxjzguwzjxu946v8wdqzn0f67s,0,0,,,3,340000000,3d3571e8e40c979e68fa82dbd4242c540d21238e148dc2d74c3b9a01,False,False,101080977,0.01,False,Cardano Swiss,0,0,0,1612303293,,0,0,0,0,0,0,0,0,0,0,SWISS,0,True
49453016372165,pool142xwjhpcvtp7tahpmn8tlnek7smefp9wn66z67j8vjpmjxqdg56,9,327,garden-pool.com,4,1408,340000000,aa8ce95c3862c3e5f6e1dccebfcf36f4379484ae9eb42d7a476483b9,False,False,48112081565058,0.01,False,Garden Pool Five,17628721103,1000000000,188328019336,1612289356,,5905132257449,0.0322,0,0.0241,0.0246,0.0115,0.0164,0.0257,0.0212,0.0268,EDEN,13574,True
55701597824496,pool1cmaafeyy52ppz62jqmsm20c5p8nua7xx95lkkf96ktmqqj3w5td,21,327,garden-pool.com,3,1036,340000000,c6fbd4e484a28211695206e1b53f1409e7cef8c62d3f6b24bab2f600,False,False,55451990399394,0.01,False,Garden Pool Four,18333856307,1000000000,202584520177,1612287896,,5984478054902,0.0324,0,0.0239,0.0235,0.0130,0.0196,0.0249,0.0221,0.0265,EDEN,13646,True
917650407755,pool1p42f6kw9lkgw5tn77kqyrc22zrs4uq298p468gacwzw6gq0ckq2,1,177,,,65,170000000,0d549d59c5fd90ea2e7ef58041e14a10e15e0145386ba3a3b8709da4,False,False,916836636752,0.01,False,WISE-POOL,10030921886,5000000000,47121143580,1612263244,,134023768003,0.0277,0,0.0106,0.0144,0.0071,0.0095,0.0168,0.0141,0.0167,WISE,330,True
27020145401691,pool170hmssk80z2ameg7jhj5m8psnkjejcc77vfpd0875yggxhhntd0,10,319,,,6270,340000000,f3efb842c77895dde51e95e54d9c309da599631ef31216bcfea11083,False,False,14060896379389,0.02,False,21ADA,27368665211,25000000000,141453197486,1612242710,,1617135157301,0.0304,0,0.0209,0.0236,0.0071,0.0125,0.0252,0.0177,0.0256,21ADA,3738,True
2609445,pool1kxedw6c34730h344lz0s0z6848005qrs096l8l2whcwly3rcl27,0,0,,,1,340000000,b1b2d76b11afa2fbc6b5f89f078b47a9defa00707975f3fd4ebe1df2,False,False,2609445,0.075,False,VSETPool,2609445,0,0,1612231481,,0,0,0,0,0,0,0,0,0,0,VSET,0,True
3991496,pool1alukhlxd53jat03vgt5h4dxxqyaapzefhk9yrl40e4r3x5cr5au,0,42,,,5,340000000,eff96bfccda465d5be2c42e97ab4c6013bd08b29bd8a41feafcd4713,False,False,3991496,0.075,False,RFJIPool,2882480,0,67189278760,1612230293,,652547771610,0.0405,0,0,0,0,0,0,0,0,RFJI,989,True
4503424647,pool1fts0a4clzu7wyhdqw48cpg2kwvstzeqddtwj34pxfw9jgvznu0q,0,82,,,3,340000000,4ae0fed71f173ce25da0754f80a1567320b1640d6add28d4264b8b24,False,False,4503424647,0.075,False,OWJUPool,5031048,0,120230033946,1612229591,,1138961822799,0.0411,0,0,0,0,0,0,0,0,OWJU,1815,True
2224367741899,pool137j9xuzycq4jxfpsmjnc75w2wnpz68khlwvsh69kt5negg6ldhg,1,268,topopool.com,1,211,170000000,8fa4537044c02b232430dca78f51ca74c22d1ed7fb990be8b65d2794,False,False,2220156577159,0.01,False,The WHITE Project,944350832,50000000,79099032429,1612227924,,442085519982,0.0303,0,0.0117,0.0128,0.0027,0.0140,0.0178,0.0104,0.0204,WHITE,970,True
381025852,pool1jwgt6tydz6f4kw7la2hxxqwzq0m8spj3reyju08nm07xjnlg3d0,0,50,,,6,340000000,9390bd2c8d16935b3bdfeaae6301c203f67806511e492e3cf3dbfc69,False,False,381025852,0.075,False,ITVBPool,2260736,0,62031420572,1612223477,,555297930705,0.0478,0,0,0,0,0,0,0,0,ITVB,816,True
5088286,pool1klq8yy3rr6k4ez7uwkzz5ku3yuym3eeg6g2ne3p9f4hnzfycfkl,0,127,,,3,340000000,b7c07212231ead5c8bdc75842a5b912709b8e728d2153cc4254d6f31,False,False,5088286,0.075,False,HKZDPool,2493879,0,211919579568,1612222841,,2081088756303,0.0405,0,0,0,0,0,0,0,0,HKZD,3344,True
8202913,pool1qprj52nh0j32p5vq290rludcfz58kujyszt5ztfvj2ymx43649f,0,152,,,7,340000000,00472a2a777ca2a0d180515e3ff1b848a87b72448097412d2c9289b3,False,False,8202913,0.075,False,WHCZPool,2438019,0,242935687278,1612221591,,2358794048465,0.0401,0,0,0,0,0,0,0,0,WHCZ,3847,True
26594955408,pool1796kveuwxrquwhwnne5g99er50q6alcaf7yjf3kd6xr5vemfaqc,0,154,,,8,340000000,f17566678e30c1c75dd39e68829723a3c1aeff1d4f8924c6cdd18746,False,False,26594955408,0.075,False,YLGAPool,2070650,0,264227896948,1612220747,,2613000043777,0.0393,0,0,0,0,0,0,0,0,YLGA,4315,True
484352812,pool12h408zlkavwxw4wkw96mt8unjs8sn27k0yk4yhz4pzvsx0wvmq5,0,154,,,5,340000000,55eaf38bf6eb1c6755d67175b59f93940f09abd6792d525c55089903,False,False,484352812,0.075,False,FOEQPool,2201398,0,264894477620,1612218996,,2621223967112,0.0394,0,0,0,0,0,0,0,0,FOEQ,4346,True
16048296063,pool1fpkjz7j77m5ukhjx5xvspfttrs0578kyxa9hgn0458hk55wp784,0,149,,,6,340000000,486d217a5ef6e9cb5e46a19900a56b1c1f4f1ec4374b744df5a1ef6a,False,False,16048296063,0.075,False,DIPNPool,2339805,0,255925598280,1612218123,,2531538024346,0.0373,0,0,0,0,0,0,0,0,DIPN,4187,True
2735858,pool1p7x98437an7p6c7jf9zdkd0ekmw077q4a3c3r3lazxr0ccgf5vp,0,10,,,3,340000000,0f8c53d63eecfc1d63d24944db35f9b6dcff7815ec7111c7fd1186fc,False,False,2735858,0,False,IN DA HOOD,2498742,14000000000,3623295128,1612217652,,5403825354,0.0285,0,0,0,0,0,0,0,0,ROBIN,11,True
1531205348,pool1tpd9mcw6y5mx05gv9rgfkl6y0vsdswqs8qdexmf8vstkqk0snau,0,157,,,4,340000000,585a5de1da253667d10c28d09b7f447b20d83810381b936d27641760,False,False,1531205348,0.075,False,XJKGPool,2324504,0,266981929071,1612216757,,2634401301430,0.0389,0,0,0,0,0,0,0,0,XJKG,4379,True
217293417881,pool1ct59zfxfvtv74k3mmukq5faq7kc48wuxrstyxtd02pxluwf6mkh,0,218,,,169,750000000,c2e85124c962d9eada3bdf2c0a27a0f5b153bb861c16432daf504dfe,False,False,217979328860,0.25,False,Berlin Pool,9799167,5000000,88701193183,1612216569,,608035171627,0.0340,0,0,0,0,0,0,0,0.0002,BRLN,1288,True
101506989,pool1m4r66650ugw2xshz3gtred6wdxcn65v48r0r6p4vy64dy276q8h,0,168,,,4,340000000,dd47ad6a8fe21ca342e28a163cb74e69b13d519538de3d06ac26aad2,False,False,101537954,0.075,False,MOJWPool,2411433,0,282134091112,1612215125,,2775137831721,0.0379,0,0,0,0,0,0,0,0,MOJW,4696,True
18599471,pool1cljrz5vyw7jp2mp23nt9ywn2wdg5ulamhalw6d3mng326laxs77,0,170,,,3,340000000,c7e431518477a4156c2a8cd6523a6a73514e7fbbbf7eed363b9a22ad,False,False,18599471,0.075,False,BVUYPool,2531107,0,290013168813,1612214044,,2863920563468,0.0395,0,0,0,0,0,0,0,0,BVUY,4849,True
6470103,pool1xk3ck79lra9c9x5c684lylvg8vlexmh0eh7w90t6s0zvw6k5vn7,0,172,,,3,340000000,35a38b78bf1f4b829a98d1ebf27d883b3f936eefcdfce2bd7a83c4c7,False,False,6470103,0.075,False,ZDUHPool,2572427,0,292528200334,1612211591,,2886588128477,0.0392,0,0,0,0,0,0,0,0,ZDUH,4880,True
2427363683,pool1gwljutrkqx7km7ec2e8u93y0tvd8w07mgz2aaeqj75h9q7tntmq,0,185,,,5,340000000,43bf2e2c7601bd6dfb38564fc2c48f5b1a773fdb4095dee412f52e50,False,False,2427363683,0.075,False,OPSXPool,2300524,0,307531088003,1612209854,,3017109827481,0.0377,0,0,0,0,0,0,0,0,OPSX,5253,True
8017287026853,pool1dzkrcxlqgamf3dwgyh89nrx2xkwm7cfju9mp54eyqwulku73jxs,1,299,,,9,340000000,68ac3c1be0477698b5c825ce598cca359dbf6132e1761a572403b9fb,False,False,8019298086822,0.075,False,ARTHPool,2447909,0,385429404996,1612208222,,3516630837263,0.0347,0,0.0227,0.0220,0.0134,0.0139,0.0203,0.0185,0.0238,ARTH,6685,True
32560376468014,pool1qlxxw3zlgx0kgv2cel0n6z3a6yjs0w8grwtp5xwna8fm2g5tsda,13,319,,,12,340000000,07cc67445f419f643158cfdf3d0a3dd12507b8e81b961a19d3e9d3b5,False,False,32566493237131,0.075,False,JWERPool,2182349,0,474695853774,1612187174,,4534970622278,0.0327,0,0.0186,0.0196,0.0091,0.0124,0.0216,0.0148,0.0235,JWER,9319,True
6457609421,pool1y44fkeps7ftnnf495a7grfrwtt7hxcntaenyzu4x4vah5cud0mt,0,33,,,36,340000000,256a9b6430f25739a6a5a77c81a46e5afd73626bee664172a6ab3b7a,False,False,6457609421,0.02,False,crypto.ro,40052708,340000000,13537417544,1612112755,,33920303073,0.0291,0,0,0,0,0,0,0,0,CRO,66,True
0,pool15xy7ljyr733vtpvh65mpaq0lt5u9jqsr6u8urmjq7rxh6ne904c,0,0,,,2,340000000,a189efc883f462c58597d5361e81ff5d38590203d70fc1ee40f0cd7d,False,False,0,0.01,False,YUGEN,0,10000000000,0,1612108139,,0,0,0,0,0,0,0,0,0,0,YGEN,0,True
100257520,pool1p0jc0n0sqhj7fhm8sng8086akyyrsl085cvd6ewskhhly9tn3d0,0,0,,,1,340000000,0be587cdf005e5e4df6784d0779f5db108387de7a618dd65d0b5eff2,False,False,100257520,0,False,TugADA,100257520,100000000,0,1612100063,,0,0,0,0,0,0,0,0,0,0,TUGA,0,True
0,pool16l2ku9crvvrcq9mvl9z2w7mc9x6t49ug3756xfrgqyvc2e5y6hl,0,0,falconstakepool.com,1,0,340000000,d7d56e1703630780176cf944a77b7829b4ba97888fa9a32468011985,False,False,0,0.02,False,Falcon Cardano Stakepool,0,30000000000,0,1612071737,,0,0,0,0,0,0,0,0,0,0,F₳LCO,0,True
3341586976233,pool1qzlw76zztkg02rywyypyw6s0gtkg2zpkaxhl6cq7eauqg8h9659,1,325,bluecheesestakehouse.com,6,415,400000000,00beef68425d90f50c8e2102476a0f42ec850836e9affd601ecf7804,False,False,3340807074741,0.025,False,Blue Cheese Stakehouse,500023706502,500001950000,161564693559,1612064739,,1241915000969,0.0347,0,0.0132,0.0157,0.0032,0.0068,0.0183,0.0126,0.0204,BCSH6,2421,True
4013469423872,pool1qzlw756y0z6ehg9jkerrfrydr7qlvzl5pgset33h3h2akst593a,0,321,bluecheesestakehouse.com,5,742,340000000,00beef534478b59ba0b2b646348c8d1f81f60bf40a2195c6378dd5db,False,False,4014666743597,0.02,False,Blue Cheese Stakehouse,10001979702,10000000000,163634376733,1612064300,,1747419997207,0.0359,0,0.0190,0.0197,0.0124,0.0144,0.0219,0.0183,0.0238,BCSH5,3573,True
12533013758634,pool1qzlw7den2mlj0fmm65g0fnf46vyhzkhmdaf0f8v3s6skuue6rlk,2,326,bluecheesestakehouse.com,4,764,340000000,00beef373356ff27a77bd510f4cd35d309715afb6f52f49d9186a16e,False,False,12525989100883,0.02,False,Blue Cheese Stakehouse,10000000000,10000000000,238790872969,1612063437,,3122169322964,0.0351,0,0.0213,0.0234,0.0150,0.0160,0.0242,0.0180,0.0247,BCSH4,6654,True
4951309434365,pool1ytszp582dm9u5un6mevt9czgcnuqhflwfr9ly4ukpeqcughryqh,1,298,,,83,340000000,22e020d0ea6ecbca727ade58b2e048c4f80ba7ee48cbf257960e418e,False,False,4952707958437,0.02,False,LegaSystems,893654953347,800000000000,111331277691,1612042881,,522233446350,0.0273,0,0.0214,0.0214,0.0077,0.0103,0.0199,0.0121,0.0189,LEGA,1207,True
989434703024,pool1v5g4rmkk0394q6swgfusgzjjzrv9ajy8qntgpuumegka5xhpgam,0,36,,,23,340000000,651151eed67c4b506a0e4279040a5210d85ec88704d680f39bca2dda,False,False,989434703024,0.01,False,Jolly Roger's COFFR,253542748326,250000000000,12018126809,1612040783,,6883556481,0.0075,0,0.0046,0.0053,0,0,0.0064,0,0.0067,COFFR,48,True
2953199,pool1vhusc9c38uqkuspnecq6clcqadx86g8wpxfaadyxfwdrukh0kg0,0,0,dew-stake.com,1,1,340000000,65f90c17113f016e4033ce01ac7f00eb4c7d20ee0993deb4864b9a3e,False,False,2953199,0.02,False,Operated by Dew Staking Solutions,2953199,32000000000,0,1611945783,,0,0,0,0,0,0,0,0,0,0,MIST,0,True
65868,pool1jp3wtdhgpeu6qf53upw5rupaqwtl7pzvcuuyyn0f8u3xgx5755y,0,7,,,2,340000000,9062e5b6e80e79a02691e05d41f03d0397ff044cc738424de93f2264,False,False,65868,0.01,False,MARTE Pool,0,25000000000,2407037581,1611933783,,3059025301,0.0174,0,0,0,0,0,0,0,0,MARTE,8,True
2136948271,pool10usr6ag036ujwhmm85km8w0skjn3fp3dwnktt8sje4lfvwhu40u,0,0,,,3,345000000,7f203d750f8eb9275f7b3d2db3b9f0b4a714862d74ecb59e12cd7e96,False,False,2136948271,0.019,False,WALDOpools,2081122,66000000000,0,1611921536,,0,0,0,0,0,0,0,0,0,0,WALDO,0,True
54425994395,pool14cteh4nuwyvqadavujaf8qy05g208y66ddmct4vwlzurj0zluet,0,36,,,98,340000000,ae179bd67c71180eb7ace4ba93808fa214f3935a6b7785d58ef8b839,False,False,54425994395,0.03,False,Crypto Nobes Official Stake Pool,1148290062,1000000000,12869116434,1611914628,,25828786155,0.0255,0,0,0,0,0,0,0,0,NOBES,55,True
12474591748966,pool16v0jqnz2zuqsdrf6z94ec5rx9ds0xeghsvmddauzt6j5w2u7lsm,5,326,ada.ibexpool.com,0,34,340000000,d31f204c4a1701068d3a116b9c50662b60f365178336d6f7825ea547,False,False,12467580451829,0.024,False,IBEX ADA Pool,4567707900,5000000,156221091742,1611913619,,1802163763694,0.0334,0,0.0250,0.0244,0.0131,0.0216,0.0242,0.0244,0.0240,IBEX,3646,True
218055983,pool1snauzgh8r7tww3emfmdt58dt4hpvyjc23j0nj3h0ql2wwzgdkp9,0,0,,,2,340000000,84fbc122e71f96e7473b4edaba1dabadc2c24b0a8c9f3946ef07d4e7,False,False,218055983,0,False,ViaMaple Pool,218055983,200000000,0,1611894321,,0,0,0,0,0,0,0,0,0,0,VIAMA,0,True
598614966,pool1rqwhzyfvm8uh6qseqpkkz2uvga0ufr0aaavrw7nynytuxy9uj6c,0,0,,,1,340000000,181d71112cd9f97d0219006d612b8c475fc48dfdef58377a649917c3,False,False,598614966,0.15,False,Coinstash,598614966,100000000,0,1611845629,,0,0,0,0,0,0,0,0,0,0,CSS,0,True
9782565938838,pool15r7xg0vrrv2yu8wj3866eap8ftkuxvdk5rjz2lh4xajjq5v3p5d,3,328,nu.fi,10,1112,340000000,a0fc643d831b144e1dd289f5acf4274aedc331b6a0e4257ef5376520,False,False,9800856379950,0.03,False,Nu.Fi & AdaLite 0,1002829501,1000000000,282221691764,1611747080,,5556544817778,0.0369,0,0.0190,0.0204,0.0062,0.0116,0.0227,0.0162,0.0234,NUFI0,10039,True
2532541028,pool16uja2pt05ddq9mzcsw9xkv40qdl7sm00nvpj0h4arn0fgl2xrae,0,13,,,1,340000000,d725d5056fa35a02ec58838a6b32af037fe86def9b0327debd1cde94,False,False,2532541028,0.02,False,VIXZ,2532541028,100000000,4534884369,1611607685,,5629334453,0.0210,0,0,0,0,0,0,0,0,VIXZ,14,True
193405639623,pool16lwqfp7cpvzwn6mhu0gj3h4aa5k6j9my0he4mgjjva5f7vvnkw2,0,42,,,44,340000000,d7dc0487d80b04e9eb77e3d128debded2da917647df35da25267689f,False,False,193405639623,0.015,False,A New Pool for A New Africa,30002476629,30000000000,14545523070,1611565181,,16958332186,0.0135,0,0,0,0,0,0,0,0.0009,ANEW,53,True
11959469785863,pool13pt7us94nw782t5v4d89sz8zqn8hcn8r8r7hhph5mvxvvp3c76v,3,292,digi.pro,5,881,170000000,8857ee40b59bbc752e8cab4e5808e204cf7c4ce338fd7b86f4db0cc6,False,False,11965256118600,0.025,True,Digital Fortress,100026776202,100000000000,107568998169,1611543347,,1774509557739,0.0335,0,0.0239,0.0234,0.0058,0.0126,0.0238,0.0166,0.0255,DIGI6,3694,True
4427981270880,pool1jql92je87mrx5gpjhmwr6a8a766cktcf5p0p8wd0wxq87nu80yf,2,326,digi.pro,4,975,170000000,903e554b27f6c66a2032bedc3d74fdf6b58b2f09a05e13b9af71807f,False,False,4415780328095,0.025,True,Digital Fortress,100026623089,100000000000,104731708634,1611543306,,1140978714993,0.0341,0,0.0185,0.0209,0.0154,0.0206,0.0208,0.0152,0.0218,DIGI5,2245,True
561645229,pool1kez2gdqpwq2d3xd5k5q4enea59sp8tmgqsyt0rtmgxvuyykz8qg,0,1,,,3,345000000,b644a434017014d899b4b5015ccf3da16013af680408b78d7b4199c2,False,False,561645229,0.04,False,Cardano Simple,10176589,35130209624,363567044,1611425390,,445609079,0.0057,0,0,0,0,0,0,0,0,CSPS1,1,True
386776730647,pool1nwddjgvjrke3e2gu6m0a7y04alhgcx4egec6dd9gahr5sz0p5u9,0,40,,,34,170000000,9b9ad921921db31ca91cd6dfdf11f5efee8c1ab94671a6b4a8edc748,False,False,386776730647,0.022,False,BreizhStakePool,62351101858,60000000000,11376014182,1611319091,,10876441539,0.0145,0,0.0083,0.0055,0,0,0.0057,0.0110,0.0091,BZH,43,True
691742718,pool1wfvreaqszfzxe5w2swwpqpy7e4jax9nyky0x855xqswkzq4v7zf,0,169,binance.com,41,4,345000000,72583cf41012446cd1ca839c10049ecd65d31664b11e63d286041d61,False,False,691742718,0.06,False,Binance Staking - 59,3000000,2000000,439152516637,1611301485,,5902774414241,0.0399,0,0,0,0,0,0,0,0,BNP,9647,True
13212819,pool18j42fxelgk53gumv8y7f039mscg6kl2lvmktfcs5aymqvx728d8,0,166,binance.com,40,3,345000000,3caaa49b3f45a914736c393c97c4bb8611ab7d5f66ecb4e214e93606,False,False,13212819,0.06,False,Binance Staking - 58,3000000,2000000,434425222364,1611301422,,5822522340403,0.0405,0,0,0,0,0,0,0,0,BNP,9517,True
4175519940,pool15auyy282239uj3z4uah4y74wu5exdy5lpwegj6yn5pzy7g4rv3r,0,166,binance.com,39,4,345000000,a7784228ea544bc94455e76f527aaee53266929f0bb2896893a0444f,False,False,3926864454,0.06,False,Binance Staking - 57,3000000,2000000,429932235995,1611301376,,5758435852110,0.0400,0,0,0,0,0,0,0,0,BNP,9385,True
15975454486,pool15fgwk5vxn34efj79qlfzuahdpu6ax8x2hkchyh8mehdh23q0nqz,0,166,binance.com,38,13,345000000,a250eb51869c6b94cbc507d22e76ed0f35d31ccabdb1725cfbcddb75,False,False,15975454486,0.06,False,Binance Staking - 56,3000000,2000000,430306729880,1611300870,,5766303269382,0.0400,0,0,0,0,0,0,0,0,BNP,9382,True
8636078490,pool1k3qcz2ruwtgv0vduu6jhzu7d7uu6ca7sxz7lc3sxzwxay98k842,0,166,binance.com,37,9,345000000,b44181287c72d0c7b1bce6a57173cdf739ac77d030bdfc4606138dd2,False,False,8636078490,0.06,False,Binance Staking - 55,3000000,2000000,435548329956,1611300814,,5850549986570,0.0406,0,0,0,0,0,0,0,0,BNP,9550,True
272769827,pool10cqp98vsdtam5p4xkfuleahy99vcdggsfdl4cszxcefmcheexma,0,164,binance.com,36,8,345000000,7e00129d906afbba06a6b279fcf6e4295986a1104b7f5c4046c653bc,False,False,271974327,0.06,False,Binance Staking - 54,3000000,2000000,431489774941,1611300785,,5776850133060,0.0407,0,0,0,0,0,0,0,0,BNP,9436,True
543828226,pool1h66njz7qg7p3sa9dd8mptfhsy04pyxr9ca0v8zwkcz3eyg3g3au,0,164,binance.com,35,10,345000000,beb5390bc047831874ad69f615a6f023ea121865c75ec389d6c0a392,False,False,543828226,0.06,False,Binance Staking - 53,3000000,2000000,437849435449,1611300267,,5890464349530,0.0414,0,0,0,0,0,0,0,0,BNP,9574,True
2308578993,pool1vcnevxtlwswfh8cdnqc9xrgpxq8wt33l2jtcfle2eqwpwd9997d,0,164,binance.com,34,8,345000000,662796197f741c9b9f0d9830530d01300ee5c63f549784ff2ac81c17,False,False,1275164002,0.06,False,Binance Staking - 52,3000000,2000000,430071180894,1611300210,,5851352532725,0.0406,0,0,0,0,0,0,0,0,BNP,9397,True
768468120,pool1grlhzfvd93ea4832tm36hwd7y4h8ghnlwnp3awx5heffjttgf0u,0,170,binance.com,33,5,345000000,40ff71258d2c73da9e2a5ee3abb9be256e745e7f74c31eb8d4be5299,False,False,768468120,0.06,False,Binance Staking - 51,3000000,2000000,435555555295,1611300162,,5819378375185,0.0395,0,0,0,0,0,0,0,0,BNP,9561,True
1789907529,pool1j6jx6knedgcysdyjcdchlq9hcmhc062jttck9lav7a8aklta6mk,0,169,binance.com,32,8,345000000,96a46d5a796a30483492c3717f80b7c6ef87e9525af162ffacf74fdb,False,False,1789907529,0.06,False,Binance Staking - 50,3000000,2000000,439491368243,1611299118,,5912126509001,0.0402,0,0,0,0,0,0,0,0,BNP,9649,True
8219804604,pool19jyw8flky7da5y20jtdme4utwd8sa0l5pletmnny06w9xx05eqc,0,161,binance.com,31,8,345000000,2c88e3a7f6279bda114f92dbbcd78b734f0ebff40ff2bdce647e9c53,False,False,8219804604,0.06,False,Binance Staking - 49,3000000,2000000,419678306556,1611298865,,5704745776764,0.0406,0,0,0,0,0,0,0,0,BNP,9091,True
324274281,pool1ydf0337sh8ct7ke59sf46ke9eygyj80wc9zqhkwjw7v6vmlxp59,0,159,binance.com,30,4,345000000,2352f8c7d0b9f0bf5b342c135d5b25c910491deec1440bd9d27799a6,False,False,1170568560,0.06,False,Binance Staking - 48,3000000,2000000,412809471224,1611298662,,5607948367549,0.0403,0,0,0,0,0,0,0,0,BNP,8935,True
138329304443,pool1s2gxepqa5r6qzze05x3vxunt24cmqth2d2lmfrtudfqcg5c78kw,0,156,binance.com,29,7,345000000,82906c841da0f4010b2fa1a2c3726b5571b02eea6abfb48d7c6a4184,False,False,138329304443,0.06,False,Binance Staking - 47,3000000,2000000,412494476577,1611297662,,5619224003229,0.0412,0,0,0,0,0,0,0,0,BNP,8934,True
1612643817,pool1nwvfpwq36ea6ne5czpvpun7pr89qcg654kmu6ml4vjc2xzwlx4u,0,155,binance.com,28,7,345000000,9b9890b811d67ba9e69810581e4fc119ca0c2354adb7cd6ff564b0a3,False,False,1612643817,0.06,False,Binance Staking - 46,3000000,2000000,402496275226,1611297081,,5467991305165,0.0401,0,0,0,0,0,0,0,0,BNP,8680,True
30243192745,pool1y7wn47wcnqnp5xvxp67qtmkhjyzfzhc94k0kjc94xrp6y0wyaxe,0,169,binance.com,27,29,345000000,279d3af9d898261a19860ebc05eed79104915f05ad9f6960b530c3a2,False,False,30491502797,0.06,False,Binance Staking - 45,3000000,2000000,307615064251,1611296500,,3855716420930,0.0409,0,0,0,0,0,0,0,0,BNP,6184,True
7772937235133,pool1zj4h7kc6v53q9r8x3fwzfuayf2frwme8u5k86gu0uzeeuvqxgul,0,316,,,1481,340000000,14ab7f5b1a6522028ce68a5c24f3a44a92376f27e52c7d238fe0b39e,False,False,7789731923586,0.03,False,CHEEKY CRYPTO,10754734636,10000000000,141667544763,1611192317,,1139703965080,0.0326,0,0.0196,0.0220,0.0121,0.0101,0.0203,0.0113,0.0218,CHEEK,2346,True
0,pool1c5ntzp7mm3rgmyxugx96eecycjupu8v3mcq9wylzxjgsujrj98j,0,0,,,1,340000000,c526b107dbdc468d90dc418bace704c4b81e1d91de005713e234910e,False,False,0,0.075,False,,0,10000000000,0,1611180393,,0,0,0,0,0,0,0,0,0,0,,0,True
43718565581605,pool1a4qtpgce7cu6wzc79fx7qrc3938hkl2gf8c2h5jugvm2gnu86l7,12,329,hodlada.today,1,3441,500000000,ed40b0a319f639a70b1e2a4de00f112c4f7b7d4849f0abd25c4336a4,False,False,43667335146280,0.0215,False,HodlAda,8394750686178,8313000000000,310404130149,1611144238,,8190459777207,0.0345,0,0.0215,0.0225,0.0128,0.0159,0.0251,0.0176,0.0255,HODLA,16598,True
1000000,pool13682rvnneuwl5j7tfh0zfp2t808zujjdrw499qkahuxd6zqxz00,0,0,,,1,345000000,8e8ea1b273cf1dfa4bcb4dde24854b3bce2e4a4d1baa5282ddbf0cdd,False,False,1000000,0,False,,1000000,761705955,0,1611119424,,0,0,0,0,0,0,0,0,0,0,,0,True
290847223400,pool1xdgzul0qespnz56zzrckwf4hcryyql9ypc4tya2dlu9a22h43ag,0,84,,,42,170000000,33502e7de0cc0331534210f16726b7c0c8407ca40e2ab2754dff0bd5,False,False,290847223400,0.02,False,BIKES Stake Pool,100481907748,100000000000,27349631074,1611100318,,32303564740,0.0187,0,0.0038,0.0026,0,0,0.0080,0,0.0069,BIKES,106,True
1271268936695,pool1pzqdfptvl5f8vh28az37jag2wkfmqz9x8d6eufl8y0z9q34hlr7,0,281,,,38,340000000,0880d4856cfd12765d47e8a3e9750a7593b008a63b759e27e723c450,False,False,1271269600397,0.04,False,VICE 💚 CardanoWall.com,1006351962190,1000000000000,155766322980,1611048291,,1435672057978,0.0321,0,0.0120,0.0139,0.0003,0.0002,0.0124,0.0067,0.0222,VICE,2996,True
30550572005,pool1pu49urd00qf9zzeghrks03tvszzvrdzecw649ag5dwd07snx69n,0,30,,,9,340000000,0f2a5e0daf7812510b28b8ed07c56c8084c1b459c3b552f5146b9aff,False,False,30550572005,0.01,False,Ada Swing,10362678864,10000000000,10666539779,1611010757,,46187439615,0.0322,0,0,0,0,0,0.0020,0,0.0011,SWING,85,True
220848661,pool1g637quu9s4v8e30s8y2jg8zfejsne9s8mg985q62y8jfu4khtqg,0,0,,,2,340000000,46a3e0738585587cc5f03915241c49cca13c9607da0a7a034a21e49e,False,False,220848661,0,False,Dual Stacking,220825110,220220220,0,1611007250,,0,0,0,0,0,0,0,0,0,0,DUAL,0,True
15138493118,pool1d85unpsumsxmq4kfvy0prju3n983vp3ajuavmt2r5tyzw2jtpcw,0,1,,,5,340000000,69e9c9861cdc0db056c9611e11cb91994f16063d973acdad43a2c827,False,False,15138493118,0.01,False,Tribe Pool Rocks,1124429384,700000000,343317106,1610984510,,328393520,0.0058,0,0,0,0,0,0,0,0,TRIBE,1,True
94912118,pool17f450fgggph94ectjspqersd3u88cggvf3nu45k3xj2fwdqxjpp,0,0,,,2,342000000,f26b47a508406e5ae70b94020c8e0d8f0e7c210c4c67cad2d1349497,False,False,94912118,0.03,False,Saite Consulting Cardano Stake Pool 1,94912118,10000000000,0,1610979698,,0,0,0,0,0,0,0,0,0,0,SCSP1,0,True
68363871158,pool1s7eglqwzl84xgvpr4pptylcgqhkjr4xk8d6y3k22plu3sagms25,0,22,,,78,340000000,87b28f81c2f9ea643023a842b27f0805ed21d4d63b7448d94a0ff918,False,False,68363871158,0.015,False,SKULLYS,5517457430,100000000000,6624011364,1610960872,,10262256894,0.0159,0,0,0,0,0,0,0,0,SANP,27,True
16716127906467,pool1hnnfvsq3xlln6vz7d2xmk6kqekd5z4ctmfpdad8g8kr0yk8kdfd,3,266,,,501,170000000,bce696401137ff3d305e6a8dbb6ac0cd9b41570bda42deb4e83d86f2,False,False,16647922210534,0.02,False,AZDFM stake pool,101168564635,100000000000,125438710889,1610929416,,2697844710821,0.0322,0,0.0224,0.0218,0.0152,0.0176,0.0230,0.0198,0.0241,AZDFM,5696,True
13878468769152,pool12rs385dd534g8gtdtmnvlhq63whdvc6vnuzxa5cpx843zdy73qy,4,327,git.io/JItdr,1,1382,340000000,50e113d1ada46a83a16d5ee6cfdc1a8baed6634c9f046ed30131eb11,False,False,13843895644065,0.01,False,⚡TERA #2⚡,357734543,200000000,142347636663,1610843119,,4471429284516,0.0376,0,0.0211,0.0210,0.0091,0.0146,0.0238,0.0195,0.0259,TERA2,8066,True
1457220048249,pool1ezh8sewqgzy7267yvy0jssz8q7amce37x3dhmfl22j8lwz6wjrd,0,293,cardanodan.github.io,1,455,340000000,c8ae7865c04089e56bc4611f28404707bbbc663e345b7da7ea548ff7,False,False,1454646660527,0.02,False,Cardano Dan's Stake Pool,103380256502,100000000000,119952339001,1610805266,,940021639172,0.0406,0,0.0046,0.0062,0,0,0.0092,0.0029,0.0119,DAN2,1594,True
107224476,pool1van29pcguetr6gwnyfwd2g4f68rt3vkgtvu9wjdj0xwpylngsdk,0,0,,,2,340000000,6766a28708e6563d21d3225cd522a9d1c6b8b2c85b385749b2799c12,False,False,107224476,0.04,False,Green Planet ADA - Helping Nature,107224476,100000000,0,1610804157,,0,0,0,0,0,0,0,0,0,0,NATUR,0,True
0,pool1hk58eyf4gtm54rx3nl7p236wtm2c68dmg2femcrqg9z6qeajcc9,0,38,,,0,340000000,bda87c913542f74a8cd19ffc15474e5ed58d1dbb42939de0604145a0,False,False,0,0,False,Afripool,0,200000000000,13078813034,1610793870,,89245180812,0.0435,0,0,0,0,0,0,0,0,AFRI,141,True
2950304249243,pool1q0jmr57udknpq8k5qtgt5vgdjq9pzrzevf68966wxn8zgz7qy3w,0,313,stake1uxf5wzv8vcjxzra466jtlnuhankg48nclr9m3tfv8dvt6ss23h0hm,1,223,270000000,03e5b1d3dc6da6101ed402d0ba310d900a110c59627472eb4e34ce24,False,False,3003533925845,0,False,EPOCH Stake Pool,1101442847135,50000000000,137561658386,1610768222,,1372242140329,0.0299,0,0.0238,0.0222,0.0055,0.0073,0.0203,0.0198,0.0248,EPOCH,3157,True
70066243031744,pool1zgxvcqf0dvh0ze56ev2ayjvuex3zdd3hgxzdrcezkx497mv3l7s,16,330,everstake.one,5,32071,400000000,120ccc012f6b2ef1669acb15d2499cc9a226b6374184d1e322b1aa5f,False,False,69743802940038,0.04,False,Everstake,1500470930,1000000000,395662660655,1610750024,,7332283145813,0.0340,0,0.0224,0.0226,0.0082,0.0148,0.0235,0.0208,0.0245,RSTK,14699,True
57669488002,pool1p4a0vuantvzu9ysk3w430vgxjjfa95g0uz2sw8e4tltjg4jhkwz,0,11,,,9,340000000,0d7af673b35b05c292168bab17b1069493d2d10fe095071f355fd724,False,False,57669488002,0.01,False,ADA LUCID,57240808282,50000000000,3770923288,1610734335,,3061406097,0.0119,0,0,0,0,0,0,0,0,LUCID,11,True
32772196084940,pool1hy08gpvzkutxkg3ccxwmkzqaun9cd0styl4dtpqp2yxq2rjxehj,6,324,,,7,340000000,b91e740582b7166b2238c19dbb081de4cb86be0b27ead58401510c05,False,False,32782818188801,0.075,False,JWVNPool,4664573,0,480120446633,1610640551,,4581317308853,0.0327,0,0.0214,0.0207,0.0091,0.0131,0.0220,0.0171,0.0235,JWVN,9413,True
15635853858492,pool1eqj3dzpkcklc2r0v8pt8adrhrshq8m4zsev072ga7a52uj5wv5c,3,312,,,834,340000000,c825168836c5bf850dec38567eb4771c2e03eea28658ff291df768ae,False,False,15625995238027,0.01,True,🌟 Star Forge ⚡,501195919970,500000000000,125469046400,1610637448,,1882195614864,0.0306,0,0.0218,0.0234,0.0065,0.0170,0.0242,0.0219,0.0254,OTG,4317,True
4344451674,pool189ysyxejgdu0d5u323cajq40ec6wsacq3yav3ul7fdxs6mhdhr0,0,37,,,11,340000000,3949021b324378f6d3915471d902afce34e87700893ac8f3fe4b4d0d,False,False,4344451674,0.01,False,Pie Stake,14388712,5000000,12816720096,1610574278,,15029969329,0.0271,0,0,0,0,0,0,0,0,PIE,42,True
0,pool19yzav2l45q4gcwa53mh9ga6pf5c45t75qtqu6usfzup27qk27j0,0,0,,,1,340000000,2905d62bf5a02a8c3bb48eee5477414d315a2fd402c1cd72091702af,False,False,0,0.01,False,ZiiNAN-ADA-Germany,0,4000000000,0,1610572210,,0,0,0,0,0,0,0,0,0,0,ZADAG,0,True
28545296,pool1n7zhzk2zyvqywfj476s4xk9h0xzncsq37469d8cyg37lsngvvqp,0,0,publickey.co.jp,2,3,170000000,9f857159422300472655f6a15358b779853c4011f574569f04447df8,False,False,1970754892,0.01,False,Publickey,22488750,10000000,0,1610416180,,0,0,0,0,0,0,0,0,0,0,PUB,0,True
3684745565,pool1d5lk27jlkaj6dx7ndexjzmdqtt5hnnpx5224awz83ye0v28ve42,0,3,,,3,340000000,6d3f657a5fb765a69bd36e4d216da05ae979cc26a2955eb8478932f6,False,False,3684745565,0.03,False,ADAholycs,1569979638,500000000,1059524491,1610401998,,1277958564,0.0106,0,0,0,0,0,0,0,0,AHOLY,4,True
2043866091,pool1wvgf640twac8y7raqfz8hlqz4sajyw2gfpcxkq80wygekcx2402,0,3,,,1,340000000,73109d55eb777072787d02447bfc02ac3b22394848706b00ef71119b,False,False,2043866091,0.01,False,We are VINA Super Pool,2043866091,1000000000,1039247265,1610352010,,1905479412,0.0111,0,0,0,0,0,0,0,0,VINA,3,True
4073720549,pool13lz5g3f0kef09j5jvlw4t0dq7ejugl5q8sh0r8yyaxhdu04z560,0,0,,,5,340000000,8fc544452fb652f2ca9267dd55bda0f665c47e803c2ef19c84e9aede,False,False,4073720549,0.02,False,ADA Coin Pool,3100645989,5000000000,0,1610325966,,0,0,0,0,0,0,0,0,0,0,ADACP,0,True
2584888093920,pool1c2utlagkpht4zj0jetsf245c258geuxnjqp9kf4f2z9rutx9dz4,2,273,,,433,170000000,c2b8bff5160dd75149f2cae0955698550e8cf0d390025b26a9508a3e,False,False,2583173124864,0.05,False,EN/FR community from Québec⚜️ Canada🍁 HOSKY ISPO,128352388528,25000000000,87843719395,1610305591,,631949589598,0.0305,0,0.0159,0.0177,0.0119,0.0095,0.0197,0.0158,0.0189,QCPOL,1350,True
764253062395,pool18l6lvx95vl5p88zfh7xjkx073s9gufpz4sa5q43fu7auqunjhg3,0,157,,,9,340000000,3ff5f618b467e8139c49bf8d2b19fe8c0a8e2422ac3b405629e7bbc0,False,False,764253062395,0,False,Balance,614789000239,300000000000,53184857625,1610294965,,58952763803,0.0182,0,0.0120,0.0100,0,0,0.0066,0.0002,0.0064,BLNC,207,True
1420480410352,pool1zeya2r53sxmqh2ux3ssfsrqerergnw2hjxmp63r83ntwverpqwm,0,323,,,32,340000000,1649d50e9181b60bab868c20980c191e4689b95791b61d44678cd6e6,False,False,1421126330507,0.01,False,NICE rewards for you,1176223952,100000000,122345262288,1610278153,,969318491369,0.0341,0,0.0078,0.0114,0,0.0002,0.0216,0.0002,0.0248,NICE,1905,True
17819826418548,pool1caulv7s08g0jnptzdc69qycptacu7fzahny2epzh7sh9vhqz6xz,6,331,nu.fi,9,3053,340000000,c779f67a0f3a1f2985626e345013015f71cf245dbcc8ac8457f42e56,False,False,18071410176780,0.03,False,Nu.Fi & AdaLite 1,1002829501,1000000000,272309845705,1610212565,,5193242824239,0.0375,0,0.0227,0.0229,0.0134,0.0179,0.0247,0.0209,0.0255,NUFI1,9467,True
507236356,pool16zymwv7r24sgcxg43z4ce0g0mw0yt6zdxehcgwyksj456y0ef4a,0,0,,,1,340000000,d089b733c355608c191588ab8cbd0fdb9e45e84d366f84389684ab4d,False,False,507236356,0,False,,507236356,500000000,0,1610189274,,0,0,0,0,0,0,0,0,0,0,,0,True
44437705679,pool197rexraxmzk5mv36h2yfy8p4lwxzlqyenjk50r0q8dchz4gp26j,0,13,,,30,340000000,2f87930fa6d8ad4db23aba88921c35fb8c2f80999cad478de03b7171,False,False,44437705679,0.023,False,AirAda,0,100000000000,4232909883,1610156358,,6495346050,0.0128,0,0,0,0,0,0,0,0,AADA,15,True
75079887555,pool14pm8aq4eu6ms4r5egy6j4g0ny76cpqgy40qgyxa8c4f02kj98wg,0,37,,,24,340000000,a8767e82b9e6b70a8e9941352aa1f327b5808104abc0821ba7c552f5,False,False,75079887555,0.03,False,Rain Pool,8222976,70000000000,12938915496,1610146020,,66640370226,0.0334,0,0,0,0,0,0,0,0,RAIN,112,True
0,pool1t3xele4dr85qz797gv9n4gdcwtcmsv9wvn9jyavxhpc3qzu50fx,0,0,,,4,340000000,5c4d9fe6ad19e80178be430b3aa1b872f1b830ae64cb227586b87110,False,False,0,0.015,False,EastEndTech,0,900000000,0,1610132152,,0,0,0,0,0,0,0,0,0,0,EET,0,True
912312652,pool1fa0ydxjq23eq3nucw6ek46dj8p6vxq4t32ex822jhwhx5fyvzze,0,5,,,8,340000000,4f5e469a40547208cf9876b36ae9b23874c302ab8ab263a952bbae6a,False,False,912312652,0.01,False,ZenPool,0,18000000000,1774359398,1610073652,,3241267303,0.0168,0,0,0,0,0,0,0,0,ZAZEN,6,True
1530794135088,pool1sghwg652uwe7ksmk5laxxft58j6km6prahvnddk3s6zgxek5qen,0,87,cylonyx.github.io,0,44,170000000,822ee46a8ae3b3eb4376a7fa6325743cb56de823edd936b6d1868483,False,False,1531387716826,0.01,False,flux,13355157775,7000000000,24930939296,1610060966,,195205514385,0.0361,0,0.0168,0.0159,0.0124,0.0166,0.0151,0.0180,0.0152,FLUX,342,True
748849228,pool1pnuluy36ukdzv369d4zee8rarpw2k8ukwe5kkdmh06t6y78cyrr,0,0,,,2,345000000,0cf9fe123ae59a2647456d459c9c7d185cab1f9676696b37777e97a2,False,False,748849228,0.15,False,++ CREED - LOTTERY & GIVE-AWAY 1%-POOL ++,163622402,100000000,0,1610041018,,0,0,0,0,0,0,0,0,0,0,CREED,0,True
75951964384,pool1g79uyzvt9mm3z7jdcxnp36n4egm4z6l8c6n9l2mk8ae2yf5zman,0,118,,,430,340000000,478bc2098b2ef7117a4dc1a618ea75ca37516be7c6a65fab763f72a2,False,False,75255019682,0.02,False,ABC Stake Pool,0,10000000000,44138204321,1610040608,,476267028686,0.0374,0,0,0,0,0,0,0,0,ABC,783,True
5365753322973,pool1hjpax8lf2hmct63xxrspe9zzmmywcrzw89yg3nacu0axzy0latu,3,178,ada63pool.com,1,3,340000000,bc83d31fe955f785ea2630e01c9442dec8ec0c4e394888cfb8e3fa61,False,False,5367148156328,0.02,False,無双63 ADA POOL,79243812807,9000000000,66456384540,1610004091,,326568298746,0.0260,0,0.0192,0.0185,0.0237,0.0205,0.0212,0.0182,0.0234,GG63,910,True
500954444,pool1madkc465h6e9887ctj2adnky2t46km277wt3rs97hlzukzl4rx9,0,0,,,3,340000000,df5b6c5754beb2539fd85c95d6cec452ebab6d5ef39711c0bebfc5cb,False,False,500954444,0.5,False,demar2,167020519,150000000,0,1610002341,,0,0,0,0,0,0,0,0,0,0,DEM,0,True
432672977120,pool1q5sspejl875flc0z6wh9y9zxkgqnk0y3aaw8jc0pkxs6cpavm4q,0,202,onyxstakepool.com,3,45,170000000,052100e65f3fa89fe1e2d3ae521446b2013b3c91ef5c7961e1b1a1ac,False,True,432672977120,0.01,True,ONYX Stake Pool #4,200000807844,0,99431308129,1609982082,,3806731343554,0.0395,0,0.0197,0.0161,0,0,0.0171,0.0174,0.0170,ONYX,6335,True
64339301939700,pool1tdvqgy6mq7lx7d345e276xmgmhh3s4zj8dzu6xzq5m7rx4tzkg2,13,325,onyxstakepool.com,2,401,170000000,5b5804135b07be6f3635a655ed1b68ddef1854523b45cd1840a6fc33,False,True,64361248010412,0.01,True,ONYX Stake Pool #3,250004872605,250000000000,175551222355,1609981985,,8622550537672,0.0349,0,0.0235,0.0238,0.0094,0.0143,0.0241,0.0211,0.0252,ONYX,16817,True
1283336596022,pool1mscll7kd2y9c56kv7thv7kv99wjvrr72uwpmuhphaltjz0pkuqa,0,181,stake1uxf5wzv8vcjxzra466jtlnuhankg48nclr9m3tfv8dvt6ss23h0hm,0,173,340000000,dc31fffacd510b8a6accf2eecf59852ba4c18fcae383be5c37efd721,False,False,1288507778342,0.04,False,RarePool,66934197944,50000000000,72762985848,1609979168,,275755654698,0.0334,0,0.0070,0.0061,0,0.0002,0.0100,0.0066,0.0100,RARE,586,True
350501298,pool1npdsmx25352qzj33rk2mtvc6u7c339qs0vv7gy43t7kpcapw95d,0,29,,,5,340000000,985b0d99548d14014a311d95b5b31ae7b11894107b19e412b15fac1c,False,False,350501298,0.019,False,Arve Pool,350456075,100000000000,12304314804,1609976042,,197527568548,0.0465,0,0,0,0,0,0,0,0,ARVE,261,True
10095061038223,pool1ufp38a9zwlvvrzcyxaxdrvav50nd7az5lyuzh4t0h3qp2gqamsx,2,330,cardanocafe.org,1,828,340000000,e24313f4a277d8c18b04374cd1b3aca3e6df7454f9382bd56fbc4015,False,False,10322784494199,0,False,CardanoCafe Two,117826996255,100000000000,111520000000,1609958607,,1153282462051,0.0312,0,0.0150,0.0179,0.0012,0.0041,0.0214,0.0085,0.0237,CAFE2,2520,True
1773860,pool1kcwfpv65agclgu9p6eetn6x4q0zexzgr5v2cl9255qlwjjqr56v,0,0,,,1,340000000,b61c90b354ea31f470a1d672b9e8d503c5930903a3158f9554a03ee9,False,False,1773860,0.01,False,Ikaros,1773860,10000000000,0,1609955515,,0,0,0,0,0,0,0,0,0,0,IKRS,0,True
887698695766,pool1j8355yxxpfuhqyda4lrj8c9cdghaang3wvwge8jq8nlxurvfqv7,0,174,,,28,170000000,91e34a10c60a797011bdafc723e0b86a2fdecd11731c8c9e403cfe6e,False,False,712020435638,0,True,Level Up!,22826694177,20000000000,45730000000,1609954338,,89646492584,0.0238,0,0.0112,0.0135,0,0,0.0127,0.0098,0.0166,LvLUp,257,True
50157495,pool1aaa4rk9exk0scgjh7a247p4hdgkuq887kau8vnf9c6xqcjwca7e,0,0,,,2,340000000,ef7b51d8b9359f0c2257f7555f06b76a2dc01cfeb778764d25c68c0c,False,False,50157495,0.03,False,CypayPool,47821475,1000000000,0,1609942738,,0,0,0,0,0,0,0,0,0,0,CYPAY,0,True
191176528248,pool1my7sevxtc4dfvj626q0ujqqukntfa2v0uuydq6wd8x8hvml03rn,0,131,powerstakepool.com,1,165,340000000,d93d0cb0cbc55a964b4ad01fc9001cb4d69ea98fe708d069cd398f76,False,False,191176174542,0,False,POWER Stake Pool 2,70548080061,50000000000,44540000000,1609930341,,80610201411,0.0285,0,0.0017,0.0012,0.0019,0.0013,0.0014,0.0006,0.0035,POWER,208,True
333516518418,pool1tah22gjtc7ntrdezv49hysegcwpzafea35t6f4hn3wr2y4hz3vz,0,85,cardanoland.com,3,36,340000000,5f6ea5224bc7a6b1b722654b724328c3822ea73d8d17a4d6f38b86a2,False,True,333516341257,0,False,A CardanoLand pool ACL,305661652554,300000000000,28900000000,1609892707,,28574800134,0.0161,0,0.0072,0.0050,0,0,0.0034,0.0004,0.0023,ACL,99,True
4557490354,pool1u283gl35gdj2l6c5cmg9crugf9aq7w6242pr88v6enr8u9q2vzj,0,2,,,5,340000000,e28f147e344364afeb14c6d05c0f88497a0f3b4aaa82339d9accc67e,False,False,4557490354,0,False,TI-Rocinante,149184149,25000000000,687675912,1609796583,,759915384,0.0098,0,0,0,0,0,0,0,0,ROCI,2,True
2639298,pool1pvxsyzqze90jyyqqewg5spkh6tst0cwyvtvh6qfsn6xx75p2vk9,0,0,,,1,340000000,0b0d020802c95f221000cb914806d7d2e0b7e1c462d97d01309e8c6f,False,False,2639298,0.02,False,,2639298,1000000,0,1609781132,,0,0,0,0,0,0,0,0,0,0,,0,True
29189387079289,pool1fqwnqk3phwa2s5thgym8dw34pv0z67m526uqprnjh93cvzxymef,10,333,nu.fi,8,4058,340000000,481d305a21bbbaa85177413676ba350b1e2d7b7456b8008e72b96386,False,False,29147372209364,0.03,False,Nu.Fi & AdaLite 9,1003650337,1000000000,272822815810,1609760091,,5190015189666,0.0353,0,0.0224,0.0231,0.0104,0.0169,0.0246,0.0236,0.0255,NUFI9,9967,True
0,pool1kxfvv8e8u9crfgy3fp89hlchehutrjq9wv7hax7dxs3lsjuw9kc,0,1,,,1,340000000,b192c61f27e17034a091484e5bff17cdf8b1c805733d7e9bcd3423f8,False,False,0,0,False,CryptoHasher's Cardano Staking Pool 1,0,50000000000,340000000,1609713777,,317717990,0.0039,0,0,0,0,0,0,0,0,CHAS1,1,True
2010523408640,pool1030vz0wxheg0dvarr8hmeavelpszmp52qucs68c7wc9uga6n6e4,1,281,,,1546,340000000,7c5ec13dc6be50f6b3a319efbcf599f8602d868a07310d1f1e760bc4,False,False,2009725138732,0.01,False,ROMER,80384792389,50000000000,100881097317,1609711716,,588579312871,0.0339,0,0.0129,0.0137,0.0065,0.0044,0.0131,0.0107,0.0149,ROMER,1137,True
924716935500,pool16knnvtezwzmgpnu8v03wht6y4u7mwfc7qz6y2yk62w4as4qymat,0,238,,,479,340000000,d5a7362f2270b680cf8763e2ebaf44af3db7271e00b44512da53abd8,False,False,924437983326,0.025,False,Lambda StakePool,50360879107,50000000000,92425720967,1609696653,,443497059176,0.0380,0,0.0074,0.0067,0,0,0.0094,0.0001,0.0105,LAMB,796,True
9471895,pool1f5ml07llzd2ndk5mrdl0gvtkkaq72v2hxusla795ksnms4tae66,0,0,,,3,340000000,4d37f7fbff135536da9b1b7ef43176b741e531573721fef8b4b427b8,False,False,9471895,0.03,False,ADA_BPSOps,2825259,8000000000,0,1609650208,,0,0,0,0,0,0,0,0,0,0,ADABP,0,True
0,pool1vdly044nj2r3vnghwq4s0z0uragd307wnsnsj4usdh3fu8jx6nt,0,0,,,1,345000000,637e47d6b39287164d17702b0789fc1f50d8bfce9c270957906de29e,False,False,0,0.15,False,twoadawizards,0,100000000,0,1609626153,,0,0,0,0,0,0,0,0,0,0,TAW,0,True
306943425,pool1zd728035u3406eff69h9a8gj8tg927qe62xwvg4leghwvs5hhmv,0,0,,,4,345000000,137ca3be34e46afd6529d16e5e9d123ad0557819d28ce622bfca2ee6,False,False,306943425,0,False,Arizona Desert Sunrise,202625746,100000000,0,1609608466,,0,0,0,0,0,0,0,0,0,0,AZSUN,0,True
0,pool1lc4yn2hew7nquk5gfc8k8cs6d7hee4a9hc2hauwj7dv759zzek0,0,0,,,2,340000000,fe2a49aaf977a60e5a884e0f63e21a6faf9cd7a5be157ef1d2f359ea,False,False,0,0.02,False,SHAPLEY,0,150000000000,0,1609388528,,0,0,0,0,0,0,0,0,0,0,SHPLY,0,True
165187287206,pool1456lrrp0a3gsgkmyx0rm8wkdmdku75tfdlu9xvpffvxmqmjkwee,0,54,,,20,340000000,ad35f18c2fec51045b6433c7b3bacddb6dcf51696ff85330294b0db0,False,False,165536012444,0.05,False,ADA Plus,48040587276,25000000000,21638316953,1609386486,,62288022653,0.0306,0,0.0009,0.0014,0,0,0.0012,0.0007,0.0016,ADPL,125,True
148435878,pool1n8xmcjuadnkn8kk9axtjt3ahx5amj4nc8446grdjzfdrzl77xh6,0,0,,,1,340000000,99cdbc4b9d6ced33dac5e99725c7b7353bb956783d6ba40db2125a31,False,False,148435878,0.15,False,,148435878,100000000,0,1609373360,,0,0,0,0,0,0,0,0,0,0,,0,True
4071163129051,pool1g4th3pqfzh4zajzrhlh8y6wpuztrkzxwt5wd7q578894j06gwfc,0,270,,,278,340000000,455778840915ea2ec843bfee7269c1e0963b08ce5d1cdf029e39cb59,False,False,4071910313222,0,False,FEEL,40418567037,25000000000,92911518490,1609345591,,1356919632128,0.0339,0,0.0139,0.0148,0.0125,0.0104,0.0179,0.0154,0.0212,FEEL,2602,True
30782692148981,pool1r55hyfrd3tw6nzpkvf4rfceh2f04yph92fc462phnd0akp2s5r6,9,328,coffeepool.jp,0,613,340000000,1d2972246d8adda98836626a34e337525f5206e552715d28379b5fdb,False,False,30780427717754,0.025,True,CoffeePool☕️,2249254193,101000000,233343254559,1609291118,,5821091987372,0.0336,0,0.0241,0.0250,0.0141,0.0171,0.0248,0.0225,0.0252,COFFE,12115,True
5000000,pool1fc3m8hdjj76n6llxextpc60tt63w5ygwgvf2ekzr3k222kxxdkg,0,6,adafrog.io,7,1,340000000,4e23b3ddb297b53d7fe6c9961c69eb5ea2ea110e4312acd8438d94a5,False,False,5000000,0.03,False,Bunny Pool,5000000,4000000,2355256147,1609152227,,21186615498,0.0437,0,0,0,0,0,0,0,0,BUNNY,24,True
45921610226746,pool1rct5guwnp6nk9f4ldn5tr3s42j0nm5rxeayv56lxua5ck47ex39,7,328,fimi.vn,0,1999,340000000,1e174471d30ea762a6bf6ce8b1c615549f3dd066cf48ca6be6e7698b,False,False,45379748750702,0.01,False,Tai Chinh - Tam An,125123585144,10000000000,139579379541,1609145863,,2849747138109,0.0297,0,0.0226,0.0234,0.0131,0.0168,0.0245,0.0209,0.0255,FIMI,6627,True
4613646,pool1yw8qh0jnnl6eumgzt77fulfhgmyzda39zcndgvyc27ffu6jeh5w,0,0,,,1,340000000,238e0bbe539ff59e6d025fbc9e7d3746c826f6251626d4309857929e,False,False,4613646,0.01,False,,4613646,3000000,0,1609068138,,0,0,0,0,0,0,0,0,0,0,,0,True
69866634340363,pool1ju8f57hyvaa32tp85r468kuedvmjmcy56f8u9968drea57p50l5,17,328,aichi-stakepool.com,0,2438,340000000,970e9a7ae4677b152c27a0eba3db996b372de094d24fc2974768f3da,False,False,70050596847295,0.005,False,Aichi Stake Pool,110196210842,100000000000,157137664731,1609051015,,9221031665715,0.0345,0,0.0227,0.0234,0.0119,0.0169,0.0248,0.0206,0.0261,AICHI,18379,True
27452520433089,pool1kmsr376syqkluhxvv8k2axugqw7unjmlkwhfxjxtj7cw7qcn0jn,10,332,cardanians.io,5,2023,340000000,b6e038fb50202dfe5ccc61ecae9b8803bdc9cb7fb3ae9348cb97b0ef,False,False,27548376820032,0.02,False,CARDANIANS.io #4,101805375312,100000000000,178207045290,1608978024,,3227051291438,0.0364,0,0.0224,0.0236,0.0098,0.0169,0.0243,0.0208,0.0257,CRDN3,6157,True
497432393,pool1qkvt06tjvd5mjf3yms9y6hp22uedn5ys6384pn8k3d4tz3d7j2z,0,0,,,1,340000000,0598b7e9726369b92624dc0a4d5c2a5732d9d090d44f50ccf68b6ab1,False,False,497432393,0.075,False,,497432393,100000000,0,1608975886,,0,0,0,0,0,0,0,0,0,0,,0,True
0,pool1tseacydhjcj6hext49ehs9zc9lea83azc8t7k9rqqqq0w5xhcky,0,0,,,1,345000000,5c33dc11b79625abe4cba9737814582ff3d3c7a2c1d7eb14600000f7,False,False,0,0.03,False,Cardanonadrac,0,2700000000000,0,1608890127,,0,0,0,0,0,0,0,0,0,0,CRC,0,True
66904986610967,pool18vej0s9gska8c847aj95g9v24duuxg2g63d5cuqngnxew643jw9,18,333,adavault.com,1,4161,340000000,3b3327c0a885ba7c1ebeec8b44158aab79c32148d45b4c701344cd97,False,False,70490577282793,0,True,ADAvault Stake Pool 2,252534334142,250000000000,112540000000,1608851278,,10382156558741,0.0359,0,0.0218,0.0228,0.0116,0.0135,0.0252,0.0190,0.0265,ADV2,19922,True
465432189775,pool15nww4436eq733eypdq7vnllsnqyrwftw434xkvpm2mc2kfue2ux,0,142,,,690,340000000,a4dcead63ac83d18e481683cc9fff0980837256eac6a6b303b56f0ab,False,False,454460806655,0.04,False,Seed Pools,0,1000000000000,69715058473,1608778653,,451191992790,0.0322,0,0,0,0,0,0,0,0,SEED,822,True
76874263,pool1mmrh2l3t5r7w5l7e82ven0e595vhgvu0hyf4ttrgcyejq8gwqcm,0,78,,,5,340000000,dec7757e2ba0fcea7fd93a9999bf342d1974338fb91355ac68c13320,False,False,76874263,0.1,False,FKAIPool,1530598,0,302237460486,1608741841,,1251448323797,0.0297,0,0,0,0,0,0,0,0,FKAI,2647,True
888377374401,pool1u7zrgexnxsysctnnwljjjymr70he829fr5n3vefnv80guxr42dv,0,168,,,133,340000000,e7843464d334090c2e7377e5291363f3ef93a8a91d2716653361de8e,False,False,888709102172,0.009,False,VILAI,55986505298,30000000000,59173006490,1608735466,,232815278417,0.0294,0,0.0170,0.0116,0.0004,0.0005,0.0095,0.0099,0.0107,VILAI,558,True
1854270,pool1teg62xfrjvgahfukqhgd0q4wrkn7k0ee03tnju3klt63ws48w50,0,0,,,1,345000000,5e51a519239311dba79605d0d782ae1da7eb3f397c57397236faf517,False,False,1854270,0.05,False,Atago Pool,1854270,20000000000,0,1608712082,,0,0,0,0,0,0,0,0,0,0,ATG1,0,True
13592869439421,pool1qku2yhky7sv4dfjfv42uyvauhehuqevk25aw952d7ulzqzx3jcu,9,307,,,1282,170000000,05b8a25ec4f41956a6496555c233bcbe6fc06596553ae2d14df73e20,False,False,13767427308208,0.005,True,Aspen Pool by Woodland Pools,300398702427,250000000000,88794104173,1608682341,,1208993527540,0.0301,0,0.0229,0.0238,0.0145,0.0206,0.0249,0.0253,0.0261,ASPEN,2864,True
66488296,pool1qd3hwt2hvkt2jn9lktcjqpdk9cz0mk8qdue35x00p7ud5g0268s,0,7,,,4,340000000,0363772d576596a94cbfb2f12005b62e04fdd8e06f331a19ef0fb8da,False,False,66488296,0.15,False,Cfund-1,0,42951872000000,0,1608673216,,0,0,0,0,0,0,0,0,0,0,CFD1,165,True
72259266885651,pool1axzm26vduyuxgw0x9ddh4vkvn7q5hyd558l0t9c08p556lf2zaj,19,270,wavepool.digital,2,35,340000000,e985b5698de1386439e62b5b7ab2cc9f814b91b4a1fef5970f38694d,False,False,72311249961400,0.05,False,wavepool.digital,40745463228269,5000000000000,2020875851442,1608673091,,3791768639810,0.0209,0,0.0219,0.0227,0.0117,0.0151,0.0236,0.0192,0.0248,WAV1,12231,True
4553405042,pool1ewd9g9zcz6tvlytk0plfj3e8jq645l0xr4n62epa49dgv9h43an,0,175,binance.com,26,6,340000000,cb9a5414581696cf9176787e99472790355a7de61d67a5643da95a86,False,False,71528352,0.06,False,Binance Staking - 30,5000000,2000000,451835091408,1608645048,,6057504831697,0.0400,0,0,0,0,0,0,0,0,BNP,9759,True
525372401,pool1lr54356svvdz4yeqrq69wn6la2025l9r65pm26xxl466gxqqs83,0,1,,,2,340000000,f8e958d350631a2a93201834574f5fea9eaa7ca3d503b568c6fd75a4,False,False,525372401,0.03,False,lynita,525372401,10000000000,361079570,1608573001,,681572782,0.0233,0,0,0,0,0,0,0,0,RbP,1,True
6942089179228,pool1q9kwa675j2z53jecrs6pn3fqsc9ypxrsypu5dgu6hammqkagy22,5,156,,,92,340000000,016ceeebd4928548cb381c3419c520860a409870207946a39abf77b0,False,False,6941021836764,0.01,False,TIGER team,11121754540,10000000000,53570259539,1608555091,,138502792757,0.0229,0,0.0196,0.0235,0.0055,0.0074,0.0235,0.0166,0.0224,TIGER,436,True
15306979704902,pool1vs689gkmqtrljtmcwd2690nzqm2yyq23wk2zzx5g0v0gs5ug64a,10,325,,,36,340000000,643472a2db02c7f92f787355a2be6206d44201517594211a887b1e88,False,False,15322507835339,0.008,False,Vampyre Fund,828374735944,750000000000,125146212459,1608515707,,1799483467177,0.0319,0,0.0232,0.0220,0.0176,0.0202,0.0225,0.0224,0.0238,VAMP,3784,True
903951793,pool1xx3wxlhxu2l8qcvdvealhsry8r0ge966lmpp45ztkte77lx3qq0,0,6,,,8,340000000,31a2e37ee6e2be70618d667bfbc06438de8c975afec21ad04bb2f3ef,False,False,903951793,0,False,Inbox Strategy Staking 📩,0,1000000000,1700000000,1608490216,,2914972943,0.0232,0,0,0,0,0,0,0,0,INBOX,6,True
6011727626060,pool1q0a7a94cfk4ph7gugj636tsuhhd98l2sfjv2adhaff2mvs7kmtl,2,333,nu.fi,7,1045,340000000,03fbee96b84daa1bf91c44b51d2e1cbdda53fd504c98aeb6fd4a55b6,False,False,6003673929997,0.03,False,Nu.Fi & AdaLite 8,1002830397,1000000000,306486662048,1608214065,,6273843477399,0.0381,0,0.0133,0.0180,0.0124,0.0137,0.0227,0.0102,0.0230,NUFI8,10744,True
35829526789,pool1mwv76cr0znehqxe23xk4ylhr0j6gwsjxf2cvwjxm0ewdgcjzw3e,0,0,,,5,345000000,db99ed606f14f3701b2a89ad527ee37cb48742464ab0c748db7e5cd4,False,False,35829526789,0.15,False,Zippytal Pool,8442161,100000000,0,1608200315,,0,0,0,0,0,0,0,0,0,0,ZPL,0,True
13186464796947,pool14enw2643rn9nn6yzv60jyz3hj4kxs0jvap87lkgsqykh508jxm6,0,312,atomicwallet.io,1,21422,345000000,ae66e56ab11ccb39e882669f220a37956c683e4ce84fefd910012d7a,False,False,13194849955344,0.05,False,Atomic Nodes #2,2204301898,1100000000,301392893784,1608123085,,3752876987742,0.0312,0,0.0088,0.0071,0.0064,0.0061,0.0075,0.0082,0.0050,AWP2,6523,True
52103337324796,pool1fd0q9h8974y6psejmzczlywy8fgxxy07rn2ynrwu734aqwq540p,13,301,infstones.com,1,30,345000000,4b5e02dce5f549a0c332d8b02f91c43a506311fe1cd4498ddcf46bd0,False,False,52356247496032,0.1,False,InfStones,0,0,696504758184,1608112591,,7845038733826,0.0345,0,0.0197,0.0206,0.0093,0.0141,0.0209,0.0201,0.0236,IFS2,14779,True
60705073484281,pool1lnr8t7pxvq3vfg8c5lc7yjcq39haws4ntu28xpxzx4zyya9ntny,18,324,,,15,345000000,fcc675f8266022c4a0f8a7f1e24b00896fd742b35f147304c2354442,False,False,60724356469338,0.03,False,Krypto Knight,0,0,406908180002,1608112332,,8945051541557,0.0314,0,0.0222,0.0232,0.0103,0.0150,0.0224,0.0207,0.0216,KKS,18745,True
0,pool1d344pwef7yphfhjn097gy3kgemvl8ldkdad83cv42eusvj7kqsl,0,14,binance.com,25,0,345000000,6c6b50bb29f10374de53797c8246c8ced9f3fdb66f5a78e195567906,False,False,0,0.06,False,Binance Staking - 19,0,0,44826471623,1608111903,,626611388892,0.0521,0,0,0,0,0,0,0,0,BNP,680,True
0,pool1e2msrpcpa74t637jwtu37paxarq2da2tm2ttwg7fh2auc5vcl39,0,14,binance.com,24,0,345000000,cab7018701efaabd47d272f91f07a6e8c0a6f54bda96b723c9babbcc,False,False,0,0.06,False,Binance Staking - 18,0,0,41596945435,1608111511,,576015478575,0.0479,0,0,0,0,0,0,0,0,BNP,627,True
0,pool1thgpezwt4pvqhklhysnxrrclp0mfy2tg4qesxg8s5f7jg7802y0,0,14,binance.com,23,0,345000000,5dd01c89cba8580bdbf72426618f1f0bf6922968a8330320f0a27d24,False,False,0,0.06,False,Binance Staking - 17,0,0,45623426829,1608110673,,639097020397,0.0529,0,0,0,0,0,0,0,0,BNP,703,True
34153665424,pool1yxkhe2zp9rccyc3a79lxev5u585r3z0qqyl3qpx0t04hxhmlqgp,0,188,binance.com,22,20,340000000,21ad7ca84128f182623df17e6cb29ca1e83889e0013f1004cf5beb73,False,False,34153665424,0.06,False,Binance Staking - 43,4541805012,2000000,149839018670,1608092528,,1323779183929,0.0393,0,0,0,0,0,0,0,0,BNP,2230,True
564315605,pool16jtszaecta7rey84rteah39gv53pw7953u37fhrqm49xwfdtdjd,0,176,binance.com,21,8,340000000,d4970177385f7c3c90f51af3dbc4a865221778b48f23e4dc60dd4a67,False,False,564315605,0.06,False,Binance Staking - 42,5000000,2000000,446691954232,1608092153,,5980798727566,0.0391,0,0,0,0,0,0,0,0,BNP,9696,True
5678216389,pool1l7elukrgntsdwrt0hyu6sshw0rk05y82k4sjwse8u79hkhf862z,0,176,binance.com,20,11,340000000,ffb3fe58689ae0d70d6fb939a842ee78ecfa10eab561274327e78b7b,False,False,5678705054,0.06,False,Binance Staking - 41,5000000,2000000,450948698251,1608091815,,6048532790773,0.0396,0,0,0,0,0,0,0,0,BNP,9762,True
644114062,pool1jsv2hveu0n6sw7zesdcmc8cfle2xp5w7ma6qlt4xvh62cxly5wc,0,176,binance.com,19,12,340000000,9418abb33c7cf50778598371bc1f09fe5460d1dedf740faea665f4ac,False,False,644114062,0.06,False,Binance Staking - 40,5000000,2000000,442076583064,1608091526,,5901901343009,0.0387,0,0,0,0,0,0,0,0,BNP,9493,True
4295972311,pool19nu8lt0vwycv0eqezpyjquawfklxtjjx9s0ac0f22mgp2ggpsvy,0,175,binance.com,18,17,340000000,2cf87fadec7130c7e41910492073ae4dbe65ca462c1fdc3d2a56d015,False,False,4295972311,0.06,False,Binance Staking - 39,5000000,2000000,442349443015,1608091179,,5905115796788,0.0390,0,0,0,0,0,0,0,0,BNP,9553,True
2101498440,pool1vwfg3d0yhun8anncaxjfg8whjn6sa328shuyc6rmf2cgvyjrs7w,0,175,binance.com,17,11,340000000,639288b5e4bf267ece78e9a4941dd794f50ec54785f84c687b4ab086,False,False,2101498440,0.06,False,Binance Staking - 38,5000000,2000000,449865184127,1608090778,,6025739445599,0.0398,0,0,0,0,0,0,0,0,BNP,9721,True
868469289,pool1pavpy40ahr5w3rfkw63uhm0r8c0jg4shrjlrjfnt8km8jewpjan,0,175,binance.com,16,6,340000000,0f581255fdb8e8e88d3676a3cbede33e1f2456171cbe39266b3db679,False,False,868469289,0.06,False,Binance Staking - 37,5000000,2000000,452583658915,1608090278,,6068773306454,0.0401,0,0,0,0,0,0,0,0,BNP,9802,True
7608771648,pool1xgqwmz4nydmn6ng6vsen5rtehy7u3uaytsml3q2pudp3w35uaxu,0,175,binance.com,15,17,340000000,3200ed8ab323773d4d1a64333a0d79b93dc8f3a45c37f88141e34317,False,False,7608771648,0.06,False,Binance Staking - 36,5000000,2000000,439804511599,1608089966,,5881936558975,0.0396,0,0,0,0,0,0,0,0,BNP,9409,True
1069211771,pool1vfdw3j9246kkem4lychnsqj9edsmfglfvxvmyl4ekqddj92e33f,0,175,binance.com,14,10,340000000,625ae8c8aaaead6ceebf262f380245cb61b4a3e96199b27eb9b01ad9,False,False,1069211771,0.06,False,Binance Staking - 35,5000000,2000000,454217893672,1608089528,,6093895302665,0.0402,0,0,0,0,0,0,0,0,BNP,9842,True
118736414,pool102vsulhfx8ua2j9fwl2u7gv57fhhutc3tp6juzaefgrn7ae35wm,0,175,binance.com,13,12,340000000,7a990e7ee931f9d548a977d5cf2194f26f7e2f1158752e0bb94a073f,False,False,1770556150,0.06,False,Binance Staking - 34,5000000,2000000,452363946260,1608088755,,6059532801467,0.0399,0,0,0,0,0,0,0,0,BNP,9814,True
28871541380,pool1kgwaa6fhpaqu8v4hrk35lzjhjsa6typ55ammszhd2q7zkxv5v40,0,175,binance.com,12,8,340000000,b21ddee9370f41c3b2b71da34f8a57943ba59034a777b80aed503c2b,False,False,33467700422,0.06,False,Binance Staking - 33,5000000,2000000,450910141566,1608088216,,6065993540179,0.0399,0,0,0,0,0,0,0,0,BNP,9732,True
155218717560,pool1ys6fndfj9r6e2waeqmy27raejcqzm4u8ztjrp2naz95kgwyv9qu,0,177,binance.com,11,12,340000000,243499b53228f5953bb906c8af0fb996002dd78712e430aa7d116964,False,False,155218717560,0.06,False,Binance Staking - 32,5000000,2000000,456991069346,1608086403,,6216696848769,0.0399,0,0,0,0,0,0,0,0,BNP,9909,True
11000000,pool1gcqq0gt4hmgvq942x0s57lf3f4mhtexuuzgjrsmtj0kmsmqz32z,0,0,,,2,480000000,460007a175bed0c016aa33e14f7d314d7775e4dce09121c36b93edb8,False,False,11000000,0.008,False,The ADA Stake Pool,11000000,45000000000,0,1608076454,,0,0,0,0,0,0,0,0,0,0,TASP,0,True
0,pool1cx8njhvw34weqykla5fz38ngt3dr4d0ltv0srqjqa8ugzap937l,0,10,iohk.io,32,1,340000000,c18f395d8e8d5d9012dfed12289e685c5a3ab5ff5b1f018240e9f881,False,False,0,1,False,Input Output Global (IOHK) - Private,0,44000000000000,298949510941,1608062195,,0,0,0,0,0,0,0,0,0,0,IOGP,389,True
580520217,pool1cxl0gk32hwe6sckdmy2zydkl7wrk8npjay0u3u5zsglwvkqmjen,0,175,binance.com,10,4,340000000,c1bef45a2abbb3a862cdd9142236dff38763cc32e91fc8f282823ee6,False,False,580520217,0.06,False,Binance Staking - 31,5000000,2000000,445118311214,1608056788,,5947027326054,0.0393,0,0,0,0,0,0,0,0,BNP,9632,True
3296437337703,pool1j8grqucdwwcr0cwzxrtw30vqcptg0jdlrmauq5w7ytvqx6nf5np,0,292,vincepool.com,1,85,170000000,91d030730d73b037e1c230d6e8bd80c05687c9bf1efbc051de22d803,False,False,3297833398439,0.01,False,Da VINCI pool,312446771281,250000000000,83107107402,1608055716,,354625525664,0.0279,0,0.0260,0.0218,0.0175,0.0261,0.0240,0.0241,0.0241,VINCI,850,True
1966345111141,pool1uu35qfkmjyxwpm3pgptfgr0qga9j2fzkc0tsjplcx840x295xj9,0,323,cheapstaking.com,1,56,500000000,e7234026db910ce0ee214056940de0474b252456c3d70907f831eaf3,False,False,1970713934948,0.009,False,CheapStaking #2 - PublicPrivate,97330751838,10000000000,159790732913,1608000091,,530437919158,0.0311,0,0.0096,0.0085,0.0102,0.0068,0.0111,0.0059,0.0133,CHEAP,1179,True
44428322710,pool10nwac5phcc4vkjvux5mw6gvdzlxurkd944e5yx9yyfa8sqs35t7,0,56,,,122,340000000,7cdddc5037c62acb499c3536ed218d17cdc1d9a5ad734218a4227a78,False,False,44428322710,0.02,False,Cardano Clean Water Pool,2000000,0,23082655280,1607979340,,145820143118,0.0450,0,0,0,0,0,0,0,0,H2O,226,True
961285695481,pool1gx6eawfvnhckevmlzhfz9j3uzj92j2wgww0mdd2fu5d4zd4wvaa,1,311,blackstarpool.com,1,172,170000000,41b59eb92c9df16cb37f15d222ca3c148aa929c8739fb6b549e51b51,False,False,958660349685,0.01,False,Black Star Stake Pool 2,552811073684,10000000000,131341457981,1607875591,,1542430442682,0.0409,0,0.0220,0.0170,0,0.0046,0.0154,0.0181,0.0163,BSSP2,2542,True
44454085,pool1yztpevpmfyyz2eu4dklmgfx8g0q0vme7ppdsnawcpnwxs3vfxy7,0,0,,,1,340000000,20961cb03b49082567956dbfb424c743c0f66f3e085b09f5d80cdc68,False,False,44454085,0.06,False,TestPool007,44454085,2000000,0,1607762591,,0,0,0,0,0,0,0,0,0,0,LYN,0,True
70404164395410,pool17rjst78s67lvellg8s586rf076jxa3wnsdz730f4xk2zwuhrtej,21,331,nordicpool.org,1,4512,340000000,f0e505f8f0d7beccffe83c287d0d2ff6a46ec5d38345e8bd35359427,False,False,71524574195031,0,False,#2 Nordic Pool,352836212733,100000000000,117957664595,1607716604,,9696201547734,0.0349,0,0.0232,0.0241,0.0126,0.0159,0.0254,0.0203,0.0268,NORTH,18918,True
0,pool1ygamv2t9lw03khcxpe75rjd4p8lnn36hux3deeg3hrc3jwrx43z,0,11,iohk.io,31,1,500000000,223bb62965fb9f1b5f060e7d41c9b509ff39c757e1a2dce511b8f119,False,False,0,1,False,Input Output Global (IOHK) - Private,0,64000000000000,588987941801,1607669639,,0,0,0,0,0,0,0,0,0,0,IOGP,453,True
0,pool18w4dzpe8wtkx29scf74qmshrf58xg760mcxu5p7s0azxufwwgec,0,11,iohk.io,30,1,500000000,3baad1072772ec6516184faa0dc2e34d0e647b4fde0dca07d07f446e,False,False,0,1,False,Input Output Global (IOHK) - Private,0,64000000000000,599127464614,1607669639,,0,0,0,0,0,0,0,0,0,0,IOGP,454,True
0,pool1sr82s7yvwwsy6q0geveawrglt8ss39jhsfz7d0p4a5y6kk30mdd,0,11,iohk.io,29,1,500000000,80cea8788c73a04d01e8cb33d70d1f59e10896578245e6bc35ed09ab,False,False,0,1,False,Input Output Global (IOHK) - Private,0,64000000000000,661878936537,1607669639,,0,0,0,0,0,0,0,0,0,0,IOGP,487,True
6064792,pool1867sv2tgcq2cjmyhqgsfveekmsy5zksld69zhgrlkluukfydq29,0,11,iohk.io,28,2,500000000,3ebd062968c015896c970220966736dc09415a1f6e8a2ba07fb7f9cb,False,False,6072864,1,False,Input Output Global (IOHK) - Private,0,64000000000000,691660157105,1607669639,,0,0,0,0,0,0,0,0,0,0,IOGP,508,True
0,pool1ge06eu8lvdj6jakxw8zuwj3yxtpmeek8j8rgwqfshj7vg390fj0,0,11,iohk.io,27,1,500000000,465facf0ff6365a976c671c5c74a2432c3bce6c791c6870130bcbcc4,False,False,0,1,False,Input Output Global (IOHK) - Private,0,64000000000000,673817578212,1607669639,,0,0,0,0,0,0,0,0,0,0,IOGP,496,True
0,pool19r4ef6n0xkw3pvztuwd44ymrzrkylyralnf5rudnc7hnvvddyqz,0,13,iohk.io,26,1,500000000,28eb94ea6f359d10b04be39b5a936310ec4f907dfcd341f1b3c7af36,False,False,0,1,False,Input Output Global (IOHK) - Private,0,64000000000000,854131744830,1607669639,,0,0,0,0,0,0,0,0,0,0,IOGP,640,True
0,pool1v8lgn85mfvj0hhslfjz2u0nut43ahkhuzhfcm5aexjkewn8krle,0,14,iohk.io,25,1,500000000,61fe899e9b4b24fbde1f4c84ae3e7c5d63dbdafc15d38dd3b934ad97,False,False,0,1,False,Input Output Global (IOHK) - Private,0,64000000000000,842583341899,1607669639,,0,0,0,0,0,0,0,0,0,0,IOGP,638,True
0,pool1kp0wl7kxn0zt5xtmld72s98rv6ejpufvl39qk26h99nqshmkmge,0,15,iohk.io,24,1,500000000,b05eeffac69bc4ba197bfb7ca814e366b320f12cfc4a0b2b57296608,False,False,0,1,False,Input Output Global (IOHK) - Private,0,64000000000000,959708124784,1607669639,,0,0,0,0,0,0,0,0,0,0,IOGP,731,True
0,pool1q3snnww4ggayr8hd6gd83ypx982yhwlhywlcew7yxq46jzyst2g,0,16,iohk.io,23,1,500000000,046139b9d5423a419eedd21a78902629d44bbbf723bf8cbbc4302ba9,False,False,0,1,False,Input Output Global (IOHK) - Private,0,64000000000000,1041302057188,1607669639,,0,0,0,0,0,0,0,0,0,0,IOGP,800,True
0,pool1t5zgwakxfmqxgu7l65fk45u33frlqrvgsvzn7demdy0ejgrhq9a,0,16,iohk.io,22,1,500000000,5d048776c64ec06473dfd5136ad3918a47f00d8883053f373b691f99,False,False,0,1,False,Input Output Global (IOHK) - Private,0,64000000000000,968845953909,1607669639,,0,0,0,0,0,0,0,0,0,0,IOGP,744,True
0,pool1gctelcfktanxhqfjw88vjp9v0ayumd6lr3re38pjw3kvvc8tanq,0,16,iohk.io,21,1,500000000,46179fe1365f666b813271cec904ac7f49cdb75f1c47989c32746cc6,False,False,0,1,False,Input Output Global (IOHK) - Private,0,64000000000000,942064302372,1607669639,,0,0,0,0,0,0,0,0,0,0,IOGP,724,True
0,pool1pmknsy9yqh06fpmduf8vzcvkzpllygjj8uzkjccgvewtq9uc53k,0,16,iohk.io,20,1,500000000,0eed3810a405dfa4876de24ec16196107ff222523f05696308665cb0,False,False,0,1,False,Input Output Global (IOHK) - Private,0,64000000000000,1014177907172,1607669639,,0,0,0,0,0,0,0,0,0,0,IOGP,779,True
0,pool172fsazvg6zrpkj7c8wklsp7lrn5yxjvhru4enddvvfnyx343dyc,0,17,iohk.io,19,1,500000000,f2930e8988d0861b4bd83badf807df1ce84349971f2b99b5ac626643,False,False,0,1,False,Input Output Global (IOHK) - Private,0,64000000000000,960533705932,1607669639,,0,0,0,0,0,0,0,0,0,0,IOGP,738,True
0,pool1szgruqm2dlhkh5qh7rft28xz9gkxj6rzfncsuquf3vm37k63kqv,0,17,iohk.io,18,1,500000000,80903e036a6fef6bd017f0d2b51cc22a2c6968624cf10e03898b371f,False,False,0,1,False,Input Output Global (IOHK) - Private,0,64000000000000,1094213596317,1607669639,,0,0,0,0,0,0,0,0,0,0,IOGP,849,True
0,pool1j0j39t2dfmkflfnvresds8vlfhwg75qwufa95u55nw376ky29r8,0,17,iohk.io,17,1,500000000,93e512ad4d4eec9fa66c1e60d81d9f4ddc8f500ee27a5a72949ba3ed,False,False,0,1,False,Input Output Global (IOHK) - Private,0,64000000000000,1005578650340,1607669639,,0,0,0,0,0,0,0,0,0,0,IOGP,777,True
0,pool10pktmr26fpvrt77j7m5mchqlt0mjmmfvt7ruvdewkcpasp0nzkl,0,19,iohk.io,16,1,500000000,786cbd8d5a485835fbd2f6e9bc5c1f5bf72ded2c5f87c6372eb603d8,False,False,0,1,False,Input Output Global (IOHK) - Private,0,64000000000000,1207286281252,1607669639,,0,0,0,0,0,0,0,0,0,0,IOGP,961,True
0,pool1kcw2kqj27qe7ntsz9fhvyvyvpf7prclwc5jq4cw0qydh7cygcek,0,19,iohk.io,15,1,500000000,b61cab024af033e9ae022a6ec2308c0a7c11e3eec5240ae1cf011b7f,False,False,0,1,False,Input Output Global (IOHK) - Private,0,64000000000000,1168548071795,1607669639,,0,0,0,0,0,0,0,0,0,0,IOGP,929,True
0,pool1y9xftc4cq0svcv0gjdtusnvllrg5v5rn0d24g8r4m7tnsem6ve8,0,19,iohk.io,14,1,500000000,214c95e2b803e0cc31e89357c84d9ff8d14650737b55541c75df9738,False,False,0,1,False,Input Output Global (IOHK) - Private,0,64000000000000,1172641243526,1607669639,,0,0,0,0,0,0,0,0,0,0,IOGP,932,True
0,pool1hfxjswx4wnpfmdad660hvzx4knjhf32uwgg6wgsnqp98x9zz927,0,19,iohk.io,13,1,500000000,ba4d2838d574c29db7add69f7608d5b4e574c55c7211a72213004a73,False,False,0,1,False,Input Output Global (IOHK) - Private,0,64000000000000,1222328459084,1607669639,,0,0,0,0,0,0,0,0,0,0,IOGP,971,True
0,pool1e827fy8efd7n9zacdknhtr2n5rqmry5up05mqgqsjkmmzjmzrf3,0,20,iohk.io,12,1,500000000,c9d5e490f94b7d328bb86da7758d53a0c1b1929c0be9b0201095b7b1,False,False,0,1,False,Input Output Global (IOHK) - Private,0,64000000000000,1195208278900,1607669639,,0,0,0,0,0,0,0,0,0,0,IOGP,953,True
50119175,pool148ajvsw7z9mhgw43tqvgmfrv22azvm638knkqghqv497xvdl2tk,0,20,iohk.io,11,2,500000000,a9fb2641de1177743ab158188da46c52ba266f513da76022e0654be3,False,False,47155291,1,False,Input Output Global (IOHK) - Private,0,64000000000000,1204866987271,1607669639,,0,0,0,0,0,0,0,0,0,0,IOGP,971,True
0,pool1v9gqa6n4em4aly7ew2trvhgrath4mrsp9tyc290l638nvqs5aej,0,20,iohk.io,10,1,500000000,61500eea75ceebdf93d97296365d03eaef5d8e012ac98515ffd44f36,False,False,0,1,False,Input Output Global (IOHK) - Private,0,64000000000000,1262821406637,1607669639,,0,0,0,0,0,0,0,0,0,0,IOGP,1019,True
0,pool1tjaz8a62743k5tzdd8lyd0sgf2lcvtk09jsz9etvas82zdamc2q,0,20,iohk.io,9,1,500000000,5cba23f74af5636a2c4d69fe46be084abf862ecf2ca022e56cec0ea1,False,False,0,1,False,Input Output Global (IOHK) - Private,0,64000000000000,1247991107123,1607669639,,0,0,0,0,0,0,0,0,0,0,IOGP,999,True
2925923,pool1646vlaras0deljthqtfl9dpdw2xsna799l0kayyu9v44cql4ky0,0,23,iohk.io,8,1,500000000,d574cff47d83db9fc97702d3f2b42d728d09f7c52fdf6e909c2b2b5c,False,False,2925923,1,False,Input Output Global (IOHK) - Private,2925923,64000000000000,1416679149957,1607669639,,0,0,0,0,0,0,0,0,0,0,IOGP,1182,True
2925923,pool12jqfrwhuv2jn0uymwmud2d63gp5drj08fjfart9dxgpu2tmj8a0,0,23,iohk.io,7,1,500000000,548091bafc62a537f09b76f8d537514068d1c9e74c93d1acad3203c5,False,False,2925923,1,False,Input Output Global (IOHK) - Private,2925923,64000000000000,1382054878103,1607669639,,0,0,0,0,0,0,0,0,0,0,IOGP,1145,True
1481480,pool1ha70qvqwnmnwpa7e575y9tgyx47aw29rvkz73mnf42z5wet5dr3,0,23,iohk.io,6,1,500000000,bf7cf0300e9ee6e0f7d9a7a842ad04357dd728a36585e8ee69aa8547,False,False,1481480,1,False,Input Output Global (IOHK) - Private,1481480,64000000000000,1413730488195,1607669639,,0,0,0,0,0,0,0,0,0,0,IOGP,1171,True
3981480,pool1h5uycju7n5puxn2ckfkpza550rf6jk4twr6ef0hsmxft78ajt6q,0,51,iohk.io,5,1,500000000,bd384c4b9e9d03c34d58b26c11769478d3a95aab70f594bef0d992bf,False,False,3981480,1,False,Input Output Global (IOHK) - Private,3981480,64000000000000,2952808234559,1607669639,,0,0,0,0,0,0,0,0,0,0,IOGP,2800,True
1481480,pool12ql6www8aa8usn98azlkz76d2htxtm9swalvyac27rlq6mdkxc7,0,51,iohk.io,4,1,500000000,503fa739c7ef4fc84ca7e8bf617b4d55d665ecb0777ec2770af0fe0d,False,False,1481480,1,False,Input Output Global (IOHK) - Private,1481480,64000000000000,3119670530762,1607669639,,0,0,0,0,0,0,0,0,0,0,IOGP,2952,True
64349145174774,pool155efqn9xpcf73pphkk88cmlkdwx4ulkg606tne970qswczg3asc,24,338,iohk.io,3,4,500000000,a532904ca60e13e88437b58e7c6ff66b8d5e7ec8d3f4b9e4be7820ec,False,False,64349145174774,1,True,Input Output Global (IOHK) - Private,64328594406327,64000000000000,13473824313930,1607669639,,0,0.0002,0,0,0,0,0,0,0,0,IOGP,19644,True
64329845847367,pool1nee5kmpzv0qfz7lu258fe9ylgxh68lsqqdmjgw7jnheej3usn35,12,338,iohk.io,2,2,500000000,9e734b6c2263c0917bfc550e9c949f41afa3fe000377243bd29df399,False,False,64329845847367,1,True,Input Output Global (IOHK) - Private,64328596815617,64000000000000,13482680382718,1607669639,,0,0.0001,0,0,0,0,0,0,0,0,IOGP,19588,True
64328595408167,pool1gpzkwf3ntp7ky6yvyky8q6qu4dyup5y6v4pxzn56yut8sqp6k53,18,338,iohk.io,1,4,500000000,4045672633587d62688c258870681cab49c0d09a6542614e9a271678,False,False,64328595408167,1,True,Input Output Global (IOHK) - Private,64328594406327,64000000000000,13470041918679,1607669639,,0,0.0002,0,0,0,0,0,0,0,0,IOGP,19641,True
0,pool1e68hwymvfqxss0v29tgu95j0q8rv79z76l54wm4s0625klfq6y6,0,0,,,2,340000000,ce8f77136c480d083d8a2ad1c2d24f01c6cf145ed7e9576eb07e954b,False,False,0,0.05,False,2 Relays 1 Core,0,25000000000,0,1607620015,,0,0,0,0,0,0,0,0,0,0,2R1C,0,True
148091537,pool1g0fvxf4ewt0j3hplp09dv4ak2uv5ay3ftw8upk80d8kx2ca5syn,0,0,,,2,345000000,43d2c326b972df28dc3f0bcad657b657194e92295b8fc0d8ef69ec65,False,False,148091537,0.01,False,,148091303,100000000,0,1607545153,,0,0,0,0,0,0,0,0,0,0,,0,True
313285815,pool14gzj8a99u43j2gu3z0wcyedvdca27m2lx7msqxywl3lrcyrvmys,0,0,,,1,340000000,aa0523f4a5e56325239113dd8265ac6e3aaf6d5f37b700188efc7e3c,False,False,313285815,0,False,,313285815,0,0,1607544591,,0,0,0,0,0,0,0,0,0,0,,0,True
10754655804,pool16zx2pradv3pdv6tkp2dnll3d7u8sdwld884f228xl62vy2msdt0,0,31,,,24,340000000,d08ca08fad6442d669760a9b3ffe2df70f06bbed39ea9528e6fe94c2,False,False,10754655804,0.02,False,Morne Stakepool,4000000,50000000000,11432219224,1607527248,,45841784340,0.0291,0,0,0,0,0,0,0,0,MORNE,78,True
2621434,pool1l5tmww2aqkhl3lfcrced6xpsd30pzx65p6v4e48v29g4jtlvf3d,0,0,,,2,345000000,fd17b7395d05aff8fd381e32dd18306c5e111b540e995cd4ec515159,False,False,2621434,0.15,False,Bitcoin Bay KW Pool,2621434,100000000,0,1607496185,,0,0,0,0,0,0,0,0,0,0,BBAYK,0,True
127138140733,pool1n2j7zmw69gf3weqp3wae234p3lykjks49c84mleqgmnmg4jht3y,0,53,,,37,340000000,9aa5e16dda2a131764018bbb9546a18fc9695a152e0f5dff2046e7b4,False,False,127138140733,0.01,False,Free York,50103811902,50000000000,18524970863,1607493653,,49497919305,0.0360,0,0.0017,0.0017,0,0.0020,0.0077,0.0010,0.0064,YORK,100,True
1002944665,pool183usq53j55v86q3eguw37xaqy67au9n5terk474sevuu6jy7266,0,24,,,55,340000000,3c79005232a5187d0239471d1f1ba026bdde16745e476afab0cb39cd,False,False,1002944665,0.03,False,ZELDA STAKE POOL,0,300000000000,9805357160,1607476995,,104880265244,0.0471,0,0,0,0,0,0,0,0,ZELDA,123,True
3396396549,pool1pgdw8zfuwjkqhkl5fycfkdplkwqkmwvx7gsr2rkvvpnf23wwg8r,0,0,,,4,340000000,0a1ae3893c74ac0bdbf449309b343fb3816db986f220350ecc606695,False,False,3396396549,0,False,🐍COBRA🐍 Stake Pool,0,128000000000,0,1607467801,,0,0,0,0,0,0,0,0,0,0,COBRA,0,True
6599315960973,pool1ea34czsr90yc63fmv4gj4tetp7ds7c4jhpj6vqg4yw40wvygdl3,3,272,poapool.com,1,345,170000000,cf635c0a032bc98d453b65512aaf2b0f9b0f62b2b865a6011523aaf7,False,False,6695006980377,0.03,False,SMILES ON AFRICA,10042772904,10000000000,86562149337,1607373996,,685665318451,0.0300,0,0.0206,0.0241,0.0117,0.0154,0.0243,0.0171,0.0270,SMILE,1616,True
1000000,pool1570hpvwg22nm8uat505mj5hm6p6z26528nuwvrr7r5nh6yavdqt,0,0,,,1,360000000,a79f70b1c852a7b3f3aba3e9b952fbd074256a8a3cf8e60c7e1d277d,False,False,1000000,0.01,False,adanexa,1000000,15000000000,0,1607341385,,0,0,0,0,0,0,0,0,0,0,NEXA,0,True
53781618187852,pool1xjhzgchsl2ccvc5pj3aqytv9hh0jnaz63wtfnw4th07tjypm46x,16,337,cardano.securestaking.io,2,2710,170000000,34ae2462f0fab1866281947a022d85bddf29f45a8b9699baabbbfcb9,False,False,54708512697948,0,False,THREE SecureStaking.io,101889002043,100000000000,125515748051,1607331364,,8404850236730,0.0353,0,0.0233,0.0246,0.0090,0.0133,0.0258,0.0207,0.0263,SECUR,16295,True
4427719862912,pool1h3aejp7fln74mwaraqjn65ve3j5zwqr7wk0pasct87wpkv0aspm,0,323,beastlyorion.github.io,0,148,340000000,bc7b9907c9fcfd5dbba3e8253d51998ca827007e759e1ec30b3f9c1b,False,False,4430867701632,0.03,False,BEAST Pool,1011013065526,1000000000000,159865165243,1607294211,,1669285912660,0.0376,0,0.0197,0.0187,0.0142,0.0133,0.0186,0.0162,0.0199,BEAST,3104,True
3894043406114,pool1hqwxta8p0j8ffkyle5mf6yg80tucqzh8q9mszws60xe5ja06nwa,0,322,,,116,340000000,b81c65f4e17c8e94d89fcd369d11077af9800ae70177013a1a79b349,False,False,3895090090902,0,False,Don’t underestimate the Force,1752068119632,150000000000,121799033733,1607278803,,524477894487,0.0307,0,0.0226,0.0278,0.0100,0.0156,0.0223,0.0167,0.0207,LUKE,1354,True
366625702,pool1ka8q6my2a5fennpr2nmrj5yzma27d2fkev8lmpfq90kxzjszwgm,0,0,,,4,345000000,b74e0d6c8aed1399cc2354f6395082df55e6a936cb0ffd85202bec61,False,False,366625702,0.02,False,🌴 Bali Pool 🙏,365625702,100000000,0,1607272248,,0,0,0,0,0,0,0,0,0,0,BALI,0,True
19182605210129,pool1rjxdqghfjw5rv6lxg8qhedkechvfgnsqhl8rrzwck9g45n43yql,3,308,xray.app,0,2798,340000000,1c8cd022e993a8366be641c17cb6d9c5d8944e00bfce3189d8b1515a,False,False,19349091781808,0.01,False,XRAY | Network,1001402365,1000000000,114677835294,1607256512,,6594076955268,0.0352,0,0.0239,0.0248,0.0125,0.0193,0.0250,0.0229,0.0254,XRAY1,12372,True
4342259089859,pool1fmgus36uc0jf0wlspfvzwfn04mz34kwrensmqgfzkv7t58dejw4,1,330,,,115,340000000,4ed1c8475cc3e497bbf00a5827266faec51ad9c3cce1b02122b33cba,False,False,4344293718141,0.01,False,We are Grabbers,306203145355,200000000000,118423315956,1607245512,,676319613830,0.0317,0,0.0192,0.0194,0.0089,0.0138,0.0204,0.0158,0.0193,GRAB,1438,True
371524201776,pool1dts0h87pntgmsffp6mjtnahfht2dz5zjjeeujhzmtn6wgctcuzd,0,130,,,30,340000000,6ae0fb9fc19ad1b82521d6e4b9f6e9bad4d150529673c95c5b5cf4e4,False,False,371524201776,0.009,False,Dynamic Strategies,285321059072,235000000000,50389291876,1607216284,,566580313955,0.0354,0,0.0064,0.0045,0,0.0007,0.0112,0.0125,0.0061,DSIO,1030,True
832555110215,pool1ft6jvmft8tg3lwzg6wfsprlex3ncuq5cnckwycavqk5q63jhrhv,1,158,,,86,170000000,4af5266d2b3ad11fb848d393008ff934678e02989e2ce263ac05a80d,False,False,849904087503,0,True,0% Fees! Canadian Pool 🇨🇦,27164312951,25000000000,40813595889,1607191301,,72851810626,0.0210,0,0.0171,0.0153,0.0187,0.0158,0.0128,0.0132,0.0140,FRCA🍁,227,True
24692115456,pool1u3p6z3r2g5s7mazc0wmx8v0cyjjasusght53zm4kj436vs3u2th,0,92,,,12,340000000,e443a1446a4521edf4587bb663b1f824a5d87208bae9116eb69563a6,False,False,24692115456,0.0125,False,Ubiquity,1459824302,1500000,29513707614,1607160933,,37793669637,0.0202,0,0,0,0,0,0,0,0,UBQT,115,True
29932611828,pool1akt37u42nfegyf3atv6c3c64da7dwa9grt9kjxa8zwj9qr4y8u2,0,17,,,25,170000000,ed971f72aa9a7282263d5b3588e3556f7cd774a81acb691ba713a450,False,False,29932611828,0.02,False,BitLamp.ch,100000000,20000000,5279461578,1607130187,,8793617697,0.0155,0,0,0,0,0,0,0,0.0080,LAMP,20,True
0,pool1lrd3lza7r2a3uf4z9y52zf792kmmgqpxgl8suaz88g7fg7sdw3g,0,0,,,1,340000000,f8db1f8bbe1abb1e26a22928a127c555b7b4002647cf0e74473a3c94,False,False,0,0.02,False,AdaElephant,0,45000000000,0,1607127985,,0,0,0,0,0,0,0,0,0,0,ELEPH,0,True
57172074750518,pool1c2wf97p3j9gfvfjshj99ufxerpy3aznm8tzr2fd0ua465s26th4,15,331,p2p.org,2,180,170000000,c29c92f8319150962650bc8a5e24d918491e8a7b3ac43525afe76baa,False,False,66753830494594,0.02,False,P2P Validator,11524945535,10000000000,128154425616,1607091196,,2038721975072,0.0339,0,0.0205,0.0217,0.0116,0.0154,0.0230,0.0185,0.0240,P2P,4115,True
22920707499187,pool1m4enp55hp80tf6xl7k6f6593wnyu3pr83xfvef9x3ktdw9m0em5,8,339,dappcentral.net,2,3801,340000000,dd7330d29709deb4e8dff5b49d50b174c9c884678992cca4a68d96d7,False,False,22695722596241,0.02,False,AzureADA2,2925617326035,1500000000000,199305571034,1607063091,,4021869154173,0.0342,0,0.0218,0.0222,0.0121,0.0146,0.0224,0.0217,0.0249,AZUR2,8222,True
20897852050130,pool1q7k8mmnvsgthp94hpn8jrnacjewplvywq70eef90fv4nu7gedzp,5,207,,,59,340000000,07ac7dee6c82177096b70ccf21cfb8965c1fb08e079f9ca4af4b2b3e,False,False,20807056978348,0.02,False,Logical Mechanism,173713681226,100000000000,99353040914,1607011770,,1459988587472,0.0289,0,0.0231,0.0241,0.0139,0.0202,0.0244,0.0237,0.0255,LOGIC,3549,True
154578042718,pool1v99msed3jqh4fd2qyzdn0t2qfmh3mv2cnfweatl85mdhz6l0ewc,1,135,julienadatrain.github.io,2,22,340000000,614bb865b1902f54b540209b37ad404eef1db1589a5d9eafe7a6db71,False,False,154578042718,0,False,Super Nova,1868057764,500000000,45560000000,1606996459,,123939727888,0.0324,0,0,0.0005,0,0,0.0010,0,0.0055,SUNO,238,True
88849236744,pool1hr4t5a052rh773vml9pra5planumw2tjn9cg6nsrzq64jdz907s,0,39,,,8,340000000,b8eaba75f450efef459bf9423ed03fecf9b7297299708d4e03103559,False,False,88849236744,0,False,Neon Pool,67055986343,50000000000,13304641557,1606975963,,51221503992,0.0355,0,0,0,0,0,0,0,0,NEON,84,True
29099907785254,pool16hs0jxw7h6pwg3ru7rcq3yvg4csj7lhmcpj68kqem2sh5nt8mwk,10,339,nu.fi,6,5715,340000000,d5e0f919debe82e4447cf0f0089188ae212f7efbc065a3d819daa17a,False,False,28429990988118,0.03,False,Nu.Fi & AdaLite 7,1002830780,1000000000,296547352138,1606925248,,5895906592319,0.0354,0,0.0230,0.0232,0.0115,0.0142,0.0233,0.0210,0.0245,NUFI7,11098,True
3487585371,pool1aavk93lvhqfhskga397sadl0w30tul9sp587gh7r8mt625zxze8,0,111,,,6,340000000,ef5962c7ecb81378591d897d0eb7ef745ebe7cb00d0fe45fc33ed7a5,False,False,3487585371,0.01,False,IT_SYS_POOL,3476053175,2000000000,38926630857,1606916564,,252061934168,0.0411,0,0,0,0,0,0,0,0,ITSYS,396,True
5566268534854,pool1j6490a90qefvsqxdurf99z9ld50rtthaz9ms6c8xh78s52veuq2,3,330,cardano-education.com,0,2936,340000000,96aa57f4af0652c800cde0d25288bf6d1e35aefd11770d60e6bf8f0a,False,False,5564833101758,0.01,False,Cardano Education Thailand,26536627141,25000000000,122959518500,1606901971,,922845071403,0.0316,0,0.0209,0.0224,0.0139,0.0170,0.0223,0.0170,0.0226,CETH,1981,True
6001245,pool1jz4vmzq5zkedem6wep8c99fxatxgvymlvdzs9qxxn7xsuv4m8um,0,0,,,1,340000000,90aacd881415b2dcef4ec84f829526eacc86137f63450280c69f8d0e,False,False,6001245,0.01,False,Wecan,6001245,100000000,0,1606891406,,0,0,0,0,0,0,0,0,0,0,Wecan,0,True
22404252952170,pool1wf7wk3802jxtkmek6uprm77cgqx53t4qep9kwkl078w3yw0ff69,4,338,danteachescrypto.com,0,3432,340000000,727ceb44ef548cbb6f36d7023dfbd8400d48aea0c84b675beff1dd12,False,False,22282543131221,0.05,False,DigitalAssetNews,75035212650,75000000000,321572658736,1606878406,,3934916785956,0.0347,0,0.0216,0.0220,0.0110,0.0160,0.0228,0.0199,0.0248,DNEWS,7629,True
850027644024,pool1jf4kt5qvyx4plvv7gna2y2f7xsjh3mt2szk2ff23ryd8qg826hj,0,303,newm.io,0,956,340000000,926b65d00c21aa1fb19e44faa2293e342578ed6a80aca4a551191a70,False,False,860066995647,0.05,False,NEWM Stake Pool,10000000000,10000000000,730616498694,1606877458,,2228531155659,0.0294,0,0.0101,0.0113,0,0,0.0091,0.0051,0.0141,NEWM,5072,True
4042144220472,pool1uy2z02pn4lczk7p2plvnkzrmltxmqs2t04d9ghx5t0vw6e4t0qn,0,309,,,70,170000000,e11427a833aff02b782a0fd93b087bfacdb0414b7d5a545cd45bd8ed,False,False,4036314520900,0.02,False,Cardano.Amsterdam,200011942698,200000000000,94629982519,1606849041,,415146036692,0.0287,0,0.0190,0.0166,0.0203,0.0209,0.0178,0.0203,0.0186,AMS01,992,True
28666380434,pool1c38rf777lz0lweuz856xtetz2p2tfq04xfles089839tclt4dp3,0,19,,,13,340000000,c44e34fbdef89ff767823d3465e5625054b481f5327f983ce53c4abc,False,False,28666380434,0.019,False,PINOY ADA,17504511122,10000000000,6796339538,1606824009,,17751988035,0.0232,0,0.0042,0.0028,0,0,0.0028,0.0085,0.0012,PINOY,41,True
29635007084333,pool1p5ja48uqc7pjnuqvwu7cgmspvx938qpnf4zqm0x2k0ngkh4lkjx,9,339,sipo.tokyo,2,561,340000000,0d25da9f80c78329f00c773d846e01618b1380334d440dbccab3e68b,False,False,29567165923419,0.025,False,SITION POOL3,55367960072,50000000000,239435117711,1606808269,,4871033776986,0.0337,0,0.0237,0.0233,0.0129,0.0146,0.0233,0.0214,0.0255,SIPO3,9665,True
145449875071,pool1zvm45jj5wz6kgfr2xfg75rx0auzxaedu4ulddhnrzk4uwuyuvpn,0,21,,,28,170000000,13375a4a5470b564246a3251ea0ccfef046ee5bcaf3ed6de6315abc7,False,False,145444008470,0,False,Nova Era Pool,43795856156,40000000000,7185991229,1606780991,,4553132713,0.0088,0,0.0006,0.0004,0,0,0.0002,0.0011,0.0011,ERA,22,True
30323538435,pool1k3wpsc8q8za2qeptx5kv73r76hs5gvp59gga6ad6u5hnj3scy3q,0,43,,,19,170000000,b45c1860e038baa0642b352ccf447ed5e14430342a11dd75bae52f39,False,False,30323538435,0,False,Cardano Pools United,4014020007,4000000000,17924087073,1606773477,,161173342118,0.0384,0,0,0,0,0,0.0007,0,0.0014,CPU,256,True
18765993730,pool18e0uhtm4pspfrnktwguypytjfgwz6dw6zzn3gulpdjfx7qd0439,0,7,,,12,170000000,3e5fcbaf750c0291cecb72384091724a1c2d35da10a71473e16c926f,False,False,18765993730,0.01,False,ADAstra Mines,1422664,1000000,2401869602,1606773477,,1948888829,0.0235,0,0,0,0,0,0,0,0,MINES,7,True
35589799627859,pool1c7jrfce3zxkk9s9enzpvwj8fuayvx3pdzc2k2es6mrw6gsfcjep,13,340,garden-pool.com,2,3440,340000000,c7a434e33111ad62c0b99882c748e9e748c3442d161565661ad8dda4,False,False,33932503422214,0.01,False,Garden Pool Three,16975761092,1000000000,285609429223,1606761841,,8506324616091,0.0361,0,0.0233,0.0233,0.0132,0.0180,0.0246,0.0208,0.0266,EDEN,17035,True
494586242841,pool1xcn2yddehm5ncjx0p24vkguth4rta7zv3getcztflxs3kh9rexd,0,218,,,213,340000000,3626a235b9bee93c48cf0aaacb238bbd46bef84c8a32bc0969f9a11b,False,False,494584393124,0.01,False,MONAD,350120285,314000000,78347725380,1606741670,,486243319109,0.0342,0,0,0,0,0,0.0001,0,0.0046,MONAD,957,True
6713133499,pool1s6s6eyve0lmc4e0emzf2l68n9ya0rhrpdcq0jmkmmmxv2rkrx42,0,208,staking-fm.site,12,7,340000000,86a1ac91997ff78ae5f9d892afe8f3293af1dc616e00f96edbdeccc5,False,False,6713133499,0.2,False,LEO9 Pool,0,50000000000,790890548248,1606740555,,2880398580106,0.0356,0,0,0,0,0,0,0,0,LEO9,5194,True
905625683,pool1ffuv59d0rdp0jsgxa9x5r8pvmaexvuufeu43kpxl3u2qut3ljq4,0,172,staking-fm.site,11,4,340000000,4a78ca15af1b42f94106e94d419c2cdf72667389cf2b1b04df8f140e,False,False,905625683,0.2,False,LEO8 Pool,0,50000000000,652242515853,1606738730,,2374763497713,0.0381,0,0,0,0,0,0,0,0,LEO8,4021,True
2139714884124,pool1xc6la5z92seku86c4rdnuvxjdc3fh8pdtanlgxdy99cxjrkhzkd,0,266,staking-fm.site,10,5,340000000,3635fed04554336e1f58a8db3e30d26e229b9c2d5f67f419a4297069,False,False,2139714884124,0.2,False,LEO7 Pool,50098496460,50000000000,986407240463,1606736041,,3593760905928,0.0314,0,0,0,0,0,0,0,0.0014,LEO7,6972,True
925693494933,pool1w9yeaaadjz9563tf2h7katrlujvxnywda8el8z66h02ckccx95x,1,198,,,223,340000000,71499ef7ad908b4d456955fd6eac7fe4986991cde9f3f38b5abbd58b,False,False,931430933832,0,False,ADA Suisse 🇨🇭,33206165058,31000000000,66655000000,1606731441,,134147432410,0.0192,0,0.0150,0.0131,0.0148,0.0099,0.0103,0.0202,0.0085,SUI,393,True
20736188560,pool1t6stu46gth7awdlrdmxmjhgrk9rjhez9qfnlhkhfvf0fj4q3h2a,0,213,staking-fm.site,9,7,340000000,5ea0be57485dfdd737e36ecdb95d03b1472be4450267fbdae9625e99,False,False,20736188560,0.2,False,LEO6 Pool,0,50000000000,823366703373,1606728991,,3003343780892,0.0360,0,0,0,0,0,0,0,0,LEO6,5444,True
19988805324580,pool1zn9hjcmfddhcp2aj9xxuvz7z40rasyatkgavr8ryyz72qdfwtrj,7,339,,,2744,340000000,14cb7963696b6f80abb2298dc60bc2abc7d813abb23ac19c6420bca0,False,False,19977053850234,0,False,Plush Pool,1030951027781,1000000000000,145985438422,1606706260,,4871017100305,0.0354,0,0.0190,0.0199,0.0089,0.0153,0.0221,0.0180,0.0240,PLUSH,9229,True
11061408070,pool1wnshjhwqv9j7fgd4tkynpsqr0xczns4pghljy5j4z4qjj7qy4d4,0,74,julienadatrain.github.io,1,20,340000000,74e1795dc06165e4a1b55d8930c00379b029c2a145ff225255154129,False,False,11061408070,0,False,Galaxy Stake Pool,346365722,1000000,27766998124,1606675391,,199054416343,0.0488,0,0,0,0,0,0,0,0,GXY,250,True
74591640128635,pool1eqa7kxx4xg35cu4rqj4exkvzhenscgh8wxez0gl7hsagygp79kr,19,336,adapilot.com,0,7145,340000000,c83beb18d532234c72a304ab935982be670c22e771b227a3febc3a82,False,False,74507613546177,0,False,Pilot Pool,1050050000000,1050000000000,119392473274,1606675177,,9069805960174,0.0337,0,0.0227,0.0235,0.0119,0.0168,0.0243,0.0197,0.0260,PILOT,18335,True
101250210,pool15jzfzmh3s4vnhm2qm3p5e0632kv8nuw2luxarqrzpa8a6cgnthk,0,0,,,4,340000000,a484916ef185593bed40dc434cbf51559879f1caff0dd180620f4fdd,False,False,101250210,0,False,Balkano Pool,99805767,50000000,0,1606663864,,0,0,0,0,0,0,0,0,0,0,Balk,0,True
2376367721,pool1chxjq4stjq2q635q8lv3vpszu0jqntxh3ltl97s5de4rz0rkdn3,0,18,,,6,340000000,c5cd20560b90140d46803fd9160602e3e409acd78fd7f2fa146e6a31,False,False,2376367721,0.005,False,Cortex Pool,2296886009,500000000000,7354724411,1606596841,,64610824851,0.0420,0,0,0,0,0,0,0,0,CRTX,73,True
1044631,pool1m2tgjxn880a3v6w4v3uf3kz9kduhvtr97slmpwnppd6r63230sm,0,0,,,1,340000000,da96891a673bfb1669d5647898d845b379762c65f43fb0ba610b743d,False,False,1044631,0,False,Rousseau,1044631,123450000000,0,1606581591,,0,0,0,0,0,0,0,0,0,0,RUSTY,0,True
2520525635926,pool1efxh54fk0dj5uu2e4eu08klxl5ys3saphv3kec33kw3xv8738sc,3,324,kaizencrypto.com,2,443,340000000,ca4d7a55367b654e7159ae78f3dbe6fd0908c3a1bb236ce231b3a266,False,False,2500148117229,0.025,False,🔱Kronos Stake Pool by Kaizen Crypto,5046688969,5000000000,133079274840,1606528737,,915535692590,0.0370,0,0.0085,0.0114,0.0100,0.0067,0.0146,0.0084,0.0153,KRONO,1671,True
301643309074,pool1ha4z9zne9z7he43qf0tzv9pdq8cdj63xfrj8s246u89lkcwmq7w,0,139,,,112,340000000,bf6a228a7928bd7cd6204bd626142d01f0d96a2648e4782abae1cbfb,False,False,301643309074,0.01,False,Vada Pool,150891717575,30000000000,50675114758,1606503087,,370776887883,0.0421,0,0.0002,0.0054,0,0,0.0080,0,0.0064,VADA,594,True
4434969595751,pool1helzgcd9sjm9xtyh9mw2wy06gekh6r52s6mx987q0p8lvklwura,1,333,,,943,340000000,be7e2461a584b6532c972edca711fa466d7d0e8a86b6629fc0784ff6,False,False,4615318034350,0.015,False,Shamrock,32385504205,31500000000,131248832136,1606430391,,1681631042126,0.0365,0,0.0190,0.0199,0.0029,0.0096,0.0198,0.0068,0.0229,SHA☘,3096,True
6955198248006,pool1fxmancs3dmc9l0s7u7zrj8334m9nvzam5t5hnuuf4c7cjr6867m,1,336,,,1220,340000000,49b7d9e2116ef05fbe1ee784391e31aecb360bbba2e979f389ae3d89,False,False,6869752698394,0.01,True,Congee Pool,161653439621,100000000000,145176205810,1606421865,,3223055256920,0.0429,0,0.0201,0.0213,0.0072,0.0109,0.0232,0.0163,0.0234,CONGE,5227,True
1000100,pool14mumny7t9l4ydjkqkllylxzzvwf0s5te9vujqet82eszj3d6ccm,0,0,ravens.network,1,1,340000000,aef9b993cb2fea46cac0b7fe4f98426392f851792b39206567566029,False,False,1000100,0.0275,False,Huginn,1000100,25000000000,0,1606370043,,0,0,0,0,0,0,0,0,0,0,HUGN,0,True
1000100,pool1vw0rqsvfx0ngct7gfmlz5j2e4gap6sd9pwrmemhd488eyxvm88r,0,0,ravens.network,0,2,340000000,639e30418933e68c2fc84efe2a4959aa3a1d41a50b87bceeeda9cf92,False,False,1000100,0.0275,False,Muninn,1000100,25000000000,0,1606369995,,0,0,0,0,0,0,0,0,0,0,MUNN,0,True
56629365076743,pool16eua0zalaln7q0s9u7jzlyygqad0pu2l2qdxx8r8ueqrw2jdhqf,18,341,etoro.com,11,5,340000000,d679d78bbfefe7e03e05e7a42f9088075af0f15f501a631c67e64037,False,False,56629365076743,1,False,eToro Pool 9,0,0,9497270758700,1606315614,,0,0.0002,0,0,0,0,0,0,0,0,ETO9,17120,True
0,pool1sskadl6p2w0ttfr60y2ssfzcmrnaty4wt68v5glzd3e5vwkh7z5,0,264,etoro.com,10,2,340000000,842dd6ff41539eb5a47a7915082458d8e7d592ae5e8eca23e26c7346,False,False,0,1,False,eToro Pool 8,0,0,6582182662613,1606315197,,0,0.0002,0,0,0,0,0,0,0,0,ETO8,10606,True
32150290,pool1hqlvn3qndgkne52uhe5347nlysmmec73ys9vduk96rs4jzjjyxm,0,250,etoro.com,9,5,340000000,b83ec9c4136a2d3cd15cbe691afa7f2437bce3d1240ac6f2c5d0e159,False,False,32150290,1,False,eToro Pool 7,0,0,3519212376960,1606309318,,0,0.0000,0,0,0,0,0,0,0,0,ETO7,4822,True
50000428166808,pool1wdujj7tmux5nuwnpeksgncendr3mj8ecsjcddpzx9gewc3flp4r,20,340,etoro.com,8,3,340000000,737929797be1a93e3a61cda089e33368e3b91f3884b0d684462a32ec,False,False,50000428166808,1,False,eToro Pool 6,0,0,8546143568189,1606308757,,0,0.0002,0,0,0,0,0,0,0,0,ETO6,15088,True
0,pool1w43rswva2e4hulr6ayxv4aaaf0fzvxjj5c8kv55xmm2auey5xvz,0,46,neoply.io,2,4,340000000,756238399d566b7e7c7ae90ccaf7bd4bd2261a52a60f665286ded5de,False,False,0,0.13,False,NEOWIZ3,0,0,92421076574,1606293186,,513834836061,0.0433,0,0,0,0,0,0,0,0,NWZ3,652,True
3866076017,pool1m7eljcrzd593cawzwpts00mmnxnj52kr9da8r264r7c4kfd4m0h,0,55,neoply.io,1,5,340000000,dfb3f960626d0b1c75c2705707bf7b99a72a2ac32b7a71ab551fb15b,False,False,3866076017,0.13,False,NEOWIZ2,0,0,279296710008,1606293153,,1743993367198,0.0441,0,0,0,0,0,0,0,0,NWZ2,2440,True
22973618658124,pool1lhvpgr8lhsf6h03v9zqxm74pa63rdxx4yuvkqfw4tv9fua8t37a,6,341,,,110,340000000,fdd8140cffbc13abbe2c28806dfaa1eea23698d527196025d55b0a9e,False,False,22944423016300,0.03,False,OSAKA-Pool,1096300992,1000000000,208135132770,1606292128,,3002870360921,0.0359,0,0.0209,0.0219,0.0129,0.0183,0.0234,0.0198,0.0249,OSAKA,5784,True
50000279233524,pool1dzdxps32uqhva9q9urx4lm7m0nhlczjjccwy9kv4t2d3krsn4m7,11,341,etoro.com,7,5,340000000,689a60c22ae02ece9405e0cd5fefdb7ceffc0a52c61c42d9955a9b1b,False,False,50000279233524,1,False,eToro Pool 5,0,0,9668924656826,1606224567,,0,0.0002,0,0,0,0,0,0,0,0,ETO5,17522,True
502365742,pool106l8sgu50wpw3nmqkmhlgzl5cctw428ruem2rpwjklg46nprex0,0,1,,,2,345000000,7ebe7823947b82e8cf60b6eff40bf4c616eaa8e3e676a185d2b7d15d,False,False,502365742,0.025,False,UUUPool,502365742,100000000,363774117,1606224270,,732190566,0.0263,0,0,0,0,0,0,0,0,TEST,1,True
50000000000000,pool1swuyjknhewtqcmh583jjpvlcl0p9h9hrt5l2f3v2hl6gchqrn40,20,181,etoro.com,6,2,340000000,83b8495a77cb960c6ef43c6520b3f8fbc25b96e35d3ea4c58abff48c,False,False,50000000000000,1,False,eToro Pool 4,0,0,5194869062678,1606223091,,0,0,0,0,0,0,0,0,0,0,ETO4,9215,True
11708041050045,pool1ea568m9q882n0tx5d4vxff2dmz2n7rq5h62hx5ystq625m4tcfu,7,340,nu.fi,5,2709,340000000,cf69a3eca039d537acd46d5864a54dd8953f0c14be957350905834aa,False,False,11708244583505,0.03,False,Nu.Fi & AdaLite 6,1002830858,1000000000,248704178731,1606215329,,4331341667995,0.0392,0,0.0198,0.0202,0.0053,0.0114,0.0232,0.0174,0.0255,NUFI6,7624,True
1099411067,pool1rdlpngqqd54x2ek7s9m8hl5yrc7dx5mlm9wtdqatldm5jfrcgqt,0,0,,,14,340000000,1b7e19a0006d2a6566de81767bfe841e3cd3537fd95cb683abfb7749,False,False,1099411067,0,False,Southeast Staking,586687244,43000000000,0,1606196233,,0,0,0,0,0,0,0,0,0,0,SES,0,True
680266470,pool18kv6jmmtks4jwyt8tpvfc2kakh6wkcggjtehyj78yk9r7t2t2ex,0,21,,,3,340000000,3d99a96f6bb42b27116758589c2addb5f4eb610892f3724bc7258a3f,False,False,680266470,0.019,False,VegansPlanet,581286802,100000000000,10607434889,1606165458,,179029138811,0.0475,0,0,0,0,0,0,0,0,VEGN,232,True
44089651335997,pool1g3ssnndd8e7lcmstkjl9ane9mup0eshv3aklg63u5tznwl4ch87,10,335,everstake.one,4,23314,400000000,446109cdad3e7dfc6e0bb4be5ecf25df02fcc2ec8f6df46a3ca2c537,False,False,44437099662323,0.04,False,Everstake,1500333146,1000000000,447915898336,1606138254,,8707549063149,0.0346,0,0.0217,0.0221,0.0092,0.0131,0.0234,0.0183,0.0249,VRSTK,17150,True
36382594624442,pool1ynxx88cq0y8vg8yrq3jrw6epm7rq9a8859v34sq9lzjy7ztg90u,9,332,everstake.one,3,24276,400000000,24cc639f00790ec41c830464376b21df8602f4e7a1591ac005f8a44f,False,False,36757226529864,0.04,False,Everstake,1500200338,1000000000,398113506510,1606137138,,7387225994567,0.0346,0,0.0199,0.0217,0.0114,0.0152,0.0238,0.0181,0.0255,EVE,14483,True
38840210418851,pool1jst7rrhucnp93hepezv5yqy6fx982xs2v0udwfc5ea6my3kfak7,8,340,everstake.one,2,21286,400000000,9417e18efcc4c258df21c89942009a498a751a0a63f8d72714cf75b2,False,False,38694672953471,0.04,False,Everstake,1500062925,1000000000,395152845573,1606136472,,7323859390294,0.0352,0,0.0208,0.0221,0.0116,0.0155,0.0236,0.0190,0.0251,ESTK,13965,True
38172847364105,pool1s04pdfl3sv5gzuc80322rc4ne0xs7gekux7gtckvvwt7qutjy6w,12,340,moonstake.io,3,131,340000000,83ea16a7f183288173077c54a1e2b3cbcd0f2336e1bc85e2cc6397e0,False,False,38180967588369,0.025,False,Moonstake 9,30638222042,30000000000,324788819476,1606113196,,8136014580142,0.0363,0,0.0223,0.0236,0.0118,0.0155,0.0247,0.0210,0.0256,MS9,15064,True
1431771621801,pool1c0xj2fa97zuz4phld87atg6yphz3hju409fm5xgnwuuvqww25qj,1,252,,,777,340000000,c3cd2527a5f0b82a86ff69fdd5a3440dc51bcb957953ba19137738c0,False,False,1421555412197,0.01,False,SAPIO Pool,39409026140,25000000000,87041998312,1606072656,,200070605299,0.0229,0,0.0126,0.0128,0.0093,0.0125,0.0131,0.0062,0.0158,SAPIO,561,True
32755321013439,pool1jz5ljsnj4fzmk84j0wcw9ldy866dn07nzqg2ktyuyjvfvr3jgtq,10,341,digi.pro,3,1286,170000000,90a9f94272aa45bb1eb27bb0e2fda43eb4d9bfd31010ab2c9c249896,False,False,32726749576528,0.025,True,Digital Fortress,100027212529,100000000000,246483258695,1606000995,,5912356184891,0.0364,0,0.0206,0.0233,0.0116,0.0135,0.0250,0.0179,0.0254,DIGI4,10921,True
10120190753870,pool1p8fhygz7ga9hghhwmkr64p3ftn77lxu9nyddvsqszattcdyajc0,3,340,sunnyada.io,1,1145,340000000,09d372205e474b745eeedd87aa86295cfdef9b85991ad640101756bc,False,True,10083969701077,0.02,True,Sunshine Stake Pool #2,77778517941,1000000000,160640233638,1605997757,,4480037659632,0.0392,0,0.0212,0.0221,0.0086,0.0124,0.0225,0.0202,0.0244,SUNNY,7886,True
11642837161,pool1pvsvhzqlrtmseg2mlk600hzs7zqztuqm4ytxyeupa2dyjzs33nr,0,49,,,32,340000000,0b20cb881f1af70ca15bfdb4f7dc50f08025f01ba916626781ea9a49,False,False,11642837161,0.01,False,Cardano With SEAN,21234778,400000000000,16893214204,1605972042,,37763405381,0.0318,0,0,0,0,0,0,0,0,SEAN,77,True
221207676004,pool107attaqquuq5ne2ch0hx0qcnlkzzr2683s4gml4ywnqvgj6pak9,1,107,cardano.ipclub29.com,8,8,170000000,7fbab5f400e70149e558bbee678313fd8421ab478c2a8dfea474c0c4,False,False,217130485643,0.048,False,CCJ5,10005433537,10000000000,139340794258,1605950764,,2050276722051,0.0480,0,0.0096,0.0064,0,0,0.0083,0.0095,0.0111,CCJ5,2818,True
4376215650701,pool168t0xlm0dtdgf7d5w2mrm7ulsw4czpw297yvrpke9pmjcc9hz7k,1,334,cardano.ipclub29.com,7,18,170000000,d1d6f37f6f6ada84f9b472b63dfb9f83ab8105ca2f88c186d928772c,False,False,4376851173880,0.048,False,CCJ4,10005433537,10000000000,221022851712,1605950727,,2486842841677,0.0434,0,0.0161,0.0198,0.0042,0.0094,0.0225,0.0108,0.0219,CCJ4,3776,True
384809746275,pool1z39sker5renxhep9m7z8aae2yh56940gwykptfcf053473mwy8t,0,153,,,46,340000000,144b0b64741e666be425df847ef72a25e9a2d5e8712c15a7097d235f,False,False,384809746275,0.01,True,Kyoto Stake Pool,66762525502,50000000000,56533730861,1605950648,,126866385772,0.0280,0,0.0061,0.0046,0.0009,0.0006,0.0049,0.0006,0.0075,KYOTO,275,True
10984954,pool16kja6em4zlu8cmlr5la32yrsx5jqpejdqktadw9nv3cwx2s6ccf,0,0,,,2,340000000,d5a5dd677517f87c6fe3a7fb151070352400e64d0597d6b8b36470e3,False,False,10984954,0.025,False,Pool Table,0,0,0,1605924818,,0,0,0,0,0,0,0,0,0,0,TABLE,0,True
28381756420960,pool1c3ecg6h4m73a2mftmdm9mz3gxklxmnzuwzl9e38lzd4y26qcm8a,3,342,,,155,340000000,c473846af5dfa3d56d2bdb765d8a2835be6dcc5c70be5cc4ff136a45,False,False,28389803599938,0.025,False,Cosmic Asset Stake Pool,519123668236,300000000000,214413166222,1605826217,,3845347415147,0.0341,0,0.0234,0.0231,0.0151,0.0199,0.0245,0.0226,0.0258,COSMC,7478,True
1253233599567,pool1k6altfangsst2mmxg8a9wvg3dppyszu8ckfzd3uv6azgw3z2txy,0,288,elitestakepool.com,1,257,340000000,b6bbf5a7b34420b56f6641fa5731116842480b87c59226c78cd74487,False,False,1252678753715,0,False,02  ▫  Elite Stake Pool,300855875089,300000000000,98422566646,1605807540,,349233904234,0.0331,0,0.0125,0.0167,0.0105,0.0072,0.0159,0.0106,0.0207,ELITE,839,True
640942071,pool1pujegnn8qf7xux6tkx2mj2qdn9jf0y4z0t6nma97wdgqudlc9ww,0,0,,,1,340000000,0f25944e67027c6e1b4bb195b9280d99649792a27af53df4be73500e,False,False,640942071,0,False,,640942071,100000000,0,1605727500,,0,0,0,0,0,0,0,0,0,0,,0,True
2235472514047,pool1ev8fwfccn8gr0zcz3uyps0t0mcrefc6s95wjc6aed3ngc86y5rk,0,291,,,261,340000000,cb0e97271899d0378b028f08183d6fde0794e3502d1d2c6bb96c668c,False,False,2335461590097,0.009,False,Zeitgeist Cardano Pool,78442900778,31000000000,102805836471,1605719814,,421183897299,0.0321,0,0.0092,0.0103,0,0.0118,0.0095,0.0080,0.0164,ZEIT,890,True
19255367268074,pool15wkxegrfflzcyhurrjxsm9ljqtz09xr5rtnqsarnp7hmsz5um3t,3,328,atomicwallet.io,0,26528,345000000,a3ac6ca0694fc5825f831c8d0d97f202c4f298741ae60874730fafb8,False,False,19192214104640,0.05,False,Atomic Nodes #1,1423865030,1000000000,388390882088,1605704272,,5199393982221,0.0343,0,0.0081,0.0090,0.0019,0.0025,0.0107,0.0048,0.0098,AWP1,8869,True
38360773670801,pool13crd2ljx87988umk22er6ynwadfwdqupdpcq6prc6v59z62kxse,11,342,bloompool.io,5,2599,340000000,8e06d57e463f8a73f37652b23d126eeb52e6838168700d0478d32851,False,False,38379216530169,0.04,False,Bloom Six,1000021830403,1000000000000,370667949158,1605659128,,5901904689746,0.0351,0,0.0224,0.0232,0.0109,0.0148,0.0237,0.0205,0.0251,BLOOM,11392,True
16648208482804,pool19r8kcmqpajlm6h5q0lv8jye0q7evdur39wfsgs4z98fcqpz9lct,5,342,bloompool.io,4,1338,340000000,28cf6c6c01ecbfbd5e807fd879132f07b2c6f0712b930442a229d380,False,False,16615118300906,0.04,False,Bloom Five,1000023197045,1000000000000,324636469452,1605658409,,4839330507391,0.0373,0,0.0189,0.0204,0.0081,0.0133,0.0211,0.0185,0.0238,BLOOM,8664,True
17885189007278,pool1uyvyxt9k9g038h567x8halej4x87j7m4r4zyz9lhv4dcv83husk,7,342,bloompool.io,3,2303,340000000,e118432cb62a1f13de9af18f7eff32a98fe97b751d444117f7655b86,False,False,17435732331480,0.04,False,Bloom Four,1000029312987,1000000000000,315948170711,1605649454,,4624330926284,0.0369,0,0.0215,0.0223,0.0091,0.0137,0.0225,0.0189,0.0248,BLOOM,8574,True
399089407461,pool1svv9st22dywp9exwsltt7cdc4v2dyrf4zls00jesv2lzvpz45jh,0,232,scardano.io,1,155,340000000,8318582d4a691c12e4ce87d6bf61b8ab14d20d3517e0f7cb3062be26,False,False,399089407461,0.0199,False,SCARdano 2,6765977073,5000000000,95131755253,1605636818,,799616754857,0.0404,0,0,0,0,0,0.0004,0,0.0028,SCAR2,1259,True
2338718760,pool187k9uqvh2dacad2qyfyex7ct8q0jxepk45026s9h7mkxx9pn7at,0,33,,,6,340000000,3fac5e0197537b8eb5402249937b0b381f236436ad1ead40b7f6ec63,False,False,2338718760,0.01,False,Chess,1047052111,750000000,15899631256,1605627545,,181771292180,0.0435,0,0,0,0,0,0,0,0,CHESS,277,True
2159628490173,pool1af7dmzgcyp9kc5lyrtrtpsce58l6j5cjvc8wavkwmzlr53ym50v,0,292,,,105,200000000,ea7cdd8918204b6c53e41ac6b0c319a1ffa95312660eeeb2ced8be3a,False,False,2160592014956,0.02,True,SHARE - For a good cause & ADA rewards,241111576716,100000000000,86001935638,1605621454,,319830717619,0.0283,0,0.0108,0.0136,0.0082,0.0107,0.0182,0.0068,0.0202,SHARE,763,True
97624734,pool1uda4kkzqn52fuyrwuchjxykdly8vj46yv3rc2h4zp9raunz4sgl,0,0,,,1,345000000,e37b5b58409d149e106ee62f2312cdf90ec957446447855ea20947de,False,False,97624734,0.2,False,,97624734,100000000,0,1605585500,,0,0,0,0,0,0,0,0,0,0,,0,True
866371541814,pool1cuqnuz57puz2qd3enr9vtkcp7z92ge4h2ks6j8zzknztx3283q7,0,235,,,134,340000000,c7013e0a9e0f04a0363998cac5db01f08aa466b755a1a91c42b4c4b3,False,False,864978206997,0,False,BraveHeartStakePool,56218649717,25000000000,83102665537,1605574000,,415986809993,0.0337,0,0.0028,0.0055,0.0004,0.0105,0.0029,0.0054,0.0148,BRAVE,844,True
3117689132168,pool1d76p7zfn2ydq577z4wsvmnl2lx4cxa3s5vplfuhvr8qfw8hd05j,1,336,kysenpool.io,1,202,340000000,6fb41f0933511a0a7bc2aba0cdcfeaf9ab837630a303f4f2ec19c097,False,False,3118705205763,0.019,False,⚡ KysenPool Thunder 2 ⚡,2535042607,100000000,170965217150,1605530955,,2954450989019,0.0433,0,0.0145,0.0153,0.0044,0.0086,0.0164,0.0114,0.0171,KYSN2,4513,True
3170349205765,pool1x89ssjp53eczthatft9w74749558nsz3pq5jn056634pgt5m58s,0,117,cardano.ipclub29.com,6,36,340000000,31cb0848348e7025dfab4acaef57d52d2879c051082929be9ad46a14,False,False,3171163720145,0,False,HOPE2,504437981,100000000,41128761114,1605529915,,202286449229,0.0370,0,0.0166,0.0178,0.0082,0.0055,0.0189,0.0137,0.0183,HOPE2,404,True
0,pool1c2hg4uh9x9lfljxsf5ufppwg72p3y5gu95zskmpvdmyf70w6g6v,0,0,,,0,340000000,c2ae8af2e5317e9fc8d04d389085c8f28312511c2d050b6c2c6ec89f,False,False,0,0.03,False,Ada Pulse,0,150000000000,0,1605478331,,0,0,0,0,0,0,0,0,0,0,PULSE,0,True
58192610723622,pool103455uc7a3477q8pdmzvny884qtlv9vhm2csxvqx2cadwuk36sq,16,343,garden-pool.com,1,2382,340000000,7c6b4a731eec6bef00e16ec4c990e7a817f61597dab1033006563ad7,False,False,58044092121887,0.01,False,Garden Pool Two,11679382768,1000000000,294492733902,1605470500,,7728239971600,0.0358,0,0.0215,0.0230,0.0118,0.0079,0.0245,0.0174,0.0262,EDEN,15771,True
860683949680,pool1lr5ku0p3jhykdf3a2kcr0tyra30qvzrtl02dr6uyv98rxdsy3k9,1,278,planetstake.com,1,354,340000000,f8e96e3c3195c966a63d55b037ac83ec5e06086bfbd4d1eb84614e33,False,True,846811035725,0,False,🌍 PLANETSTAKE 2,10051617741,10000000000,93935513039,1605461308,,1014770220235,0.0427,0,0.0133,0.0110,0.0004,0.0006,0.0148,0.0157,0.0163,STAKE,1607,True
0,pool1lelfqaufr7mmmdkaaqd8e78a762c6ddlrnkkaepkk70nyp7ku25,0,0,jotunn.com,3,0,340000000,fe7e9077891fb7bdb6dde81a7cf8fdf6958d35bf1ced6ee436b79f32,False,False,0,0,False,Jötunn,0,42000000,0,1605457478,,0,0,0,0,0,0,0,0,0,0,ARNA,0,True
0,pool1fn6rz40s843u3fwthk8eaqn6ath3z7wgfrhndskuzmslzxgtv50,0,0,jotunn.com,2,0,340000000,4cf43155f03d63c8a5cbbd8f9e827aeaef1179c848ef36c2dc16e1f1,False,False,0,0,False,Jötunn,0,42000000,0,1605457478,,0,0,0,0,0,0,0,0,0,0,SAGA,0,True
0,pool19cfmy93acrj292lwhak0laxrlt88ndausl3fhdgq8pckxnxc6le,0,0,jotunn.com,1,0,340000000,2e13b2163dc0e4a2abeebf6cfff4c3face79b7bc87e29bb500387163,False,False,0,0,False,Jötunn,0,42000000,0,1605457478,,0,0,0,0,0,0,0,0,0,0,RUNA,0,True
0,pool1sgrrjyfj3ujzqrgtgrt5sd9nlvsztmxm32ax79tlu4ghy58ps7q,0,0,jotunn.com,0,0,340000000,82063911328f24200d0b40d74834b3fb2025ecdb8aba6f157fe55172,False,False,0,0,False,Jötunn,0,42000000,0,1605457177,,0,0,0,0,0,0,0,0,0,0,FREY,0,True
0,pool1pnpdsl0cungyn362fgp0lk8wt34xh68fywljnvtq9dtkk2sd8qv,0,0,,,1,340000000,0cc2d87df8e4d049c74a4a02ffd8ee5c6a6be8e923bf29b1602b576b,False,False,0,0.03,False,,0,5000000000,0,1605386656,,0,0,0,0,0,0,0,0,0,0,,0,True
17847227659988,pool1pemnlylem2e94xguhd3fytj90848kpv4agvr6rthx2tp58z79ek,5,343,cardanoland.com,2,340,340000000,0e773f93f9dab25a991cbb62922e4579ea7b0595ea183d0d7732961a,False,True,17809053127130,0.01,False,A CardanoLand pool ACL,273564125337,250000000000,152634557382,1605323308,,3895458515896,0.0394,0,0.0206,0.0224,0.0122,0.0196,0.0242,0.0218,0.0269,ACL,6729,True
97624556,pool1wamhqzxcn7psr3rrqvg35wwjwmj8qktnvgyncj2vzyaqx9hkmsz,0,0,,,1,340000000,77777008d89f8301c46303111a39d276e470597362093c494c113a03,False,False,97624556,0.03,False,Cherry DAO,97624556,77000000,0,1605283960,,0,0,0,0,0,0,0,0,0,0,CHY,0,True
0,pool1cax4yzzzsluaknn9y7wdxhvslzsr3shyrapmj0cw25csw20wzc5,0,0,,,0,340000000,c74d52084287f9db4e65279cd35d90f8a038c2e41f43b93f0e553107,False,False,0,0.0075,False,Adaizen,0,42000000,0,1605237811,,0,0,0,0,0,0,0,0,0,0,AZEN,0,True
0,pool1esvefse6m77u5nwetxjz82rh77062htxmdcfa4h98cx65gjg8zg,0,0,,,1,345000000,cc1994c33adfbdca4dd959a423a877f79fa55d66db709ed6e53e0daa,False,False,0,0.01,False,,0,600000000,0,1605227592,,0,0,0,0,0,0,0,0,0,0,,0,True
9862669622492,pool1larpvn53yyufaf8fh89nrrpgruqcq8mgxrtdxp5y87cqse3yfg2,3,343,tokyostaker.com,4,64,340000000,ff46164e9121389ea4e9b9cb318c281f01801f6830d6d306843fb008,False,False,9866157087153,0.05,True,JAPAN5,76102855330,50000000000,296186566005,1605220916,,3426396189330,0.0402,0,0.0204,0.0208,0.0124,0.0099,0.0208,0.0157,0.0231,JP5,5682,True
29795895536779,pool1fmcv9p7vv754rwc0p6ud2mgm76vnn0gq0gngrk7rq400vsvhsvs,14,343,stake1ux2g76f0l7cv8g6ugzc3q54shlh57sqzad0tydysw7srqpq377vgr,3,110,340000000,4ef0c287cc67a951bb0f0eb8d56d1bf69939bd007a2681dbc3055ef6,False,False,29882626605665,0.05,False,JAZZ4,101149339699,50000000000,373190826739,1605220085,,4860143406082,0.0359,0,0.0213,0.0226,0.0119,0.0156,0.0233,0.0224,0.0260,JAZZ4,9262,True
39171265908739,pool18rhzlrv83a7ygj7cp5uv8dx07qkn5drhe8nh6f3qvhv66xcyj2m,12,342,sipo.tokyo,1,475,340000000,38ee2f8d878f7c444bd80d38c3b4cff02d3a3477c9e77d262065d9ad,False,False,38893246906359,0.025,False,SITION POOL2,56117189309,50000000000,282475411059,1605202465,,6541157279528,0.0356,0,0.0219,0.0231,0.0102,0.0134,0.0247,0.0187,0.0258,SIPO2,12294,True
3152328882568,pool1mfgqn8n658vjdcvg3xgtr3qyet64fht0dzsukqeznxw36z8g2k6,0,202,csn.cardanoscan.io,1,108,340000000,da50099e7aa1d926e1888990b1c404caf554dd6f68a1cb0322999d1d,False,False,3148486090822,0.0189,False,Cardanoscan Pool 2,11623649044,10000000000,71999953520,1605200413,,174655014102,0.0217,0,0.0145,0.0164,0.0122,0.0191,0.0185,0.0191,0.0179,CSN2,529,True
6042490348489,pool1udkx9rmgzf08z7zz4p7ykpdqsdv5nf0w8uf38wrsdn5dzk9nq4g,0,332,cardano.ipclub29.com,5,142,340000000,e36c628f68125e717842a87c4b05a0835949a5ee3f1313b8706ce8d1,False,False,6062179650764,0,False,JOY2,514434681,100000000,121564927021,1605193376,,1707401733157,0.0405,0,0.0216,0.0205,0.0128,0.0100,0.0205,0.0173,0.0217,JOY2,2720,True
70881614663509,pool19pyfv4xnln8x4l7auw0n0skk3hd97shun707hrw5d4s553ys74x,19,341,titanstaking.io,1,2321,170000000,28489654d3fcce6affdde39f37c2d68dda5f42fc9f9feb8dd46d614a,False,False,75514238884482,0.005,False,TITANstaking #2,250002026843,250000000000,122482332242,1605179074,,2855305385798,0.0331,0,0.0234,0.0246,0.0152,0.0211,0.0250,0.0222,0.0249,TITAN,6025,True
99280884,pool17d6yemu3wsv9t3lf507z6vuu00slpyw3qstavfdtztjjy42qcp7,0,0,,,2,345000000,f3744cef91741855c7e9a3fc2d339c7be1f091d10417d625ab12e522,False,False,99280884,1,False,,2624602,100000000,0,1605166612,,0,0,0,0,0,0,0,0,0,0,,0,True
909468460404,pool1668w66pcrdjmavz0c7vym7s4d3xm7578jy0fqzhk55677t4etud,0,243,,,173,170000000,d68eed68381b65beb04fc7984dfa156c4dbf53c7911e900af6a535ef,False,False,892359439842,0,False,StakeADA Pool,317424211929,100000000000,85296861843,1605141822,,431652438232,0.0353,0,0.0094,0.0116,0.0072,0.0048,0.0111,0.0071,0.0126,KARMA,866,True
16811303057129,pool17kew7rtakc7g6qzydntann5umw08xq3ll2j7spk7en4kvff69fa,7,343,bloompool.io,2,2046,340000000,f5b2ef0d7db63c8d00446cd7d9ce9cdb9e73023ffaa5e806decceb66,False,False,16779161168828,0.04,False,Bloom Three,1000021037302,1000000000000,304861257462,1605131379,,4320121187193,0.0368,0,0.0205,0.0218,0.0080,0.0155,0.0233,0.0168,0.0241,BLOOM,7865,True
36121710261032,pool12l453n0jtxqq88cgwgr67z06ldyhqqvwxgkn0sgungjfvhtp2el,13,342,everstake.one,1,20851,400000000,57eb48cdf25980039f087207af09fafb4970018e322d37c11c9a2496,False,False,36072410115471,0.04,False,Everstake,1499913737,1000000000,395241076711,1605112358,,7310604755457,0.0348,0,0.0207,0.0221,0.0131,0.0166,0.0243,0.0207,0.0253,EVERS,13810,True
53275284596582,pool1up53z2kadt6l5xs359ckx477rpyvyg3favh25qrhqt2ujclpq3h,17,343,,,58,340000000,e069112add6af5fa1a11a1716357de1848c22229eb2eaa007702d5c9,False,False,53291325244356,0.01,False,,11598876092,10000000000,205139835758,1605112007,,8853385151330,0.0370,0,0.0228,0.0232,0.0132,0.0188,0.0237,0.0201,0.0261,,16034,True
1808521302,pool1c0qt93ydpjdndag5v9fsmzjv0hm87ehstqn6ttvrr60rw9d6uaq,0,4,,,3,340000000,c3c0b2c48d0c9b36f51461530d8a4c7df67f66f05827a5ad831e9e37,False,False,1808521302,0.005,False,+ Impact,1808521302,51000000000,1400100009,1605102781,,2360337232,0.0154,0,0,0,0,0,0,0,0,PACT,5,True
6457497897899,pool1d9g45764jtjzagrmy5ndtrx4pua7l9sr4nh08l3mqs43xe6wnh9,0,318,ada63pool.com,0,15,340000000,69515a7b5592e42ea07b2526d58cd50f3bef9603aceef3fe3b042b13,False,False,6459938856291,0.015,False,無双63 ADA POOL,151536911257,9000000000,131863780388,1605069007,,1502979249218,0.0343,0,0.0162,0.0187,0.0059,0.0079,0.0205,0.0092,0.0213,SS63,2859,True
2411885742582,pool1n7s5kpymwd0zsld8q23tpf7z5esjaqwmnnzzssee5630zpx5ww0,1,240,,,226,170000000,9fa14b049b735e287da702a2b0a7c2a6612e81db9cc4284339a6a2f1,False,False,2400287409365,0,True,Rabbitholepools,146317465792,133000000000,62066295161,1605054262,,260841501349,0.0276,0,0.0218,0.0188,0.0027,0.0072,0.0197,0.0179,0.0226,RABIT,651,True
59460400,pool1dx5t3yqhzh3v5ch7add7836tg0ey255tjz87spjvws4j2gjp9yg,0,2,cardano420.com/,0,9,340000000,69a8b8901715e2ca62feeb5be3c74b43f245528b908fe8064c742b25,False,False,59460400,0.03,False,Cardano420,0,27000000000,726702499,1605042091,,1510047495,0.0141,0,0,0,0,0,0,0,0,420,3,True
20119591127157,pool1jdhjfcu34lq88rypdtslzwyf27uh0h3apcr9mjd68zhc69r29fy,7,343,nu.fi,4,3259,340000000,936f24e391afc0738c816ae1f1388957b977de3d0e065dc9ba38af8d,False,False,20095730114280,0.03,False,Nu.Fi & AdaLite 5,1002830907,1000000000,266975603437,1605013660,,4892367574495,0.0371,0,0.0219,0.0219,0.0110,0.0135,0.0236,0.0206,0.0248,NUFI5,8781,True
9391296094286,pool167zl76srpt5a2gthpsq0ye9z4fpray5vsh7xyzcn63hd5mnw7fa,4,344,nu.fi,3,554,340000000,d785ff6a030ae9d521770c00f264a2aa423e928c85fc620b13d46eda,False,False,9377132838400,0.03,False,Nu.Fi & AdaLite 4,1002830618,1000000000,343499685687,1605011198,,7350891755394,0.0355,0,0.0174,0.0194,0.0093,0.0089,0.0212,0.0124,0.0234,NUFI4,13684,True
922991960030,pool1yl76e0fhq0kcfy2jqs2mt6hl9xeyrnesehqp0p4s896lwv7hrta,0,317,1percentpool.eu,21,129,340000000,27fdacbd3703ed8491520415b5eaff29b241cf30cdc01786b03975f7,False,True,923340721094,0.01,True,1 Percent Pool #9 (v2),51379122766,50000000000,119366950531,1604995671,,1196438504648,0.0377,0,0.0028,0.0066,0.0004,0.0005,0.0108,0.0004,0.0173,1PCT9,2113,True
4320942911200,pool1e4tjrl3ve7dcqwa70pexds6f8llk0txx09gm3r4m472ej4p6473,2,342,1percentpool.eu,20,274,340000000,cd5721fe2ccf9b803bbe787266c3493fff67acc67951b88ebbaf9599,False,True,4322389025953,0.01,True,1 Percent Pool #8 (v2),52161481320,50000000000,145764367445,1604995591,,2974761619730,0.0440,0,0.0135,0.0144,0.0030,0.0060,0.0191,0.0099,0.0205,1PCT8,4422,True
355565161814,pool18zn7wa345uytjgds9hypn3jugnzqtfm4cny7anskkcmgwwxtwca,0,229,1percentpool.eu,19,138,340000000,38a7e77635a708b921b02dc819c65c44c405a775c4c9eece16b63687,False,True,355565161814,0.01,True,1 Percent Pool #7 (v2),50015026596,50000000000,92054978707,1604995419,,1399660679175,0.0396,0,0.0127,0.0087,0,0,0.0071,0,0.0087,1PCT7,2210,True
691553917537,pool18mege8wvzzdvh8cxx6ncnqyvacl4lxukw495c87xmz8qcdl6lj8,0,302,1percentpool.eu,18,347,340000000,3ef28c9dcc109acb9f0636a789808cee3f5f9b96754b4c1fc6d88e0c,False,True,692251437130,0.01,True,1 Percent Pool #6 (v2),51408546947,50000000000,128053146859,1604995419,,2535288015992,0.0436,0,0.0102,0.0094,0.0005,0.0003,0.0078,0.0005,0.0119,1PCT6,3751,True
539954401391,pool1ayfjmnrv5vg6tfducvysn360re6qfwuv2rhc4ph6jk33ztuxlhq,0,259,1percentpool.eu,17,246,340000000,e9132dcc6ca311a5a5bcc30909c74f1e7404bb8c50ef8a86fa95a311,False,True,539207795214,0.01,True,1 Percent Pool #5 (v2),51038789350,50000000000,100903868836,1604995299,,1315429972645,0.0450,0,0.0009,0.0008,0,0.0005,0.0036,0.0005,0.0043,1PCT5,1809,True
7529703473236,pool17qvfg2g843gw6lurru282kkex6vp3pyj6zwj99j4u6k7zvmva5a,1,344,1percentpool.eu,16,440,340000000,f018942907ac50ed7f831f14755ad93698188492d09d229655e6ade1,False,True,7526931301589,0.01,True,1 Percent Pool #4 (v2),52251185310,50000000000,165355982367,1604995216,,4832078109780,0.0429,0,0.0200,0.0214,0.0135,0.0113,0.0216,0.0153,0.0240,1PCT4,7544,True
10943450234047,pool1g0nq3m3fnvd245k4favcvutn09vce0yshg535f68d2xa54vy0cc,5,343,1percentpool.eu,15,316,340000000,43e608ee299b1aaad2d54f5986717379598cbc90ba291a27476a8dda,False,True,10911876516500,0.01,True,1 Percent Pool #3 (v2),52305240244,50000000000,146667467122,1604995162,,3035349880117,0.0398,0,0.0203,0.0215,0.0114,0.0115,0.0228,0.0143,0.0235,1PCT3,5219,True
474852476018,pool1w4am4s9w4gkt8r0245km62vtnnv9hhq6j68exzh2pyaxxfaq0gc,1,249,1percentpool.eu,14,143,340000000,757bbac0aeaa2cb38deaad2dbd298b9cd85bdc1a968f930aea093a63,False,True,474116613998,0.01,True,1 Percent Pool #2 (v2),51037531935,50000000000,94833984679,1604995091,,1114642054489,0.0441,0,0.0181,0.0122,0.0007,0.0010,0.0095,0.0005,0.0078,1PCT2,1611,True
13272544543698,pool1uzla0r73fvpnvxr07m98nfzlxcv3q26mkjz00cqjfh7uqsyjkju,4,343,1percentpool.eu,13,212,340000000,e0bfd78fd14b0336186ff6ca79a45f3619102b5bb484f7e0124dfdc0,False,True,13275067361857,0.01,True,1 Percent Pool #1 (v2),52370070972,50000000000,168082440803,1604994966,,5156604005165,0.0398,0,0.0194,0.0202,0.0069,0.0139,0.0238,0.0168,0.0263,1PCT1,8910,True
10354599868662,pool1g8y2gz4sk7xhyaj469jlj3njyu5dlvqa7t7v9c2gk0yc69879z8,2,344,1percentpool.eu,12,514,340000000,41c8a40ab0b78d727655d165f946722728dfb01df2fcc2e148b3c98d,False,True,10357368456845,0.01,True,1 Percent Pool #0 (v2),52378507312,50000000000,160609504604,1604994879,,4373856831537,0.0410,0,0.0232,0.0219,0.0160,0.0181,0.0233,0.0211,0.0235,1PCT0,7119,True
229089451466,pool1qdjx5xeeu6288ftmhmdr0c6mazkua7m07cydmr78ymfhz7jj7g4,0,231,1percentpool.eu,11,132,340000000,03646a1b39e69473a57bbeda37e35be8adcefb6ff608dd8fc726d371,False,True,229089451466,0.01,True,1 Percent Pool (v2),50699891113,50000000000,86531005214,1604994740,,856017764173,0.0438,0,0.0016,0.0014,0.0016,0.0011,0.0012,0.0010,0.0021,1PCT,1299,True
1739890126341,pool128r8qqgl9zgy3ff4759a2qslyauu5takaec3nxx4a6mvj3ys8da,0,319,heysoftwareinnovation.com,1,6930,700000000,51c670011f289048a535f50bd5021f2779ca2fb6ee711998d5eeb6c9,False,False,1735201781445,0,False,Bitcão Stake Pool,1415121457,1000000,233409768329,1604986979,,716067763978,0.0318,0,0.0096,0.0064,0,0.0048,0.0076,0.0047,0.0105,BTCAO,1539,True
56950097264109,pool1s6se64qce5rjjjhh6ufcdnc54p8qg78mlhjm38lymx99sqysvzx,13,336,cardanowithpaul.com,0,8513,340000000,86a19d5418cd07294af7d71386cf14a84e0478fbfde5b89fe4d98a58,False,False,57359306741589,0.03,False,Cardano With Paul ☘️,100115395903,100000000000,356393906266,1604895466,,7870146784889,0.0333,0,0.0217,0.0224,0.0121,0.0144,0.0237,0.0196,0.0253,PAUL1,15926,True
5794224938298,pool1y49e700dnx8lpvznmysgzw203mjq6l7um85ka4ys6x0zcwgs77w,2,336,publickey.co.jp,1,33,340000000,254b9f3ded998ff0b053d92081394f8ee40d7fdcd9e96ed490d19e2c,False,False,5172241135958,0.03,False,NAP2-Nekota ADA Pool,23742343930,20000000000,150691251982,1604887382,,1201081431943,0.0340,0,0.0203,0.0222,0.0198,0.0171,0.0207,0.0165,0.0217,NAP2,2391,True
17642757784247,pool147en6w8f9cplnn5x7qt4ese7fpacmmcwuffrtu0yqxpaz4agppr,3,343,stakit.io,1,2476,340000000,afb33d38e92e03f9ce86f0175cc33e487b8def0ee25235f1e40183d1,False,False,17632273255423,0.015,False,stakit.io Pool 2 by TOBG,83487375124,70000000000,171549379472,1604859841,,3664550153579,0.0340,0,0.0232,0.0233,0.0150,0.0157,0.0236,0.0195,0.0246,STI2,7102,True
0,pool1rzlg6gtquajeyzpn5whh2alqzgdpy5ugha275z2haq79glqze85,0,0,,,1,345000000,18be8d2160e765920833a3af7577e0121a125388bf55ea0957e83c54,False,False,0,0.15,False,sniper_pool,0,100000000,0,1604846154,,0,0,0,0,0,0,0,0,0,0,MPN,0,True
13574730253,pool1d2cl6yayuxp0wv0v7dtvu0s52vglg0x4z2lz27d6x4ewj72nk2a,0,62,cardanians.io,4,40,340000000,6ab1fd13a4e182f731ecf356ce3e145311f43cd512be2579ba3572e9,False,False,13574730253,0.0289,False,WHALEWALLET.IO,0,40000000000,23155573975,1604783466,,121479245527,0.0372,0,0,0,0,0,0,0,0,WHALE,174,True
37852390594,pool1c0t0xzlpu7nhprxhnlepnapek47waww3m54ek6gaufnpjrl5j0m,0,0,,,3,345000000,c3d6f30be1e7a7708cd79ff219f439b57ceeb9d1dd2b9b691de26619,False,False,37852390594,0.15,False,SuomiPRKL,0,10000000000,0,1604775458,,0,0,0,0,0,0,0,0,0,0,PRKL,0,True
59831011330960,pool19w5khsnmu27au0kprw0kjm8jr7knneysj7lfkqvnu66hyz0jxsx,25,344,stakepool.at,2,4271,340000000,2ba96bc27be2bdde3ec11b9f696cf21fad39e49097be9b0193e6b572,False,False,59734906220350,0.01,True,ATADA-2 Stakepool in Austria,1350464974458,1300000000000,222709857632,1604750841,,9637422383487,0.0357,0,0.0220,0.0231,0.0109,0.0157,0.0240,0.0206,0.0259,ATAD2,18382,True
912483246889,pool1uautzneywzapn03te7q3sd737xdfejgjlu4mdfjz7mweq92dugg,1,139,bmtxs.github.io,2,136,340000000,e778b14f2470ba19be2bcf811837d1f19a9cc912ff2bb6a642f6dd90,False,False,912501127156,0,False,,1704740,0,46920000000,1604735716,,181096680394,0.0404,0,0.0076,0.0086,0.0004,0.0099,0.0096,0.0098,0.0088,RETIR,336,True
101467888978,pool12vv4c6z7yf8j4m2amzej4j8tn2d4dxklqk5nqztz7wl02gratjp,0,95,bmtxs.github.io,1,136,340000000,53195c685e224f2aed5dd8b32ac8eb9a9b569adf05a9300962f3bef5,False,False,100967034461,0,False,,1891728,0,32300000000,1604734825,,236228528689,0.0413,0,0,0.0007,0,0,0.0017,0,0.0029,RETIR,368,True
18255889929299,pool1wyfau3rlkckr3clr4mkyxn9vdlrkup0fj7uyyflfccmms24gm3a,5,344,git.io/JItdr,0,1321,340000000,7113de447fb62c38e3e3aeec434cac6fc76e05e997b84227e9c637b8,False,False,18258760636509,0.01,False,⭐TERA #1⭐,346093830,200000000,157716099900,1604710174,,4841710401324,0.0378,0,0.0230,0.0230,0.0117,0.0142,0.0247,0.0203,0.0260,TERA,8673,True
8923197638000,pool12lsfsh2s8yt8dvrt9m8kgrgr6ktntngvn2vad60xlqz7kxz9fxr,2,344,popool.net,3,62,340000000,57e0985d50391676b06b2ecf640d03d59735cd0c9a99d6e9e6f805eb,False,False,8925638591966,0.05,False,POP4,78065039139,50000000000,305845130795,1604701007,,3599035627039,0.0400,0,0.0178,0.0179,0.0123,0.0193,0.0198,0.0193,0.0229,POP4,5817,True
1909455024204,pool15zn2lqq4849ujttuthaycpamnyr8ae9k2pn2fkrlfzzsx4ek0tc,0,305,thc-room335.com,3,941,335000000,a0a6af80153d4bc92d7c5dfa4c07bb99067ee4b65066a4d87f488503,False,False,1908866534083,0,False,ADA Labo,12373659823,10000000000,138908798979,1604692971,,1394182395529,0.0361,0,0,0,0,0,0.0094,0,0.0154,LABO,2576,True
24421790949636,pool1xftlxx9slpz59thcgtwgdj3k9e0ntn3p4qnmzs3r84dkx0hccjc,5,343,stakepoolservice.com,4,315,340000000,3257f318b0f84542aef842dc86ca362e5f35ce21a827b142233d5b63,False,False,24367927187738,0.05,False,StakePool Service No.5,5423176973,1000000000,413568212432,1604678920,,5658332604372,0.0360,0,0.0228,0.0230,0.0075,0.0133,0.0240,0.0160,0.0246,SPS5,10562,True
17597141346760,pool1mqy259k253xryf4hvdq0n72n2uvadcgp34r0fxwpqzm0z5n0qp6,9,342,stakepoolservice.com,3,194,340000000,d808aa16caa44c3226b76340f9f9535719d6e1018d46f499c100b6f1,False,False,17598076157074,0.05,False,StakePool Service No.4,5041463617,1000000000,380488293414,1604677411,,5033946327560,0.0356,0,0.0213,0.0224,0.0091,0.0109,0.0233,0.0199,0.0241,SPS4,9357,True
1218326636223,pool1rqgf6qd0p3wyf9dxf2w7qcddvgg4vu56l35ez2xqemhqun2gn7y,0,229,,,40,345000000,18109d01af0c5c4495a64a9de061ad621156729afc699128c0ceee0e,False,False,1218326464386,0.01,False,HADA.VN.COM,85461344367,50000000000,81126869155,1604672491,,210018635796,0.0280,0,0.0108,0.0123,0,0.0001,0.0130,0.0106,0.0153,HADA,524,True
20604440330977,pool1lqucyxuvjktfmpf7fd28j54cfgamyrxed344vnwlm9wqkwjeqwk,7,343,stakepoolservice.com,2,219,340000000,f839821b8c95969d853e4b547952b84a3bb20cd96c6b564ddfd95c0b,False,False,20530321749868,0.05,False,StakePool Service No.3,4665173500,1000000000,357818534261,1604661931,,4593381376397,0.0348,0,0.0175,0.0197,0.0094,0.0130,0.0222,0.0150,0.0243,SPS3,8435,True
4624467048291,pool1vdcu0y6ujrwmnv4u50j6upxkjug7cx7zsaynjvgkcm2ycmajelc,2,343,stakecool.io,5,607,170000000,6371c7935c90ddb9b2bca3e5ae04d69711ec1bc28749393116c6d44c,False,False,4267650504494,0.02,False,COOL5,100995880281,100000000000,182063379593,1604644451,,4412529337302,0.0425,0,0.0188,0.0221,0.0041,0.0091,0.0253,0.0139,0.0271,COOL5,6967,True
4251684221735,pool1w7pt822hfgw30xnkwpjzz0sr5psejksqdcdw4l0ms33lsgynp2e,1,337,stakecool.io,4,234,170000000,7782b3a9574a1d179a767064213e03a061995a006e1aeafdfb8463f8,False,False,3614330876948,0.015,False,COOL4,100996359464,100000000000,138136595364,1604642956,,2364628065165,0.0432,0,0.0164,0.0181,0.0104,0.0100,0.0197,0.0177,0.0228,COOL4,3552,True
10828415298913,pool1ppqdq5yfkkllrcj0u47pakg9e4ha568pz3a9kkrr6w2kyw8gxv7,3,343,stakecool.io,3,180,170000000,0840d05089b5bff1e24fe57c1ed905cd6fda68e1147a5b5863d39562,False,False,9580769581984,0.02,True,COOL3,100996083600,100000000000,199586600972,1604640026,,5281045687331,0.0414,0,0.0166,0.0180,0.0064,0.0109,0.0213,0.0146,0.0242,COOL3,8462,True
5723376454661,pool1jj2hvts3ryffy5txm7w0am3zt7s7sehdf8rrwfesjmr7shv0mgl,0,340,t.me/StakingADA,0,368,340000000,9495762e111912925166df9cfeee225fa1e866ed49c637273096c7e8,False,False,5720116354427,0.01,False,The pool of Vietnamese,201849592567,100000000000,127933803914,1604635672,,1272152377725,0.0371,0,0.0134,0.0158,0.0023,0.0075,0.0192,0.0134,0.0217,FIDA,2315,True
1175641487085,pool1xaudqyen24fz02vhu9qa2ry44suzfk8z3lh7sc6qx7c3gpweww2,1,281,adaocean.com,7,173,170000000,3778d01333555227a997e141d50c95ac3824d8e28fefe8634037b114,False,False,1188020761927,0.009,True,ADA Ocean Seven,10100000000,10000000000,83004966042,1604622051,,1085421118939,0.0423,0,0.0096,0.0130,0.0160,0.0141,0.0132,0.0140,0.0201,OCEA7,1728,True
1014566283485,pool1ffrre548h22n68ln29xph3qezrag3z8ad0kg8yzu6epds3qr58k,1,302,adaocean.com,6,120,170000000,4a463cd2a7ba953d1ff3514c1bc41910fa8888fd6bec83905cd642d8,False,False,995750576591,0.009,True,ADA Ocean Six,10100000000,10000000000,88279186334,1604621066,,593133627763,0.0379,0,0.0143,0.0182,0,0.0043,0.0175,0.0170,0.0200,OCEA6,1044,True
5666983279906,pool1zk6uxgptztrxxamzd0ugrtu84xg8mjymd2xcdvxqazpruqt9r3x,1,341,adaocean.com,5,635,170000000,15b5c3202b12c66377626bf881af87a9907dc89b6a8d86b0c0e8823e,False,False,5674580921770,0.009,True,ADA Ocean One,10100000000,10000000000,135218333290,1604619011,,4282151116337,0.0440,0,0.0191,0.0213,0.0102,0.0136,0.0238,0.0181,0.0253,OCEA1,6561,True
0,pool1m7mmef85qylqdqa3skut8a7akklp5myaanrn0gqzsfg37j3vms8,0,0,,,0,340000000,dfb7bca4f4013e0683b185b8b3f7ddb5be1a6c9decc737a00282511f,False,False,0,0.02,False,Oneiron,0,30000000000,0,1604617851,,0,0,0,0,0,0,0,0,0,0,REM,0,True
1299987829,pool1aasrxs9vpr97rjlqqwpp5gnju9tp9dgtsmqqvmsy8hryuuepvra,0,41,,,4,340000000,ef603340ac08cbe1cbe003821a2272e15612b50b86c0066e043dc64e,False,False,1299987829,0,False,NEPTUNE Stake Pool,0,1000000,14372309142,1604601630,,38638639758,0.0414,0,0,0,0,0,0,0,0,NEP,71,True
1773424838,pool1paxzxl23ygch4ad08m8zu477atpfumdeg6uyrvg579eawvsy77z,0,0,,,4,340000000,0f4c237d5122317af5af3ece2e57deeac29e6db946b841b114f173d7,False,False,1773424838,0.01,False,VELES,9404793,2000000000,0,1604406851,,0,0,0,0,0,0,0,0,0,0,VELES,0,True
23872153387274,pool1kks6sgxvx7p6fe3hhnne68xzwa9jg8qgy50yt3w3lrelvns7390,7,213,,,293,200000000,b5a1a820cc3783a4e637bce79d1cc2774b241c08251e45c5d1f8f3f6,False,False,4627818518983,0.02,False,Lido Nation,11477416349,10000000000,95704139904,1604353331,,1394373486781,0.0281,0,0.0181,0.0204,0.0117,0.0146,0.0234,0.0157,0.0260,lido,3466,True
27624822,pool1z44fjvz77atzgwcwmwtls7skggnczlx8e30pugqn6ugajjrzgc3,0,0,,,1,340000000,156a99305ef756243b0edb97f87a164227817cc7cc5e1e2013d711d9,False,False,27624822,0.05,False,Pea Farm,27624822,1000000,0,1604341126,,0,0,0,0,0,0,0,0,0,0,PEA,0,True
75318181253843,pool1lhz4gsk5ezdl5s4mv2kxgrkhzzhad6me2v0xmwuyt845vensdlc,19,345,cardano.securestaking.io,1,2862,170000000,fdc55442d4c89bfa42bb62ac640ed710afd6eb79531e6dbb8459eb46,False,False,75618147153688,0,False,TWO SecureStaking.io,200989931339,100000000000,134805969127,1604326076,,9678002849443,0.0360,0,0.0230,0.0233,0.0132,0.0167,0.0241,0.0199,0.0258,SECUR,18448,True
1442569413351,pool127gdv243hfcrapslaqq0nnh64u2gts72gtrt4888g6g2z0zsu64,2,292,,,887,340000000,5790d62ab1ba703e861fe800f9cefaaf1485c3ca42c6ba9ce74690a1,False,False,1442470811311,0.01,True,the Token Square,136950410314,28000000000,105741621182,1604314200,,782978546557,0.0360,0,0.0135,0.0152,0.0002,0.0119,0.0167,0.0148,0.0177,TTS17,1507,True
107845589,pool1g0t2a93g5e2j7wj0clmk73fhd8cjcj4xn383yt7xvdyhq37m0kk,0,14,binance.com,9,1,345000000,43d6ae9628a6552f3a4fc7f76f453769f12c4aa69c4f122fc6634970,False,False,107845589,0.06,False,Binance Staking - 15,0,0,42596836647,1604218434,,591680440934,0.0492,0,0,0,0,0,0,0,0,BNP,645,True
0,pool106jtt06k5wjpqc5r5fkz06pgwhwaljzs624mnfua8fkhq0fl9am,0,14,binance.com,8,0,345000000,7ea4b5bf56a3a4106283a26c27e82875dddfc850d2abb9a79d3a6d70,False,False,0,0.06,False,Binance Staking - 16,0,0,42893315757,1604218203,,596325280310,0.0496,0,0,0,0,0,0,0,0,BNP,652,True
3678935,pool1rq4vahleea4yc38cr58klupl6g0w7ca07lc6kyvtcznp6649j5p,0,14,binance.com,7,2,345000000,182acedff9cf6a4c44f81d0f6ff03fd21eef63aff7f1ab118bc0a61d,False,False,3678935,0.06,False,Binance Staking - 14,0,0,46671023098,1604218167,,655509362010,0.0546,0,0,0,0,0,0,0,0,BNP,715,True
130379542594,pool1zxklu387uqpzpteqfk48enkuwyjvq0qawc2wvrdym540zk0yqps,0,24,binance.com,6,5,345000000,11adfe44fee00220af204daa7ccedc7124c03c1d7614e60da4dd2af1,False,False,130379542594,0.06,False,Binance Staking - 13,0,0,90307173755,1604215382,,1285092389008,0.0390,0,0,0,0,0,0,0,0,BNP,1599,True
144259481021,pool1fsck5keruz5n4qyes46s9rvrnxcrn8hukemgxazzlxpp6g66fzh,0,24,binance.com,5,7,345000000,4c316a5b23e0a93a80998575028d8399b0399efcb676837442f9821d,False,False,144259481021,0.06,False,Binance Staking - 12,0,0,93984114921,1604215052,,1342697800576,0.0405,0,0,0,0,0,0,0,0,BNP,1678,True
145471448917,pool1u60gvu8qr69z4vx9wuqelxfhcuvjuxuvxyj9edf8rkmns0405ny,0,24,binance.com,4,7,345000000,e69e8670e01e8a2ab0c577019f9937c7192e1b8c31245cb5271db738,False,False,145471448917,0.06,False,Binance Staking - 10,0,0,92747660154,1604215014,,1323326675939,0.0399,0,0,0,0,0,0,0,0,BNP,1650,True
140793121550,pool18vyjg6jlyt2jywae7ndzv0f7xkrsexxgyhunxrlgm3zaku0327k,0,24,binance.com,3,2,345000000,3b09246a5f22d5223bb9f4da263d3e35870c98c825f9330fe8dc45db,False,False,140793121550,0.06,False,Binance Staking - 9,0,0,91197236220,1604214167,,1299036700951,0.0394,0,0,0,0,0,0,0,0,BNP,1625,True
551719342,pool1qg0g6hv2e50wevkqj34g0cya4f9audctayzp8wqwhxtdjnhn3tt,0,24,binance.com,2,9,345000000,021e8d5d8acd1eecb2c0946a87e09daa4bde370be90413b80eb996d9,False,False,551719342,0.06,False,Binance Staking - 11,0,0,91673688651,1604211206,,1306501122347,0.0399,0,0,0,0,0,0,0,0,BNP,1636,True
124124412269,pool10pvwz69qz468m79ysw8qjcav5z830sv4zmeprru2n4anyuxwj9l,0,24,binance.com,1,6,345000000,7858e168a015747df8a4838e0963aca08f17c19516f2118f8a9d7b32,False,False,124124412269,0.06,False,Binance Staking - 8,0,0,89172822167,1604211167,,1267320880798,0.0386,0,0,0,0,0,0,0,0,BNP,1576,True
147661322,pool1ye53d6kl460egekdnunjl4tx5zhs5puze8nqkfxyjuae7364w74,0,24,binance.com,0,9,345000000,266916eadfae9f9466cd9f272fd566a0af0a0782c9e60b24c4973b9f,False,False,147661322,0.06,False,Binance Staking - 7,0,0,89029851639,1604134345,,1265081009189,0.0385,0,0,0,0,0,0,0,0,BNP,1590,True
73980188046,pool17fge0jukcp0vqwu0chh3jh4g0emt4rat8vxucrx5n8s5qz6fegp,0,29,,,15,340000000,f25197cb96c05ec03b8fc5ef195ea87e76ba8fab3b0dcc0cd499e140,False,False,73980188046,0.01,False,Traditional ADA Pool,25576475145,25000000000,10433325099,1604126547,,56759186127,0.0380,0,0,0,0,0,0,0,0,TRADA,93,True
398566543796,pool12r08n33avu33ncstukwxyr440mgaazmuclay38v0yt34xytu2dq,0,87,falconstakepool.com,0,65,340000000,50de79c63d672319e20be59c620eb57ed1de8b7cc7fa489d8f22e353,False,False,398566543796,0.02,False,Falcon Cardano Stakepool,195355869902,42000000000,33086362406,1604034499,,171228521860,0.0313,0,0.0007,0.0004,0,0,0.0043,0.0003,0.0046,FALCO,320,True
0,pool1sktpderrlmwnw8l769aqqfmmv2sn2uatp4r9z84htt6kg7jauyn,0,1,jonysarker.zil,2,1,340000000,859616e463fedd371ffed17a00277b62a13573ab0d46511eb75af564,False,False,0,0.01,False,SPECTRUMX,0,3350000000,356714289,1604005629,,1654714632,0.0102,0,0,0,0,0,0,0,0,SPX,2,True
6148766091,pool147t2chee9vcyjxtafwd8emkjj88f9dra0xa2clgwlr6m7tzdzvz,0,0,,,12,340000000,af96ac5f392b3049197d4b9a7ceed291ce92b47d79baac7d0ef8f5bf,False,False,6148766091,0.03,False,GigaX,0,10000000000,0,1603981051,,0,0,0,0,0,0,0,0,0,0,GIGAX,0,True
20496977069429,pool1yr0cv3dtmhcfgqa6yetvmf769ngk89e6tepecmjrmjl2jzcw2lm,2,310,,,1011,170000000,20df8645abddf09403ba2656cda7da2cd163973a5e439c6e43dcbea9,False,False,18567515084811,0,True,easy1staking.com,207262111134,200000000000,98167319847,1603900437,,1317834364062,0.0326,0,0.0195,0.0226,0.0093,0.0124,0.0239,0.0160,0.0238,EASY1,2748,True
0,pool105y08fgl97g255q7v9nk0x7aqyxaqcluve2jxhgwemkaxkeyd82,0,0,jonysarker.zil,1,0,345000000,7d08f3a51f2f90aa501e6167679bdd010dd063fc6655235d0eceedd3,False,False,0,0.03,False,SPECTRUMX,0,2000000000,0,1603863898,,0,0,0,0,0,0,0,0,0,0,SPX,0,True
0,pool1cg90yrzsj6mk84jzqt6sg3mg9gxx6f40tk7fk2v7uyp5cxw02wf,0,0,jonysarker.zil,0,0,345000000,c20af20c5096b763d64202f50447682a0c6d26af5dbc9b299ee1034c,False,False,0,0.03,False,SPECTRUMX,0,2000000000,0,1603846091,,0,0,0,0,0,0,0,0,0,0,SPX,0,True
1050620887050,pool12pvaxxcv3sgad5jqgfnggn337y76kp02uauptkufjjjes7nxwfm,0,115,,,79,170000000,5059d31b0c8c11d6d2404266844e31f13dab05eae77815db8994a598,False,False,1209719574472,0.016,False,Commercial Sovereignty Restoration,139286344066,139250000000,37332291999,1603834180,,207670789750,0.0387,0,0.0347,0.0300,0.0341,0.0229,0.0176,0.0349,0.0177,SVRN,375,True
0,pool14tdqa54j9kwhxpx3q55zrgt2gc8lqk9trkhfe7m36fhp7jjzf6w,0,0,,,0,369000000,aada0ed2b22d9d7304d1052821a16a460ff058ab1dae9cfb71d26e1f,False,False,0,1,False,Phoenix,0,0,0,1603809771,,0,0,0,0,0,0,0,0,0,0,PHX,0,True
0,pool1r04czz6aq4qnd8a3x2klzd6g20mrxns0ksrac0z0jn7uycgl7l2,0,0,,,1,340000000,1beb810b5d0541369fb132adf1374853f6334e0fb407dc3c4f94fdc2,False,False,0,0.03,False,Virgo,0,30000000000,0,1603752165,,0,0,0,0,0,0,0,0,0,0,VIRGO,0,True
18345259248126,pool1zmfpd5r5vfwjmwm4cgy53exe58h7plnecny3t4948yw7zumzp4c,1,336,,,6087,340000000,16d216d074625d2dbb75c20948e4d9a1efe0fe79c4c915d4b5391de1,False,False,18357140795040,0.025,False,ALPS - The Alpine Stake Pool,75667522594,75000000000,209103499773,1603741162,,4381505970774,0.0378,0,0.0241,0.0249,0.0137,0.0229,0.0236,0.0209,0.0240,ALPS,7814,True
37537732685587,pool1ppznyu6qrvlw9uuqa3tslryjd40nh56jyvmaqw6kdf4kzq3y8kh,6,347,digi.pro,2,1300,170000000,08453273401b3ee2f380ec570f8c926d5f3bd3522337d03b566a6b61,False,False,36560901563628,0.025,True,Digital Fortress,100026624461,100000000000,291340782023,1603688575,,7575858136435,0.0378,0,0.0235,0.0239,0.0138,0.0186,0.0236,0.0220,0.0259,DIGI3,13728,True
2385073618,pool19tkfl9x2dkk07z43rvamftvnyu5vtcfatdpsag8phzqvgpdklqq,0,0,,,3,345000000,2aec9f94ca6dacff0ab11b3bb4ad932728c5e13d5b430ea0e1b880c4,False,False,2385073618,0.05,False,Tide Pools,0,0,0,1603594091,,0,0,0,0,0,0,0,0,0,0,TIDE,0,True
0,pool1dqq4ugkrkpwhray2z8jvk8nvnpnq3gm3g2stz4wmusap6tkuclw,0,0,rhoenpool.org,1,2,340000000,68015e22c3b05d71f48a11e4cb1e6c986608a37142a0b155dbe43a1d,False,False,0,0.03,False,RHOENpool,0,30000000000,0,1603454572,,0,0,0,0,0,0,0,0,0,0,RHOEN,0,True
1098294221399,pool1ksh2u6kktx74ugv8jadrdqttwyjz9074ke82xt6j0qgfvdn43a5,1,324,,,220,340000000,b42eae6ad659bd5e2187975a36816b712422bfd5b64ea32f52781096,False,False,1098303769004,0.01,False,MILKY Pool,15191022908,10000000000,123495621037,1603380483,,1195531565394,0.0421,0,0.0120,0.0148,0,0.0078,0.0139,0.0078,0.0145,MILKY,1802,True
949716438526,pool1fv9f8phzn7hp623ypw6ctf73a98hd7nrh8wm7glpcuhf64856g2,0,149,,,148,170000000,4b0a9386e29fae1d2a240bb585a7d1e94f76fa63b9ddbf23e1c72e9d,False,False,936124244091,0,False,GrahamsNumberPlus1,25186232797,25000000000,35208479391,1603145154,,88299982810,0.0225,0,0.0098,0.0128,0,0.0138,0.0205,0.0139,0.0216,GNP1,266,True
598497908005,pool17e4rdh59t4fmn4g3p02xvs853katrjzge830tsmd3sfdc645yvt,0,226,,,219,170000000,f66a36de855d53b9d5110bd46640f48dbab1c848c9e2f5c36d8c12dc,False,False,598703006631,0.03,True,GAIA Stake Pool,3004948083,2500000000,83325971647,1603136934,,316523105122,0.0322,0,0.0108,0.0121,0,0.0071,0.0125,0.0072,0.0096,GAIA,617,True
935570817549,pool1l0pmgdsymmdntuyan4snj88q8nm9axemwefu5ymkuq2s6gr90cn,0,300,theswim.net,1,398,340000000,fbc3b43604dedb35f09d9d61391ce03cf65e9b3b7653ca1376e0150d,False,False,928896896072,0.015,False,The Swimming Pool,63189947126,50000000000,123354822176,1602984943,,1409410331200,0.0450,0,0.0051,0.0082,0,0.0003,0.0074,0.0003,0.0094,SWIM2,1951,True
376708676,pool1g2htk67ngtrw5mz6npgu3tugmcuqfgu0lxm8m26d7x79w75xupn,0,94,,,10,340000000,42aebb6bd342c6ea6c5a9851c8af88de3804a38ff9b67dab4df1bc57,False,False,342411099,0,False,Patience 辛抱,27560169,100000000000,32938991028,1602972698,,96949380253,0.0287,0,0,0,0,0,0,0,0,PATI⏳,177,True
59646044477509,pool1wt0pf4u2xktp0f7apveu242w6nkm4ltk3m8g039lvuhwq4zdtf3,15,336,ecopool.io,0,3592,340000000,72de14d78a359617a7dd0b33c5554ed4edbafd768ece87c4bf672ee0,False,False,59481786965965,0.022,False,ECO Pool,114041336229,111000000000,233636882759,1602924677,,6325548902766,0.0326,0,0.0223,0.0239,0.0138,0.0190,0.0255,0.0213,0.0265,ECO,13667,True
1494270423965,pool1jezf7dcx26edfpxmpuh05yen64a9cj44xm2ggsapcxrtqewfek2,0,261,,,38,340000000,96449f370656b2d484db0f2efa1333d57a5c4ab536d48443a1c186b0,False,False,1494619593063,0.0274,False,CurryOn Crypto,1143094653725,1000000000000,99553435349,1602891711,,378110552429,0.0331,0,0.0132,0.0118,0.0086,0.0057,0.0127,0.0143,0.0144,CURRY,787,True
2247465955,pool1hdug72ukeepdxqxz0new8e3nhq5cykkn3prky9wgrz5tgyf4ty2,0,19,,,21,340000000,bb788f2b96ce42d300c27cf2e3e633b829825ad388476215c818a8b4,False,False,2247465955,0.025,False,Digital Ark Pool,0,10000000000,10647828340,1602879056,,163325305732,0.0501,0,0,0,0,0,0,0,0,DAP,235,True
19453176,pool1l54esv8h5xjry9ms3jq4mnf49vwt3yuxl5fdudp7jpdx2swuaah,0,0,rhoenpool.org,0,1,340000000,fd2b9830f7a1a43217708c815dcd352b1cb89386fd12de343e905a65,False,False,19453176,0.01,False,,19453176,4700000000,0,1602876631,,0,0,0,0,0,0,0,0,0,0,,0,True
6441432827461,pool1nhlv5z2lsptzgcp9ype0mppc7zyndm66ypm4sw5hy27ewdchqx0,2,347,p2p.org,1,2029,340000000,9dfeca095f80562460252072fd8438f08936ef5a2077583a9722bd97,False,False,6432933065684,0.035,False,P2P & CEX,13009610665,1000000000,126942423260,1602860746,,4832811335670,0.0409,0,0.0144,0.0181,0.0038,0.0075,0.0189,0.0130,0.0225,PPCX2,7626,True
519044358,pool1x3wuw3ungmrq5padffsqne82fx5uesy6dc2qmj83xyanq4rgnz0,0,0,,,2,345000000,345dc7479346c60a07ad4a6009e4ea49a9ccc09a6e140dc8f1313b30,False,False,519044358,0.03,False,ADABoy,3000000,500000000000,0,1602798314,,0,0,0,0,0,0,0,0,0,0,ADABY,0,True
22676321725409,pool1hkklrx9ac7w57d79mnv76rxlgq4acg5ecwhyep7k3zn0u5cz2k9,11,306,dappcentral.net,1,2557,340000000,bdadf198bdc79d4f37c5dcd9ed0cdf402bdc2299c3ae4c87d688a6fe,False,False,22646891862091,0.02,True,AzureADA3,1547841005250,1000000000000,171388570812,1602634435,,3350650314794,0.0338,0,0.0234,0.0235,0.0106,0.0156,0.0247,0.0207,0.0259,AZUR3,7123,True
1047621962,pool1q34qp4ckh590gt99eadtz8w8ag3watavf5adj8qjs7guxmkgk8g,0,0,,,1,340000000,046a00d716bd0af42ca5cf5ab11dc7ea22eeafac4d3ad91c128791c3,False,False,1047621962,0.01,False,"[BALT] Baltics Pool - LT, LV, EE",1047621962,100000000,0,1602531988,,0,0,0,0,0,0,0,0,0,0,BALT,0,True
0,pool1py5y4uqukj777aj0ax0dpc7tchcl35dax5rxppuwfj0wkg3km82,0,0,,,1,340000000,09284af01cb4bdef764fe99ed0e3cbc5f1f8d1bd350660878e4c9eeb,False,False,0,0.075,False,Anarcho-Capitalist Pool,0,12000000000,0,1602472900,,0,0,0,0,0,0,0,0,0,0,ANCAP,0,True
4780739637,pool1jqdvgk0csfnwftkzn6vyz7fq8s3606uu6k7wa9xrn0jpzg4r304,0,0,,,11,340000000,901ac459f88266e4aec29e984179203c23a7eb9cd5bcee94c39be411,False,False,4780739637,0,False,Stakepool.fr,1000000,25000000000,0,1602461891,,0,0,0,0,0,0,0,0,0,0,SPFR,0,True
154284435162,pool1d0vm9y545l3y2g9pamx45k4e498nllhd8wy4289vw8mt70am2r8,0,141,,,65,340000000,6bd9b29295a7e24520a1eecd5a5ab9a94f3ffeed3b89551cac71f6bf,False,False,154284435162,0.048,False,PLANTA CRYPTO,31722293176,30000000000,60091086822,1602461424,,239251700907,0.0378,0,0.0009,0.0010,0,0,0.0014,0,0.0024,PLANT,449,True
9892022,pool1kllc67fn00yqpffw8e9dqnlcaa733h9u5nwx97vhtjlw2t5e56j,0,0,,,2,340000000,b7ff8d79337bc800a52e3e4ad04ff8ef7d18dcbca4dc62f9975cbee5,False,False,9892022,0.015,False,KeenPool,9892022,1000000000,0,1602442438,,0,0,0,0,0,0,0,0,0,0,KEEN,0,True
104616489,pool1mzf0vc58p7ktgs5gqzqrcwtrs4xnlpd5v9thzl7gahqj7f7aqye,0,0,,,3,345000000,d892f662870facb4428800803c3963854d3f85b46157717fc8edc12f,False,False,104616489,0.03,False,EU Super pool,1132205,100000000,0,1602401124,,0,0,0,0,0,0,0,0,0,0,MPN,0,True
0,pool18tdd78q5vgr9qy2lun7m8srmnuc3h2mg6vqe66gezjh4glujje3,0,0,,,1,340000000,3adadf1c14620650115fe4fdb3c07b9f311bab68d3019d691914af54,False,False,0,0,False,A++ AAADA Pool,0,94000000000,0,1602341878,,0,0,0,0,0,0,0,0,0,0,AAADA,0,True
2669692550906,pool127xwsah7jllutuhen8vl7sve5278h7hhxtnys3cl438dyhuwgjg,0,322,,,158,340000000,578ce876fe97ffc5f2f999d9ff4199a2bc7bfaf732e648471fac4ed2,False,False,2670391845050,0.02,False,ARTZ Pool,2003032961519,1500000000000,142334737666,1602299224,,1035564077379,0.0399,0,0.0129,0.0168,0.0190,0.0190,0.0149,0.0111,0.0194,ARTZ,1921,True
348674196960,pool1t8dkgz58qcqlak6nn5l5j4qqwvewwmjx85fxtsykk6w9j2e0ng2,0,201,,,73,340000000,59db640a870601fedb539d3f4954007332e76e463d1265c096b69c59,False,False,349792557184,0.04,False,Grow Your Stake,171388142896,100000000000,76749915202,1602278391,,199206072932,0.0265,0,0.0062,0.0048,0,0,0.0035,0,0.0038,GYS,464,True
4261261337709,pool1j6dh3ynys827j38976q0q3s3c9hpzgx40kjcq4472h6m7d3t0hm,1,345,,,495,340000000,969b78926481d5e944e5f680f04611c16e1120d57da58056be55f5bf,False,False,4262318893968,0.03,False,"KIND, The Charitable Pool",179569337615,100000000000,170114148165,1602270624,,1717554769296,0.0384,0,0.0170,0.0183,0.0001,0.0059,0.0177,0.0184,0.0196,KIND,2947,True
126708822231,pool18qzks8vdf0yu0u5ccf8aaj35q6zfutdcfgrssuvdjmgtyykr922,0,94,,,96,340000000,3805681d8d4bc9c7f298c24fdeca3406849e2db84a0708718d96d0b2,False,False,128400081259,0.01,False,EnigmA,46744444782,30001000000,35036870446,1602213257,,302846588996,0.0319,0,0.0014,0.0016,0,0,0.0068,0,0.0045,one,660,True
44334618922183,pool1qa6lqyu67ghpa0evxfu9nzqkj3h82qpfku82ec79zdwru4pd25m,13,346,cardanode.io,0,5305,495000000,0775f0139af22e1ebf2c3278598816946e750029b70eace3c5135c3e,False,False,44414336973979,0,False,Cardanode: 0.00% Fee & 100% Rewards Guaranteed,622191930988,500000000000,149592513039,1602198224,,7365561037729,0.0354,0,0.0219,0.0231,0.0091,0.0143,0.0249,0.0203,0.0263,CNODE,14108,True
847862687000,pool1kv53mzjwqjp4aw48rczj8vm6hejwfnfwa634czyx5tw5qq3tata,0,208,,,87,170000000,b3291d8a4e04835ebaa71e0523b37abe64e4cd2eeea35c0886a2dd40,False,False,847561052766,0.01,True,Grc1Pool,50045668339,50000000000,64681405657,1602154857,,730818982206,0.0381,0,0.0133,0.0121,0.0077,0.0305,0.0159,0.0223,0.0172,GRC1,1280,True
203250629,pool1h5xdez7j0ncewgxs4m8fykjt9jzuy86t8e0m7m7m2l79w4jzzk2,0,0,thegoodnode.com,0,1,340000000,bd0cdc8bd27cf19720d0aece925a4b2c85c21f4b3e5fbf6fdb57fc57,False,False,203250629,1,False,THE GOOD NODE,0,1000000,0,1602149591,,0,0,0,0,0,0,0,0,0,0,GOOD,0,True
1885024875,pool10p7hdyghmkfuuxep4slslvjs2fk0hechqwadc2348e6g2x8hta6,0,0,,,5,345000000,787d769117dd93ce1b21ac3f0fb250526cfbe71703badc2a353e7485,False,False,1885024875,0.15,False,StandardBlockProducer,5893313,100000000,0,1602095671,,0,0,0,0,0,0,0,0,0,0,SBPIO,0,True
347620334,pool173f5kzeuz485kshvga3t7un8u699w2rgn77apjx078xd73kzj6y,0,0,,,1,340000000,f4534b0b3c154f4b42ec4762bf7267e68a5728689fbdd0c8cff1ccdf,False,False,347620334,0.01,False,HADES,347620334,250000000,0,1601934880,,0,0,0,0,0,0,0,0,0,0,HADES,0,True
87331696955,pool1qgsylc6kjv29zva4w783fuyf9xxhj78ktgjlxjvppest5ya9pek,0,24,,,2,340000000,02204fe35693145133b5778f14f089298d7978f65a25f349810e60ba,False,False,87331696955,0,False,Turbo,36558854619,24000000000,8171755335,1601877381,,3948474197,0.0110,0,0,0.0017,0,0,0.0027,0,0.0039,TURBO,24,True
10487896875558,pool1qu48wpwwarmkewhlwge9xs87sgt8gdnqq26nnre2v6c8up4fxwr,7,348,,,220,340000000,072a7705cee8f76cbaff72325340fe821674366002b5398f2a66b07e,False,False,10490688087698,0.02,False,Ouroboros-暗号通貨革命,179848577520,95000000000,154580491706,1601824798,,1798953264703,0.0339,0,0.0212,0.0204,0.0108,0.0184,0.0222,0.0180,0.0246,OBS,3561,True
3449313784723,pool1l5kwfudnqrhw3k4lwzcppu36nun9puvvr7xnanuz8a2zx4jaek5,0,341,adafrog.io,6,268,340000000,fd2ce4f1b300eee8dabf70b010f23a9f2650f18c1f8d3ecf823f5423,False,False,3287018324041,0.042,False,ADOPTion Stake Pool,2801830590,250000000,145513545347,1601680703,,682620453292,0.0320,0,0.0131,0.0165,0.0036,0.0048,0.0198,0.0071,0.0183,ADOPT,1409,True
10161935393,pool122gklgk6gep3dm5grag0kavzzxcwk4kxxrqegfygghjpgch6pns,0,1,,,2,340000000,52916fa2da464316ee881f50fb758211b0eb56c630c194248845e414,False,False,10161935393,0.05,False,Aerea Network,5865827814,5000000000,355084143,1601658872,,362019435,0.0093,0,0,0,0,0,0,0,0,AEREA,1,True
318165442153,pool1qq76dtlr0m9g6xlvngzq550j86cgtslphyjffz3pgpn7wazatdc,0,146,,,94,170000000,003da6afe37eca8d1bec9a040a51f23eb085c3e1b924948a214067e7,False,False,318161901709,0.0299,False,ATM Stake Pool,222351749211,25000000000,64556068979,1601641263,,538569242308,0.0396,0,0.0099,0.0090,0,0,0.0113,0.0133,0.0083,ATM,824,True
0,pool1t6mnkhwj99hm0ckt8fkf85r84le9p95v2a3l874vfn947g5ajmu,0,0,,,1,340000000,5eb73b5dd2296fb7e2cb3a6c93d067aff250968c5763f3faac4ccb5f,False,False,0,0.028,False,SEATTLE STAKES,0,10000000000,0,1601599716,,0,0,0,0,0,0,0,0,0,0,SETL,0,True
7475689,pool18ml3ex5ra5wkv00vxx0mw876s2xe0058z37mpzv263872nasmv0,0,0,,,1,340000000,3eff1c9a83ed1d663dec319fb71fda828d97be87147db0898ad44fe5,False,False,7475689,0.03,False,Multiplier,7475689,100000000000,0,1601544307,,0,0,0,0,0,0,0,0,0,0,MXX,0,True
1477251086205,pool1030as3pp5684ghgf4kzcpv4p2jnmkmme7j363t95690zwxp7wa0,1,231,,,93,170000000,7c5fd84421a68f545d09ad8580b2a154a7bb6f79f4a3a8acb4d15e27,False,False,1476948147767,0,False,888POOL.IO,50412832124,50000000000,62050000000,1601477622,,139466648351,0.0242,0,0.0099,0.0145,0,0,0.0184,0.0044,0.0169,888,391,True
49055495,pool1wc2kuqz7w36j4xc7x8aqekgjhmy4ggknddqqfuw4mr3pu9f8wxn,0,2,,,1,340000000,76156e005e74752a9b1e31fa0cd912bec95422d36b4004f1d5d8e21e,False,False,49055495,0,False,Codeway,49055495,30000000,680000000,1601463716,,1853766482,0.0414,0,0,0,0,0,0,0,0,CWSA,2,True
93793723158,pool1nss40t2xhh7ntgp8ca73u2xd8kzyn3dgtf9jfh0y57kxul9zt82,0,14,,,21,170000000,9c2157ad46bdfd35a027c77d1e28cd3d8449c5a85a4b24dde4a7ac6e,False,False,95371568215,0.01,False,Beer Money,13485863066,12500000000,3588053796,1601332747,,2609258149,0.0097,0,0.0117,0.0161,0,0,0.0081,0.0235,0.0065,BEER,14,True
0,pool1y90zp3ysrwzttwqhm2gjc7gp4d7tg2n6zsw3sp3lyk7vjxc56d6,0,0,,,2,340000000,215e20c4901b84b5b817da912c7901ab7cb42a7a141d18063f25bcc9,False,False,0,0.025,False,BigRoi StakePool,0,50000000000,0,1601284622,,0,0,0,0,0,0,0,0,0,0,BROI,0,True
7054091,pool1k0h45kcsfynjfyplgn6qpaw40n3cvlcrdryez04x40ayq6w9dgh,0,0,,,1,345000000,b3ef5a5b10492724903f44f400f5d57ce3867f0368c9913ea6abfa40,False,False,7054091,0.2,False,,7054091,100000000,0,1601224303,,0,0,0,0,0,0,0,0,0,0,,0,True
24923870,pool1f2pqecfn9x8kzgjeecyjk7cnqj0nyu84uaj2ptr0xdjr5w9qepc,0,0,,,3,350000000,4a820ce133298f612259ce092b7b13049f3270f5e764a0ac6f33643a,False,False,24923870,0,False,TOP ADA Stakepool,24923870,25000000,0,1601128454,,0,0,0,0,0,0,0,0,0,0,TOP1,0,True
2450653,pool1xcy8wtzrmzdhr2sqjjm8qe0hrxr4dc23zsv9mdfegahv5t0jud9,0,0,stake1uxe76ya02jjg29ecz6r0s7069d5c2ct9sfnu46dlgk5xwec2suv6t,1,1,340000000,3608772c43d89b71aa0094b67065f7198756e15114185db539476eca,False,False,2450653,1,False,,2450653,10000000,0,1601049755,,0,0,0,0,0,0,0,0,0,0,,0,True
0,pool1jnesrcc408t0zd3zadkx2fs65ugppkvftcleld0tc0j2v7zsvej,0,0,stake1uxe76ya02jjg29ecz6r0s7069d5c2ct9sfnu46dlgk5xwec2suv6t,0,0,340000000,94f301e31579d6f13622eb6c65261aa71010d9895e3f9fb5ebc3e4a6,False,False,0,1,False,clrPool,0,10000000,0,1600948878,,0,0,0,0,0,0,0,0,0,0,CLRPL,0,True
0,pool1qf0wftuxq20v4c0es83qgfunte4uxepx7jesy8nczxz2wv8yld2,0,10,,,1,345000000,025ee4af86029ecae1f981e20427935e6bc36426f4b3021e781184a7,False,False,0,1,False,Inflow Pool,0,300000000,18677021681,1600882636,,0,0,0,0,0,0,0,0,0,0,INFLW,17,True
1630555443850,pool1pxw4z2m0lmw422hr32dwyy3uz9436g8p7qdmg2sl2w0m5pyk3yn,0,218,,,182,340000000,099d512b6ffedd552ae38a9ae2123c116b1d20e1f01bb42a1f539fba,False,False,1632529260703,0.01,False,Stoic Pool,41686914116,30000000000,75766631707,1600791767,,244486818183,0.0231,0,0.0014,0.0010,0.0002,0.0003,0.0080,0.0029,0.0090,STOIC,592,True
0,pool1w304gh8xwdcjxumdl5yhvu28j6eax9sf08tu98cp5eth27vy6ez,0,0,,,0,345000000,745f545ce6737123736dfd0976714796b3d3160979d7c29f01a65775,False,False,0,0.02,False,AZMAT CAPITAL,0,210000000000,0,1600781855,,0,0,0,0,0,0,0,0,0,0,AZMAT,0,True
33739869145912,pool19asxjgd6ah9ddzauwede4wpt9vsp6s4ax5nz297wt47evc9sn7z,9,343,hodlada.today,0,3364,500000000,2f606921baedcad68bbc765b9ab82b2b201d42bd35262517ce5d7d96,False,False,33574877148310,0.0215,False,Hodl₳da,7844490837147,7760000000000,307642177067,1600665973,,7935900008538,0.0356,0,0.0241,0.0256,0.0105,0.0151,0.0263,0.0205,0.0269,HODL₳,15687,True
0,pool1ap6fj6xllhlc3xuuq7uvz0ed2wjws08f7h680xcgq47qk2pvnme,0,0,,,1,340000000,e8749968dffdff889b9c07b8c13f2d53a4e83ce9f5f4779b08057c0b,False,False,0,0.008,False,Embedded_Solutions_ADA_Staking_Pool,0,500000000,0,1600547326,,0,0,0,0,0,0,0,0,0,0,EMS,0,True
112210531631,pool162g6067hj0z3tyxrn7e0wmcz36yqp6nxu3e4x5ahkwvnygsuwqk,0,83,,,232,340000000,d291a7ebd793c51590c39fb2f76f028e8800ea66e4735353b7b39932,False,False,112193714605,0,False,Bizarre Stars,1001468678,1000000000,28588311019,1600531428,,36838576928,0.0226,0,0.0005,0.0009,0,0,0.0005,0.0010,0.0009,BIZAR,99,True
497420337,pool1u4708qd88n0ux2capce6gz6zcjvtwfsfpdu28h6kkh5yskg9eck,0,0,,,1,340000000,e57cf381a73cdfc32b1d0e33a40b42c498b726090b78a3df56b5e848,False,False,497420337,0,False,,497420337,10000000,0,1600383797,,0,0,0,0,0,0,0,0,0,0,,0,True
729283955,pool1cpzz6aqljgk97ks728xa76wqg96kj79ndc3gasx7kdnr74wrk70,0,1,,,2,340000000,c0442d741f922c5f5a1e51cddf69c041756978b36e228ec0deb3663f,False,False,729283955,0,False,Seven Seas,8705929,1000000,340000000,1600341407,,902717552,0.0198,0,0,0,0,0,0,0,0,7CS,1,True
80466289,pool1n96ql32ct37n8w0l9ddhnc2t8tv0uyd6kuhzua8uxy63xs35wgl,0,0,thc-room335.com,2,3,340000000,99740fc5585c7d33b9ff2b5b79e14b3ad8fe11bab72e2e74fc313513,False,False,80466289,0.02,False,THC Cardano Stake World,1426510,1000000,0,1600290148,,0,0,0,0,0,0,0,0,0,0,THC,0,True
126660459,pool1njs6ejpvdkt3cee7u8ekqyunmufm82jjrehtg42xd28m7zhzn5v,0,0,stake1uxfxeju3023qv9q0xtgs0pwx43dc75khwx0kj5ck30hnqwsldzk0g,1,1,340000000,9ca1acc82c6d971c673ee1f3601393df13b3aa521e6eb455466a8fbf,False,False,126660459,0.03,False,SSCC,126660459,0,0,1600231633,,0,0,0,0,0,0,0,0,0,0,SSCC,0,True
4177104491,pool17ywx7vha7t8snj3xzwm9863lvnpke0ufqjtx94mh49sf28srg9m,0,0,,,5,345000000,f11c6f32fdf2cf09ca2613b653ea3f64c36cbf89049662d777a96095,False,False,4553708845,0.15,False,LANDSHARING.ORG,1000009,100000000,0,1600226776,,0,0,0,0,0,0,0,0,0,0,LAND,0,True
0,pool1p4s6gafaqd2w2dft5c5j2zj6grudvmpwsyx9gumzunak688x5tj,0,0,,,1,340000000,0d61a4753d0354e5352ba629250a5a40f8d66c2e810c547362e4fb6d,False,False,0,0,False,D.A.M. Crypto LLC,0,70000000000,0,1600209860,,0,0,0,0,0,0,0,0,0,0,DAM,0,True
10652124550,pool140xj040w37pcufxdhpjne03sn2rd0fxys4m2c0sgjw5pqjnlx8f,0,143,,,21,340000000,abcd27d5ee8f838e24cdb8653cbe309a86d7a4c48576ac3e0893a810,False,True,10652124550,0.02,False,StakeLake LAKE,246960480,25500000000,53640410905,1600105005,,266411292860,0.0321,0,0,0,0,0,0.0038,0,0.0052,LAKE,510,True
15901649642745,pool1lp9wmr8dkcceta5we999nvlfh9um06cd6sggtt5523eawf7mtg4,3,336,,,607,170000000,f84aed8cedb63195f68ec94a59b3e9b979b7eb0dd41085ae945473d7,False,False,17025147353390,0.01,False,YOYOGI POOL,2833614474840,1800000000000,120625811445,1600040919,,1127163900671,0.0318,0,0.0228,0.0252,0.0123,0.0166,0.0246,0.0205,0.0253,YYG,2430,True
0,pool1tn49xn2jpq62uwff9lt8d25kfzhu3nzjkkytq8pc062n6c7h6tg,0,0,divpools.com,4,1,340000000,5cea534d520834ae39292fd676aa9648afc8cc52b588b01c387e953d,False,False,0,0.05,False,DIVPools,0,100000000000,0,1600026633,,0,0,0,0,0,0,0,0,0,0,DIV,0,True
0,pool1yjeekxeu402msk7pnj9vkrtr9glf95jd2tzwwrld309m2flq7yu,0,0,divpools.com,3,0,360000000,24b39b1b3cabd5b85bc19c8acb0d632a3e92d24d52c4e70fed8bcbb5,False,False,0,0.05,False,DIVPools,0,100000000000,0,1600025462,,0,0,0,0,0,0,0,0,0,0,DIV,0,True
448539913,pool1cejaj3e490r9ejf854k3pw0kagglczuaqp69g6g5jzyfxjxgn4h,0,0,,,3,340000000,c665d947352bc65cc927a56d10b9f6ea11fc0b9d0074546914908893,False,False,448539913,0,False,Crocodile Cardano Pool (CrocoPool),99442997,50000000,0,1600020005,,0,0,0,0,0,0,0,0,0,0,Croco,0,True
3778104312973,pool1hw3cgyx7tvxh2fpd46k9sqgruu5pfnzt4nxuyv2w7nlmusutda2,2,338,,,103,333000000,bba38410de5b0d75242daeac580103e72814cc4baccdc2314ef4ffbe,False,False,3778999104231,0.03333,False,THREE Pool,43664117443,33333000000,135922566711,1600010119,,619751089239,0.0307,0,0.0184,0.0183,0.0265,0.0243,0.0186,0.0166,0.0183,THREE,1320,True
0,pool12fvqhdv6wx77zkjdq06k5ylzswd06w7yavt8fd6sm5pwk30k9l4,0,0,divpools.com,2,0,360000000,52580bb59a71bde15a4d03f56a13e2839afd3bc4eb1674b750dd02eb,False,False,0,0.05,False,DIVPools,0,100000000000,0,1599971205,,0,0,0,0,0,0,0,0,0,0,DIV,0,True
499982502166,pool10jqlkjfn2rtlc6hp95p8k4h04h3dfmdcgnga6umwp2rpukpg20l,0,141,,,10,340000000,7c81fb493350d7fc6ae12d027b56efade2d4edb844d1dd736e0a861e,False,False,499982502166,0.01,True,ChainCrucial.io,484674793332,410000000000,56852057604,1599946507,,345839975643,0.0355,0,0.0132,0.0088,0,0.0005,0.0064,0.0176,0.0049,CCIO,597,True
0,pool1nms3yppslynx2etssx3sslg0mzpc345wzynf64lzjmfyg6ghj9t,0,0,divpools.com,1,0,360000000,9ee1120430f92665657081a3087d0fd88388d68e11269d57e296d244,False,False,0,0.05,False,DIVPools,0,100000000000,0,1599940618,,0,0,0,0,0,0,0,0,0,0,DIV,0,True
0,pool13ugz5ye96g5jcxw2c3kt9x7cc75p4lmxl2jz7cy0a4xkkju0dr0,0,0,divpools.com,0,0,360000000,8f102a1325d2292c19cac46cb29bd8c7a81aff66faa42f608fed4d6b,False,False,0,0.05,False,DIVPools,0,100000000000,0,1599876313,,0,0,0,0,0,0,0,0,0,0,DIV,0,True
779218233124,pool1kffetqjt06qvk4995tz3e3q9h3c8cdq9eedrz8qr3ynnc63qckz,0,222,,,130,340000000,b25395824b7e80cb54a5a2c51cc405bc707c3405ce5a311c0389273c,False,True,780070891781,0.01,False,#Luna Staking,34532848238,30000000000,79974510238,1599853257,,287911332350,0.0321,0,0.0029,0.0080,0,0.0112,0.0100,0.0059,0.0109,LUNA,528,True
5941899224,pool1qcdw8uk5d9ehldhccy926u886qhr07xa354yrkamdde0qku53nx,0,92,,,15,340000000,061ae3f2d469737fb6f8c10aad70e7d02e37f8dd8d2a41dbbb6b72f0,False,False,5941899224,0.02,False,Cardano Army Stakepool,5049522212,5000000000,34486551649,1599828285,,157035760365,0.0380,0,0,0,0,0,0,0,0.0034,ARMY,264,True
0,pool1ajrl335z92udy65gxlgsrvthf9esfksp6m2yf3y7qcn7jqp0zsc,0,0,yoda.team,1,1,340000000,ec87f8c6822ab8d26a8837d101b177497304da01d6d444c49e0627e9,False,False,0,0.03,False,Yoda,0,100000000,0,1599820730,,0,0,0,0,0,0,0,0,0,0,YODA,0,True
26936046220035,pool1xru6f3fflzwkptgm68pncrsncg9ngllv0jk8jnz40m7wusfhazk,3,356,,,1745,340000000,30f9a4c529f89d60ad1bd1c33c0e13c20b347fec7cac794c557efcee,False,False,26740524491899,0.01,False,Oasis Pool 🌴,17158690341,10000000000,173216123298,1599795563,,5400905796815,0.0350,0,0.0238,0.0253,0.0147,0.0177,0.0246,0.0202,0.0259,OASIS,10819,True
5341736360,pool1lv7v8r8ge22agkuv2astu503d42v749p6rp3sg8l6twuwqm525c,0,2,,,4,345000000,fb3cc38ce8ca95d45b8c5760be51f16d54cf54a1d0c31820ffd2ddc7,False,False,5341736360,0.15,False,DLI-KING-POOL,4578371497,100000000,1585174327,1599778868,,5072654526,0.0145,0,0,0,0,0,0,0,0,DLI,5,True
0,pool1vhsjmemxqg3ktv4hwqc09cxhhg6td86n9p3qwg5t5y6xc4dcddp,0,0,,,2,340000000,65e12de766022365b2b77030f2e0d7ba34b69f53286207228ba1346c,False,False,0,0.02,False,firststreet,0,3400000000,0,1599773702,,0,0,0,0,0,0,0,0,0,0,FIT,0,True
32820150789122,pool10hex9l4wjgqarvhr94xgyh9frv5lhtajhrj4dah0kl65jtws30k,9,346,csn.cardanoscan.io,0,587,340000000,7df262feae9201d1b2e32d4c825ca91b29fbafb2b8e556f6efb7f549,False,False,32856551550253,0.0189,False,Cardanoscan Pool 1,23328311214,20000000000,230643461964,1599709748,,6076574223610,0.0367,0,0.0212,0.0218,0.0102,0.0142,0.0230,0.0196,0.0252,CSN1,11173,True
0,pool16m3cpra28g00t2hsfm4cj9twl4y0jsf3us2zd6nyjpz5yuagmkn,0,0,thc-room335.com,1,0,340000000,d6e3808faa3a1ef5aaf04eeb89156efd48f94131e41426ea64904542,False,False,0,0.03,False,THC Cardano Stake World,0,1000000000,0,1599685229,,0,0,0,0,0,0,0,0,0,0,THC,0,True
0,pool1jexc6dwezcp7ph8mceyfrm50l6aqu5pu494lvfau309422t9c6z,0,0,etoro.com,5,0,340000000,964d8d35d91603e0dcfbc64891ee8ffeba0e503ca96bf627bc8bcb55,False,False,0,1,False,,0,0,0,1599659896,,0,0,0,0,0,0,0,0,0,0,,0,True
0,pool1a93dsl464yupklfzt0eavrvxqs9ftddx4ehh3teaj9x47kt273f,0,0,etoro.com,4,0,340000000,e962d87ebaa9381b7d225bf3d60d86040a95b5a6ae6f78af3d914d5f,False,False,0,1,False,,0,0,0,1599659674,,0,0,0,0,0,0,0,0,0,0,,0,True
0,pool1zjjr7qm06ywwwd03fpc40u24uxt3kruesr6knpmdzj3ejxytjf0,0,0,etoro.com,3,0,340000000,14a43f036fd11ce735f1487157f155e1971b0f9980f569876d14a399,False,False,0,1,False,,0,0,0,1599659333,,0,0,0,0,0,0,0,0,0,0,,0,True
50000000000000,pool1xt7mjrtnsew3v33lu8sf93upf20sxhmcrfnpm82ra46yxk7uy45,10,195,etoro.com,2,1,340000000,32fdb90d73865d16463fe1e092c7814a9f035f781a661d9d43ed7443,False,False,50000000000000,1,False,eToro Pool 3,0,0,5760902200842,1599658715,,0,0,0,0,0,0,0,0,0,0,ETO3,10241,True
11583686959973,pool19066qvd5dv6vq7fh5a5l7muzk6nc5fw8zq3w4tclyrhvjvlyeuc,3,275,etoro.com,1,3,340000000,2bf5a031b46b34c07937a769ff6f82b6a78a25c71022eaaf1f20eec9,False,False,11583686959973,1,False,eToro Pool 2,0,0,8810576849936,1599658452,,0,0,0,0,0,0,0,0,0,0,ETO2,13421,True
16722655065682,pool150n38x8gquu4yt5s0s6m3ajjqe89y68x96dh32tq8a4es2l6dvp,4,283,etoro.com,0,4,340000000,a3e71398e80739522e907c35b8f652064e5268e62e9b78a9603f6b98,False,False,16722655065682,1,False,eToro Pool 1,0,0,7840505383739,1599657868,,0,0,0,0,0,0,0,0,0,0,ETO1,16253,True
0,pool1js763t3yw63ffsxqpume8974z03hdlm4nddnezhfla6dskln37v,0,0,,,3,340000000,943da8ae2476a294c0c00f379397d513e376ff759b5b3c8ae9ff74d8,False,False,0,0.01,False,MyCointainer.com,0,14000000000,0,1599655868,,0,0,0,0,0,0,0,0,0,0,MYC,0,True
177935758,pool1j3azwphh66wk6efre3ezjjw8mqljqmnxe5qr9tyfmjdq6eqe5fc,0,0,,,1,345000000,947a2706f7d69d6d6523cc722949c7d83f206e66cd0032ac89dc9a0d,False,False,177935758,0.0475,False,Vantica Trading,177935758,100000000,0,1599575952,,0,0,0,0,0,0,0,0,0,0,VTRA,0,True
17141748775256,pool1u7mqtde27swkarngjsn5mmw3sy20zavlafgqkmg8qv2n2nwga0l,8,352,,,1676,340000000,e7b605b72af41d6e8e6894274dedd18114f1759fea500b6d07031535,False,False,17140691550211,0.019,False,CashFlow,108772672993,100000000000,209106602282,1599569091,,5249471909146,0.0402,0,0.0168,0.0194,0.0113,0.0141,0.0222,0.0174,0.0239,CFLOW,8457,True
111286460,pool1enc9l2nealzp9sr7n77032rc593879faj6hqeny6f6h052eaaxh,0,0,,,3,340000000,ccf05faa79efc412c07e9fbcf8a878a1627f153d96ae0ccc9a4eaefa,False,False,82821254,0,False,Unity Staking,0,0,0,1599514806,,0,0,0,0,0,0,0,0,0,0,UNITY,0,True
3080875,pool17037mqf5k46e6jpaue46lfy55v827re9cgm3qp8vsp33q8zufvy,0,0,,,3,340000000,f3e3ed8134b5759d483de66bafa494a30eaf0f25c2371004ec806310,False,False,3080875,0.035,False,BeanPool,3080875,13300000000,0,1599497145,,0,0,0,0,0,0,0,0,0,0,BEAN,0,True
2486679,pool1dmuaa0wmqrwwx467p48fu83y5w7wdkxf8xlgymmfc73kjy3vxg7,0,0,,,3,340000000,6ef9debddb00dce3575e0d4e9e1e24a3bce6d8c939be826f69c7a369,False,False,2486679,0,False,borg,1060471,0,0,1599434253,,0,0,0,0,0,0,0,0,0,0,BORG,0,True
548606340,pool1ml8hj9zhv5esld4dwuxrkda0ktclw4g5xfggg86nw3majud2uf6,0,0,thc-room335.com,0,1,345000000,dfcf79145765330fb6ad770c3b37afb2f1f755143250841f537477d9,False,False,548606340,0.15,False,,548606340,100000000,0,1599426766,,0,0,0,0,0,0,0,0,0,0,,0,True
3236466367547,pool1s6x6kltycpxq82hyqhlqllqj3q5l2m8w499gvtu4xrfv29c0q2q,0,349,,,1965,340000000,868dab7d64c04c03aae405fe0ffc128829f56ceea94a862f9530d2c5,False,False,2938321584737,0.0199,False,Loot Pool,10038831416,10000000000,157816168410,1599335394,,2132982322787,0.0439,0,0.0220,0.0224,0.0080,0.0186,0.0212,0.0252,0.0211,LOOT,3310,True
3688874646,pool13zh79cqv3y36cgknzagwegp8y0kuzel2j046jmup97hhjwk5myw,0,67,,,38,340000000,88afe2e00c8923ac22d31750eca02723edc167ea93eba96f812faf79,False,False,3688874646,0.015,False,CHARM STAKE POOL,1215456696,100000000,26398606871,1599331847,,154179404394,0.0445,0,0,0,0,0,0,0,0,CHARM,194,True
9642330016,pool1dye0sw6hv4jee7wemgc6dnxhaquuz7sxkktz2tpm2ekcsqyyj9l,0,1,mtrxpools.com,1,17,340000000,6932f83b5765659cf9d9da31a6ccd7e839c17a06b596252c3b566d88,False,False,9642330016,0,False,Matrix Pools - MEGA,1009808451,1000000000,363886690,1599311685,,1170447837,0.0131,0,0,0,0,0,0,0,0,XMEGA,1,True
2033554350592,pool18heqrjtge2emf2hes4mdxkr76y99zztkqk4qtjr9dul0vuur0yu,1,275,,,24,170000000,3df201c968cab3b4aaf98576d3587ed10a51097605aa05c8656f3ef6,False,False,2034251769916,0,True,RX-78,90913659035,10000000000,75209056596,1599307199,,289455185369,0.0315,0,0.0253,0.0263,0.0223,0.0256,0.0255,0.0267,0.0267,RX78,660,True
11171391610,pool1pnsk7v8a4eyn9qtqev7k3clazzw2s66cpa850zprqlu5x5eqtuw,0,92,,,9,340000000,0ce16f30fdae49328160cb3d68e3fd109ca86b580f4f47882307f943,False,False,11171391610,0.027,False,LKBH POOL,369804330,12900000000,32271125808,1599266145,,61580933563,0.0280,0,0,0,0,0,0,0,0,LKBH,137,True
610476950704,pool1gqf605yxhmyfasdjhf8yxcesztgzuek9gfuvy2dnyj5cyp8zga3,0,214,,,67,170000000,4013a7d086bec89ec1b2ba4e43633012d02e66c54278c229b324a982,False,False,611040447492,0,False,The OLEUM Stakepool,7310247,1000000,61860856405,1599261577,,301030160109,0.0380,0,0.0280,0.0239,0,0,0.0190,0.0142,0.0243,OLEUM,535,True
27617078,pool1rg4h4fc9j70w3jx86s3vc8vzd7hxwd4sz4j80d93hk7j7mm5dx2,0,0,,,1,345000000,1a2b7aa705979ee8c8c7d422cc1d826fae6736b0156477b4b1bdbd2f,False,False,27617078,0.15,False,,27617078,100000000,0,1599249091,,0,0,0,0,0,0,0,0,0,0,,0,True
25836763696748,pool1tpy5yawzpetcverves0h6xdycxgrstehfvrkygydt9jcqxwpw3j,7,347,,,2169,170000000,58494275c20e5786646ccc1f7d19a4c190382f374b0762208d596580,False,True,25898966841469,0.0149,False,MANA,214718435076,200000000000,129994255101,1599246253,,3944428034147,0.0330,0,0.0250,0.0250,0.0159,0.0169,0.0252,0.0229,0.0267,MANA,8532,True
1654495350,pool179dpweul0jsfv9ls67ner4n286fh6hqtskaw6nux97t52dt5gxa,0,0,,,3,340000000,f15a17679f7ca09617f0d7a791d66a3e937d5c0b85baed4f862f9745,False,False,1654495350,0.01,False,getent,1047641190,1000000,0,1599243523,,0,0,0,0,0,0,0,0,0,0,GET23,0,True
55129995408,pool1t93hrmha847r5gqazttyg29c9fxfv778w3kc5vf4q7vu5g4ec0r,0,26,,,11,340000000,596371eefd3d7c3a201d12d64428b82a4c967bc7746d8a31350799ca,False,False,55129995408,0.01,False,Steekpoel,44289605998,10000000000,9513842407,1599181415,,169051110816,0.0448,0,0,0,0,0,0,0,0,STKPL,220,True
7592799642299,pool1rcd7qslz3xnpnk9u6tcwegy5r2574uf8suqu24ptg637jha3sr5,4,357,,,143,340000000,1e1be043e289a619d8bcd2f0eca0941aa9eaf1278701c5542b46a3e9,False,False,7594691648644,0.02,False,Nielsen-Nielsen,2653681898,100000000,159902823126,1599163280,,1937086549085,0.0385,0,0.0250,0.0255,0.0183,0.0200,0.0241,0.0228,0.0229,NINI,3226,True
2203054146023,pool1qqenhz258k5k9nyjull6gkzg7s4f3ae8v7qxwpegeef9v0nsy3e,0,316,,,241,200000000,00333b89543da962cc92e7ffa45848f42a98f7276780670728ce5256,False,False,2203745447298,0.01,True,Charity pool,69560901912,60000000000,108040658430,1599139442,,1711722411820,0.0366,0,0.0211,0.0251,0.0106,0.0070,0.0252,0.0131,0.0216,CHRTY,3157,True
12621038,pool1kxzfswkhgcmyahh6lfjpy5uxh75qzsnlyprh3450av9jghsda89,0,0,,,1,340000000,b184983ad746364edefafa64125386bfa801427f204778d68feb0b24,False,False,12621038,0.03,False,Generosity 1,12621038,5000000,0,1599137928,,0,0,0,0,0,0,0,0,0,0,GEN1,0,True
291810584916,pool12fr472y9lwzjy055gpuvpxdy5slpe0ej20pykdeatl59zg9ren2,0,60,,,16,340000000,52475f2885fb85223e944078c099a4a43e1cbf3253c24b373d5fe851,False,False,291810584916,0,False,cardanoX,64925924129,49000000000,20400000000,1599129631,,17188571619,0.0139,0,0.0007,0.0005,0,0,0.0006,0.0004,0.0018,CARDX,68,True
63935492404978,pool189lsf6c2upyhmrzddyvyfjxxkqnte9pw8aqx7f4cuf85sjxlm02,17,343,cardanians.io,3,2362,340000000,397f04eb0ae0497d8c4d691844c8c6b026bc942e3f406f26b8e24f48,False,False,64107651130679,0.02,False,CARDANIANS.io #3,102486028478,100000000000,255930927402,1599074275,,6866364761722,0.0345,0,0.0233,0.0239,0.0105,0.0161,0.0250,0.0208,0.0259,CRDN2,13804,True
114848902,pool1ju00mkurj9t920staddyd3ln9r98kktx38jrer0zp82eg8x36jf,0,0,,,3,340000000,971efddb839156553e0beb5a46c7f328ca7b596689e43c8de209d594,False,False,114848902,0.02,False,Amzon,114848902,5000000,0,1599044591,,0,0,0,0,0,0,0,0,0,0,AMZON,0,True
1131240881,pool1mk9k389xy5szdzyc0fpty66fu93rhwnar3202vy0d7w9ue2rycu,0,2,,,29,340000000,dd8b689ca625202688987a42b26b49e1623bba7d1c54f5308f6f9c5e,False,False,1131240881,0,False,,100192887,10000000000,683867694,1599029906,,718490652,0.0073,0,0,0,0,0,0,0,0,,2,True
1405326847,pool1ndu9fpv7prmp6r6k23lzx6fcpjlvh6upl3w8ghldys467u6vvrl,0,0,,,4,345000000,9b7854859e08f61d0f56547e2369380cbecbeb81fc5c745fed242baf,False,False,1405326847,0.039,False,Stag Digital,1397018530,1000000000,0,1598998406,,0,0,0,0,0,0,0,0,0,0,STAG,0,True
240945231493,pool1quj6cp7w4tarq7hrcdsjxlgcmnunm2xvnpvmj20l9nplue6rjxx,0,38,,,79,250000000,0725ac07ceaafa307ae3c361237d18dcf93da8cc9859b929ff2cc3fe,False,False,241188052044,0.01,False,Fast G Pool,61499999598,60000000000,12548461520,1598901064,,11710004487,0.0114,0,0.0025,0.0017,0,0,0.0008,0.0050,0.0004,FGPX,45,True
9986715113037,pool1a6ysvnx24xsjh2f6ehgmx7yu9q45fd7lsk88v2swxkek7pkxtgp,2,337,,,62,340000000,ee89064ccaa9a12ba93acdd1b3789c282b44b7df858e762a0e35b36f,False,False,9981629041981,0.5,False,VIVI Pool,15292450480,15000000000,253253812231,1598892591,,1629361220505,0.0315,0,0.0110,0.0119,0.0077,0.0094,0.0121,0.0105,0.0139,VIVI,3443,True
1402160582,pool1n9vs3ye3939ae8x6jfkf0unksj7q05zgsk2fnm8lhve95w3j0rs,0,1,,,2,340000000,99590893312c4bdc9cda926c97f27684bc07d048859499ecffbb325a,False,False,1402160582,0.015,False,ZOOM Stake Pool,1354324795,1000000000,350708306,1598824169,,703178806,0.0063,0,0,0,0,0,0,0,0,ZOOM,1,True
57825541655,pool1g6rm3p7695z7xfhp629hcsj09njun2fnsz03pjrshw8rgs7pluc,0,24,,,15,340000000,4687b887da2d05e326e1d28b7c424f2ce5c9a933809f10c870bb8e34,False,False,57825541655,0.0222,False,Pure Resilience Cluster for Cardano,35934850323,22222222222,8354596578,1598803861,,8571015631,0.0177,0,0,0,0,0,0,0,0,GROOT,25,True
1434331568006,pool1ccr56kt2f5tzjvztlkf8zhkpvaawkduwfye8ydsk646lz0m4h5x,1,289,,,324,340000000,c6074d596a4d1629304bfd92715ec1677aeb378e4932723616d575f1,False,False,1434669922809,0.02,False,Apolo Stake Pool,278991382691,275000000000,110336977522,1598802406,,606817136721,0.0373,0,0.0088,0.0088,0,0.0060,0.0081,0.0090,0.0096,APOLO,1171,True
0,pool1h5tldkcwftpnnwj4ygtfd8ts6mxkcv0qyes9tum9hxx27zrjzpf,0,0,mtrxpools.com,0,1,340000000,bd17f6db0e4ac339ba552216969d70d6cd6c31e0266055f365b98caf,False,False,0,0.02,False,Zion,0,200000000,0,1598798661,,0,0,0,0,0,0,0,0,0,0,ZION,0,True
31801799110553,pool1yc6f3cqsc7jfh07hcns64v5cp8720mve870pgxf2wkr3u8l7tse,11,344,,,3334,170000000,263498e010c7a49bbfd7c4e1aab29809fca7ed993f9e14192a75871e,False,False,32299934953495,0.018,True,Hyperlink Pool,369766657161,300000000000,121629189706,1598783038,,5655462804448,0.0378,0,0.0220,0.0230,0.0145,0.0188,0.0236,0.0208,0.0252,HYPER,10101,True
500000000,pool1hwnl625swgnlp5w7e8dqz0chlz3kl05tm2lawwy8xq2l5uz5h0y,0,0,,,1,340000000,bba7fd2a907227f0d1dec9da013f17f8a36fbe8bdabfd738873015fa,False,False,500000000,0,False,PokePocket.com (POKE) Pool,500000000,15100000000,0,1598770117,,0,0,0,0,0,0,0,0,0,0,POKE,0,True
3081980622,pool126kcx3ve6xedpdk8gm9gtgs5x2h77tuwe5hjjcrp2nshu2xv8l3,0,0,,,5,340000000,56ad834599d1b2d0b6c746ca85a21432afef2f8ecd2f29606154e17e,False,False,2939165647,0.0799,False,ADA Africa,2647043882,2500000000,0,1598759485,,0,0,0,0,0,0,0,0,0,0,ADAAF,0,True
1149389,pool14zkvjsd7ny9dgc2d5faqwttzh2me0tzuk9xmf8vydxxcvqaaaya,0,0,,,2,345000000,a8acc941be990ad4614da27a072d62bab797ac5cb14db49d84698d86,False,False,1149389,0.15,False,cFortTechPool,0,10000000000,0,1598742459,,0,0,0,0,0,0,0,0,0,0,FORT,0,True
4000000,pool17dx6ld5544pngfc4w6ere708zmjga7wmykeelqhqt4tpkjcpup2,0,0,stake1u9y4vg2xydarwuuqg4q4r9n5clmxqeekszrvwh9z3klnxhswsr3pg,1,1,345000000,f34dafb694ad4334271576b23cf9e716e48ef9db25b39f82e05d561b,False,False,4000000,0.02,False,Aussie Stake House,4000000,176500000000,0,1598740775,,0,0,0,0,0,0,0,0,0,0,ASH,0,True
0,pool1gp4kj3w0txgxjme254pgyj5ysw7muxsumuefzc7uep9673nsrvc,0,0,stake1u9y4vg2xydarwuuqg4q4r9n5clmxqeekszrvwh9z3klnxhswsr3pg,0,0,345000000,406b6945cf5990696f2aa542824a8483bdbe1a1cdf329163dcc84baf,False,False,0,0.02,False,,0,176836000000,0,1598712169,,0,0,0,0,0,0,0,0,0,0,,0,True
13324975461802,pool1jg3fmnmc9n52sgzslhhvhye5e3xeqmrwkekdhh82sma47r47zg0,3,358,nu.fi,2,2484,340000000,92229dcf782ce8a82050fdeecb9334cc4d906c6eb66cdbdcea86fb5f,False,False,13278862298428,0.03,False,Nu.Fi & AdaLite 3,1002830473,1000000000,312663379966,1598685091,,6198532665898,0.0381,0,0.0188,0.0200,0.0066,0.0094,0.0222,0.0150,0.0231,NUFI3,9992,True
37978427148,pool1cj2uh0ylps28czcjslnz85v2zyf8mld0w5tuqp3amxk4jjwfkgd,0,92,,,40,340000000,c495cbbc9f0c147c0b1287e623d18a11127dfdaf7517c0063dd9ad59,False,False,37978427148,0.01,False,Bit Cat🐱,31279336806,10000000000,33505351128,1598614321,,251135901246,0.0473,0,0,0,0,0,0,0,0,CAT,329,True
0,pool13hqjq6yxcsk3wpygedcp04crk58qsc00gw4wf77q6kehxxagqme,0,0,,,1,340000000,8dc1206886c42d170488cb7017d703b50e0861ef43aae4fbc0d5b373,False,False,0,0.02,False,Crypto_Economy_com_Pool,0,39100000000,0,1598609783,,0,0,0,0,0,0,0,0,0,0,CEP,0,True
695426541,pool1tkqjk8s3yqqyuspn4c44rjz7vgsu6kfxm4uvt89cejwryetpt6m,0,0,,,2,340000000,5d812b1e1120004e4033ae2b51c85e6221cd5926dd78c59cb8cc9c32,False,False,695426541,0.02,False,Great_Aussie_Stake,97236752,80000000,0,1598592680,,0,0,0,0,0,0,0,0,0,0,GAS1,0,True
65962138600915,pool1tdsrw0n33gmy0mzh7cgtn9p0jy5xwjxaa2s26gn2ewf8kg4nrzx,11,348,cardanocafe.org,0,6634,340000000,5b60373e718a3647ec57f610b9942f91286748ddeaa0ad226acb927b,False,False,65861367637596,0.01,False,CardanoCafe,128539257261,100000000000,220549343286,1598552321,,8786717868609,0.0349,0,0.0226,0.0240,0.0115,0.0175,0.0246,0.0198,0.0261,CAFE,17218,True
13547436537,pool1dde9jvej6nr4yqfnnlx5ydn036zv7yr098y4p2qs7cvn2l3kuj8,0,0,,,6,340000000,6b72593332d4c75201339fcd42366f8e84cf106f29c950a810f61935,False,False,13547639515,0.1,False,Public WiFi Project,5119687,100000000,0,1598512424,,0,0,0,0,0,0,0,0,0,0,PWP,0,True
0,pool1eaetnqdddl6pw3my4urw4nlcy004pjpgnt3fpypr36qt2v8c6ck,0,0,,,0,340000000,cf72b981ad6ff4174764af06eacff823df50c8289ae29090238e80b5,False,False,0,0.03,False,Shitcoin Unlimited,0,1000000,0,1598472860,,0,0,0,0,0,0,0,0,0,0,SCU,0,True
96634341,pool1k0d5szkmzsw6035ytsm8dv75d4ewu5gkm7c7dhsjug9uvkaunz3,0,0,vivi-chao.github.io,1,1,345000000,b3db480adb141da7c6845c3676b3d46d72ee5116dfb1e6de12e20bc6,False,False,96634341,0.15,False,,96634341,100000000,0,1598456424,,0,0,0,0,0,0,0,0,0,0,,0,True
60424912020,pool1mzry5s8pkfy42ul2xevaq7dk6qae8247hqd8serm3ms06glvny0,0,3,,,18,340000000,d8864a40e1b2495573ea3659d079b6d03b93aabeb81a78647b8ee0fd,False,False,60424912020,0.01,False,Swiss Cardano Pool,1253622054,191000000,1026417653,1598449911,,635347845,0.0045,0,0,0,0,0,0.0036,0,0.0020,SCP,3,True
1000000,pool10v6uh7yan2dg8utwpgurj6th3u3s3q3m2lcg8z9mxtncvx72dhc,0,4,,,1,340000000,7b35cbf89d9a9a83f16e0a383969778f2308823b57f08388bb32e786,False,False,1000000,0.03,False,SEGV Stake Pool,1000000,100025042945,1477261927,1598437680,,3791469060,0.0181,0,0,0,0,0,0,0,0,SEGV,4,True
1014271248,pool12mca6l778v2e5wq5a4kc08h6grcv9j6f7yykt9wyjttckfxksvg,0,0,,,1,340000000,56f1dd7fde3b159a3814ed6d879efa40f0c2cb49f1096595c492d78b,False,False,1014271248,0.01,False,Hydrasquared,1014271248,500000000,0,1598418655,,0,0,0,0,0,0,0,0,0,0,DEFI,0,True
2623282,pool1z59y9zk6kvyzl9fv7evxpnry8sk6ymxuee0lc6kw2rkvzh6f077,0,0,,,1,340000000,150a428adab3082f952cf65860cc643c2da26cdcce5ffc6ace50ecc1,False,False,2623282,0.045,False,The People's Money,2623282,100000000000,0,1598385680,,0,0,0,0,0,0,0,0,0,0,TPM,0,True
502300231,pool1jq3s8emkm332n7vd3n57amjzspvt3hygh4wqsyp33psugvw7zc0,0,9,,,7,340000000,902303e776dc62a9f98d8ce9eeee428058b8dc88bd5c0810318861c4,False,False,502300231,0.01,False,OWL ADA POOL,502300231,500000000,3281958163,1598366526,,9155854845,0.0283,0,0,0,0,0,0,0,0,OWL,12,True
6871450729233,pool1k0xa8wlsntmjhtw2shj3tspqd4kjyquw9tuyx5s7zz5jsyw4y2p,1,345,,,738,340000000,b3cdd3bbf09af72badca85e515c0206d6d22038e2af843521e10a928,False,False,6871805467964,0,False,Waldmops,3276630763571,300000000000,120965800650,1598362603,,2276105898067,0.0368,0,0.0193,0.0200,0.0094,0.0189,0.0221,0.0221,0.0204,WMOPS,4115,True
0,pool1lll300yc7lf6v34agp6ctzxdwk6s96cu0lxq3kk0msgvzchq3f4,0,0,,,0,340000000,ffff17bc98f7d3a646bd40758588cd75b502eb1c7fcc08dacfdc10c1,False,False,0,0.02,False,PHOENIX,0,100000000,0,1598361244,,0,0,0,0,0,0,0,0,0,0,PHNX,0,True
4365205438,pool14pxhk34wlpu2azrnwy9ah8hrzxgffhqthcxcp620209eupfjfcn,0,80,,,5,170000000,a84d7b46aef878ae8873710bdb9ee3119094dc0bbe0d80e94f53cb9e,False,False,4365205438,0,False,1337,100000000,100000000,22849432124,1598354014,,43866923756,0.0207,0,0,0,0,0,0,0,0,1337,117,True
18269664,pool1fwg2x8pwwxverf0wqtk3pnqtywlah9em3ywyvhskafvm5z3e7kr,0,0,,,1,345000000,4b90a31c2e719991a5ee02ed10cc0b23bfdb973b891c465e16ea59ba,False,False,18269664,0.1,False,,18269664,100000000,0,1598316244,,0,0,0,0,0,0,0,0,0,0,,0,True
697439961,pool130u9tm5kzsjkzlt4zq989s33fne5n9qahkdcmamh688wzrk78g6,0,0,,,1,340000000,8bf855ee961425617d75100a72c2314cf349941dbd9b8df777d1cee1,False,False,697439961,0.02,False,Stakehaus.ca,697439961,500000000,0,1598307578,,0,0,0,0,0,0,0,0,0,0,HAUS,0,True
3707519063740,pool1429egqgv60r3nxlp6cvs08qcffv7duddjvyjd0pt6wzhj7akda8,1,317,,,208,340000000,aa8b94010cd3c7199be1d619079c184a59e6f1ad930926bc2bd38579,False,False,3708196424410,0.01,False,NASEC pool,69286152669,50000000000,114120684322,1598297014,,690434610489,0.0326,0,0.0205,0.0193,0.0138,0.0162,0.0217,0.0209,0.0226,NASEC,1486,True
3044349145780,pool1hfn7yuwfyhmmqe4qpaxfewuly7cnemc6kqkv5npytj9vcrskh6j,0,313,cardanomint.com,1,231,340000000,ba67e271c925f7b066a00f4c9cbb9f27b13cef1ab02cca4c245c8acc,False,False,3042492344078,0.025,False,MaximumMint,50097556686,50000000000,123472919686,1598287270,,569536127246,0.0336,0,0.0154,0.0169,0.0083,0.0194,0.0168,0.0181,0.0177,AMINT,1150,True
515476511,pool1w3ewp9s00evj200lnhwsy3dkn2yf3dg7zq7apj26a2dvv5r7hpg,0,0,,,2,340000000,7472e0960f7e59253dff9ddd0245b69a8898b51e103dd0c95aea9ac6,False,False,515476511,0.005,False,StablePool,515476511,500000000,0,1598284680,,0,0,0,0,0,0,0,0,0,0,STBL,0,True
2172244371,pool1rsm2ara9zm9tq0gupcq4c7e3v7c8lwxlgjgh2zalgjf3669rlwq,0,0,,,1,345000000,1c36ae8fa516cab03d1c0e015c7b3167b07fb8df4491750bbf44931d,False,False,100838685,0.01,False,YxoxY,100838685,100000000,0,1598281885,,0,0,0,0,0,0,0,0,0,0,YOY,0,True
376518669,pool1rfwfql54dxqe2f3pht7c8xztq9c5wncdhcp542nk76dcgshtvdk,0,0,,,2,340000000,1a5c907e956981952621bafd83984b0171474f0dbe034aaa76f69b84,False,False,376518669,0.01,False,,257630000,200000000,0,1598231578,,0,0,0,0,0,0,0,0,0,0,,0,True
4593662,pool1qw5jc5u4k6ck47kdwtwh8msv6t82x5c6qx38hjaycnha6skrek7,0,1,,,4,340000000,03a92c5395b6b16afacd72dd73ee0cd2cea3531a01a27bcba4c4efdd,False,False,4593662,0,False,Budweiser B357,4593662,20500000000,340000000,1598203741,,755971029,0.0513,0,0,0,0,0,0,0,0,B357,1,True
4150180606242,pool1jpz5m45ff4r6tnq7n5tw63fkhpmw3cyv8sn569w24x8lj3kl68c,1,335,,,349,170000000,90454dd6894d47a5cc1e9d16ed4536b876e8e08c3c274d15caa98ff9,False,False,4154914751880,0.01,False,Adapolis,510257837223,10000000000,102509335124,1598195516,,884361807319,0.0374,0,0.0191,0.0204,0.0162,0.0158,0.0235,0.0202,0.0234,ADP,1594,True
496831786,pool1gvydgpt2nt6zchvt6fyc5h3w5g24nrrw54tskm0mkc6hqh4ye5n,0,0,,,1,345000000,4308d4056a9af42c5d8bd2498a5e2ea215598c6ea5570b6dfbb63570,False,False,496831786,0.02,False,ADAPool050,496831786,50000000,0,1598187816,,0,0,0,0,0,0,0,0,0,0,AP050,0,True
790425499367,pool1h7eevnu53zdfujqfzldw4jgdjh475u0glvtruwrnmdmycn6jdzs,1,177,,,18,340000000,bfb3964f94889a9e480917daeac90d95ebea71e8fb163e3873db764c,False,False,791122891567,0.01,False,,52753623063,100000000,60658243119,1598180316,,114585932251,0.0233,0,0.0031,0.0080,0,0,0.0081,0.0003,0.0104,,293,True
159928748493,pool1n5ytegzw3enscfw4t8wsjytrz228agvm9c3xaarce7pgjzftdtx,0,54,git.io/JOkNh,2,19,170000000,9d08bca04e8e670c25d559dd09116312947ea19b2e226ef478cf8289,False,False,159928748493,0.01,False,Q - Multiowners,33583906298,25010000000,16033277294,1598176266,,25726376847,0.0257,0,0,0.0047,0,0,0.0075,0,0.0109,_Q_,62,True
475581638666,pool14cautfm2e8jxv79tv59grnryjxs8f2wewz66wup695xgu7wjnvr,0,176,,,55,188000000,ae3bc5a76ac9e46678ab650a81cc6491a074a9d970b5a7703a2d0c8e,False,False,475581638666,0.005,False,真正的中国池,2030659919,2020000000,52864704537,1598109966,,132329907641,0.0288,0,0.0042,0.0042,0,0,0.0134,0.0041,0.0167,996,290,True
1057859158724,pool1tjr4zpndkvwkw3du3fvt59f5men6jhuevt7rpx6xw0wcct5kl04,0,282,,,71,340000000,5c8751066db31d6745bc8a58ba1534de67a95f9962fc309b4673dd8c,False,False,1057859158724,0,False,Sugar Stake Pool,146740150788,60000000000,96130224232,1598104091,,694214834115,0.0362,0,0.0003,0.0004,0.0003,0.0002,0.0028,0.0001,0.0182,SUGAR,1269,True
110503354467,pool14rs7ky0p867k0fe9mk3uug9c6w0mwlz3sllh7rpwxcqacr70s8t,0,0,,,2,340000000,a8e1eb11e13ebd67a725dda3ce20b8d39fb77c5187ff7f0c2e3601dc,False,False,110503354467,0.029,False,KIKONYX,110497619322,110000000000,0,1598032291,,0,0,0,0,0,0,0,0,0,0,KIKO,0,True
429144410,pool1q42574l9xer3khqpshk8w2vc6md6zlah7493fp6zzv9mqurmufx,0,1,,,2,340000000,05554f57e536471b5c0185ec772998d6dba17fb7f54b148742130bb0,False,False,429144410,0.015,False,Dunda Pool - ADA Down Under,429144410,5000000000,353564609,1598020760,,890742707,0.0361,0,0,0,0,0,0,0,0,DUNDA,1,True
0,pool1uj0r26e5ymqgre7zxqsapl2stlh36fc8n6mvrcdzjn247u2cf5l,0,0,,,1,340000000,e49e356b3426c081e7c23021d0fd505fef1d27079eb6c1e1a294d55f,False,False,0,0.02,False,BlackPool,0,10000000000,0,1597960190,,0,0,0,0,0,0,0,0,0,0,BLCK,0,True
10833359019,pool1det0jsa8huncdzmlxh4rtcn23vc4eks93544wla86shxq8yl99m,0,12,anetabtc.io,0,2,340000000,6e56f943a7bf27868b7f35ea35e26a8b315cda058d2b577fa7d42e60,False,False,10833359019,0.99,False,Djed Alliance | Stablecoins,199658282,100000000,7294848135,1597932716,,32473219,0.0001,0,0,0,0,0,0.0001,0,0.0001,DJED1,20,True
12626659269,pool1kkwd6say8twq3z9e36v57adw02j2x52ascd6eumxy5zd66qm4fa,0,73,nodeasy.com,0,24,340000000,b59cdd43a43adc0888b98e994f75ae7aa4a3515d861bacf3662504dd,False,False,12626659269,0.03,False,Nodeasy,15723170,10000000,59797092965,1597919466,,1130912189415,0.0475,0,0,0,0,0,0,0,0,NDE,1328,True
21132557577094,pool1fm57fshvdlrgs5pnpk78tnxha0me28equyy96vj0xm85gy5chv0,5,336,,,2287,340000000,4ee9e4c2ec6fc68850330dbc75ccd7ebf7951f20e1085d324f36cf44,False,False,21116124855167,0.009,False,banderini,411541687725,400000000000,134936717326,1597913791,,4058096260561,0.0353,0,0.0210,0.0218,0.0102,0.0164,0.0222,0.0188,0.0249,BANDA,7785,True
2921670977542,pool1twd9vvegn3fqq0f4n08p3aml2ud8q87njs49900rycj4sr5hhcy,0,330,,,268,340000000,5b9a5633289c52003d359bce18f77f571a701fd3942a52bde3262558,False,False,2917807039243,0.01,False,ADA Ocean Australia,71280574437,60000000000,119416541708,1597869691,,744507750576,0.0329,0,0.0134,0.0140,0,0.0001,0.0131,0.0044,0.0138,AOAUS,1368,True
12688251771,pool1ztpwatlnzskuruwe7hxwvu6xjsv6l24835pyvpx7lslccy3xx9a,0,0,,,4,340000000,12c2eeaff3142dc1f1d9f5cce673469419afaaa78d024604defc3f8c,False,False,12688251771,0,False,Stakepool Cardano,11286634,10000000,0,1597856341,,0,0,0,0,0,0,0,0,0,0,POOL1,0,True
3358991658414,pool15wj590e6gsmpmttrxjd0emck09a0h9tazd2ww77q6duyvg8lyum,0,322,huskypool.com,0,1065,340000000,a3a542bf3a44361dad63349afcef16797afb957d1354e77bc0d37846,False,False,3161944393097,0.03,False,Husky pool,34302730312,10000000000,163924235482,1597844741,,1728167371215,0.0409,0,0.0121,0.0177,0.0074,0.0148,0.0172,0.0184,0.0198,HUSKY,3028,True
88024347734,pool1rj8zkzk3dm0lmnjtafczqfp8sshmang8gg85eypjeh2e6cve0vl,0,168,,,38,340000000,1c8e2b0ad16edffdce4bea70202427842fbecd07420f4c9032cdd59d,False,False,93343405687,0.1,False,Staked,81269169357,0,355798445487,1597840291,,2696375491375,0.0397,0,0,0,0,0,0,0,0,STKD,4128,True
160730261,pool144cfav5vd6vwaej6cspzea3pjfvdcjg86uzv9phxegz87ynw2zz,0,1,,,6,340000000,ad709eb28c6e98eee65ac4022cf6219258dc4907d704c286e6ca047f,False,False,160730261,0.03,False,clrPool,0,114509625174,405552308,1597779379,,1245493868,0.0082,0,0,0,0,0,0,0,0,CLRPL,1,True
1147293628786,pool170028ak8q37qf4e5lf7z8eyuscgcrqgzn9lh58a4g9ngzd83a0h,0,246,,,68,340000000,f3dea3f6c7047c04d734fa7c23e49c8611818102997f7a1fb5416681,False,False,1146889118155,0.0325,True,AquaPoolADA,1006018463287,1000000000000,93935393204,1597775491,,329744980244,0.0358,0,0.0043,0.0042,0.0111,0.0076,0.0074,0.0041,0.0104,AQUA,670,True
764992206346,pool1n5shd9xdt4s2gm27fxcnuejaqhhmpepn6chw2c82kqnuzdtpsem,0,192,,,112,340000000,9d217694cd5d60a46d5e49b13e665d05efb0e433d62ee560eab027c1,False,False,765617194790,0,False,ZOEPOOL,10003852578,5000000000,67978593794,1597771091,,196619465535,0.0297,0,0.0029,0.0041,0,0,0.0073,0.0059,0.0121,ZOE,408,True
649855954834,pool1jqw9cv37w0eewvdr36w2kacd2w9wh5uwm2y3vmc0fmdfc0ax26l,0,217,,,304,170000000,901c5c323e73f39731a38e9cab770d538aebd38eda89166f0f4eda9c,False,False,644905779213,0.02,False,Felix Pham,81388000000,80000000000,72191737783,1597766379,,373112222054,0.0381,0,0.0114,0.0088,0,0.0066,0.0099,0.0066,0.0148,LIX,625,True
497625350,pool18e48wynvkevefs0c5yuh705u6tpy0m4xflg506kp0r6vga9gkmr,0,0,yoda.team,0,1,345000000,3e6a77126cb65994c1f8a1397f3e9cd2c247eea64fd147eac178f4c4,False,False,497625350,0.05,False,Yoda,497625350,4000000000,0,1597748357,,0,0,0,0,0,0,0,0,0,0,YODA,0,True
2689502728,pool167n02n48l5hfgfu6e46xq8n3yefccm9dcnmefkmxuymhc8ncrjm,0,2,,,2,340000000,d7a6f54ea7fd2e94279acd74601e7126538c6cadc4f794db66e1377c,False,False,2689502728,0,False,StakeOps,2656310120,0,693110356,1597719268,,2053553591,0.0307,0,0,0,0,0,0,0,0,OPS,2,True
532618310,pool19u2lzwnmkz3gqqmx9sahhys8nqvwzkl8dqu7m474m0zsj3acjfj,0,0,,,1,340000000,2f15f13a7bb0a28003662c3b7b92079818e15be76839edd7d5dbc509,False,False,532618310,0,False,,532618310,510000000,0,1597711268,,0,0,0,0,0,0,0,0,0,0,,0,True
3864412230,pool175gxtzacpcm90adjpvlhjmfpj4ft2a3zuqsgm558hf3q7ra2vf9,0,16,,,8,340000000,f510658bb80e3657f5b20b3f796d219552b57622e0208dd287ba620f,False,False,3864412230,0.01,False,cardistack,2978406261,10000000,5572847943,1597688246,,13151947199,0.0231,0,0.0066,0.0065,0,0,0.0065,0,0.0102,CSK,35,True
502591174651,pool1dcjycc5mvj9svh9ys482078mnqutu48k3zj7uqzswj7m54a7hzr,0,150,,,74,340000000,6e244c629b648b065ca4854ea7f8fb9838be54f688a5ee005074bdba,False,False,502591174651,0,False,JustStaking.com,30253928459,25000000000,51793143369,1597674891,,117030808549,0.0246,0,0.0003,0.0002,0,0,0.0049,0,0.0066,JUST,308,True
300822669,pool1zx293a3jpjh9sln53uhlc34ccnppl6sze22rrcmt04enzapl935,0,0,bestpoolever.com,1,1,345000000,119458f6320cae587e748f2ffc46b8c4c21fea02ca9431e36b7d7331,False,False,300822669,0.005,False,Best,300822669,100000000,0,1597662068,,0,0,0,0,0,0,0,0,0,0,BEST,0,True
33420777049583,pool1e98xlcgj80c3rdmm27v5hnvrdtut52e65uk0ema7ctfag596vr2,8,296,,,154,340000000,c94e6fe1123bf111b77b57994bcd836af8ba2b3aa72cfcefbec2d3d4,False,False,33431948472380,0.01,False,Centre for Open Systems Deployment,301198338040,300000000000,134150770978,1597611913,,2595000214173,0.0322,0,0.0235,0.0236,0.0130,0.0179,0.0242,0.0206,0.0253,COSD,5546,True
511186455,pool1wydmv34dnmz4ek9s3p9jwaslwuutfyt8wlxt0mkunjkcufznl97,0,1,,,2,345000000,711bb646ad9ec55cd8b0884b27761f7738b4916777ccb7eedc9cad8e,False,False,511186455,0.01,False,Jupiter Pool,0,100000000000,363922364,1597610491,,927195880,0.0156,0,0,0,0,0,0,0,0,JUP,1,True
1688197,pool1r6lp6uumua0kvs069y0k5kh3t7acvv4pz9pfw3zs6rmmcs52z4z,0,0,,,5,345000000,1ebe1d739be75f6641fa291f6a5af15fbb8632a11142974450d0f7bc,False,False,1688197,0.0007,False,Ada's Dream,1688197,10000000000,0,1597585379,,0,0,0,0,0,0,0,0,0,0,DREAM,0,True
14465386041511,pool1du3r4a7xq60hg2x0wcz7lw5ya3qs74rk258c8kanp93rsqdqu45,6,268,,,2735,340000000,6f223af7c6069f7428cf7605efba84ec410f5476550f83dbb3096238,False,False,14916905889838,0,False,Allnodes,208874991647,100000000000,90440000000,1597507268,,634120452181,0.0269,0,0.0255,0.0267,0.0156,0.0189,0.0252,0.0216,0.0236,ALND,1624,True
6245636028431,pool1lqpymyzg9glc88r7urptuv0d8t2tu9ty7xtshvxmgpu0j4lp8p3,3,357,vincepool.com,0,2080,170000000,f8024d90482a3f839c7ee0c2be31ed3ad4be1564f1970bb0db4078f9,False,False,6232083975757,0.01,False,VINCE pool,355805553462,250000000000,136286665724,1597430668,,3494570413144,0.0425,0,0.0218,0.0211,0.0071,0.0150,0.0225,0.0195,0.0239,VINCE,5200,True
1258114901923,pool1l8myd66tqjk75kh7uk9k8nyl20sd4qs33s4tzzn927ujyl7ahyk,1,274,,,109,170000000,f9f646eb4b04adea5afee58b63cc9f53e0da82118c2ab10a6557b922,False,False,1259816922714,0.03,False,Kurdopia Pool,443657129280,350000000000,98863898214,1597404424,,266128307231,0.0304,0,0.0099,0.0134,0.0051,0.0068,0.0098,0.0083,0.0131,KURD,574,True
7620000,pool1axgtae69sdv7tnqru3enjdln0hff9k7n8awlh9xxzq92cdgmq53,0,0,,,1,500000000,e990bee7458359e5cc03e4733937f37dd292dbd33f5dfb94c6100aac,False,False,7620000,1,False,SlotPool,7620000,0,0,1597392002,,0,0,0,0,0,0,0,0,0,0,SLOT,0,True
422702839,pool1eqc4jwuez8yyerwlyjwenh99dlvmn6t6n3qjym70ulf5u8xr6lq,0,1,,,4,340000000,c831593b9911c84c8ddf249d99dca56fd9b9e97a9c41226fcfe7d34e,False,False,422702839,0,False,Lovelace' VOLVO,5577986,100000000,343779896,1597363646,,752199408,0.0062,0,0,0,0,0,0,0,0,VOLVO,1,True
59143656770,pool1p8gda4td9882kcllejstrzfh84n8cxts0j67dyuuamzdg85cf3a,0,0,,,8,340000000,09d0ded56d29ceab63ffcca0b189373d667c19707cb5e6939ceec4d4,False,False,59143656770,0.01,False,All Cardano,0,10000000000,0,1597348171,,0,0,0,0,0,0,0,0,0,0,ALL1,0,True
3181683861856,pool10ljdn3zwsh7vjkxf6t250423l5qy487x83st7m8a53jxznrkw5g,0,165,poolpros.tech,1,66,340000000,7fe4d9c44e85fcc958c9d2d547d551fd004a9fc63c60bf6cfda46461,False,False,3181683861856,0.005,False,FORTUNE Pool,685021087339,1200000000000,58342218259,1597346771,,454119247935,0.0240,0,0,0,0,0,0,0,0,FORT,722,True
1745544986372,pool17ynruzy9lvq0x55ks22vtf4lrrdrw2ucydh4tfzhg9kkyeaw8nf,2,313,,,771,340000000,f1263e0885fb00f352968294c5a6bf18da372b98236f55a457416d62,False,False,1742694015214,0,True,AdaStarNode,30008708921,30000000000,110631017290,1597343211,,407817067658,0.0316,0,0.0053,0.0046,0.0002,0.0003,0.0083,0.0003,0.0142,ASN,849,True
497625262,pool1wn7g7fs8nhqnkkzcafzucl6x6spa6rj980kkkg0rcnyajg62lur,0,0,Brosmetheus,1,1,345000000,74fc8f26079dc13b5858ea45cc7f46d403dd0e453bed6b21e3c4c9d9,False,False,497625262,0.05,False,BROSMETHEUS,497625262,100000000,0,1597340791,,0,0,0,0,0,0,0,0,0,0,AHOYZ,0,True
204042490405,pool1re8cmjt895tpx8dx2veg0cew5yqtxnt82sll03e433a4ugnh9w7,0,164,,,106,345000000,1e4f8dc9672d16131da6533287e32ea100b34d67543ff7c7358c7b5e,False,False,199000509501,0.02,False,RISE,31471890823,30000000000,68423783899,1597338111,,578634166707,0.0438,0,0,0,0,0,0.0004,0,0.0039,RISE,923,True
0,pool1t0yyw270lyj70x2fdgxsl7re3rlc8q23fvy3gfpggulc5g6xe95,0,0,ada.asic.network,2,0,345000000,5bc8472bcff925e799496a0d0ff87988ff8381514b09142428473f8a,False,False,0,0.003,False,ASICX ADA Pool,0,10000000000,0,1597311931,,0,0,0,0,0,0,0,0,0,0,ASICX,0,True
998000000,pool1hdglvd3xn5m0glqx3l8cy73ajdlxzn7ztlvzwuythj95kwnmvwe,0,16,,,8,345000000,bb51f636269d36f47c068fcf827a3d937e614fc25fd827708bbc8b4b,False,False,998000000,0.0777,False,ϕ Phi ∞ Potential ϕ,0,1618033988749,9382025380,1597305991,,45842291067,0.0152,0,0,0,0,0,0,0,0,PHI,37,True
605698316299,pool1uqrecfnsa6pqd2tz60r0lcj4kunhc4rrw8lldrpdvfx9qfjd6n0,0,193,,,86,170000000,e0079c2670ee8206a962d3c6ffe255b7277c546371fff68c2d624c50,False,False,770416036807,0,False,Amsterdam Node,23570721510,20000000000,61239258694,1597294171,,129972954598,0.0249,0,0.0256,0.0183,0,0.0085,0.0147,0.0211,0.0188,AMS,357,True
3403693296779,pool19ht066hngsjfnv3mfsc8u9fgzl4w5qcrmh8l6zppwph6s2t7jn4,1,353,,,139,170000000,2dd6fd6af3442499b23b4c307e152817eaea0303ddcffd0821706fa8,False,False,3404313707768,0.02,False,4GOOD Stake Pool,1012434408730,1000000000000,117762395055,1597290591,,716555701798,0.0336,0,0.0162,0.0197,0.0118,0.0135,0.0235,0.0140,0.0227,4GOOD,1462,True
698292896,pool1frxut5ury0r2clgpvr0dewlsvc233ft7g6v7vx8msepy5068evn,0,0,poolpros.tech,0,1,350000000,48cdc5d38323c6ac7d0160dedcbbf0661518a57e4699e618fb86424a,False,False,698292896,0.01,False,PoolPros,698292896,500000000,0,1597265831,,0,0,0,0,0,0,0,0,0,0,PPRO,0,True
51767122214098,pool1pp7tn2w6ken4rpfcjwcdup3g4m5gcdhc9lgvrm3mnxz5stmrhq2,15,357,,,2456,340000000,087cb9a9dab66751853893b0de0628aee88c36f82fd0c1ee3b998548,False,False,51927043122669,0.0399,False,Crowdano Stakepool,103024399144,100000000000,356563127604,1597258491,,5860784526170,0.0346,0,0.0209,0.0227,0.0100,0.0155,0.0237,0.0201,0.0234,CROW,10707,True
206894887704,pool16cy45uggzv3ah3s5m960v9vuxlx47sfnezpszuhcwl99z7nq8kq,0,67,,,300,170000000,d6095a71081323dbc614d974f6159c37cd5f4133c8830172f877ca51,False,False,207661646336,0,False,Nixe Stake Pool,31685329509,30000000000,19271804640,1597253451,,23762467197,0.0175,0,0.0107,0.0071,0,0,0.0070,0.0105,0.0108,NIXE,102,True
3020561556928,pool1q7wrwstqkzhrffdzpw8ftfd4epmxywdjnp8384atjcnezchv242,0,315,,,314,170000000,079c374160b0ae34a5a20b8e95a5b5c8766239b2984f13d7ab962791,False,False,3024153077238,0.01,False,Spectrum Pool,5246574864,314000000,109102100915,1597248391,,1458882504225,0.0373,0,0.0261,0.0259,0.0318,0.0311,0.0237,0.0255,0.0244,SPEC,2699,True
4664004,pool1gglca5t7h2tky6jrhp08sxsf3mecvh0xk6sc4v3mcpfzc8jwu2w,0,1,,,5,340000000,423f8ed17eba97626a43b85e781a098ef3865de6b6a18ab23bc0522c,False,False,4664004,0.009,False,HolyTransaction Pool,0,10000000000,351522022,1597236931,,1268702672,0.0146,0,0,0,0,0,0,0,0,HOLY,1,True
48771670741543,pool1fpu5xurq3jx5rn626ejcx0dzzzk5lmtvdl2qkj9l4kw2sjp50dz,13,344,moonstake.io,2,235,340000000,48794370608c8d41cf4ad665833da210ad4fed6c6fd40b48bfad9ca8,False,False,48795063164703,0.025,False,Moonstake 6,100742695029,100000000000,341297732026,1597229111,,8781091868817,0.0356,0,0.0221,0.0232,0.0139,0.0184,0.0247,0.0211,0.0261,MS6,16111,True
62028956336447,pool1vkc0dvuf8rxrch87umfayacgglrh8f88ef0f64xrdue5u2xjwfm,16,308,infstones.com,0,590,345000000,65b0f6b38938cc3c5cfee6d3d2770847c773a4e7ca5e9d54c36f334e,False,False,62173193451574,0.1,False,InfStones,0,0,296004539064,1597220391,,1721902051811,0.0276,0,0.0207,0.0218,0.0110,0.0150,0.0226,0.0185,0.0229,IFS1,4120,True
30606152627525,pool19lz8nyz0jjpdrdtnjaar4untk4th23gpg5s7aegn7480zff4vgq,6,347,moonstake.io,1,888,340000000,2fc479904f9482d1b573977a3af26bb5577545014521eee513f54ef1,False,False,30615549218378,0.025,False,Moonstake 5,100664631610,100000000000,350407816394,1597217351,,9100217745778,0.0362,0,0.0208,0.0225,0.0074,0.0159,0.0241,0.0194,0.0253,MS5,16354,True
56381043103667,pool1wpmjtfqcwvtcs9znpuulk99yk2zz6pfh0c4k9f2xlcspgqjndk2,18,352,moonstake.io,0,299,340000000,707725a41873178814530f39fb14a4b2842d05377e2b62a546fe2014,False,False,56396537109435,0.025,False,Moonstake 4,100811035126,100000000000,352946226065,1597212331,,9135321814276,0.0363,0,0.0219,0.0233,0.0115,0.0167,0.0240,0.0210,0.0246,MS4,16007,True
6878454118,pool168235cjpsrvwnvddmhc7dmtcqr7c40j2mlrph3qvuxk3jqls0wy,0,4,,,5,340000000,d1d51a624180d8e9b1adddf1e6ed7800fd8abe4adfc61bc40ce1ad19,False,False,6878454118,0.01,False,Omega Ada Stakepool,0,625000000000,1407055540,1597197511,,4658498645,0.0167,0,0,0,0,0,0,0,0,OMEGA,6,True
238483208522,pool1ddghnthymd3duklvx5pfunymqg29xe4vlmy89u2efyjdktn33kz,0,100,,,31,340000000,6b5179aee4db62de5bec35029e4c9b02145366acfec872f1594924db,False,False,200471825479,0.01,False,Ada Booster,85325473356,61000000000,37990673943,1597189611,,260336617769,0.0391,0,0.0007,0.0007,0,0.0010,0.0008,0.0005,0.0007,BOOST,429,True
0,pool15723rmfj9yw88yj3vjhh4f82xlwkqrwthmgw79zt6v7ukx3zv2y,0,0,pest39.github.io,1,0,345000000,a79511ed32291c73925164af7aa4ea37dd600dcbbed0ef144bd33dcb,False,False,0,0.05,False,ZLZ Stake Pool,0,100000000,0,1597159051,,0,0,0,0,0,0,0,0,0,0,ZLZ,0,True
0,pool19upjnw6s32kyfrv863nxu08yw6fyvjz7j3p4c3zl95arytp068x,0,0,,,1,340000000,2f0329bb508aac448d87d4666e3ce4769246485e94435c445f2d3a32,False,False,0,0.01,False,HZVCardano,0,30000000000,0,1597148631,,0,0,0,0,0,0,0,0,0,0,HZV,0,True
14690290812917,pool1x0qm7xsyh2za3ltprxsgael544je4hg8tc3q3v5gv232z8jt4wp,0,360,p2p.org,0,3927,340000000,33c1bf1a04ba85d8fd6119a08ee7f4ad659add075e2208b28862a2a1,False,False,14460391185768,0.035,False,P2P & CEX,13297552053,1000000000,181091310672,1597138071,,9069796977266,0.0397,0,0.0211,0.0211,0.0123,0.0159,0.0230,0.0194,0.0260,PPCX1,14586,True
4114733371115,pool15m78a3nfcepn8ekyzx6sa8yexg7cqseer2ktu26f7l9jjq0e502,0,352,,,12,340000000,a6fc7ec669c64333e6c411b50e9c99323d8043391aacbe2b49f7cb29,False,False,4115779459019,0.05,False,NOBI,2331244681,3000000,288388689235,1597128591,,3377164821289,0.0338,0,0.0147,0.0163,0.0090,0.0100,0.0179,0.0130,0.0204,NOBI,5908,True
30648988302,pool19r33az023gn3n8p2x35hq00j2dxc8vwln0nanpcfuvc8759cvkz,0,53,,,11,340000000,28e31e89ea8a27199c2a3469703df2534d83b1df9be7d98709e3307f,False,False,30648988302,0.0499,False,Crypto Stakehouse - BULL,25084580674,25000000000,25569225817,1597126771,,150211492447,0.0414,0,0,0,0,0,0,0,0,BULL,171,True
2534400511,pool1gjmerqh4wxl553enqeqgc6m3r3gt6yspdg29jy6nuypa6k2tpdt,0,75,neoply.io,0,26,340000000,44b79182f571bf4a473306408c6b711c50bd12016a14591353e103dd,False,False,2534400511,0.13,False,NEOPLY,0,0,653877429278,1597120631,,4205280234505,0.0461,0,0,0,0,0,0,0,0,NPY,4706,True
75496981994966,pool16agnvfan65ypnswgg6rml52lqtcqe5guxltexkn82sqgj2crqtx,17,353,,,9348,340000000,d7513627b3d50819c1c84687bfd15f02f00cd11c37d7935a67540089,False,False,75599573833649,0.01,True,Spire Staking | 🏆 Top 10 Operator,1508675722801,1500000000000,192684752311,1597119791,,10837242728542,0.0363,0,0.0222,0.0229,0.0114,0.0159,0.0249,0.0208,0.0262,SPIRE,20584,True
1056985835959,pool1calq8kjzrvp83l80rtvgmulausl99q4tjfkz2lp227vkymd5wgg,0,251,,,601,170000000,c77e03da421b0278fcef1ad88df3fde43e5282ab926c257c2a579962,False,False,1056985835959,0.02,False,Odin's Pool,206695483978,180000000000,80865044182,1597106051,,475630553520,0.0379,0,0.0103,0.0118,0,0.0041,0.0165,0.0078,0.0195,ODIN,845,True
466984959,pool1ng0wg25mkdkcmryzh5dcw70p0462z7svegxr9c7d2k5cqf9tt2k,0,16,,,2,340000000,9a1ee42a9bb36d8d8c82bd1b8779e17d74a17a0cca0c32e3cd55a980,False,False,466984959,0,False,Pizza Global Pool,0,54000000000,5686400719,1597094411,,14589106508,0.0316,0,0,0,0,0,0,0,0,PIZZA,19,True
942823411,pool15730lwmu7vrffkl40wtjrnctsfd840fl5jmuw230r0d65a74k5e,0,0,ada.asic.network,1,2,345000000,a7a2ffbb7cf30694dbf57b9721cf0b825a7abd3fa4b7c72a2f1bdbaa,False,False,942823411,0.005,False,ASIC Pool,942823411,200000000,0,1597073751,,0,0,0,0,0,0,0,0,0,0,ASIC,0,True
4072302660,pool1jk9na2mu29wwap6pprs0c98j3rvh4jva95f5m3hxnwq86tk9c0l,0,1,fujistakepool.com,1,5,340000000,958b3eab7c515cee874108e0fc14f288d97ac99d2d134dc6e69b807d,False,False,4072302660,0.01,False,富士山 Pool,2706222775,1000000000,342562076,1597071551,,253645593,0.0118,0,0,0,0,0,0,0,0,富士山,1,True
14338918346,pool1kzf7zw2y05e7lyd7ht0nluh39fzmurm2wuvshvut6l6twu0el44,0,8,cardanokitty.com,1,7,340000000,b093e139447d33ef91bebadf3ff2f12a45be0f6a77190bb38bd7f4b7,False,False,14338918346,0.01,False,キティ,5824559377,4000000000,2786635575,1597067791,,6596922291,0.0389,0,0,0,0,0,0,0,0,キティ,12,True
5424376212,pool15amxxauxh409wcuc87e0tusfzuka0wfvxhxmpt6vugqgsw6j4d6,0,0,cardanokitty.com,0,6,340000000,a776637786bd5e5763983fb2f5f209172dd7b92c35cdb0af4ce20088,False,False,5424376212,0.01,False,キティ,1200427817,1000000000,0,1597066371,,0,0,0,0,0,0,0,0,0,0,KITTY,0,True
7785248453,pool1el6ze57482qzf830l6h2y9uj0l9fr5g7xzur89d4d806y896vgf,0,65,,,22,340000000,cff42cd3d53a80249e2ffeaea217927fca91d11e30b83395b569dfa2,False,False,7785248453,0.05,False,,0,280000000000,22899920004,1597042751,,59303609986,0.0320,0,0,0,0,0,0,0,0,,110,True
1257751563591,pool1s2rj8t2a5tfv0rpsfak77g03h96uv3rqxp62t6jm3dh45g2e2pj,0,253,,,269,340000000,828723ad5da2d2c78c304f6def21f1b975c644603074a5ea5b8b6f5a,False,False,1256856769435,0,False,Cardan.io,260112305490,238000000000,86020000000,1597040131,,632876561908,0.0395,0,0.0089,0.0062,0.0105,0.0210,0.0065,0.0105,0.0066,CRD,1021,True
8107911895,pool1kxfg47ms0mlszthp5j8uqpmqp6575j0nfusqne5sd7ggy3ntlsz,0,1,,,6,340000000,b1928afb707eff012ee1a48fc007600ea9ea49f34f2009e6906f9082,False,False,8107911895,0.01,False,カルダノウェーブプール,2465370514,2000000000,340827171,1597021011,,81890002,0.0029,0,0,0,0,0,0,0,0,WAVE,1,True
16071383300670,pool1grgycym8cf0xmgjjr7gx7udmkpu93hqaygysy5myx6ghx8dvl5r,2,346,,,4213,340000000,40d04c1367c25e6da2521f906f71bbb07858dc1d2209025364369173,False,False,16051763492875,0.03,False,THOR - The Viking Pool,101009608204,100000000000,233197562291,1597016511,,3830722273623,0.0378,0,0.0206,0.0213,0.0074,0.0169,0.0236,0.0199,0.0255,THOR,7292,True
51498021487,pool1p8a3jea0k5w749jf0jtr7qeer8xth9r0zr8ktmp75heqx0ewyz7,0,0,,,1,345000000,09fb1967afb51dea96497c963f033919ccbb946f10cf65ec3ea5f203,False,False,51498021487,0.0195,False,,51498021487,50000000000,0,1597012611,,0,0,0,0,0,0,0,0,0,0,,0,True
532388754671,pool1t50sl2erwfaey5du4e7gnp52fylplh5q4j24zkkxk9t5vsxfcvm,0,125,,,12,340000000,5d1f0fab23727b9251bcae7c89868a493e1fde80ac95515ac6b15746,False,False,532388754671,0,False,Money Pool UK,3746230814,0,42500000000,1597010471,,52616636203,0.0209,0,0.0004,0.0007,0,0,0.0022,0,0.0032,MONEY,157,True
2062719440,pool1hg8vu74hyaj5qm66ys83c0gmr44j66g2k8s9sns4htw27whsqwf,0,1,fujistakepool.com,0,3,340000000,ba0ece7ab72765406f5a240f1c3d1b1d6b2d690ab1e0584e15badcaf,False,False,2062719440,0.01,False,富士山 Pool,1614064977,1000000000,348366673,1597008651,,828300671,0.0137,0,0,0,0,0,0,0,0,FUJI,1,True
0,pool1gpc08dtula7mpdzy3rnf9zfw8tp2n6c03ukj2kf5shqzca5ulw2,0,0,,,1,340000000,4070f3b57cff7db0b44488e692892e3ac2a9eb0f8f2d25593485c02c,False,False,0,0.025,False,,0,250000000000,0,1597005431,,0,0,0,0,0,0,0,0,0,0,,0,True
2761946533,pool13ucz6778ywff5pmcag4pcknq9gm6j04qtgh65cu9c5mt73t5ulv,0,37,,,7,340000000,8f302d7bc723929a0778ea2a1c5a602a37a93ea05a2faa6385c536bf,False,False,2761946533,0.02,False,Global-Harmony Pool,0,50116000000,15940848252,1597005151,,164569967471,0.0418,0,0,0,0,0,0,0,0,GLOBE,262,True
0,pool1guzmpktw0h98ezwgekzcvw2wgmf58a3egcjaecx2yv8esrtv8tw,0,0,,,1,340000000,4705b0d96e7dca7c89c8cd8586394e46d343f6394625dce0ca230f98,False,False,0,0.02,False,,0,10000000000,0,1596993111,,0,0,0,0,0,0,0,0,0,0,,0,True
0,pool17yyawjkmefppu64v0xxqxecaa77ddgsdgxgmm06jdyxeslruzyc,0,0,bestpoolever.com,0,0,345000000,f109d74adbca421e6aac798c03671defbcd6a20d4191bdbf52690d98,False,False,0,0.15,False,Best,0,100000000,0,1596975431,,0,0,0,0,0,0,0,0,0,0,BEST,0,True
25198302203873,pool1cn0dqtplwf67fds40hgkf0u5rm4q4azev5qutmgkw5hdyvue2ue,8,356,nedscave.io,1,1224,170000000,c4ded02c3f7275e4b6157dd164bf941eea0af4596501c5ed16752ed2,False,False,25203168913514,0.015,True,NEDSCAVE.IO,1010471068033,1000000000000,178387368522,1596965831,,5068660482453,0.0362,0,0.0225,0.0234,0.0124,0.0169,0.0230,0.0217,0.0255,NEDS2,9586,True
44364149757250,pool1qfxukshs4fkcrflzdnxa2fdza5lfvew3y6echg8ckaa4q8m5hyf,12,362,nedscave.io,0,4918,170000000,024dcb42f0aa6d81a7e26ccdd525a2ed3e9665d126b38ba0f8b77b50,False,False,44330085145142,0.015,True,NEDSCAVE.IO,1008161508950,1000000000000,242039526072,1596964891,,8949196960711,0.0369,0,0.0239,0.0245,0.0102,0.0170,0.0251,0.0203,0.0256,NEDS1,16269,True
97584353535,pool15wk0wjrau5pv6rp6w34g3mjxqejkfj3yak0xa9m63upcxx63myh,0,40,,,9,345000000,a3acf7487de502cd0c3a746a88ee46066564ca24ed9e6e977a8f0383,False,False,90083990897,0.05,False,MCA,13768478915,1000000000,11961441379,1596939611,,10952386530,0.0077,0,0,0,0,0,0,0,0,MCA,43,True
0,pool12cc8t9yr58xureweksj73v87xkm6svcs8j3xnt93zd5zw5q6ugr,0,3,,,2,340000000,5630759483a1cdc1e5d9b425e8b0fe35b7a833103ca269acb1136827,False,False,0,0,False,Cardano Robot Stake Pool,0,900000000000,1020000000,1596932971,,8490803591,0.0202,0,0,0,0,0,0,0,0,CBOT,5,True
0,pool12v7aukl49ehf9ysagq960ek26jeywnq3yzv5hgl4ecvhvyax5p6,0,1,cardanostaking.live,1,2,340000000,533dde5bf52e6e92921d400ba7e6cad4b2474c1120994ba3f5ce1976,False,False,0,0,False,Winner,0,35000000000,340000000,1596921411,,340701470,0.0035,0,0,0,0,0,0,0,0,WIN,1,True
59742229,pool1hjlkmtquuanfvvumfwsu395gdrmt36kda0x6wwwpz4kqctg5lyy,0,1,cardanostaking.live,0,2,340000000,bcbf6dac1ce76696339b4ba1c8968868f6b8eacdebcda739c1156c0c,False,False,59742229,0,False,Star Pool,0,35000000000,340000000,1596921411,,1724684124,0.0269,0,0,0,0,0,0,0,0,STARS,1,True
0,pool1jssdknzgsg4fm3v70uvhrtfjtakwpr5q6x0dwc0fcff8wtd05f6,0,0,,,1,340000000,9420db4c48822a9dc59e7f1971ad325f6ce08e80d19ed761e9c25277,False,False,0,0.01,False,ASAP Pool,0,14500000000,0,1596921151,,0,0,0,0,0,0,0,0,0,0,ASAP,0,True
6570051739,pool102s2nqtea2hf5q0s4amj0evysmfnhrn4apyyhd4azcmsclzm96m,0,0,,,4,340000000,7aa0a98179eaae9a01f0af7727e58486d33b8e75e8484bb6bd16370c,False,False,6570051739,0.005,False,YuliPool,1497271996,1000000,0,1596918331,,0,0,0,0,0,0,0,0,0,0,YULI,0,True
314039181606,pool1huyzkfxwnttj7r4530hv7gc5v6mzk75vuzysc75aemu85mae9vd,0,115,,,19,340000000,bf082b24ce9ad72f0eb48beecf231466b62b7a8ce0890c7a9dcef87a,False,False,314039181606,0.02,False,Toshz Stake Pool,118970174322,100000000000,43215890978,1596908151,,201222071808,0.0386,0,0.0015,0.0013,0,0,0.0039,0.0004,0.0037,TOSHZ,324,True
105303081,pool1xdwe294ntvnken52vsaar7edxpxeths4dvsm84pm4chyq70r0ny,0,183,staking-fm.site,8,7,340000000,335d9516b35b276cce8a643bd1fb2d304d95de156b21b3d43bae2e40,False,False,105303081,0.2,False,WILL Pool,0,50000000000,650648074495,1596904011,,2353652022471,0.0395,0,0,0,0,0,0,0,0,WILL,3293,True
116175215475,pool10jd7mphm0mmrnfvyytzs3tfrmjmtkvalfx8nql7tae06v0rkjk3,0,62,,,17,170000000,7c9bed86fb7ef639a58422c508ad23dcb6bb33bf498f307fcbee5fa6,False,False,116175215475,0,False,Dos Stake Pool,1692058832,1000000000,19040000000,1596875991,,47318159604,0.0306,0,0.0292,0.0262,0.0584,0.0386,0.0165,0.0387,0.0134,DOS,108,True
25771514833236,pool1lskcfz80qg2kr2p6776kl9emjn8ulkqsqse7um7skz4y2lwa0cu,6,332,,,2548,340000000,fc2d8488ef021561a83af7b56f973b94cfcfd8100433ee6fd0b0aa45,False,False,25714176070130,0,False,Cero Stake Pool,18317081657,10000000000,112200000000,1596875691,,6799712699108,0.0355,0,0.0211,0.0231,0.0113,0.0158,0.0248,0.0189,0.0270,CERO,13232,True
997620818,pool1mgpzhdjucv0hyyndzq08la7m5h645wmsat35gxy9fv6au9k7eg4,0,0,,,1,340000000,da022bb65cc31f72126d101e7ff7dba5f55a3b70eae34418854b35de,False,False,997620818,0.015,False,,997620818,500000000,0,1596871991,,0,0,0,0,0,0,0,0,0,0,,0,True
229633314976,pool1wxpzjtfr79pdfs6m6vg6xmcqjh79ff9d6sgzfdpvs2q26swahew,0,46,,,7,340000000,7182292d23f142d4c35bd311a36f0095fc54a4add41024b42c8280ad,False,False,229633314976,0.015,False,Dented Moon,137051779778,129990000000,17663385262,1596866771,,60132231195,0.0288,0,0.0008,0.0008,0.0016,0.0010,0.0012,0.0016,0.0021,DMOON,95,True
533955214298,pool1lzupr43772kfux007sdt02vlx7uzmfcplrwmxntdztxmwv9myrj,0,218,,,99,340000000,f8b811d63ef2ac9e19eff41ab7a99f37b82da701f8ddb34d6d12cdb7,False,False,531907626603,0.02,False,CRCI,136909713886,57000000000,77584183664,1596864191,,478543268120,0.0323,0,0.0046,0.0061,0.0244,0.0162,0.0075,0.0088,0.0092,CRCI,961,True
998257168,pool1zevtw8lsd6xh45v2mfw3ay5rqtgyt5dm77daglqwjnpgjgc0ynp,0,0,,,2,340000000,1658b71ff06e8d7ad18ada5d1e928302d045d1bbf79bd47c0e94c289,False,False,998257168,0,False,Cardanopolis,890431425,400000000,0,1596856811,,0,0,0,0,0,0,0,0,0,0,CDPS,0,True
2769582429509,pool1arsqn9w87wpqlm0sre66gs79dcs0jmwulytgke3vut7u62lttu7,1,329,,,468,170000000,e8e00995c7f3820fedf01e75a443c56e20f96ddcf9168b662ce2fdcd,False,False,2752560824997,0.018,True,Latino_Staking_Pool,55608175490,50000000000,102340576930,1596845871,,560911098150,0.0345,0,0.0150,0.0180,0.0022,0.0086,0.0199,0.0133,0.0204,LATIN,1099,True
110622006,pool1nq0jx33p0sfa2fux33yklkzssck4kfgaqlgnlc0a7a9ggqzhgnt,0,0,,,2,345000000,981f2346217c13d527868c496fd850862d5b251d07d13fe1fdf74a84,False,False,110622006,0.15,False,,100622006,100000000,0,1596830331,,0,0,0,0,0,0,0,0,0,0,,0,True
0,pool16zfptlhz8qd0zhufg5w09cp44rm50xt3mphwt28l4cxw55ewvh0,0,0,pest39.github.io,0,0,345000000,d09215fee2381af15f89451cf2e035a8f7479971d86ee5a8ffae0cea,False,False,0,0.15,False,ZLZ Stake Pool,0,100000000,0,1596827891,,0,0,0,0,0,0,0,0,0,0,ZLZ,0,True
1967312227,pool1ag6ae29hrcjhcjaqp56hwhwj9geszjerwqrkjz6xndmcq3u9k80,0,0,,,2,345000000,ea35dca8b71e257c4ba00d35775dd22a33014b237007690b469b7780,False,False,1967312227,0.045,False,Stake it![VIYA][INDIA],1949430457,1900000000,0,1596826971,,0,0,0,0,0,0,0,0,0,0,VIYA,0,True
1974691347041,pool1dqlgn7smehsnj5ztz8almy2036lfhrdjv79nmg9tmje0zzt620h,1,338,poapool.com,0,397,340000000,683e89fa1bcde139504b11fbfd914f8ebe9b8db2678b3da0abdcb2f1,False,False,1974340503053,0,False,Proof of Africa - Enabling Web3 in Africa,10015643313,10000000000,136934324206,1596807871,,791706960100,0.0385,0,0.0159,0.0153,0.0067,0.0089,0.0156,0.0068,0.0144,POA,1396,True
0,pool1ul0t4hjnnhz4wgaghaa7hur77l7gp0akagmjx40r0kn8ct00vl5,0,6,,,0,340000000,e7debade539dc55723a8bf7bebf07ef7fc80bfb6ea372355e37da67c,False,False,0,0.009,False,Thankyou Pool,0,10000000000,2115142441,1596800751,,4060987445,0.0246,0,0,0,0,0,0,0,0,THNKS,7,True
1337748829538,pool1s0kkragd8r2xyyms680l9eed443v3eufmarykpjfh2r6cpksm2j,0,279,,,14,340000000,83ed61f50d38d4621370d1dff2e72dad62c8e789df464b0649ba87ac,False,False,1338446354095,0.01,False,SABAI 😎 Relaxing Stakepool,59382149143,50000000000,100014855539,1596797931,,524163413051,0.0362,0,0.0148,0.0155,0.0194,0.0131,0.0136,0.0099,0.0120,SABAI,838,True
0,pool1wunach3tra8tmaqgft9ryg6ndxt4y83z2vuzmaztwzdr5x7ylh5,0,0,,,1,345000000,7727dc5e2b1f4ebdf4084aca3223536997521e2253382df44b709a3a,False,False,0,0.03,False,,0,100000000,0,1596796431,,0,0,0,0,0,0,0,0,0,0,,0,True
0,pool1mtmjss36km0v4qzn4eqvv440ed9flwqtkp4g8lp0ueu8zy6hvpl,0,0,ada.asic.network,0,0,345000000,daf728423ab6deca8053ae40c656afcb4a9fb80bb06a83fc2fe67871,False,False,0,0.005,False,ASIC Pool,0,500000000,0,1596785391,,0,0,0,0,0,0,0,0,0,0,ASIC,0,True
2790810826742,pool1egunxfppwtglyu3t864uq76y0zu05s7pjda3e9g95nwlwc5ye2h,0,290,,,125,170000000,ca3933242172d1f2722b3eabc07b4478b8fa43c1937b1c9505a4ddf7,False,False,2789659027388,0.009,False,Aus Staker,663094761177,650000000000,81950264021,1596781771,,443966885853,0.0325,0,0.0195,0.0186,0.0038,0.0085,0.0181,0.0182,0.0199,AUSST,924,True
0,pool1lr7pglmne4pgl4nynz398cuyjdfwhg0xxad83eqy2s6hv0cx3cc,0,0,,,1,340000000,f8fc147f73cd428fd66498a253e3849352eba1e6375a78e404543576,False,False,0,0.01,False,Easy Stake Pool,0,25000000000,0,1596779471,,0,0,0,0,0,0,0,0,0,0,EASY,0,True
628109252,pool14h7cjyklnrf2ylu6g2z89n5zckeyprw36lstw7lw5kvqwc4xw2d,0,29,,,7,340000000,adfd8912df98d2a27f9a428472ce82c5b2408dd1d7e0b77beea59807,False,True,628109252,0.019,False,HimalayADA StakePool,2669618,23000000000,10977758226,1596776651,,53671301365,0.0341,0,0,0,0,0,0,0,0,HIMAL,78,True
93505493,pool18nx24xhkcewezxvrjgdpt9pgt69pefr85m8qa8fdjd4m6p7egw9,0,0,cardanostakeada.com,1,1,340000000,3cccaa9af6c65d911983921a1594285e8a1ca467a6ce0e9d2d936bbd,False,False,93505493,0.01,False,AYE#1,93505493,50000000,0,1596774011,,0,0,0,0,0,0,0,0,0,0,AYE_1,0,True
799171969900,pool19ut4284xy9p82dd0cglzxweddfqw73yennkjk6mmp650chnr6lz,0,118,,,66,170000000,2f17551ea621427535afc23e233b2d6a40ef44999ced2b6b7b0ea8fc,False,False,799171969900,0.019,False,ELEMENTAL Stake Pool,136380163870,100000000000,36310726264,1596771291,,203695584547,0.0327,0,0.0156,0.0126,0,0.0054,0.0119,0.0195,0.0134,ELEMT,297,True
79065199,pool1qwn9l4vzm4rsrd5kexuafqlsgg4ap877vsunqpm4yq89crm4aqr,0,0,,,4,340000000,03a65fd582dd4701b696c9b9d483f0422bd09fde6439300775200e5c,False,False,79065199,0.03,False,Onomic,0,496030845332,0,1596762071,,0,0,0,0,0,0,0,0,0,0,NOMIC,0,True
160307102908,pool1wrjg8fts9cus0eq8jyf5wqsfe64e8tvrquxgff3tyze4qal4hwq,0,93,,,15,340000000,70e483a5702e3907e4079113470209ceab93ad83070c84a62b20b350,False,False,160307102908,0.018,False,TricahuePool,20767587238,1000000000,32868959325,1596757971,,68926657043,0.0273,0,0.0005,0.0003,0,0,0.0007,0,0.0014,TPOOL,154,True
2813672784714,pool1xwqye6mlftwjg706acz5fjqz7gmf4qdye99zsjl03a4ru68ghee,1,322,,,34,170000000,33804ceb7f4add2479faee0544c802f2369a81a4c94a284bef8f6a3e,False,False,2814332868399,0.02,True,AdaNet.io,709079381682,100000000000,104563060410,1596748071,,511804378469,0.0331,0,0.0147,0.0180,0.0157,0.0149,0.0195,0.0074,0.0223,ANET,1050,True
863826831791,pool17gvd032slmxg267lp8rwcykkfa52txm8ylefhmdsdkytzugrtaw,0,156,,,33,170000000,f218d7c550fecc856bdf09c6ec12d64f68a59b6727f29bedb06d88b1,False,False,851239213321,0.03,False,STacking_PiZza,30841982772,12000000000,45070085318,1596747571,,121252695770,0.0265,0,0.0061,0.0128,0.0101,0.0082,0.0187,0.0053,0.0179,STPZ1,308,True
2920621038,pool19042p8xye9udlgxgxn6n358hx0u0mjuegcwpxradk3vpkqgf54t,0,0,,,1,340000000,2beaa09cc4c978dfa0c834f538d0f733f8fdcb99461c130fadb4581b,False,False,2920621038,0.035,False,WITCHER,2920621038,100000000000,0,1596747151,,0,0,0,0,0,0,0,0,0,0,WTCHR,0,True
1712062018,pool1mfm9nf0fc2wknc94dxyedny3vxtmv4t05arq7czyxsmg7qcy76n,0,134,,,21,340000000,da7659a5e9c29d69e0b5698996cc916197b6556fa7460f604434368f,False,False,1712062018,0,False,BavarianStakePool,1000000,1000000,49147523216,1596743871,,179803221028,0.0382,0,0,0,0,0,0,0,0,BYADA,299,True
9825875,pool1yfxhjwwlzr5da82h77jy83nkuryh970ey6zypd89fy6qyuxfppe,0,0,,,2,340000000,224d7939df10e8de9d57f7a443c676e0c972f9f9268440b4e5493402,False,False,9825875,0.025,False,,9825875,1000000000000,0,1596737891,,0,0,0,0,0,0,0,0,0,0,,0,True
939083298,pool15xfeh7v3kr5j4unyeszxnfvy349d4h8s92h4xdwl2hct6n0wgah,0,0,,,1,340000000,a1939bf991b0e92af264cc0469a5848d4adadcf02aaf5335df55f0bd,False,False,939083298,0.02,False,,939083298,700000000,0,1596736291,,0,0,0,0,0,0,0,0,0,0,,0,True
103164846,pool1sk4s9cmjc9s5uw5zju76tnu3hjc7qj4geaeq7psy9yjay4a9nwd,0,0,,,2,340000000,85ab02e372c1614e3a82973da5cf91bcb1e04aa8cf720f06042925d2,False,False,103164846,0.01,False,QUBIT,2170794,25000000000,0,1596736131,,0,0,0,0,0,0,0,0,0,0,QUBIT,0,True
999825743,pool1jh4caf4afnjdgne8m95addh93e7zf6zlnx0pk5flcvylsps7nsp,0,0,,,1,340000000,95eb8ea6bd4ce4d44f27d969d6b6e58e7c24e85f999e1b513fc309f8,False,False,999825743,0,False,Lydia Pool,999825743,1000000,0,1596724151,,0,0,0,0,0,0,0,0,0,0,LYDIA,0,True
6246740453493,pool1pnzwgsgzd6t4788sfr7dxjyusepyq9xaxnpyfcngewqf29t9ayd,1,357,,,2636,340000000,0cc4e441026e975f1cf048fcd3489c86424014dd34c244e268cb8095,False,False,6234402856863,0.0095,False,Staking Rocks!,79424315735,15000000000,137526578902,1596710111,,1290880102168,0.0347,0,0.0221,0.0232,0.0102,0.0150,0.0234,0.0212,0.0254,PHRCK,2524,True
0,pool1dv4yvcrl2kefasd4qxf8pzu695npqqfdzvlyauh2xqfhgf6ng8d,0,0,,,2,340000000,6b2a46607f55b29ec1b50192708b9a2d2610012d133e4ef2ea301374,False,False,0,0.04,False,Creaky Ion,0,10000000000,0,1596706071,,0,0,0,0,0,0,0,0,0,0,ION,0,True
25300000,pool1nnfwte5lhr8rxjye4a8m8krt5fsu6fs2g39g6ccq09nqqf8sekw,0,0,infstones.io,1,6,340000000,9cd2e5e69fb8ce334899af4fb3d86ba261cd260a444a8d6300796600,False,False,25300000,0.04,False,Infstones,0,100000000,0,1596700251,,0,0,0,0,0,0,0,0,0,0,IFS2,0,True
1035207695707,pool1kkmk9dnzrrjtnsejttydecmq63x4dpkln70yfledaednj7mf7rk,0,189,,,55,170000000,b5b762b66218e4b9c3325ac8dce360d44d5686df9f9e44ff2dee5b39,False,True,1184621460439,0.0238,False,Luminapool,12958592228,10000000000,61707228904,1596688411,,144383636847,0.0304,0,0.0480,0.0323,0.0134,0.0396,0.0278,0.0388,0.0206,LUM,307,True
13344733623199,pool1xlphlhnjvfeh40vcqf9fdewztsj6kyxq6604kaccpv00umjfu0d,3,353,,,5328,340000000,37c37fde7262737abd98024a96e5c25c25ab10c0d69f5b77180b1efe,False,False,13323950939661,0.05,False,stakefish,527437043642,500000000000,236668558241,1596685391,,6439948477625,0.0373,0,0.0242,0.0245,0.0119,0.0184,0.0244,0.0230,0.0236,FISH,11893,True
65371763074721,pool1whmm0hkxunyhxsr6dfjpx2tpvd05qhev820lx9vcmvqa5wjc6nh,9,294,,,915,340000000,75f7b7dec6e4c973407a6a64132961635f405f2c3a9ff31598db01da,False,False,66823360121523,0,False,One Community ADA,407000530259,402000000000,80608420081,1596678831,,807458253499,0.0255,0,0.0233,0.0235,0.0121,0.0168,0.0245,0.0217,0.0244,1COMM,2294,True
4509858700886,pool1qzlw72zfwhhc0ptvzdpld06szu39x9mlm6782efy6sluz932fx6,1,363,bluecheesestakehouse.com,3,794,340000000,00beef284975ef87856c1343f6bf50172253177fdebc756524d43fc1,False,False,4512216531967,0.02,False,Blue Cheese Stakehouse,10001967599,10000000000,221789502383,1596678751,,2850465279467,0.0427,0,0.0222,0.0202,0.0168,0.0131,0.0199,0.0197,0.0193,BCSH2,4396,True
0,pool1fn2e64q388nustgn7ca0tangxa29ta5z908cq2c5nztj6sntdsk,0,0,,,1,345000000,4cd59d541139e7c82d13f63af5f668375455f6822bcf802b1498972d,False,False,0,0.04,False,,0,100000000,0,1596673371,,0,0,0,0,0,0,0,0,0,0,,0,True
0,pool152zrg07tzs7vjcw7q64r85egv6efr59lsyn4v5yqqxy0vspj26f,0,0,,,4,340000000,a284343fcb143cc961de06aa33d32866b291d0bf81275650800188f6,False,False,0,0.02,False,The Princeton Pool,0,50000000000,0,1596667291,,0,0,0,0,0,0,0,0,0,0,PTON,0,True
118423871629,pool1u32s3ry3vjhqwhcrqz7p5u35cvzrx4tvdwydgvq6qm8720qrg0s,0,239,staking-fm.site,7,6,340000000,e455088c9164ae075f0300bc1a7234c30433556c6b88d4301a06cfe5,False,False,118423871629,0.2,False,LEO4 Pool,0,50000000000,1224349314043,1596659791,,4578800615577,0.0370,0,0,0,0,0,0,0,0,LEO4,6892,True
52048994674636,pool1dxwgzj66pual956mnv9delkelg873yvgr2dd8s279m0hxqvr475,14,361,,,3170,340000000,699c814b5a0f3bf2d35b9b0adcfed9fa0fe891881a9ad3c15e2edf73,False,False,51684041488336,0.01,False,ADAPOP,1039109910954,1000000000000,201015120676,1596659711,,6944475073196,0.0364,0,0.0204,0.0217,0.0102,0.0147,0.0233,0.0192,0.0251,APOP,12963,True
115453029,pool1r9dfv5360alp5dh020k050d4n4yh9h4gms9lf0srm43z5zk4d3s,0,0,staking-fm.site,6,3,340000000,195a96523a7f7e1a36ef53ecfa3db59d4972dea8dc0bf4be03dd622a,False,False,115453029,0.2,False,LEO5 Pool,107453029,0,0,1596657951,,0,0,0,0,0,0,0,0,0,0,LEO5,0,True
380119872,pool1yzu4lp7f8ua7negffj8mmwfylx4ckhsu00a4gtf630rlcwnl7gd,0,231,staking-fm.site,5,9,340000000,20b95f87c93f3be9e5094c8fbdb924f9ab8b5e1c7bfb542d3a8bc7fc,False,False,380119872,0.2,False,LEO3 Pool,0,50000000000,1134004935953,1596654351,,4221606362422,0.0375,0,0,0,0,0,0,0,0,LEO3,6213,True
19639639941,pool1cjjtz6enkc76yytlf2zd86ngdu60e705vq7wq940ncu6506s6n2,0,264,staking-fm.site,4,10,340000000,c4a4b16b33b63da2117f4a84d3ea686f34fcf9f4603ce016af9e39aa,False,False,19639639941,0.2,False,LEO2 Pool,0,50000000000,1177472532521,1596652391,,4360180219520,0.0378,0,0,0,0,0,0,0,0,LEO2,6482,True
32056769080551,pool1ax8znp3yeeh0udrr2vvtm4wkxjldwv4mywycn573km7fu20y5xa,3,313,staking-fm.site,3,15,340000000,e98e298624ce6efe34635318bdd5d634bed732bb238989d3d1b6fc9e,False,False,32063744375559,0.05,False,GAGA2,50009386886,50000000000,463000563751,1596649431,,6786413716435,0.0325,0,0.0122,0.0093,0.0057,0.0089,0.0162,0.0126,0.0144,GAGA2,12316,True
399314048396,pool1lqeg5d3jpwr3nvra568nk28sr8lttyr6cf4yyssdx6qtxea9nmr,0,283,staking-fm.site,2,27,340000000,f8328a36320b8719b07da68f3b28f019feb5907ac26a42420d3680b3,False,False,399314048396,0.05,False,GAGA Pool,0,50000000000,520068273410,1596646131,,8124847910650,0.0403,0,0,0,0,0,0,0,0,GAGA,12025,True
509766415,pool1jrsmda62uar63wrndmdg3jupdtmmtsxmnqt66r3mm33wj2fd2yh,0,0,Brosmetheus,0,1,340000000,90e1b6f74ae747a8b8736eda88cb816af7b5c0db9817ad0e3bdc62e9,False,False,509766415,1,False,BROSMETHEUS,509766415,500000000,0,1596641591,,0,0,0,0,0,0,0,0,0,0,AHOY,0,True
7400036257119,pool1lq7t0qg273vp8t2wzmeyj7sdq2vhu2v87jjplgurpfxcs9afnr3,0,233,staking-fm.site,1,11,340000000,f83cb7810af45813ad4e16f2497a0d02997e2987f4a41fa3830a4d88,False,False,7400036257119,0.2,False,LEOPool,0,50000000000,1118327647909,1596638651,,4156108574857,0.0372,0,0,0,0,0,0,0,0,LEO,5884,True
1418780214422,pool1sm2kmdn4f9rat3kl67y9drqcnnqc34zg4f4ufmnrfaj45gcv89d,1,219,,,58,170000000,86d56db6754947d5c6dfd788568c189cc188d448aa6bc4ee634f655a,False,False,1507783810911,0.0025,False,Let Them Eat Stake,162970375563,25000000000,68697905833,1596637451,,283382857121,0.0310,0,0.0100,0.0088,0,0.0091,0.0144,0.0153,0.0129,LTES,587,True
20894979723231,pool1fg42yz0qpu5jd0gd3g5xty4mm6jdxkje8szag8h798nyyxw6zd3,6,363,cardano.ipclub29.com,4,153,170000000,4a2aa209e00f2926bd0d8a286592bbdea4d35a593c05d41efe29e642,False,False,20892212882038,0.048,False,CCJ3,100001440401,100000000000,417477906460,1596637311,,6270790932767,0.0390,0,0.0221,0.0233,0.0101,0.0131,0.0234,0.0188,0.0247,CCJ3,10134,True
28181375467039,pool13pclvkwxee4znt7qc55k8ny89zvdkvfrt04dtd99zjm5vs2tws5,6,362,cardano.ipclub29.com,3,180,170000000,8871f659c6ce6a29afc0c52963cc872898db31235bead5b4a514b746,False,False,28193785430718,0.048,False,CCJ2,100001440401,100000000000,470637882879,1596637271,,7330081406681,0.0381,0,0.0242,0.0244,0.0119,0.0171,0.0261,0.0220,0.0261,CCJ2,12508,True
3225797225789,pool189j5mz6wa0gfrakwvn2tar7qt309qxrmsgde5v6qwm892n6re3v,0,351,cardano.ipclub29.com,2,53,170000000,39654d8b4eebd091f6ce64d4be8fc05c5e50187b821b9a334076ce55,False,False,3225751045195,0.048,False,CCJ,100001592419,100000000000,252113118157,1596637131,,2966693881535,0.0464,0,0.0209,0.0205,0.0057,0.0178,0.0192,0.0185,0.0240,CCJ,4012,True
41226879055,pool1cd7u9yenr0vkzh9kj7nhhy28ye289muhcdgnhyvz7r3z7jwcxl9,0,33,,,6,340000000,c37dc293331bd9615cb697a77b9147265472ef97c3513b9182f0e22f,False,False,41226879055,0.03,False,WeAreAdaCardano Pool,25426075945,25000000000,13023446456,1596627551,,64407385873,0.0378,0,0,0,0,0,0,0,0,WAAC,87,True
0,pool1tq03j8aa5myedlr8xj6tltstdsn5eprxq4cd4qr54mhv25unsyk,0,0,,,1,340000000,581f191fbda6c996fc6734b4bfae0b6c274c84660570da8074aeeec5,False,False,0,0.05,False,CYBER Pool,0,50000000000,0,1596616631,,0,0,0,0,0,0,0,0,0,0,CYBER,0,True
516461389,pool19f6742plmyxw4w4tzhew003q67cf2w7c66v28mtk6f7fxf80ak7,0,0,,,1,340000000,2a75eaa83fd90ceabaab15f2e7be20d7b0953bd8d698a3ed76d27c93,False,False,516461389,0.03,False,,516461389,2000000,0,1596607091,,0,0,0,0,0,0,0,0,0,0,,0,True
1354843922941,pool1dv7s5fn4m9dee8ncvx5hktfmsnx6agydhn798rfdqjazuwr84gc,1,290,,,130,340000000,6b3d0a2675d95b9c9e7861a97b2d3b84cdaea08dbcfc538d2d04ba2e,False,False,1339350428121,0,False,BOBA Stake Pool,1149322506567,500000000000,104477968748,1596604391,,434386535872,0.0349,0,0.0164,0.0155,0,0,0.0199,0.0002,0.0199,BOBA,915,True
6707636362,pool1hl9tn0qpujfss69h6jr3wepc0e7tuczchpfu7nu4ma006u5scfw,0,0,,,4,340000000,bfcab9bc01e4930868b7d4871764387e7cbe6058b853cf4f95df5efd,False,False,6707636362,0,False,High Stakes,0,400000000,0,1596593071,,0,0,0,0,0,0,0,0,0,0,HISTK,0,True
6914013722626,pool106p2jjwuwagq2as7cdzx4y6cyc2pdj7a3h3vv5cvkvnskegff3w,1,362,,,1631,340000000,7e82a949dc775005761ec3446a9358261416cbdd8de2c6530cb3270b,False,False,6914311557050,0,False,VoltPool,9665295833,1000000000,142766711528,1596589771,,3971620471110,0.0425,0,0.0260,0.0254,0.0167,0.0173,0.0250,0.0223,0.0247,VOLT,6126,True
397178663,pool1fmykj5jqxtpxu0285209ar37taw52p68q87nmg6vpckhwrtje5w,0,111,,,12,340000000,4ec969524032c26e3d47a29e5e8e3e5f5d45074701fd3da34c0e2d77,False,False,397178663,0.02,False,DPADA,8473798,100000000000,42285460084,1596584771,,222176077001,0.0409,0,0,0,0,0,0,0,0,DPADA,344,True
3847733285467,pool1druxd2syfrvqvepxh60fz0qhralcesruphh5atujuh0jktjy0ma,1,347,blackstarpool.com,0,1063,170000000,68f866aa0448d8066426be9e913c171f7f8cc07c0def4eaf92e5df2b,False,True,3835803232869,0.0199,False,Black Star Stake Pool,52652752156,10000000000,159536713031,1596577791,,2423790616821,0.0416,0,0.0199,0.0132,0.0147,0.0175,0.0134,0.0176,0.0186,BSSP,3870,True
73009668106809,pool12z39rkzfylvn9wfe8j6x9ucq6g2l4mw4azj70y0gd8ejczznyj3,29,343,bravostakepool.nl,0,10494,340000000,50a251d84927d932b9393cb462f300d215faedd5e8a5e791e869f32c,False,False,73065004597311,0.015,False,Bravo pool,351544501029,310000000000,224159073223,1596573811,,9712357719675,0.0353,0,0.0242,0.0236,0.0119,0.0180,0.0242,0.0212,0.0262,BRAVO,19273,True
162604881,pool1y046n8u3uz552nmhz9wx7jv2gn9lytyvwlntetkyavvq52nzqzs,0,0,linkedin.com,0,3,340000000,23eba99f91e0a9454f77115c6f498a44cbf22c8c77e6bcaec4eb180a,False,False,36313357,0.005,False,Staking Prime by PwC OPS 🔥 24/7/365 Availability,36313357,250000000000,0,1596573311,,0,0,0,0,0,0,0,0,0,0,PRIME,0,True
983781249,pool1rzhyuwfwdzksm9v2ze8playmvdv3u04x9a0tmhg2krx7kt2635t,0,1,,,2,340000000,18ae4e392e68ad0d958a164e1ff49b63591e3ea62f5ebddd0ab0cdeb,False,False,983781249,0.05,False,BlockTechSystems Pool,983781249,500000000,422072235,1596566571,,1559372477,0.0431,0,0,0,0,0,0,0,0,BTS,1,True
16304753862069,pool1ecvcst7k9eul4ggnljh0jw2s5nc2tyfmyzsx3xg3kmmz6ptgfwj,4,363,nu.fi,1,2685,340000000,ce19882fd62e79faa113fcaef93950a4f0a5913b20a0689911b6f62d,False,False,16217855701460,0.03,False,Nu.Fi & AdaLite 2,1002830191,1000000000,355838829029,1596565671,,7537094018879,0.0418,0,0.0221,0.0215,0.0168,0.0159,0.0213,0.0199,0.0245,NUFI2,10689,True
107145887,pool14z5zuqy98d956cktyjuztaj7u4a4wje88c8ewznqdh6uxwlpnj4,0,6,,,5,340000000,a8a82e00853b4b4d62cb24b825f65ee57b574b273e0f970a606df5c3,False,False,107145887,0.03,False,LINUX Pool 🐧,0,200000000000,2067086540,1596564791,,6347027887,0.0372,0,0,0,0,0,0,0,0,LINUX,7,True
37521366481951,pool1uthdnav2zc2hxpg2hyeyy545lnxtl8lqdcdqxjm0j8t5srmyvzj,9,360,adastrong.com,1,340,345000000,e2eed9f58a161573050ab9324252b4fcccbf9fe06e1a034b6f91d748,False,False,37535317793190,0.05,False,AdaStrong,1057281366757,1000000000000,430916396747,1596561411,,5625716270578,0.0349,0,0.0235,0.0234,0.0124,0.0153,0.0243,0.0195,0.0251,ADAST,10674,True
17351103158533,pool1uk2f28awascuhrhuwrp7x6y87x8ch33vwx8jtmrysp7l5ngq78j,2,357,powerstakepool.com,0,6248,340000000,e594951faeec31cb8efc70c3e36887f18f8bc62c718f25ec64807dfa,False,False,17257088296180,0.0097,False,POWER Stake Pool 1,228200635348,135000000000,163372844407,1596560751,,4696236620529,0.0384,0,0.0177,0.0195,0.0101,0.0125,0.0222,0.0159,0.0255,POWER,8152,True
1001676644,pool1snyaulmp94axe7ltmqzlkztqn9axt5ykprjtxh3qgn35cred9pf,0,1,,,4,450000000,84c9de7f612d7a6cfbebd805fb0960997a65d09608e4b35e2044e34c,False,False,1001676644,0.095,False,Royal,0,1000000,543188568,1596560031,,887743729,0.0236,0,0,0,0,0,0,0,0,ROYAL,1,True
70410874604,pool1lk0hu3njxgra3emgfa73268el89qzytecff0fzz982avvjsw3l6,0,128,,,23,340000000,fd9f7e46723207d8e7684f7d1568f9f9ca011179c252f488453abac6,False,False,71627051762,0.03,False,Mirabilia,7278721602,10000000000,49632907925,1596559871,,232650541930,0.0356,0,0,0,0,0,0,0,0.0073,IMPI,392,True
1034088522,pool13q8kl9s0kufpl0vjmnrk2f2nz9nle3k9l3pnzh4negaf7kmd80p,0,0,,,3,340000000,880f6f960fb7121fbd92dcc76525531167fcc6c5fc43315eb3ca3a9f,False,False,1034088522,0.05,False,Tao Pool,1016464205,1000000000,0,1596557851,,0,0,0,0,0,0,0,0,0,0,TAO,0,True
856079083675,pool1980svf2cxnfy66s5jgjv7y22xud75z9kfe6n0c3y54s62w56435,0,220,,,390,340000000,29df06255834d24d6a149224cf114a371bea08b64e7537e224a561a5,False,False,856284267291,0,False,HYPE STAKING,250075866148,25000000000,75489061214,1596554011,,253009088023,0.0278,0,0.0028,0.0084,0,0.0003,0.0078,0.0005,0.0106,HYPE,672,True
0,pool1hzy8quep7xkajxx8lep59y2erqll3cr440zm90ctej4hchyfedg,0,0,,,1,340000000,b888707321f1add918c7fe43429159183ff8e075abc5b2bf0bccab7c,False,False,0,0.02,False,,0,400000000,0,1596552651,,0,0,0,0,0,0,0,0,0,0,,0,True
366335441017,pool1p2ldp00jsl5l9xpg9m77zavhqmw7amtg5nlf0jwudlu2zaq389s,0,123,,,16,170000000,0abed0bdf287e9f298282efde1759706ddeeed68a4fe97c9dc6ff8a1,False,False,366684161609,0.0175,False,WolverinePool,364584615957,350000000000,40856029382,1596552131,,229091771394,0.0418,0,0.0121,0.0122,0,0,0.0135,0.0118,0.0148,WOLV,367,True
1704777377,pool1nydxffhrmpn0ft6wpg4l6cwp2jr2glxvx5hxr69xknl0s5p603w,0,95,,,7,340000000,991a64a6e3d866f4af4e0a2bfd61c15486a47ccc352e61e8a6b4fef8,False,False,1704777377,0,False,KnockturnAlley,0,1000000000,35512057121,1596536311,,179611056843,0.0403,0,0,0,0,0,0,0,0,KTA,236,True
1043463985,pool1sxrkzy0ty37s2qx66cscqwucdqlvemtjl96ep36mqfrnku9lq8t,0,0,staking-fm.site,0,1,340000000,81876111eb247d0500dad621803b98683ecced72f97590c75b02473b,False,False,1043463985,0.1,False,StarPool,1043463985,0,0,1596526411,,0,0,0,0,0,0,0,0,0,0,STAR,0,True
3504492886,pool1xmftxwzqqkug8uzl2n2yvxhm6k0tx4rjtel92wjgvrlfk0uqy8c,0,62,,,19,340000000,36d2b3384005b883f05f54d4461afbd59eb354725e7e553a4860fe9b,False,False,3504492886,0.1,False,HashQuark,0,110800000000,156990186093,1596522371,,1224542758349,0.0461,0,0,0,0,0,0,0,0,QUARK,1499,True
90732372460,pool1mltwh4elef39dkuuz058lgfuvx79c5wcnz3szau3arhsyq22ace,0,14,,,5,345000000,dfd6ebd73fca6256db9c13e87fa13c61bc5c51d898a3017791e8ef02,False,False,90732372460,0.03,False,Crypto Pool Party,0,25000000000,5025654105,1596520171,,6326149663,0.0102,0,0,0,0,0,0,0,0,PARTY,16,True
122680092731,pool1m3wam7j8xjahp5mq03rfkcfcy45kevzfyekmdy74x8ghgpm5cdz,0,40,,,12,340000000,dc5dddfa4734bb70d3607c469b613825696cb049266db693d531d174,False,False,122680092731,0.03,False,Latin America Stake Pool,27712036094,27700000000,14421187348,1596516071,,26868732797,0.0135,0,0,0,0,0,0,0,0,LATSP,54,True
11700000,pool1xm4nalvh3yd7pzczlr84w4jlzymwqrnshlpv80u8s6zex997kc6,0,0,infstones.io,0,7,340000000,36eb3efd97891be08b02f8cf57565f1136e00e70bfc2c3bf87868593,False,False,11700000,0.04,False,InfStones,0,100000000,0,1596516071,,0,0,0,0,0,0,0,0,0,0,IFS,0,True
4770806054530,pool1sr953s548fudyhmfm082xp0mensv2gxzt4qpe466ykw0z3jjzvv,2,330,,,368,340000000,80cb48c2953a78d25f69dbcea305fbcce0c520c25d401cd75a259cf1,False,False,4771419418878,0,False,ADABreathes,1560925579,500000000,132044695439,1596498811,,1897067483574,0.0342,0,0.0197,0.0191,0.0027,0.0089,0.0204,0.0142,0.0221,AIR,3519,True
246523590485,pool154sjkrwdu80wp6mnjvkwk55aj53l4v37z4zwulfak74vcxg60x0,0,96,,,64,340000000,a5612b0dcde1dee0eb73932ceb529d9523fab23e1544ee7d3db7aacc,False,False,246523590485,0,False,Australia New Zealand Pool,82182775456,64000000000,32300000000,1596494431,,121777768997,0.0315,0,0.0008,0.0128,0,0.0010,0.0064,0.0010,0.0058,ANZ,209,True
375729406151,pool1a9xyvnnfjnujzy0n2mpf4rztdwrssraw5p5f06mqlgn4s06z0nw,0,88,,,14,170000000,e94c464e6994f92111f356c29a8c4b6b87080faea06897eb60fa2758,False,False,380107711305,0.01,False,LakeCardano,30257051128,15000000000,24806914625,1596491051,,104626667213,0.0373,0,0.0233,0.0195,0,0,0.0192,0.0058,0.0154,LAGO,166,True
75228743879,pool1l6hkustv67tynh66w46mys94wsxhwddgp28k3r5twwlsv80uw0k,0,147,,,22,340000000,feaf6e416cd79649df5a7575b240b5740d7735a80a8f688e8b73bf06,False,False,75228743879,0.025,False,Swiss Staking,64428869009,50000000000,54099484076,1596488911,,253940933102,0.0372,0,0,0,0,0,0,0,0,CASCH,460,True
13127,pool1yydna77k2j8yq4fw08d202z664g3fvavfvqjg5g4lxmwzsa9k9u,0,11,,,3,340000000,211b3efbd6548e40552e79daa7a85ad55114b3ac4b01245115f9b6e1,False,False,13127,0.02,False,Cypoq Stakepool #1,0,100000000000,4789648470,1596485831,,51432775398,0.0442,0,0,0,0,0,0,0,0,CYPOQ,53,True
56350464891,pool1d0ze7l6t8gjng564zsfyd7uw7snenpsjh9dacawdpr9g27djq8f,0,63,,,57,340000000,6bc59f7f4b3a25345355141246fb8ef427998612b95bdc75cd08ca85,False,False,56350464891,0,False,Devil Pool,4525852266,1000000000,23164088108,1596478691,,131045256967,0.0347,0,0,0,0,0,0,0,0,DEVIL,176,True
50557080416,pool1pzkgztz8y8tgd9tpfu7umep97x7m0c5ck0dpn2vqtf202fyhfv5,0,216,,,42,340000000,08ac812c4721d68695614f3dcde425f1bdb7e298b3da19a9805a54f5,False,True,50557080416,0.0325,False,Stake Army,10000000,10000000000,126103490986,1596471331,,1560112337225,0.0450,0,0,0,0,0,0,0,0,AKA,1945,True
19582762132,pool1fftlhn68f3lejs2u39pcd5q33zgwnlumrp20dr6cqqkxwyuft2r,0,19,,,22,340000000,4a57fbcf474c7f99415c894386d0118890e9ff9b1854f68f58002c67,False,False,19582762132,0.25,False,🇮🇳 Ray of Light & Hope for the deserving,1493565935,1000000000,8022679016,1596467151,,57614458687,0.0443,0,0,0,0,0,0,0,0,ARKA,65,True
121204317039,pool10qrz84cvz95zg8saf43ruhs5ulczuuqm2d3jn6d8xkkkzgzfje7,0,127,,,11,340000000,780623d70c1168241e1d4d623e5e14e7f02e701b536329e9a735ad61,False,True,121204317039,0.015,False,Adappt Online,88771874447,44325545672,45817274364,1596465191,,172961698975,0.0214,0,0,0,0,0,0,0,0,ADAPT,317,True
1045056665941,pool15pmdr6nw3g6mmt7regefp2lrx3njah0gpwsnqm794c4wsr23062,0,283,,,987,1000000000,a076d1ea6e8a35bdafc3ca3290abe334672edde80ba1306fc5ae2ae8,False,False,1045054707981,0,False,MetaDEX.fi,106505138603,100000000000,134536154223,1596462371,,762644281110,0.0302,0,0.0025,0.0016,0,0,0.0037,0,0.0061,METAX,1436,True
5164508372584,pool1lnk67xp7jsc2e3yyun3fpaqvkx0f3c8q0ml29ge85udeghn2gvn,2,236,,,31,340000000,fcedaf183e9430acc484e4e290f40cb19e98e0e07efea2a327a71b94,False,False,5162500319787,0,False,WIRA Pool,513055811319,487000000000,79220911710,1596461011,,424572241309,0.0278,0,0.0221,0.0215,0.0125,0.0151,0.0247,0.0176,0.0231,WIRA,1065,True
174919204295,pool194usk2h8vcq6yw89xs5asrvw22g08kcfy72xyfrnnkg6qrhtlfw,0,208,autostake.com,3,144,170000000,2d790b2ae76601a238e53429d80d8e5290f3db0927946224739d91a0,False,False,174878223573,0,False,AutoStake III,404123747,100000000,60010000000,1596457811,,163925439317,0.0294,0,0.0061,0.0079,0,0,0.0134,0.0124,0.0196,AUTO,395,True
19362833302265,pool1ljywsch33t7gaf02aeeqkqpuku0ngpwl9fm04t7u5sl5xyunmgp,7,361,autostake.com,2,1311,170000000,fc88e862f18afc8ea5eaee720b003cb71f3405df2a76faafdca43f43,False,False,19330227709958,0,False,AutoStake II,978015869,100000000,127720000000,1596457811,,4659536772610,0.0382,0,0.0235,0.0236,0.0111,0.0162,0.0235,0.0191,0.0250,AUTO,8015,True
397163313245,pool1yet04d4ykpp7me8uc2jx2glxrx88kt9uhmv6jeh7xkmtu5zucna,0,254,autostake.com,1,231,170000000,2656fab6a4b043ede4fcc2a46523e6198e7b2cbcbed9a966fe35b6be,False,False,397162612463,0,False,AutoStake IV,100000000,100000000,75990000000,1596457791,,468615716052,0.0383,0,0.0055,0.0093,0,0,0.0127,0.0055,0.0158,AUTO,770,True
3234095918233,pool1rpjjz68kmmetyxztmrstrwgz8lxf6v0d7vqgw98r5x8rc50jrdf,3,345,dew-stake.com,0,1418,340000000,18652168f6def2b2184bd8e0b1b9023fcc9d31edf3008714e3a18e3c,False,False,3218535439779,0.02,False,Dew Staking Solutions,126837304876,105000000000,155736757237,1596457431,,1896980003425,0.0420,0,0.0210,0.0210,0.0040,0.0027,0.0167,0.0157,0.0167,DEW,3051,True
71572363919009,pool1zz7x8ergn02chznayj9fjds2gk5q6prmpdr49faspd65kzqsrjs,14,359,autostake.com,0,2932,170000000,10bc63e4689bd58b8a7d248a99360a45a80d047b0b4752a7b00b754b,False,False,72114462095903,0,False,AutoStake I,1227695528,100000000,129020000000,1596455771,,8578804616113,0.0356,0,0.0237,0.0242,0.0126,0.0162,0.0255,0.0220,0.0254,AUTO,16063,True
690543657635,pool15ju4ktqmtha9vry4mf44hr2psf807n4achj76z8uhawgw9462kx,0,136,,,44,340000000,a4b95b2c1b5dfa560c95da6b5b8d41824eff4ebdc5e5ed08fcbf5c87,False,True,690543157635,0.008,False,stake4me,23049162268,20000000000,47646148953,1596452691,,93033759304,0.0203,0,0.0003,0.0005,0.0005,0.0003,0.0069,0.0003,0.0078,S4M,217,True
100659789807,pool136903m0kag2amlga2ypcz8wnf7d552qgy5t6vz2pqlzuq2kyshy,0,30,,,61,340000000,8e8af8edf6ea15ddfd1d5103811dd34f9b4a28082517a6094107c5c0,False,False,100638767724,0.03,False,DeepEnd,4745541565,200000000,10231842964,1596450531,,12019127362,0.0155,0,0,0,0,0,0.0005,0,0.0014,DEEP,33,True
1584279164,pool1yechqtexl9r7esg5scwynqalmjrpd5l69wkwrrw54y0x26eljpq,0,93,,,6,170000000,2671702f26f947ecc114861c4983bfdc8616d3fa2bace18dd4a91e65,False,False,1584279164,0.03,False,ICRYP NETWORK,202349000,100000000,38904202141,1596442331,,234139564053,0.0389,0,0,0,0,0,0,0,0,ICRYP,358,True
724133250037,pool1u0u2s080a5plun4acn6s70xa3q98ct7skt88l7w6nnwwyl9ecym,0,161,,,90,170000000,e3f8a83cefed03fe4ebdc4f50f3cdd880a7c2fd0b2ce7ff9da9cdce2,False,False,724830536479,0,True,VOLCY 🦁 - Elite Multi-Chain Infrastructure,70028418605,60000000000,43545530310,1596440151,,104102691499,0.0233,0,0.0144,0.0171,0.0091,0.0061,0.0183,0.0143,0.0188,VOLCY,279,True
0,pool1s2qefm0h0449tdwsh7w6gw7mn9n8d3w48zunslxdazlfghtn4wh,0,6,,,2,340000000,828194edf77d6a55b5d0bf9da43bdb996676c5d538b9387ccde8be94,False,False,0,0.01337,False,Kaze,0,1000000000000,2223455954,1596438451,,13538006747,0.0170,0,0,0,0,0,0,0,0,KAZE,10,True
151913414425,pool1hn7hlwrschqykupwwrtdfkvt2u4uaxvsgxyh6z63703p2knj288,0,84,,,9,340000000,bcfd7fb870c5c04b702e70d6d4d98b572bce999041897d0b51f3e215,False,False,151913414425,0.02,False,BLOC pool,140333730186,100000000000,34342351273,1596437251,,193900068472,0.0385,0,0,0,0,0,0,0,0.0050,BLOC,294,True
51446790996,pool1r9qyjstrc050njg8lm7wxy5874mgu322vyljntdsm5qgxvjcewv,0,41,,,202,340000000,1940494163c3e8f9c907fefce31287f5768e454a613f29adb0dd0083,False,False,35196315992,0.01,False,CRYPTOSHEINIX,9829592,0,14324642459,1596428771,,56283280667,0.0334,0,0,0,0,0,0,0,0,SHEIN,90,True
115557879365,pool1yfacynd0va3rw27tjldfz05f6hfjhfv36wwdhn3dy2hfqq00w8y,0,76,,,26,170000000,227b824daf6762372bcb97da913e89d5d32ba591d39cdbce2d22ae90,False,False,115557879365,0.01,False,Paradise Staking Pool,59850737062,50000000000,26180781363,1596428351,,84158831306,0.0311,0,0.0095,0.0063,0,0.0384,0.0041,0.0190,0.0028,PARAD,136,True
1032235168,pool1v46kmtavsty57aql824069j2p6wxpcpk3j25veqauu54kynydty,0,0,,,5,340000000,65756dafac82c94f741f3aaafd164a0e9c60e0368c9546641de7295b,False,False,1032235168,0.02,False,JIFFPOOL,1032235168,1000000000,0,1596427931,,0,0,0,0,0,0,0,0,0,0,JIFF,0,True
321624382,pool1ax6nusmcp8h8alsqmueqvxu46h37fmvfyr2y6w9l6486cy2rq06,0,0,,,1,340000000,e9b53e437809ee7efe00df32061b95d5e3e4ed8920d44d38bfd54fac,False,False,321624382,0.01,False,ADA_1_Percent_Pool,321624382,20000000000,0,1596419691,,0,0,0,0,0,0,0,0,0,0,ADA1,0,True
12636888047743,pool1fs2m5rmlx66crcwwrrsf2pcxjhvk7kzdurcqusd3v5gm65cufnj,2,352,,,562,340000000,4c15ba0f7f36b581e1ce18e095070695d96f584de0f00e41b16511bd,False,False,12580213449597,0,False,Early Bird Pool,107812562567,95000000000,138879591880,1596417751,,2889180741180,0.0410,0,0.0221,0.0232,0.0082,0.0137,0.0236,0.0220,0.0252,BIRD,4317,True
177788132,pool1u9vgtxyupd36czsdvh3h9zr8eakdqesug8j6k2nw7nszy97z4m0,0,0,,,3,340000000,e15885989c0b63ac0a0d65e3728867cf6cd0661c41e5ab2a6ef4e022,False,False,177788132,0,False,Magic ada,144472620,100000000,0,1596416331,,0,0,0,0,0,0,0,0,0,0,MAGIC,0,True
341961419425,pool1xxvcz8dem4xufzn74v2y7fs709mfw3tpq963thzg5en5jrkv67a,0,236,,,132,340000000,3199811db9dd4dc48a7eab144f261e7976974561017515dc48a66749,False,False,341072608986,0.03,False,Empowering Cardano's Future in UAE,100016617727,100000000000,96900721405,1596414051,,560453456438,0.0420,0,0.0070,0.0051,0.0010,0.0014,0.0120,0.0136,0.0072,DUBAI,899,True
125082450340,pool1s79cqtwk5s24lcske704ckx7k2pagn8hc95rxvy3xfda6r62pg9,0,165,,,220,340000000,878b802dd6a4155fe216cf9f5c58deb283d44cf7c168333091325bdd,False,False,125082450340,0.02,False,Global UK Staking Pool by the Three Lions,10012150627,10000000000,65378114285,1596413531,,464282660193,0.0441,0,0.0026,0.0018,0,0,0.0016,0.0009,0.0053,UK007,671,True
3084202791042,pool1wwzctexlp70mj00vv65mlhwhwresn58s9x7jl4tswvkg77eu7n7,1,327,,,602,340000000,738585e4df0f9fb93dec66a9bfddd770f309d0f029bd2fd570732c8f,False,False,3084900072915,0.01,False,UKADA,101121884591,100000000000,130076272537,1596411991,,1863705497608,0.0432,0,0.0169,0.0195,0.0125,0.0139,0.0178,0.0154,0.0177,UKADA,2670,True
61726426720419,pool1hnp560z9e5acwux8tjguxq36j9r255zuf02u7z2d46dvcf5zhns,12,332,,,1202,170000000,bcc34d3c45cd3b8770c75c91c3023a9146aa505c4bd5cf094dae9acc,False,False,65116755619243,0,False,LovelaceCommunityPool,343986279580,333333333333,91800000000,1596411731,,1102930108520,0.0294,0,0.0243,0.0257,0.0122,0.0181,0.0260,0.0220,0.0261,LCP,2735,True
46096646397,pool1d4387s7mszjkeg5w0xppzxdtzsj7aahfqdgeef24emyh70mccmw,0,0,,,1,340000000,6d627f43db80a56ca28e79821119ab1425eef6e903519ca555cec97f,False,False,46096646397,0.3,False,,46096646397,45000000000,0,1596411151,,0,0,0,0,0,0,0,0,0,0,,0,True
736996133824,pool1dzz5se25fp696axykcw6wwp3yl4fk44jc62yeflrquvfxlktldq,0,269,,,16,340000000,688548655448745d74c4b61da7383127ea9b56b2c6944ca7e3071893,False,False,736996133824,0.03,False,AdaCryptoPool2,250690399788,10000000000,96597977545,1596408791,,242217858613,0.0268,0,0.0247,0.0182,0,0,0.0106,0.0161,0.0101,ACP2,550,True
107261740,pool1gqp9e65nqy0q08dvqst6mk9fyc96sdels5drncsdz5d82dpw5gg,0,6,,,3,340000000,40025cea93011e079dac0417add8a9260ba8373f851a39e20d151a75,False,False,107261740,0.0095,False,Zeus Pool,107256080,100000000,2079182576,1596407431,,4085299578,0.0229,0,0,0,0,0,0,0,0,ZEUS,8,True
36553418688,pool1k53pf4wzn263c08e3wr3gttndfecm9f4uzekgctcx947vt7fh2p,0,67,,,32,340000000,b52214d5c29ab51c3cf98b87142d736a738d9535e0b3646178316be6,False,False,36553418688,0,False,StakeVault,19481319882,10000000000,22780000000,1596405651,,52373266989,0.0292,0,0,0,0,0,0,0,0.0024,VAULT,105,True
197430721,pool1vgryztjlm0grah2g5gngd0vlmy4z3yrsm42h00hn967e5mqk4nq,0,0,,,1,340000000,6206412e5fdbd03edd48a22686bd9fd92a289070dd5577bef32ebd9a,False,False,197430721,0,False,Koks Pool,197430721,130000000,0,1596405451,,0,0,0,0,0,0,0,0,0,0,KOKS,0,True
31323894,pool1lcl9j8zzqtcd4g2gf5zgexcqmnmjtvje707hupngymjhq43yk3s,0,2,,,13,340000000,fe3e591c4202f0daa1484d048c9b00dcf725b259f3fd7e066826e570,False,False,31323894,0,False,DZPool,7448162,10100000000,396254624,1596403891,,1690160850,0.0337,0,0,0,0,0,0,0,0,DUNE,2,True
144074704588,pool1hv3yae6keeeu2y7eusejx4swd2myfkurldt7lasn2qu4xk20j8m,0,106,git.io/JOkNh,1,111,310000000,bb224ee756ce73c513d9e43323560e6ab644db83fb57eff613503953,False,False,145206088108,0,False,God BlESS You,4321960540,4000000000,37256745800,1596399971,,127212120615,0.0357,0,0,0.0022,0,0,0.0014,0,0.0023,BLESS,225,True
5504800436176,pool10p6wd9k0fwk2zqkqnqr8efyr7gms627ujk9dxgk6majskhawr6r,4,297,,,409,340000000,7874e696cf4baca102c098067ca483f2370d2bdc958ad322dadf650b,False,True,5541976405081,0.01,True,Blockchain Better Have My Money 💰,550865995754,550000000000,109327739960,1596396311,,517435826628,0.0280,0,0.0205,0.0192,0.0115,0.0108,0.0189,0.0194,0.0217,BBHMM,1310,True
47069,pool15l8p8v8yzdjvl3vml6qafx0wgy4k6t938jl0qy24wslgw7xlhc2,0,0,,,4,345000000,a7ce13b0e41364cfc59bfe81d499ee412b6d2cb13cbef01155743e87,False,False,47069,0.05,False,The Savvy Pool,47069,10000000,0,1596392151,,0,0,0,0,0,0,0,0,0,0,SAvvY,0,True
2000000000,pool19x60wat4eu8sh42s05th8l4p6e9rmmnc6g2a64lj4npag7zj5cx,0,0,,,3,340000000,29b4f77575cf0f0bd5507d1773fea1d64a3dee78d215dd57f2acc3d4,False,False,2162460353,0.008,False,StakeNode.One,2000000000,100000000000,0,1596388431,,0,0,0,0,0,0,0,0,0,0,SNODE,0,True
816211998600,pool1a44zldps27avv82mamm2lj33mrrkqdzt39nyrgn5dkk3jtm0wrp,0,169,,,36,340000000,ed6a2fb43057bac61d5beef6afca31d8c760344b896641a2746dad19,False,False,816560698667,0.01,False,ADA doch_doch,8918457117,3000000000,58146578311,1596381291,,101631260870,0.0215,0,0.0003,0.0061,0,0,0.0051,0,0.0060,ADD,254,True
4613866,pool1llwfa6erdh7k87j06y2z9999jcc84cnezwhg9e2sulrgwzrsug4,0,0,,,1,345000000,ffdc9eeb236dfd63fa4fd1142294a596307ae27913ae82e550e7c687,False,False,4613866,0.15,False,&#128008; MeowStake &#128008;,4613866,100000000,0,1596381211,,0,0,0,0,0,0,0,0,0,0,MEOW,0,True
758965523,pool1lhwzsyhh7dmw9wuz7qxnml2z5ef5303lp7jxgss2qnat22sprgx,0,110,,,10,340000000,fddc2812f7f376e2bb82f00d3dfd42a65348be3f0fa464420a04fab5,False,False,758965523,0.01,False,UNION,9126538,50000000000,39655868347,1596377611,,137034116090,0.0362,0,0,0,0,0,0,0,0,UNION,215,True
88715690934,pool1d63tmq02tgtk7yd6g62p9h44w4xqdgz9y8jkmcrztfmmqga540m,0,22,,,10,340000000,6ea2bd81ea5a176f11ba469412deb5754c06a04521e56de0625a77b0,False,False,88715690934,0.01,False,CELL,28367104940,17356000000,7552741562,1596377091,,7201415832,0.0225,0,0.0015,0.0010,0.0041,0.0027,0.0102,0.0013,0.0054,CELL,23,True
266665872,pool18dqp26atwr6rd7z6suxjmguqy8zym5a3tgtveuazqsjwyeafrz6,0,0,,,1,345000000,3b40156bab70f436f85a870d2da38021c44dd3b15a16ccf3a20424e2,False,False,266665872,0.018,False,STRM-4-ADA,266665872,100000000,0,1596376711,,0,0,0,0,0,0,0,0,0,0,STRM,0,True
673600462067,pool1nwcu3al5vfm7t3dtvyuu4hlmlvezd05c5v386q90hlptks4mqw3,0,143,,,5,340000000,9bb1c8f7f46277e5c5ab6139cadffbfb3226be98a3227d00afbfc2bb,False,False,673634426557,0.0075,False,Aardvark,460448814178,450000000000,49135048376,1596371091,,67963957257,0.0170,0,0.0066,0.0091,0,0.0004,0.0079,0.0002,0.0076,AARD,191,True
1008640310,pool1v5jj7xumvk4engwvqrxt0kfhpdkucqvydmmlwwq2x76hz99affw,0,0,,,2,340000000,65252f1b9b65ab99a1cc00ccb7d9370b6dcc01846ef7f7380a37b571,False,False,1008640310,0.03,False,,1008640310,1000000000,0,1596367331,,0,0,0,0,0,0,0,0,0,0,,0,True
26931887679584,pool1rvjj8cp3urh7de07pm0ceqha2x4lxws69lhd4429dm6djfjsy4l,5,344,,,2017,340000000,1b2523e031e0efe6e5fe0edf8c82fd51abf33a1a2feedad5456ef4d9,False,False,26892959254458,0.01,True,Cardino Stake Pool,10896302072,10000000000,157705893085,1596362771,,4289012063548,0.0342,0,0.0209,0.0219,0.0138,0.0178,0.0242,0.0213,0.0253,DINO,8459,True
35047900208,pool1v6mdg9xm9a80js00zx53c6nagcw5m0m970nm4my4pkrlyxq707e,0,103,,,40,340000000,66b6d414db2f4ef941ef11a91c6a7d461d4dbf65f3e7baec950d87f2,False,False,35047900208,0,False,snode.co,32940795,10000000,38959579343,1596360091,,263066369901,0.0450,0,0,0,0,0,0,0,0,SND,293,True
6160723066,pool12rv575nj9cfvy0r4th7jtz5x3nt6waht0qe5fdr58ucx77tk7pu,0,0,ada-pool.s3.amazonaws.com,1,2,340000000,50d94f52722e12c23c755dfd258a868cd7a776eb783344b4743f306f,False,False,6160723066,0.01,False,BIZ Pool,5647630894,5000000000,0,1596357511,,0,0,0,0,0,0,0,0,0,0,4BIZ,0,True
29006327116480,pool1heks0vmxkfka2amg9c8yn8qdsxvgmzelfx6jhpfkj8ht5mn0r2m,8,338,,,508,340000000,be6d07b366b26dd577682e0e499c0d81988d8b3f49b52b853691eeba,False,False,29012520471716,0.029,True,Cardano24,25135045561,25000000000,186787253042,1596346111,,2434320842989,0.0298,0,0.0193,0.0203,0.0090,0.0144,0.0222,0.0185,0.0240,ADA,5585,True
32637619,pool1efj8td645z33mr8h0ww5y5s0lz6jwj7e54cj4mv44s2269r7d4f,0,5,,,7,340000000,ca6475b755a0a31d8cf77b9d42520ff8b5274bd9a5712aed95ac14ad,False,True,32637619,0.02,False,ABBA - because Staking is like Good Music !,3326062,1000000000000,2517820857,1596325771,,61142834522,0.0319,0,0,0,0,0,0,0,0,ABBA,31,True
2050621,pool1pm635fj8skdkh0lvhtcygateyt4nt4gj5rap28zqpe7rv0wgdhf,0,1,,,2,340000000,0ef51a2647859b6bbfecbaf044757922eb35d512a0fa151c400e7c36,False,False,2050621,0.03,False,Wolfpool,2050621,100000000000,391744700,1596318911,,1673078661,0.0267,0,0,0,0,0,0,0,0,WPOOL,1,True
437621830,pool1w6ez83j2lapmlzudtuuwygm9lwt23203keqj53n7yjdtwaamghr,0,0,,,2,345000000,76b223c64aff43bf8b8d5f38e22365fb96a8a9f1b6412a467e249ab7,False,False,437621830,0.15,False,NinjaHangover,437621830,100000000,0,1596318831,,0,0,0,0,0,0,0,0,0,0,NHOP,0,True
90420676,pool1pk6q8vjxu0404jzq0dpt7fceyz9yu57lmx5csne8tmce5nx523m,0,7,,,16,340000000,0db403b246e3eafac8407b42bf2719208a4e53dfd9a9884f275ef19a,False,False,90420676,0.02,False,Cardano Abu,9597366,30000000000,2501216150,1596318191,,8293018533,0.0473,0,0,0,0,0,0,0,0,CABU,9,True
383991175622,pool1fd8qnudvhz2hanlccdsfrwdxmmwwfryalrmy6a6y62cgqfx3ujz,0,62,,,14,170000000,4b4e09f1acb8957ecff8c36091b9a6dedce48c9df8f64d7744d2b080,False,False,384340003181,0.025,False,MOStaking,204050959232,175000000000,17062232594,1596310971,,22575152299,0.0170,0,0.0085,0.0056,0.0168,0.0112,0.0078,0.0056,0.0101,MOST,69,True
127018773869,pool1qqqq02jxq3q9j93devp9pts90ctm8w3r0rgek97ngujpjgpw46j,0,53,adafrog.io,5,15,340000000,000007aa46044059162dcb0250ae057e17b3ba2378d19b17d3472419,False,False,126775216816,0.01,False,Zen ADA Holdings 😌,111727280023,100000000000,25208308455,1596310211,,198722907273,0.0440,0,0.0007,0.0005,0,0,0.0014,0,0.0024,ZENY,278,True
695881971664,pool1qqqq58jy30weq2an3px3maljdmawcwh6ml4hr8m9euq9z2n7wyz,0,178,adafrog.io,4,17,340000000,00000a1e448bdd902bb3884d1df7f26efaec3afadfeb719f65cf0051,False,False,695881971664,0.035,False,Gold Coast 🥇,150621026846,100000000000,68345255906,1596310191,,219412493894,0.0337,0,0.0001,0.0005,0,0,0.0029,0,0.0054,COAST,376,True
188683365091,pool1qqqqvmpm9v2l0tkwx4dpzth3g85lapxjug2j6sucnphyqlt4fuu,0,145,adafrog.io,3,31,340000000,0000066c3b2b15f7aece355a112ef141e9fe84d2e2152d4398986e40,False,False,188683365091,0.0175,False,deepSalud Health,56072340136,50000000000,51763418852,1596310191,,157857684757,0.0311,0,0,0.0008,0,0,0.0070,0,0.0055,SALUD,277,True
794056705693,pool1sks9qwpygf9vmgeuh4n4a3s36k35c3qnz7pd4qqvw5825x62y3y,0,262,,,36,340000000,85a0503824424acda33cbd675ec611d5a34c44131782da800c750eaa,False,False,794056705693,0.005,False,Steak Pool,100682692929,100000000000,90342764401,1596306371,,250790983802,0.0308,0,0.0059,0.0077,0.0005,0.0006,0.0074,0.0058,0.0110,STEAK,539,True
3225584298916,pool1gqvrgg7zycvf65ydkjeph72t0yx0f5ykzd9f477zh4f3smwk997,0,358,,,500,340000000,40183423c226189d508db4b21bf94b790cf4d096134a9afbc2bd5318,False,True,3225407760952,0.02,False,Sandstone,812335533378,810000000000,160285089364,1596305751,,1843295879111,0.0345,0,0.0138,0.0164,0.0117,0.0235,0.0153,0.0183,0.0195,SAND,3561,True
839054244465,pool19frt3kaxxk4vr4x3wnaapntu0ul0dsesu77wfqaawc5h5ffgfgt,0,249,,,77,340000000,2a46b8dba635aac1d4d174fbd0cd7c7f3ef6c330e7bce483bd76297a,False,False,839004200033,0.0499,False,AGAPEpool,753435866948,750000000000,112309266605,1596301571,,503022122590,0.0398,0,0.0126,0.0120,0,0,0.0098,0.0051,0.0132,AGAPE,857,True
0,pool1sqxvayj9w80g42w7chla9x56atj75jwxvkrkrtkcvcyjcak9wx2,0,0,,,1,345000000,800cce924571de8aa9dec5ffd29a9aeae5ea49c6658761aed866092c,False,False,0,0.02,False,ret0n's ADA Pool,0,360000000000,0,1596296011,,0,0,0,0,0,0,0,0,0,0,ret0n,0,True
8894287156648,pool15f9qklmaajysmwx9n3rkgc5s2g3rfffz4x8spnedtzdgq43tpe2,2,351,,,350,170000000,a24a0b7f7dec890db8c59c47646290522234a522a98f00cf2d589a80,False,True,8797088630080,0.02,False,WeQanhet,7217583,0,136837870782,1596294431,,1368139154872,0.0337,0,0.0205,0.0217,0.0107,0.0105,0.0223,0.0155,0.0232,WEQNT,2696,True
555031777587,pool157e2zadjusu6esf9mmx37nf63ep2gazdeln5mh04ylpcvz59g5c,0,208,,,111,170000000,a7b2a175b2e439acc125decd1f4d3a8e42a4744dcfe74dddf527c386,False,False,555373142600,0.015,False,Aion,258844422188,200000000000,71623567681,1596293631,,595741305213,0.0427,0,0.0037,0.0108,0,0.0075,0.0108,0.0075,0.0191,AION,775,True
0,pool1vujjarchz7tgec2xazavrsa0r8trf3u6840lgnq2p4kdsg0830y,0,0,,,1,340000000,67252e8f1717968ce146e8bac1c3af19d634c79a3d5ff44c0a0d6cd8,False,False,0,0.02,False,,0,400000000,0,1596287111,,0,0,0,0,0,0,0,0,0,0,,0,True
2915210,pool10w8gmhnprfmhdlp6npjt8d3ts64ng4qxsu0mr33dhpxpzwn4rgt,0,0,,,1,340000000,7b8e8dde611a7776fc3a9864b3b62b86ab345406871fb1c62db84c11,False,False,2915210,0.02,False,CryptoCroissant,2915210,10000000000,0,1596283011,,0,0,0,0,0,0,0,0,0,0,CCFR,0,True
1970868463349,pool1nhd907krga9dh69kf0jg4tl0764rravepy337gptvsknxyyx94k,1,303,topopool.com,0,834,170000000,9dda57fac3474adbe8b64be48aafeff6aa31f59909231f202b642d33,False,False,1975106752131,0.01,True,TOPO⚡ Pool,96382302901,95000000000,90792843099,1596282711,,586104563496,0.0338,0,0.0125,0.0171,0.0213,0.0163,0.0185,0.0154,0.0193,TOPO⚡,1175,True
3835753612721,pool1v4xevkf7fx08pzy7atsk59dds6p0sdyl6xmhwf4mh79x6l5p6kx,1,356,julienadatrain.github.io,0,548,340000000,654d96593e499e70889eeae16a15ad8682f8349fd1b77726bbbf8a6d,False,False,3836575594254,0.02,False,DISCO CLUB,14455209380,10000000000,176340197670,1596281991,,3764112073324,0.0450,0,0.0148,0.0159,0.0165,0.0176,0.0180,0.0164,0.0198,DIVY,4950,True
6638814,pool1wpp9pslecqwv4wjr4gfhcsv9hmagz882q6fl6umwup8guxy5whm,0,0,,,3,340000000,704250c3f9c01ccaba43aa137c4185befa811cea0693fd736ee04e8e,False,False,6638814,0.031415,False,Funky Penguin 🐧,6638814,150000000000,0,1596276431,,0,0,0,0,0,0,0,0,0,0,FUNKY,0,True
3046630219910,pool1t8gjk7jzvujfv9s8q992e6s7tp8na0q3j62g7s4ppzfmccus4jk,1,341,,,410,340000000,59d12b7a426724961607014aacea1e584f3ebc1196948f42a10893bc,False,False,3042542340624,0.03,False,[DEAD]POOL,368876885115,340000000000,148073268090,1596271831,,1098507470815,0.0370,0,0.0133,0.0154,0,0,0.0118,0.0083,0.0148,DEAD,1898,True
65228605399456,pool1ddg6t2h9kj6lqlec4ncjs945lzj43m3ggrgdhf5sgzhtygpkznz,18,359,,,4076,340000000,6b51a5aae5b4b5f07f38acf12816b4f8a558ee2840d0dba69040aeb2,False,False,65338212933529,0.005,True,Fair Pool #01,122144055405,100000000000,169654874524,1596269191,,9596085535508,0.0354,0,0.0225,0.0238,0.0109,0.0156,0.0248,0.0203,0.0265,FAIR,18593,True
13848998784634,pool1hkpgddlnya3pgktj3sxdraa8x8400vhaphcudvym9ye22esak43,5,363,,,157,350000000,bd8286b7f327621459728c0cd1f7a731eaf7b2fd0df1c6b09b2932a5,False,True,13852168563914,0.1,False,Ikinari Stake Pool,54686765188,50000000000,683225247338,1596254091,,5013106397986,0.0367,0,0.0174,0.0177,0.0067,0.0095,0.0208,0.0142,0.0226,ISP,8946,True
1216344244,pool1dadzh387unlwu37ek693hy9a7w49r22mrmrl9y0fjfhhqe4qtpe,0,0,cardanomint.com,0,2,340000000,6f5a2bc4fee4feee47d9b68b1b90bdf3aa51a95b1ec7f291e9926f70,False,False,1216344244,0.02,False,cardanomint,507621786,500000000,0,1596254091,,0,0,0,0,0,0,0,0,0,0,CMINT,0,True
4291059423014,pool17rns3wjyql9jg9xkzw9h88f0kstd693pm6urwxmvejqgsyjw7ta,1,358,,,270,840000000,f0e708ba4407cb2414d6138b739d2fb416dd1621deb8371b6ccc8088,False,False,4291470879480,0,False,0 Percent Pool,759884097,10000000,274898718142,1596252451,,2221035898722,0.0408,0,0.0160,0.0145,0.0229,0.0266,0.0149,0.0211,0.0147,0PCT,3148,True
0,pool1lenhysfdw3w6a37mukd4xfvsfssgvzlrnhk6v882j2kns6uyxd6,0,0,,,1,340000000,fe6772412d745daec7dbe59b5325904c20860be39deda61cea92ad38,False,False,0,0.01,False,,0,10000000000,0,1596248071,,0,0,0,0,0,0,0,0,0,0,,0,True
32355249037644,pool1mxqjlrfskhd5kql9kak06fpdh8xjwc76gec76p3taqy2qmfzs5z,12,363,iohk.io,0,915,340000000,d9812f8d30b5db4b03e5b76cfd242db9cd2763da4671ed062be808a0,False,False,32440309661815,0.07,True,Input Output Global (IOHK) - 1,5000558043187,5000000000000,987370228118,1596243651,,11071690102854,0.0372,0,0.0197,0.0205,0.0057,0.0127,0.0221,0.0192,0.0249,IOG1,18385,True
3657690121466,pool136wr0g23dw9daekuyqtgk366vywms6meespgpm3hdguxqczaaug,0,357,,,1113,340000000,8e9c37a1516b8adee6dc20168b475a611db86b79cc0280ee376a3860,False,False,3656428795976,0.05,False,David Likes Crypto ADA Stakepool,39388273328,35000000000,239858052608,1596241351,,2242945090132,0.0414,0,0.0122,0.0145,0,0.0044,0.0169,0.0088,0.0179,DAVID,3493,True
0,pool159nu5jnr7jc58hqaw880qtpzsq72q9pc9w3r88reeuyh702apfe,0,0,,,1,340000000,a167ca4a63f4b143dc1d71cef02c22803ca014382ba2339c79cf097f,False,False,0,0.025,False,,0,100000000000,0,1596239591,,0,0,0,0,0,0,0,0,0,0,,0,True
35399596749868,pool1ksrg8a964464las0ymw88slrwxkychjz9lh09lqltu5m7nw3pq0,16,362,,,2107,300000000,b40683f4baad755ff60f26dc73c3e371ac4c5e422feef2fc1f5f29bf,False,True,35524509369994,0.0069,False,Queen👸Ada,250506928575,250000000000,203709045561,1596237071,,4952146869798,0.0376,0,0.0236,0.0235,0.0103,0.0158,0.0236,0.0219,0.0255,QUEEN,8856,True
122517255,pool1r2249l40de8nlj77u77yzk8kxl3av4k09ztswcuqfexzcxwx3k8,0,4,lucky-pool.com,2,3,340000000,1a9552feaf6e4f3fcbdee7bc4158f637e3d656cf28970763804e4c2c,False,False,122517255,0.001,False,Lucky Pool 2,0,25000000000,1361519862,1596236851,,1518344624,0.0121,0,0,0,0,0,0,0,0,LUCK2,4,True
1298516313,pool16d004c5q7k7wyf223kgct26zjcpjqql04rvnx8vtc0t5ckmnzaa,0,21,,,3,340000000,d35efae280f5bce2254a8d9185ab4296032003efa8d9331d8bc3d74c,False,False,1298516313,0,False,ICO Research Group (0% fee until 5m staked),7499772,13000000000,8037691259,1596235751,,35128330830,0.0401,0,0,0,0,0,0,0,0,ICORG,36,True
4478986965994,pool1a2gt2mvuf5zvtqlvw2xgks2efze3p4r985ft62q64lua7gx7lal,0,310,,,436,170000000,ea90b56d9c4d04c583ec728c8b415948b310d4653d12bd281aaff9df,False,False,4190790050072,0,False,Salt Pool - Hosky ISPO,103585050536,100000000000,94322876369,1596235451,,491089139099,0.0309,0,0.0201,0.0184,0.0043,0.0115,0.0212,0.0233,0.0225,SALT,1072,True
73886424749851,pool12t3zmafwjqms7cuun86uwc8se4na07r3e5xswe86u37djr5f0lx,14,363,nordicpool.org,0,5146,340000000,52e22df52e90370f639c99f5c760f0cd67d7f871cd0d0764fae47cd9,False,False,73854182493274,0,False,#1 Nordic Pool,233783023045,100000000000,149429713385,1596231731,,10159530274135,0.0353,0,0.0236,0.0243,0.0103,0.0157,0.0260,0.0213,0.0270,NORTH,19344,True
2551572338675,pool1dkww2vlysa8lsnuf5rca979zdsyr3zvt59hu7e420yxfunkka2z,0,353,,,136,340000000,6d9ce533e4874ff84f89a0f1d2f8a26c0838898ba16fcf66aa790c9e,False,True,2517270505544,0.018,False,TRUE Staking Pool,41199289615,40000000000,145739718967,1596227391,,1221023740389,0.0393,0,0.0110,0.0121,0.0001,0.0001,0.0150,0.0117,0.0173,TRUE,2056,True
3893026529,pool1l3rf0h8s6fdw8g4vy8qg7fw3wwj8jdm3hg0wwwycnvj8xcl2ps8,0,0,,,16,340000000,fc4697dcf0d25ae3a2ac21c08f25d173a4793771ba1ee738989b2473,False,True,3893026529,0.012,False,WALL STREET Staking,2578114,1000000000000,0,1596220791,,0,0,0,0,0,0,0,0,0,0,WALL,0,True
381263120,pool1qr6jmmu8q2u44gzy2xarmnkq70c0ggz72nnh77qmevl62th69k3,0,0,,,17,340000000,00f52def8702b95aa04451ba3dcec0f3f0f4205e54e77f781bcb3fa5,False,True,381263120,0,False,SPARK,100047271,100000000,0,1596220671,,0,0,0,0,0,0,0,0,0,0,SPARK,0,True
8602239,pool18lc8uxyrnuurer7hr77xqh83cp667jazlghe2qetvzfqvxjtdqc,0,0,,,2,340000000,3ff07e18839f383c8fd71fbc605cf1c075af4ba2fa2f95032b609206,False,False,8602239,0.0075,False,,6647174,100000000,0,1596220571,,0,0,0,0,0,0,0,0,0,0,,0,True
943452840826,pool1692dxqqcsavymwz28w44t2jhyjnakvj4l3gwz2dqrarmc2k6dkh,0,166,,,213,285000000,d154d3001887584db84a3bab55aa5724a7db3255fc50e129a01f47bc,False,True,924733916355,0,False,Blueskystaking 0PCT Pool,15467262105,10000000000,47558253749,1596220271,,92316014085,0.0238,0,0.0092,0.0174,0,0.0107,0.0164,0.0053,0.0168,BLUE,252,True
32960433207563,pool1hntu7agmt8u5j9c20ejen7dvq0jfkvkpnul3mrdd8tppqvwfvt2,11,363,bloompool.io,1,3083,340000000,bcd7cf751b59f949170a7e6599f9ac03e49b32c19f3f1d8dad3ac210,False,False,32843761334428,0.04,False,Bloom Two,1000005730992,1000000000000,501116921181,1596219871,,8221421899520,0.0384,0,0.0199,0.0220,0.0071,0.0134,0.0231,0.0165,0.0248,BLOOM,13461,True
0,pool12t3wyzzmg5ms5tzz7w6evedrf7mh07m875r6dfk8xpmgzjc3d9g,0,0,,,1,345000000,52e2e2085b45370a2c42f3b59665a34fb777fb67f507a6a6c7307681,False,False,0,0.15,False,SchengenPool,0,100000000,0,1596219591,,0,0,0,0,0,0,0,0,0,0,LUXFR,0,True
501251536,pool1lj9t0saaxejj6drmxefgejwuy47lx4ewwruwvn3uttyuw6f5389,0,0,adastrong.com,0,2,340000000,fc8ab7c3bd36652d347b36528cc9dc257df3572e70f8e64e3c5ac9c7,False,False,501251536,0.08,False,ADBV,501251536,7000000,0,1596218911,,0,0,0,0,0,0,0,0,0,0,ADBV,0,True
511731024432,pool12f2r9xf4wvht030xwjhpjvy5yptr275qr2qcydnx57jkxyfzz2w,1,131,,,25,170000000,5254329935732eb7c5e674ae1930942056357a801a81823666a7a563,False,True,512079892761,0,False,Cardano FREE stake pool,400270999803,300000000000,37400000000,1596214611,,70405280487,0.0250,0,0.0064,0.0087,0,0.0086,0.0090,0.0085,0.0072,FREE1,167,True
64401858412,pool16nnl8ymck6c20x86lfd5p9q3yp9w749cam26y985459ww6kjtz8,0,0,,,6,340000000,d4e7f39378b6b0a798fafa5b409411204aef54b8eed5a214f4ad0ae7,False,False,64401858412,0.05,False,SKADEA,50105884234,50000000000,0,1596214571,,0,0,0,0,0,0,0,0,0,0,ska1,0,True
19326503088204,pool1aqg6fvhcaulvss2ruvpx6ur9vj7pejvdcxv6xp0qlwuwx94evf0,4,358,,,3909,340000000,e811a4b2f8ef3ec84143e3026d706564bc1cc98dc199a305e0fbb8e3,False,False,19306715394548,0.02,False,SargatxetPool,25006732093,25000000000,204961572329,1596213791,,4150911409769,0.0368,0,0.0242,0.0250,0.0116,0.0151,0.0251,0.0202,0.0254,SARGA,7540,True
9452807865849,pool1zc7vxe3ymyej76h8wu8gm79chtt7w9c3adkza4uhrjvagr9w4zp,4,344,kaizencrypto.com,1,818,340000000,163cc36624d9332f6ae7770e8df8b8bad7e71711eb6c2ed7971c99d4,False,False,9114861358402,0.025,False,✨Krishna Stake Pool by Kaizen Crypto,5137602487,5000000000,211319787637,1596212991,,3695687164665,0.0408,0,0.0226,0.0199,0.0132,0.0123,0.0237,0.0208,0.0246,KRSNA,6157,True
1200000,pool1apts5675m9f6tkp4ed2jeu35azt7a0hxd3dypzjvwr2hxu6lg9a,0,0,,,1,340000000,e8570a6bd4d953a5d835cb552cf234e897eebee66c5a408a4c70d573,False,False,1200000,0.007,False,ANON LowFee,0,0,0,1596212991,,0,0,0,0,0,0,0,0,0,0,ANON,0,True
1637994736637,pool12n6lycv28kjtkzecfz2a3uujyxy6ewuwjcmjq84my67psqmgagv,0,354,,,16,340000000,54f5f2618a3da4bb0b384895d8f3922189acbb8e9637201ebb26bc18,False,False,1639239695942,0,False,MANTIS POOL,104725154749,100000000000,175299074955,1596212871,,5438816090732,0.0407,0,0.0084,0.0095,0,0.0002,0.0137,0.0002,0.0270,MANT,8658,True
55651486,pool1m5chjwkxs3w5l43uf4y9ys2pprqxv86ffdm0fr4n38np2c7mhg6,0,0,,,4,340000000,dd31793ac6845d4fd63c4d4852414108c0661f494b76f48eb389e615,False,False,55651486,0.01,False,,0,500001000000,0,1596210811,,0,0,0,0,0,0,0,0,0,0,,0,True
631789713554,pool1xj5f7a79lnc9v0gjn00fkf2lyzexngka59tpcew5rrkyqveagpt,0,199,,,189,340000000,34a89f77c5fcf0563d129bde9b255f20b269a2dda1561c65d418ec40,False,False,630743227408,0.0185,False,Green Stake Pool,7030778374,1000000000,72835479111,1596205451,,280649299354,0.0313,0,0.0106,0.0097,0,0.0004,0.0054,0.0070,0.0064,GREEN,538,True
6000000,pool1lssudmnyy4vlzrvpmw4539xwklnx0lm2murc9t7n25u9sg2ce3n,0,0,,,2,340000000,fc21c6ee642559f10d81dbab4894ceb7e667ff6adf0782afd3553858,False,False,6000000,0.02,False,PREVISIONZ,6000000,45000000000,0,1596204991,,0,0,0,0,0,0,0,0,0,0,PREV,0,True
224740749308,pool1yz3fnqnsqhqpkc2tjqn4dkws8nnr8a5kcs50g780nh0wk8tgnp2,0,81,,,100,340000000,20a299827005c01b614b902756d9d03ce633f696c428f478ef9ddeeb,False,False,224740749308,0.005,False,Spanish Stake Pool,4310378273,100000000,27523120662,1596202971,,36748061148,0.0230,0,0.0102,0.0067,0,0,0.0070,0.0200,0.0080,ADAES,92,True
52375362698163,pool14skj6e4rpjanzclx3fc880xnl8xafgg63tmw93t9xspvwx985qu,10,347,everstake.one,0,20076,400000000,ac2d2d66a30cbb3163e68a7073bcd3f9cdd4a11a8af6e2c5653402c7,False,False,52512159678402,0.04,False,Everstake,1500658185,1000000000,425865220333,1596200131,,8100710221828,0.0348,0,0.0221,0.0231,0.0117,0.0169,0.0237,0.0223,0.0247,EVRST,15496,True
4536054741,pool1f3ptnevzpgwjx32az75u7nth59gkqxe5h5qld86a8vm0j5jrms3,0,17,stake1u9p5futnwvavsgu3cn0dmnhctgeclvsrj60yj9jpj7dwpmswjudcm,0,17,340000000,4c42b9e5820a1d23455d17a9cf4d77a151601b34bd01f69f5d3b36f9,False,True,5150654741,0,False,The Chicken Pool,0,1100000000,5440000000,1596199851,,20267000167,0.0436,0,0,0,0,0,0,0,0,CHKN,20,True
1397597051112,pool13ws3wf9skw0ngg3aze482tdxqsnfmvf4vgy46cux599mxm8n27g,1,242,,,52,170000000,8ba11724b0b39f34223d166a752da604269db13562095d6386a14bb3,False,True,1397842776896,0,True,8BALL,898754690536,808000000000,70541352530,1596194071,,181244306468,0.0257,0,0.0119,0.0150,0.0048,0.0032,0.0141,0.0064,0.0231,8BALL,475,True
3511020634,pool1e5efe78z67djz6juekzw2hqpu3tn9eaqmekdnqn2am6j25kmrt8,0,0,,,2,345000000,cd329cf8e2d79b216a5ccd84e55c01e45732e7a0de6cd9826aeef525,False,False,3511023293,0.042,False,Hollandaise Pool,3502420645,3500000000,0,1596192751,,0,0,0,0,0,0,0,0,0,0,HOLL,0,True
25021369300,pool128sj7hpet8874ycvxml85wlv9eyd8pehjhnj3clcvhrr5g5s9qj,0,0,ada-pool.s3.amazonaws.com,0,3,340000000,51e12f5c3959cfea930c36fe7a3bec2e48d3873795e728e3f865c63a,False,False,25021369300,0.01,False,Biz Pool,13456933998,10000000000,0,1596192551,,0,0,0,0,0,0,0,0,0,0,BIZ,0,True
9363993122,pool14prutdqlndelj94pdz6h03yjh8c2qrmvgzrh4f46nryn2024u90,0,0,,,9,345000000,a847c5b41f9b73f916a168b577c492b9f0a00f6c40877aa6ba98c935,False,False,9363993122,0.2,False,ADAmantium Pool,1019823411,1000000000,0,1596187471,,0,0,0,0,0,0,0,0,0,0,ADAMP,0,True
76079910319257,pool1ekcsyzwexl7p2kwxxh34hy28l6772vrmff7jwmuxsa6u6fzty9z,19,363,bmtxs.github.io,0,5210,170000000,cdb10209d937fc1559c635e35b9147febde5307b4a7d276f868775cd,False,True,76032591954873,0,True,ADALovelacePool,1001789801284,1000000000000,122196580841,1596184771,,13095354100483,0.0379,0,0.0233,0.0241,0.0137,0.0166,0.0256,0.0193,0.0270,ADALO,22735,True
7001797824151,pool1lkpj6fa4l0sy39qfvyl4pcsnnd22y8np8j98vzwula2kuxgers4,0,362,cardano.ipclub29.com,1,689,340000000,fd832d27b5fbe0489409613f50e2139b54a21e613c8a7609dcff556e,False,True,7002876556766,0.01,False,JOY,50188734837,50000000000,245653982474,1596184471,,6409004878223,0.0438,0,0.0174,0.0183,0.0036,0.0060,0.0208,0.0129,0.0243,JOY,9040,True
4161170389665,pool1t9m69j5thv2ke9jt9hhsgxlag44z7erp2s2ukcpruwhwqarc9np,0,342,,,56,170000000,5977a2ca8bbb156c964b2def041bfd456a2f64615415cb6023e3aee0,False,True,4160314180698,0.03,False,Centimani Stake Pool,108260363066,100000000000,116050764100,1596183071,,713023930011,0.0341,0,0.0177,0.0237,0.0136,0.0181,0.0216,0.0227,0.0232,CEMA1,1345,True
10389873100730,pool1vh4y864hcq2r66ak37w4dsnkhnsfxaaacs0p5s4vj5676m6txwm,3,363,cardano.ipclub29.com,0,1492,340000000,65ea43eab7c0143d6bb68f9d56c276bce09377bdc41e1a42ac9535ed,False,False,10188823077069,0.01,False,HOPE,50719271864,50000000000,213733339473,1596180531,,5116585989225,0.0429,0,0.0166,0.0179,0.0061,0.0090,0.0221,0.0135,0.0250,HOPE,7659,True
4781241977,pool136ahugdvaenv8ed0d3m9af4dxxtzu7u3vpfq4mxk7qq6xuvd0ca,0,157,,,16,340000000,8ebb7e21acee66c3e5af6c765ea6ad31962e7b9160520aecd6f001a3,False,False,4781241977,0.01,False,BloxBean Pool,13779249,50000000000,62273658158,1596179611,,624143626846,0.0381,0,0,0,0,0,0,0,0,BLOXB,1028,True
6798860238884,pool18hkq2t8ss45h4fkr92f52flhc4mpzedx5mcz4xhnpj0dzp76028,2,327,,,309,225000000,3dec052cf085697aa6c32a934527f7c5761165a6a6f02a9af30c9ed1,False,False,6805711111941,0.001,False,CardanoPool.XYZ,9630537262,22000000,104260382126,1596175471,,807545107611,0.0351,0,0.0206,0.0204,0.0082,0.0122,0.0204,0.0124,0.0233,XYZ,1622,True
7524334329,pool1agk62kg0s9606v78exurl53mqsdu44d6qeuzypur5e7ku6gpgzp,0,67,,,19,340000000,ea2da5590f8174fd33c7c9b83fd23b041bcad5ba0678220783a67d6e,False,False,7524334329,0,False,💰  Sophia's ZERO Margin Pool,1000973115,1000000000,27559464385,1596169971,,100027682305,0.0363,0,0,0,0,0,0,0,0,SoPHi,144,True
2658790586628,pool1gu33fszp9ek0w9fkdt2xpnp4vznvvv2vhktc0dypa8fr53lc9pc,1,346,arcadiastakepool.com,1,187,170000000,472314c0412e6cf715366ad460cc3560a6c6314cbd9787b481e9d23a,False,True,2230606949491,0.01,False,Arcadia's TESLA Pool,264470792914,200001000000,109513031700,1596168351,,1073685999772,0.0391,0,0.0198,0.0190,0.0291,0.0232,0.0197,0.0184,0.0230,TESLA,1912,True
12450996009,pool1g5k0fks847av9zdayg05htnj8wx0ah7jmnwwqlt63rjdzyjr93n,0,58,arcadiastakepool.com,0,8,170000000,452cf4da07afbac289bd221f4bae723b8cfedfd2dcdce07d7a88e4d1,False,True,12450996009,0.01,False,Arcadia's ADAMS Pool,9630536499,5000000000,19439330324,1596168151,,56363705460,0.0356,0,0,0,0,0,0,0,0,ADAMS,83,True
7786285385,pool1ntyzyya7yde0yrna4q9n4g7m0gttpy35jzld9mckmtz0zfm28nq,0,0,,,1,340000000,9ac82213be2372f20e7da80b3aa3db7a16b0923490bed2ef16dac4f1,False,False,7786285385,0.03,False,MMDIG,0,20000000000,0,1596168071,,0,0,0,0,0,0,0,0,0,0,MMDIG,0,True
3327443346230,pool10mf43thtl3keag50mrlvqa78xkwg7harmu4w5yzr3k7jvw0ap43,0,320,,,380,190000000,7ed358aeebfc6d9ea28fd8fec077c7359c8f5fa3df2aea10438dbd26,False,False,3342754092992,0,False,JORGE,178257503325,1000000000,93689927574,1596168031,,679168221041,0.0331,0,0.0122,0.0165,0.0096,0.0064,0.0183,0.0115,0.0226,JORGE,1401,True
109506640900,pool1wm89xjqp96t3mlun3pa5suxa3t4s5lluq239en0nxl7pcm5tprc,0,117,heysoftwareinnovation.com,0,94,2500000000,76ce5348012e971dff93887b4870dd8aeb0a7ffc02a25ccdf337fc1c,False,False,109506640900,0,False,SHOP Pool,13731779069,1000000,49747838786,1596165191,,256154620283,0.0444,0,0,0,0,0,0,0,0,SHOP,391,True
101747256080,pool18q92uyx3973u3qt64nxf8p7us58gwkytrn0c3ed2a99s5uc9usc,0,2,itcpool.github.io,0,7,340000000,380aae10d12fa3c8817aaccc9387dc850e87588b1cdf88e5aae94b0a,False,False,101747256080,0.03,False,Freedompool,101675061005,100000000000,567132131,1596162891,,1019370445,0.0017,0,0,0,0,0,0,0,0,FREE,2,True
23633042960573,pool1jeu74g86ys4fekhykqcww99kdsq3nlym8a6kfw8s8ff3vskad70,2,363,kaizencrypto.com,0,2870,340000000,9679eaa0fa242a9cdae4b030e714b66c0119fc9b3f7564b8f03a5316,False,True,23598077543596,0.025,False,Kaizen Crypto Stake Pool,6020435538,5000000000,309111370677,1596158611,,7238307517664,0.0403,0,0.0224,0.0236,0.0122,0.0155,0.0240,0.0207,0.0249,KAIZN,11246,True
124984023079,pool1ftfgs9lp0l4l07glvemrzu86pqvxrvzsn85lc3hathlq5ddsw49,0,8,raidpools.com,6,5,340000000,4ad28817e17febf7f91f66763170fa081861b05099e9fc46fd5dfe0a,False,False,124984023079,0.01,False,Raid Pools,34119485702,30000000000,2755767519,1596157691,,3540984687,0.0158,0,0,0,0,0,0,0,0,RAID6,8,True
38412037746,pool1vd3rfulk3x3k6mafusvrtnzysx9qkcgcks9an2alcpm55msk63g,0,9,raidpools.com,5,2,340000000,636234f3f689a36d6fa9e41835cc44818a0b6118b40bd9abbfc0774a,False,False,38412037746,0.01,False,Raid Pools,33997782477,30000000000,3092747723,1596157491,,3242024959,0.0177,0,0,0,0,0,0,0,0.0019,RAID5,10,True
33807992913,pool1ps39v4j035ejzrga2qt56cfhjuwx38wved8rd0mujtyh6r5mt3c,0,5,raidpools.com,4,4,340000000,0c2256564f8d33210d1d50174d6137971c689dcccb4e36bf7c92c97d,False,False,33807992913,0.01,False,Raid Pools,32173632068,30000000000,1727135003,1596157311,,2686365569,0.0164,0,0,0,0,0,0,0,0,RAID4,5,True
1957114,pool1jcpwtg5ce6xr42v37nk3xahmduwrs87mvd6pkm92v7tj2ux8v5j,0,0,,,2,340000000,9602e5a298ce8c3aa991f4ed1376fb6f1c381fdb63741b6caa679725,False,False,1957114,0.03,False,,0,0,0,1596157211,,0,0,0,0,0,0,0,0,0,0,,0,True
123491438458,pool1h0jfkyfqt729vxhq8ndxffcqn2afjhzzlwqecrvsufgu5sag0sj,0,46,raidpools.com,3,7,340000000,bbe49b11205f94561ae03cda64a7009aba995c42fb819c0d90e251ca,False,False,123491438458,0.01,False,Raid Pools,63239718566,50000000000,15681521532,1596157091,,22602086047,0.0279,0,0,0.0012,0,0,0.0014,0,0.0020,RAID3,53,True
36375194089,pool1ec5lvdyd9dghpezzeqfzn48yvw34ff6u6m9tlh08kjjaxx4nxmk,0,9,raidpools.com,2,4,340000000,ce29f6348d2b5170e442c81229d4e463a354a75cd6cabfdde7b4a5d3,False,False,36375194089,0.01,False,Raid Pools,33738795901,30000000000,3129652040,1596156891,,6895552301,0.0207,0,0,0,0,0,0,0,0,RAID2,10,True
36732618442,pool1qel9h28zarup4g5dx95smeggfruq26k47lc8e6wmdzaaywyj63r,0,10,raidpools.com,1,4,340000000,067e5ba8e2e8f81aa28d31690de50848f8056ad5f7f07ce9db68bbd2,False,False,36732618442,0.01,False,Raid Pools,33806430839,30000000000,3448290245,1596156691,,4780734548,0.0220,0,0,0,0,0,0,0,0,RAID1,10,True
35249722947,pool1cl3fhy6me0nf5jnxahk997r0529aumt967kw4yml5vraq94mdk4,0,6,raidpools.com,0,6,340000000,c7e29b935bcbe69a4a66edec52f86fa28bde6d65d7acea937fa307d0,False,False,35249722947,0.01,False,Raid Pools,33501481433,30000000000,2067381473,1596156491,,2710766322,0.0118,0,0,0,0,0,0,0,0,RAID,6,True
12280944139,pool1n20x3spgcj72k0azl85gxt72qzr2eq7sr53tlmwdg8wrz60ynzn,0,46,,,25,340000000,9a9e68c028c4bcab3fa2f9e8832fca0086ac83d01d22bfedcd41dc31,False,False,12280944139,0.0001,False,Mamak_Pool,0,50000000000,15642389243,1596156231,,17032834244,0.0133,0,0,0,0,0,0,0,0,MAMAK,52,True
1268333813156,pool1ywt7jqfsmxg0yplku4mtdwtm476rp72z6fns9mhevf7u72pkupj,0,162,,,18,340000000,2397e90130d990f207f6e576b6b97bafb430f942d26702eef9627dcf,False,False,1266169987413,0.03,False,Unique,1107292894106,1000000000000,65247098300,1596154631,,319785172797,0.0321,0,0,0,0,0,0,0,0,UNIQ,577,True
20006497142251,pool1m62sl6rauje9cknrkhwl39tc4hujudkd7gp478dpz7tagmjr8wm,2,363,,,4217,340000000,de950fe87de4b25c5a63b5ddf89578adf92e36cdf2035f1da11797d4,False,False,19914193886615,0.0089,False,Node Networks,156254627969,135000000000,172747406182,1596154471,,7107742498295,0.0405,0,0.0198,0.0204,0.0134,0.0175,0.0216,0.0181,0.0246,NODE,11368,True
17778054569637,pool1evg78egp8gfqae273kvmmdee2dnt6vty60dpwdespg4hujznh3a,5,362,,,812,340000000,cb11e3e5013a120ee55e8d99bdb7395366bd3164d3da1737300a2b7e,False,False,17780393470881,0.018,False,Squid Pool,100176083999,100000000000,167322853628,1596153571,,4942240424397,0.0358,0,0.0218,0.0235,0.0121,0.0156,0.0245,0.0213,0.0262,SQUID,9349,True
0,pool1yqw3cxc8c9v34305ccz5sx5r4c7tx04ph4w2x8n2hczhurt9j0h,0,0,lucky-pool.com,1,0,345000000,201d1c1b07c1591ac5f4c605481a83ae3cb33ea1bd5ca31e6abe057e,False,False,0,0.01,False,Lucky Pool Overflow Account,0,10000000000,0,1596153551,,0,0,0,0,0,0,0,0,0,0,LUCK2,0,True
0,pool1xk8xt05lck3sm86yzwu2xgrser0t7g4jzrvqhks9u9tg2tca52s,0,0,lucky-pool.com,0,0,345000000,358e65be9fc5a30d9f4413b8a32070c8debf22b210d80bda05e15685,False,False,0,0.01,False,Lucky Pool,0,10000000000,0,1596153531,,0,0,0,0,0,0,0,0,0,0,LUCKY,0,True
27431966979,pool1cyha5jsy6g06w699tw4awy2jw7gxj0azm38yzetr7zls7rkl0t0,0,12,plutusoracle.com,1,11,340000000,c12fda4a04d21fa768a55babd711527790693fa2dc4e416563f0bf0f,False,True,27431966979,0.01,False,Plutus Pool 1% fee,7947337229,5000000000,4186992856,1596152991,,10592293340,0.0298,0,0,0,0,0,0,0,0.0027,PLUTS,15,True
0,pool1k0w7n5rfxdzgfxpy8x6t7zfy6pfwrp54se7ezhxxed2x7mfmszy,0,0,,,3,340000000,b3dde9d069334484982439b4bf0924d052e18695867d915cc6cb546f,False,False,0,0,False,FreshAdaPool,0,60000000000,0,1596152611,,0,0,0,0,0,0,0,0,0,0,FRESH,0,True
21451611123,pool1t74ckqauwmn9ef5ye0h7c5wsgfd36zx24ue9wvj4vj95cl54aff,0,27,plutusoracle.com,0,24,340000000,5fab8b03bc76e65ca684cbefec51d0425b1d08caaf32573255648b4c,False,False,21451611123,0.01,False,Oracle Stake Pool,12716616170,2000000000,9257891074,1596151971,,7711217655,0.0186,0,0,0,0,0,0,0,0.0128,ORACL,31,True
6444552,pool1aksxtgqz36vtvnf3rrgrzz9qxrvjv4p2ukqcdyv5q66s5eqhql9,0,0,,,5,345000000,eda065a0028e98b64d3118d03108a030d926542ae58186919406b50a,False,False,6444552,0.03,False,Hodl & Stake,6444552,110000000000,0,1596151811,,0,0,0,0,0,0,0,0,0,0,HDLS,0,True
4988631386,pool1a58fg4u3mcr2zwyqlc4dqd6mnwqjmcussmpmcml9lrmszwedmfy,0,1,,,4,340000000,ed0e945791de06a13880fe2ad0375b9b812de39086c3bc6fe5f8f701,False,False,4988631386,0.0075,False,,470531542,100000000,352934488,1596151791,,1711664030,0.0233,0,0,0,0,0,0,0,0,,1,True
8028761609,pool18en4vtxkjt3u5x6ctu9l3nqmr6pm3r7akxgu84450xdvkr4j827,0,0,,,3,340000000,3e67562cd692e3ca1b585f0bf8cc1b1e83b88fddb191c3d6b4799acb,False,False,8028761609,0.03,False,Equity Stake Pool,3500428917,3000000000,0,1596151291,,0,0,0,0,0,0,0,0,0,0,EQITY,0,True
9220080991528,pool1u4sxd6x0qsy7evljt24vtnyhpxd098n609sfcmly6c096mr3jgq,2,361,scardano.io,0,589,340000000,e56066e8cf0409ecb3f25aaac5cc97099af29e7a79609c6fe4d61e5d,False,False,9141114590901,0.0199,False,SCARdano,24997161372,5000000000,214210912312,1596150971,,4518759150255,0.0434,0,0.0190,0.0198,0.0165,0.0183,0.0214,0.0174,0.0209,SCAR,6189,True
8009081322,pool1tamft50mh0vjm346d9lusczc8fxxyh5z6fk2eel38srwvz38d78,0,2,,,4,340000000,5f7695d1fbbbd92dc6ba697fc860583a4c625e82d26cace7f13c06e6,False,False,8009081322,0.03,False,Digitx Pool,5588125543,5500000000,759350092,1596150791,,2565652987,0.0394,0,0,0,0,0,0,0,0,DGITX,2,True
1606055309929,pool1js570lkcs6t3pwsj3eda0zz43mc5gm922ae5rdxcfn84gu5uyrg,0,250,,,25,340000000,9429e7fed8869710ba128e5bd788558ef1446caa577341b4d84ccf54,False,True,1606055309929,0.02,False,Asset Stake Pool 2% fee,181913804673,150000000000,95907328384,1596149931,,534117167865,0.0379,0,0,0.0000,0,0,0.0021,0,0.0109,ASSET,805,True
6523048429,pool16uf3j299ndwd3xmv6fvh648pc3s4c3y80g2t0y2rwew3xz6c3aa,0,1,,,4,340000000,d7131928a59b5cd89b6cd2597d54e1c4615c44877a14b79143765d13,False,True,6523048429,0.02,False,Global Staking Pool,4065410123,3000000000,346692410,1596149191,,327928108,0.0079,0,0,0,0,0,0,0,0,GLOB,1,True
237043544518,pool1n5kljtvdhg29vrhr6uefqk76dpepzfwuvsw8zd0z5yqfuqj7x8a,0,110,,,7,340000000,9d2df92d8dba14560ee3d732905bda68721125dc641c7135e2a1009e,False,True,237043544518,0.01,False,TEAM Staking,25494882493,25000000000,37786748211,1596147991,,38250632412,0.0194,0,0,0.0063,0,0,0.0079,0,0.0126,TEAM,131,True
0,pool196e8g7evuyf84jz4gr6f4xacudmupxs3ad323krx9e4xse6cf8y,0,0,stake1uxfxeju3023qv9q0xtgs0pwx43dc75khwx0kj5ck30hnqwsldzk0g,0,1,345000000,2eb2747b2ce1127ac85540f49a9bb8e377c09a11eb62a8d8662e6a68,False,False,0,0.02,False,,0,2000000000,0,1596145971,,0,0,0,0,0,0,0,0,0,0,,0,True
372051354853,pool1k6knum588fm9fe5tmljeytyx65rv6h5jn8au824t86zt62nyd9e,0,294,,,240,170000000,b6ad3e6e873a7654e68bdfe5922c86d506cd5e9299fbc3aaab3e84bd,False,True,371933342487,0.01,False,ADA.ZONE,0,0,111443660572,1596145951,,1499054509400,0.0428,0,0.0045,0.0111,0,0,0.0087,0.0055,0.0090,ZONE,2170,True
1399721993111,pool1ntwurms3f0j4kqe5wfpg9chlasylp0lmuw72m4fn66vnuyrvs8v,0,253,git.io/JOkNh,0,34,170000000,9addc1ee114be55b0334724282e2ffec09f0bffbe3bcadd533d6993e,False,False,1400099941880,0,False,MANGO FARM,244797395437,180000000000,70116184645,1596145811,,177160056852,0.0273,0,0.0139,0.0171,0,0.0148,0.0208,0.0103,0.0216,MANGO,423,True
13052278210,pool1mc4h5pk0juqfd5lj08d09d9tfeyd86v7se4kq2jyu9j0jy8ey4y,0,45,,,12,340000000,de2b7a06cf970096d3f279daf2b4ab4e48d3e99e866b602a44e164f9,False,False,13052278210,0.02,False,Turing Pool One,4367959,10000000000,16214445840,1596144251,,44151365905,0.0324,0,0,0,0,0,0,0,0,TURIN,65,True
422420629601,pool1dgmuwu0txducah4pes4e2avlcv98wedml33kdz7ujtrrxk8xv9y,0,126,,,19,340000000,6a37c771eb33798edea1cc2b95759fc30a7765bbfc63668bdc92c633,False,False,422769467198,0.013,True,XOR NAND,250355864069,250000000000,44391832485,1596143651,,102241060372,0.0285,0,0.0059,0.0039,0,0,0.0086,0.0003,0.0053,XORN,204,True
481259034,pool1w3s6gk83y2g3670emy3yfjw9myz3u4whph7peah653rmsfegyj3,0,0,,,4,340000000,7461a458f122911d79f9d92244c9c5d9051e55d70dfc1cf6faa447b8,False,False,481259034,0,False,Island Pool,0,0,0,1596143311,,0,0,0,0,0,0,0,0,0,0,ISLE,0,True
626021000662,pool1afv4cmmjdkujtd5r9t63090a3frwwqy8f3e46gz003vyzjcj63r,0,221,,,490,340000000,ea595c6f726db925b6832af51795fd8a46e700874c735d204f7c5841,False,False,625860176547,0.02,False,Endeavor One,1939663,150000000000,174825967705,1596142111,,4770497716077,0.0396,0,0,0,0,0,0,0,0,ENDVR,7441,True
5477524588,pool1cuzhrcpp676p4u9yk2vrtj7utmq2dy4ey56uw6znml2f5hrpgpw,0,0,,,3,345000000,c70571e021d7b41af0a4b29835cbdc5ec0a692b92535c76853dfd49a,False,False,5477524588,0.03,False,Miami Stakepool,640528036,500000000,0,1596140451,,0,0,0,0,0,0,0,0,0,0,MIAMI,0,True
15698730634962,pool1qvhss6kxmtl27nr4ugvypayhvt4a4vzll8p9csdg2v8q7d22llu,5,359,,,952,340000000,032f086ac6dafeaf4c75e21840f49762ebdab05ff9c25c41a8530e0f,False,False,15241055397445,0.02,False,Ad Astra Stake Pool,50025000000,50000000000,169513323740,1596139771,,3814910679930,0.0369,0,0.0216,0.0210,0.0072,0.0117,0.0219,0.0188,0.0246,ASTRA,6940,True
1910228740783,pool1sf784g6eje8vzq9f5wu583eurhfq2ee9hzyhl46yezkuqqtmw07,0,250,,,348,170000000,827c7aa359964ec100a9a3b943c73c1dd2056725b8897fd744c8adc0,False,True,1989881665072,0.01,False,🌌 NOVApool.io,12725686384,10000000000,66944144467,1596139671,,281579648230,0.0264,0,0.0124,0.0150,0.0032,0.0124,0.0193,0.0154,0.0195,NOVA,693,True
66143998423642,pool15yyxtkhz64p7a8cnax9l7u82s9t9hdhyxsa3tdm977qhgpnsuhq,16,363,cardano.securestaking.io,0,3308,170000000,a10865dae2d543ee9f13e98bff70ea81565bb6e4343b15b765f78174,False,False,66134839816147,0.03,False,ONE SecureStaking.io,152494348294,100000000000,203396815465,1596138011,,11155385777557,0.0368,0,0.0236,0.0235,0.0140,0.0179,0.0248,0.0206,0.0260,SECUR,19667,True
5769214267814,pool1qzlwlyu92fsx94qu6u5nw3sy334f5yat3dv3jgx0grrsv0kp422,3,362,bluecheesestakehouse.com,2,709,400000000,00beef9385526062d41cd7293746048c6a9a13ab8b591920cf40c706,False,False,5707505566701,0.025,False,Blue Cheese Stakehouse,500027077179,500001950000,220560753554,1596137231,,2932106972302,0.0403,0,0.0207,0.0212,0.0106,0.0126,0.0216,0.0162,0.0228,BCSH1,4434,True
0,pool1qatl6qf2zja8a3hyhn42ar5a54h9k0dn3hd2j4uxvz5mqn25zy5,0,0,,,2,350000000,0757fd012a14ba7ec6e4bceaae8e9da56e5b3db38ddaa9578660a9b0,False,False,0,0.03,False,BeefStake,0,125000000000,0,1596137131,,0,0,0,0,0,0,0,0,0,0,BEEF,0,True
10115939397912,pool10eltx2wej46e62ulmwzm35xfu0azu47yvpjper7gwhncqe74vg6,4,319,,,1439,340000000,7e7eb329d995759d2b9fdb85b8d0c9e3fa2e57c460641c8fc875e780,False,False,10101808714957,0.029,True,Chile_Stake_po,35010188252,35000000000,136682327389,1596134811,,966382821957,0.0316,0,0.0236,0.0232,0.0122,0.0163,0.0222,0.0213,0.0244,CHIL,2140,True
1000000,pool1k8l84smxjczp2mpqmn7qsd23j7h4vd7rwagdscsrjecvgplkmw8,0,0,,,1,340000000,b1fe7ac3669604156c20dcfc08355197af5637c37750d862039670c4,False,False,1000000,0.02,False,,1000000,600000000000,0,1596132531,,0,0,0,0,0,0,0,0,0,0,,0,True
388773920949,pool17y0uw9jraxxtqk4mhgkhkye2v6jqzn84u8hl68l9xwq3cvm2vqw,0,119,,,29,340000000,f11fc71643e98cb05abbba2d7b132a66a4014cf5e1effd1fe533811c,False,True,388971915929,0.01,False,Adanaut Stake Pool,154732420453,100000000000,42969780541,1596132071,,113137016661,0.0321,0,0.0009,0.0010,0.0009,0.0006,0.0014,0.0009,0.0040,ADNT,240,True
641645794442,pool1w2duw0lk7lxjpfqjguxvtp0znhaqf8l2yvzcfd72l8fuk0h77gy,0,38,,,37,170000000,729bc73ff6f7cd20a412470cc585e29dfa049fea230584b7caf9d3cb,False,False,641640268697,0.01,True,Prime Stake Pool,9902297658,7000000000,8741712992,1596130931,,23929587984,0.0269,0,0.0137,0.0134,0,0.0067,0.0155,0.0121,0.0143,PSP,55,True
30135170329345,pool15zrkyr0f80hxlt4scv72tej8l8zwrcphmrega9wutqchjekceal,8,356,zetetic.tech,0,6774,340000000,a087620de93bee6faeb0c33ca5e647f9c4e1e037d8f28e95dc583179,False,False,30126227040792,0,False,Zetetic,18318758616,10000000000,174153348565,1596127831,,8687549702445,0.0393,0,0.0235,0.0239,0.0140,0.0173,0.0252,0.0206,0.0262,ZETE,14791,True
1087461798,pool1488f5rzus7kpu3zr6zwyw8mdy0rj4m3knssv58enurgsx40msjf,0,0,,,4,350000000,a9ce9a0c5c87ac1e4443d09c471f6d23c72aee369c20ca1f33e0d103,False,False,1087461798,0.02,False,Severino,589624382,500000000,0,1596127431,,0,0,0,0,0,0,0,0,0,0,SSADA,0,True
461268813066,pool1dj4l8qma9zzqqzhsawdkvxrs7qyqyv70kn56ywdqqazscvcqvva,0,153,,,69,340000000,6cabf3837d2884000af0eb9b661870f0080233cfb4e9a239a007450c,False,False,462568632885,0.0099,False,Chicago Public Pool,51477718900,50000000000,58293575160,1596126531,,198247938433,0.0304,0,0.0098,0.0070,0,0.0379,0.0055,0.0193,0.0043,K9K,327,True
1415156858651,pool156wg3relgtlhwu55z3wpqurtaprguefe9tzrakhuqyyc60553au,0,224,,,29,340000000,a69c888f3f42ff777294145c10706be8468e65392ac43edafc01098d,False,False,1415789252840,0.01,True,Lab44 Stakepool,559419438303,500000000000,77441510058,1596126011,,259543825927,0.0308,0,0.0110,0.0085,0.0183,0.0124,0.0121,0.0094,0.0128,LAB44,539,True
3484818479901,pool1r8938r4ts8f4t8nsp9xl9dktzapt7f67jgpsp4wrju39xrdnaye,2,355,,,199,340000000,19cb138eab81d3559e70094df2b6cb1742bf275e920300d5c3972253,False,False,3483471338252,0.0085,False,Fresco Pool,76705547781,70000000000,127038449348,1596125191,,932742563033,0.0342,0,0.0203,0.0180,0.0147,0.0172,0.0197,0.0197,0.0226,VENUS,1808,True
57432257993561,pool1qqqqpanw9zc0rzh0yp247nzf2s35uvnsm7aaesfl2nnejaev0uc,7,363,titanstaking.io,0,5030,170000000,000000f66e28b0f18aef20555f4c4954234e3270dfbbdcc13f54e799,False,False,57130780129894,0.01,False,TITANstaking,250002026843,250000000000,241633177694,1596123051,,9919379028891,0.0370,0,0.0228,0.0234,0.0139,0.0169,0.0247,0.0220,0.0264,TITAN,18326,True
716185182768,pool1ulx9ennungrtcucslrpz93cze5fddlg96h0wwj83p6fpsrvgz2v,1,232,,,124,340000000,e7cc5cce7c9a06bc7310f8c222c702cd12d6fd05d5dee748f10e9218,False,False,712371226344,0.02,False,GENKIPOOL,357951581379,253467828509,87769861588,1596122431,,457531579640,0.0420,0,0.0154,0.0125,0.0005,0.0003,0.0108,0.0121,0.0090,GENKI,718,True
10332251008,pool142cpn2gm89q72srv9pt7jtt7p7yg43a8ltfqhz3jp3t3xuh7x48,0,0,,,3,345000000,aab019a91b3941e5406c2857e92d7e0f888ac7a7fad20b8a320c5713,False,False,10332251008,0.045,False,Quasar Pool,497620950,100000000,0,1596121311,,0,0,0,0,0,0,0,0,0,0,QUASR,0,True
2651672498412,pool1cew2q6pge250exctkq26lyl0w95923xxa54thd79nv8xy9j3xe6,0,338,,,81,170000000,c65ca06828caa8fc9b0bb015af93ef71685544c6ed2abbb7c59b0e62,False,False,2648314885311,0.02,False,Arrakis,1012686697197,50000000000,109581266325,1596120731,,818762939679,0.0342,0,0.0130,0.0172,0.0024,0.0064,0.0193,0.0135,0.0193,ARRA,1625,True
950224355904,pool1n500map6vvxwkxnrw5m9vgmjqrmtaxuuxkgqvzz7699c7qc550v,0,241,,,57,340000000,9d1efdf43a630ceb1a63753656237200f6be9b9c359006085ed14b8f,False,False,950226280459,0.005,False,Texan_Stakes,528054991503,525000000000,82365520315,1596119291,,128039985944,0.0228,0,0.0023,0.0030,0.0003,0.0004,0.0051,0.0003,0.0101,TEXAN,385,True
35582360077595,pool1qnrqc7zpwye2r9wtkayh2dryvfqs7unp99f2039duljrsaffq5c,8,363,nu.fi,0,5029,340000000,04c60c78417132a195cbb74975346462410f72612952a7c4ade7e438,False,False,35617826075340,0.03,False,Nu.Fi & AdaLite,1002829501,1000000000,370429751870,1596116811,,8020201154759,0.0386,0,0.0230,0.0230,0.0105,0.0150,0.0241,0.0210,0.0256,NUFI,12840,True
72526145290966,pool1xytvsd9qnvqxpthh9p8k85e823trvn3npxeur8kr9zhkqz5uls9,22,362,adavault.com,0,5101,340000000,3116c834a09b0060aef7284f63d3275456364e3309b3c19ec328af60,False,False,72086753929626,0,True,ADAvault,252586299521,250000000000,123583846090,1596115911,,11530247807170,0.0368,0,0.0229,0.0236,0.0123,0.0140,0.0252,0.0217,0.0263,ADV,21433,True
18737033,pool1h08araxldht60j00vp8lzllmwyevjwqd5zwyprc62536gk4s5ge,0,0,,,6,340000000,bbcfd1f4df6dd7a7c9ef604ff17ffb7132c9380da09c408f1a5523a4,False,False,18737033,0.0275,False,quirky freckle,7823411,125000000000,0,1596115251,,0,0,0,0,0,0,0,0,0,0,QFR,0,True
71992433104277,pool1k0ucs0fau2vhr3p7qh7mnpfgrllwwda7petxjz2gzzaxkyp8f88,14,350,,,3111,170000000,b3f9883d3de29971c43e05fdb985281ffee737be0e5669094810ba6b,False,False,72194127200528,0.009,True,POLYPool,1100746449252,1000000000000,98351765262,1596114731,,6321441134283,0.0318,0,0.0232,0.0239,0.0127,0.0172,0.0253,0.0214,0.0269,POLY,14063,True
4939456891151,pool1g6g2d09le8hd6nv9jhyavewdnw8tu0ndst4lqysd00ru24cav0a,0,355,onyxstakepool.com,1,377,170000000,4690a6bcbfc9eedd4d8595c9d665cd9b8ebe3e6d82ebf0120d7bc7c5,False,True,4934968759244,0.01,True,ONYX Stake Pool #2,250004795889,250000000000,154246591123,1596114671,,5172209157862,0.0415,0,0.0196,0.0207,0.0039,0.0087,0.0236,0.0108,0.0249,ONYX,8495,True
1860186090936,pool18872nzahx0h2f7j58pxrn5rjektn8na8p4amv08x2xj8qkht30g,1,296,,,258,340000000,39fca98bb733eea4fa54384c39d072cd9733cfa70d7bb63ce651a470,False,False,1866312930652,0.01,False,Chunky Monkey 🐵🐵🐵,275967336272,208000000000,107136774139,1596114671,,698679139021,0.0340,0,0.0107,0.0082,0,0.0046,0.0109,0.0070,0.0189,MNKY,1423,True
2090286121,pool1ndtsklata6rphamr6jw2p3ltnzayq3pezhg0djvn7n5js8rqlzh,0,23,,,19,340000000,9b570b7fabee861bf763d49ca0c7eb98ba40443915d0f6c993f4e928,False,False,2090286121,0,False,EveryBlock Studio,21635030,10000000,9328614158,1596114651,,52632601586,0.0535,0,0,0,0,0,0,0,0,EBS,78,True
12912332585978,pool17xextu09ghdfcmsq83whq0a45geg83jxe4qt94sevu087tzdzkl,5,363,onyxstakepool.com,0,1959,170000000,f1b265f1e545da9c6e003c5d703fb5a23283c646cd40b2d619671e7f,False,True,12553853018002,0.01,True,ONYX Stake Pool #1,250004247642,250000000000,182295130511,1596112811,,7912952060123,0.0386,0,0.0247,0.0241,0.0163,0.0177,0.0236,0.0221,0.0253,ONYX,13568,True
0,pool1hm55kzfkyll747qqwe5wnlqlu75kt9hm36nj0eruhez7wqyd58p,0,0,,,1,345000000,bee94b093627ffeaf8007668e9fc1fe7a96596fb8ea727e47cbe45e7,False,False,0,0.03,False,MihnPool,0,2576822531,0,1596112351,,0,0,0,0,0,0,0,0,0,0,MIHN,0,True
29878807662,pool14lr9ef5a22ng5xcu2rhpkkc86u5fp24r5gnj6hvnjxmsv8t8rtj,0,66,,,82,170000000,afc65ca69d52a68a1b1c50ee1b5b07d72890aaa3a2272d5d9391b706,False,False,29379132634,0.031,False,Far Reaching Use of Information Technology,321018354,310000000,25418228845,1596112051,,108734657799,0.0389,0,0,0,0,0,0.0094,0,0.0060,FRUIT,161,True
136614265992,pool1y0lq6rjckxxly36gf3wdsxzjzg97mq9c90una3vfq8pu77g7zkf,0,161,,,257,340000000,23fe0d0e58b18df247484c5cd81852120bed80b82bf93ec58901c3cf,False,False,136616593392,0,False,Meshnet,10000000,22629391454,57494853449,1596111711,,1149985032831,0.0450,0,0,0,0,0,0,0,0,MESH,1584,True
10089916301457,pool10efuydxjnasr0309lqklmj9xahupdnzqd59r5dqjeh4twz06tr0,2,363,staking4ada.org,1,449,170000000,7e53c234d29f6037c5e5f82dfdc8a6edf816cc406d0a3a3412cdeab7,False,False,10033698306160,0.01,False,Friends4ADA,300050979323,300000000000,140441489889,1596111291,,2626662042157,0.0399,0,0.0212,0.0220,0.0082,0.0143,0.0245,0.0149,0.0269,F4ADA,4366,True
1688185919717,pool1crprz3rdcwvfxmc0s4gxquh3qeqmscww2qfvpl93q52yyn7agsc,0,313,,,52,340000000,c0c231446dc398936f0f85506072f10641b861ce5012c0fcb1051442,False,False,1688185919717,0.01,False,1PCT Pools at 1-PCT.com,50004822319,50000000000,112407518494,1596106911,,591539993001,0.0339,0,0.0069,0.0092,0.0002,0.0145,0.0115,0.0071,0.0136,WOW,1018,True
2994495476883,pool1gppqnqfguctp6gu0q8l5wjhye0ny28yzfx93hkr384cfsezru0f,0,354,,,1298,340000000,4042098128e6161d238f01ff474ae4cbe6451c82498b1bd8713d7098,False,False,2993580463769,0,False,CArdano Pools EXplained,210436748823,150000000000,132206541658,1596105731,,3287475634220,0.0456,0,0.0136,0.0153,0.0043,0.0142,0.0213,0.0157,0.0201,CAPEX,4628,True
3074969867,pool130sxcuaxh2yc4chs68c4jsep4v7zfhgdqutm60ngdvt9sa2ga06,0,85,,,37,340000000,8be06c73a6ba898ae2f0d1f1594321ab3c24dd0d0717bd3e686b1658,False,True,3074969867,0.02,False,timsahabutdinov,664824015,600000000,34633844342,1596105571,,252449891819,0.0484,0,0,0,0,0,0,0,0,TIM,346,True
71097239932933,pool1w7c2j0px43jmudhf48ezp7dy8j7904c9l3wc7809lhh2z026hch,24,363,,,6007,170000000,77b0a93c26ac65be36e9a9f220f9a43cbc57d705fc5d8f1de5fdeea1,False,True,71155016406983,0.025,True,AdaStat Pool,911168602363,750000000000,251202196771,1596103371,,10350885318194,0.0364,0,0.0232,0.0241,0.0134,0.0183,0.0252,0.0222,0.0261,STAT,19183,True
555575613100,pool1kjd9ff9u5ytq4atavv2dfsg3pvxqw8d50642pzmpn386zel0ka8,0,319,,,59,170000000,b49a54a4bca1160af57d6314d4c1110b0c071db47eaaa08b619c4fa1,False,False,557900786286,0.025,False,Hash Valley,102363159557,101000000000,174399314624,1596103011,,1621340263123,0.0387,0,0.0403,0.0268,0,0,0.0220,0,0.0219,HASH,2612,True
46993894300493,pool1u6kpt8hgqcm596kukj97ghefmxn8ks2cgwg8qqe0gtgscnufk5p,8,355,atlasstakepool.com,0,3746,340000000,e6ac159ee8063742eadcb48be45f29d9a67b4158439070032f42d10c,False,False,46530333080955,0.008,False,AtlasStakePool,513679779658,500000000000,182327344470,1596102431,,7462893077299,0.0347,0,0.0222,0.0233,0.0097,0.0153,0.0253,0.0195,0.0261,ATLAS,14882,True
2240931653046,pool1rj6apcqxcvavaxp22f75zs9upphena7ntsnut2efvq98g4404up,0,352,,,411,930000000,1cb5d0e006c33ace982a527d4140bc086f99f7d35c27c5ab29600a74,False,True,2239398019229,0.01,False,ADA Point Pool,44173836397,10000000000,209650930064,1596100471,,3314246580478,0.0388,0,0.0004,0.0011,0,0,0.0046,0,0.0110,APP,5377,True
205885819808,pool1kterawv22xya864tqjy9pq2ftmuptlggywtqt3p7adexg7qyl6u,0,224,,,35,340000000,b2f23eb98a5189d3eaab04885081495ef815fd08239605c43eeb7264,False,False,205885819808,0.01,False,INDIE,20679493062,10000000000,94022602937,1596100211,,535783245134,0.0402,0,0,0.0074,0,0,0.0041,0,0.0160,INDIE,797,True
21252739618312,pool1cduc7ut6grhqyavrmm3gzcdf4qfdsjk7vdwcxy9c0r5fyaxh2sq,7,325,cardanians.io,2,293,340000000,c3798f717a40ee027583dee28161a9a812d84ade635d8310b878e892,False,False,21259017383180,0.0189,False,cexplorer.io,30165288523,10000000000,192827277538,1596100051,,3644863429776,0.0389,0,0.0196,0.0209,0.0119,0.0147,0.0230,0.0165,0.0248,POOLS,5266,True
4652500126510,pool19ae6xhzsscypyha0sszv90xwjsh20hxecxjpcqynshfawvwxqnn,1,361,,,174,340000000,2f73a35c508608125faf8404c2bcce942ea7dcd9c1a41c009385d3d7,False,True,4653851234760,0.018,True,genePool One,1340294386863,1000000000000,140255954282,1596099431,,947246733280,0.0350,0,0.0144,0.0159,0.0028,0.0019,0.0173,0.0119,0.0203,GENE,1886,True
0,pool1lyvtenf7325hsrtdgeqsv7yau6hyq7ztpdwwdeqcueh8s83h34l,0,0,,,2,340000000,f918bccd3e8aa9780d6d464106789de6ae40784b0b5ce6e418e66e78,False,False,0,0.0333,False,🌐 Cardano ₳ United 🌐,0,125000000000,0,1596099271,,0,0,0,0,0,0,0,0,0,0,UNITE,0,True
117385814653,pool1hcg8sa642l0xeygkzvpgn3sfj5s2yeuzpws7a0gypyy7grrjcje,0,108,hermes-stakepool.com,1,78,340000000,be1078775557de6c9116130289c6099520a267820ba1eebd040909e4,False,False,117385814653,0.02,False,Hermes Stakepool Germany #2,10095200000,10000000000,40827828912,1596099191,,193379063967,0.0374,0,0,0,0,0,0,0,0,HRMS2,267,True
1778070515850,pool150hft90uw7tzr9uvj7tqkjp4u98a9hl20llj3n9ew76kkfm768r,1,286,,,74,170000000,a3ee9595fc779621978c97960b4835e14fd2dfea7fff28ccb977b56b,False,True,1778491031939,0,False,consensusMonky Stakepool Germany,358245458440,333333000000,83494133633,1596098331,,339707291700,0.0336,0,0.0186,0.0175,0.0037,0.0098,0.0188,0.0147,0.0208,MONKY,680,True
422922892903,pool1twu4rn366744tqq9g66ruy3rete6842z7nnm4vy0q5jaqd48867,0,251,,,85,340000000,5bb951ce3ad7ab55800546b43e1223caf3a3d542f4e7bab08f0525d0,False,False,422922892903,0.01,False,The Harbour,24996411624,10000000000,91457334738,1596098211,,559684528630,0.0416,0,0.0055,0.0038,0,0.0208,0.0025,0.0106,0.0047,HRBR,828,True
690443016842,pool158ag8p06qm4apd750ekep6een9cdldqsq434ll2mp0ykgunmguy,0,217,,,20,170000000,a1fa8385fa06ebd0b7d47e6d90eb399970dfb41005635ffd5b0bc964,False,True,684181834909,0.03,True,AlphaPool,14572336960,10000000000,70527456399,1596097491,,210678147295,0.0336,0,0.0122,0.0113,0.0092,0.0061,0.0197,0.0121,0.0172,ALPHA,399,True
1920815900553,pool1gm4mcrf8mytfetsj6ykulrmv4j70y7fhceawgdg2h09t5rtt7cf,1,312,,,61,170000000,46ebbc0d27d9169cae12d12dcf8f6cacbcf27937c67ae4350abbcaba,False,True,1921432222025,0.02,False,ALTZ,1080946437125,1000000000000,94899624455,1596095711,,361094226831,0.0312,0,0.0158,0.0171,0.0165,0.0133,0.0175,0.0122,0.0200,ALTZ,831,True
25896565205549,pool1lurfk0k0wwx54hlg8a7zp3jtstu57u59aeq7aketl55hknmmtu0,6,357,,,3048,170000000,ff069b3ecf738d4adfe83f7c20c64b82f94f7285ee41eedb2bfd297b,False,False,25780527537924,0.01,False,TANTUM,1872350027838,1000000000000,130547457056,1596095271,,5995804373071,0.0399,0,0.0233,0.0245,0.0136,0.0186,0.0255,0.0223,0.0260,TNTM,9964,True
2958050476154,pool1hjjj584gq0ynqf06g036a4a0stpm90asrdfskpasqjxf5948ygv,2,347,,,257,340000000,bca52a1ea803c93025fa43e3aed7af82c3b2bfb01b530b07b0048c9a,False,True,2959332997511,0.01999,False,SAGE Cardano Staking,1230851677438,1000000000000,138687665603,1596094931,,867469272232,0.0373,0,0.0168,0.0177,0.0001,0.0059,0.0180,0.0116,0.0200,SAGE,1654,True
61262899865693,pool1ukeqarukv9gxwy9pt8jkr4qvad2yf87758g3xzemmvmtk8lrynp,13,362,cardanians.io,1,5240,340000000,e5b20e8f9661506710a159e561d40ceb54449fdea1d1130b3bdb36bb,False,True,61116498833600,0.02,False,CARDANIANS.io #2,102510034280,100000000000,293419231194,1596093651,,8326422074135,0.0345,0,0.0236,0.0239,0.0124,0.0188,0.0248,0.0220,0.0257,CRDN1,16240,True
6923303113481,pool1fyp482ntshhm9zfz4nv7pmsaeakscf5mnuzcxuvtqf6t56fc7l0,2,360,kysenpool.io,0,1893,340000000,490353aa6b85efb28922acd9e0ee1dcf6d0c269b9f0583718b0274ba,False,False,6919303356386,0.019,False,⚡ KysenPool Thunder ⚡,2892791988,100000000,202063421439,1596093571,,4130929182139,0.0425,0,0.0235,0.0238,0.0057,0.0114,0.0234,0.0235,0.0233,KYSN,6233,True
3499769950614,pool10qmnswfc22zm0fscg80gkwqz65ujwjkqmctv8g9l9l58wqtelgg,3,353,,,460,170000000,78373839385285b7a61841de8b3802d539274ac0de16c3a0bf2fe877,False,False,3500382159250,0.008,False,WAAUS,103300796090,30000000000,115171005518,1596093551,,2025596886774,0.0435,0,0.0275,0.0276,0.0165,0.0122,0.0231,0.0215,0.0236,WAAUS,3032,True
174968922,pool19xhza3f7nye6j5p6stsnkpvadejztnqvck0ge3l2uy9gvsvy05f,0,4,,,3,340000000,29ae2ec53e9933a9503a82e13b059d6e6425cc0cc59e8cc7eae10a86,False,False,174968922,0.01,False,ArubaStakePool,0,0,1548077647,1596093531,,5976556238,0.0530,0,0,0,0,0,0,0,0,ARUBA,5,True
699474953323,pool1h0prd5vcdv6uk7hglztdcqfp5czjqxdydxkxkdhg8rrk22mr4ym,0,119,,,48,170000000,bbc236d1986b35cb7ae8f896dc0121a6052019a469ac6b36e838c765,False,False,699474953323,0.01,False,Signature Staking,4874027984,1000000000,36811179034,1596093511,,219534958711,0.0407,0,0.0155,0.0172,0.0105,0.0146,0.0151,0.0265,0.0187,SIGN,354,True
307750004530,pool1ksh2zpeeqe0rpcug63up5l66g3kr5vf58jraeun82rur6m4g6xz,0,166,,,114,340000000,b42ea10739065e30e388d4781a7f5a446c3a31343c87dcf26750f83d,False,False,307736140207,0.005,True,TRUST Pool,727813236,200000000,55817657036,1596093011,,72609520619,0.0212,0,0.0077,0.0052,0.0012,0.0008,0.0091,0.0150,0.0072,TRUST,223,True
1714204704756,pool1je2n5smmnyn3lh92xrp8nepjyfp596ypga6pmdecwtcrcj9uvec,1,274,,,285,170000000,96553a437b99271fdcaa30c279e432224342e88147741db73872f03c,False,False,1708702315950,0.015,True,May the stake be with you !,144738069387,140000000000,75680901879,1596092971,,327152392667,0.0290,0,0.0156,0.0189,0.0038,0.0100,0.0167,0.0162,0.0192,YOADA,693,True
73931798191500,pool1xs34q2z06a46nk7hl48d27dj5gzc6hh9trugw2ehs9ajsevqffx,26,212,,,1003,170000000,342350284fd76ba9dbd7fd4ed579b2a2058d5ee558f8872b37817b28,False,True,74244565724220,0,True,SN₳KE,18182301024,18000000000,50365265475,1596092911,,2871232672913,0.0287,0,0.0240,0.0241,0.0121,0.0186,0.0258,0.0228,0.0269,SNAKE,7124,True
45813042887589,pool1w6l6rvhxtym5psec3mvgrjlg28d6hrv8g9jjexadzmxfgndfg2f,16,363,sipo.tokyo,0,1129,340000000,76bfa1b2e6593740c3388ed881cbe851dbab8d8741652c9bad16cc94,False,False,45666174310193,0.025,False,SITION POOL,57243549368,50000000000,358529753681,1596092511,,9496256462228,0.0375,0,0.0228,0.0231,0.0110,0.0189,0.0241,0.0228,0.0253,SIPO,16324,True
24670208289392,pool126mkma8nv5axltmz7mmg8qz9e70nmhnf58hwx5772fhwgkhk6ag,5,363,publickey.co.jp,0,203,340000000,56b76df4f3653a6faf62f6f6838045cf9f3dde69a1eee353de526ee4,False,True,24660576027343,0.03,True,NAP-Nekota ADA Pool,28348767384,20000000000,346437858555,1596092151,,7228372707059,0.0389,0,0.0221,0.0221,0.0124,0.0136,0.0247,0.0204,0.0253,NAP,11721,True
65463484630137,pool1qqqqdktl6pq46td0mwut0qn30g7nlue0sete9wxl0hwsq37wrw8,19,358,,,6430,170000000,000006d97fd0415d2dafdbb8b782717a3d3ff32f865792b8df7ddd00,False,True,65388100966936,0.02,True,Straight Pool,651486158842,650000000000,210493672730,1596091491,,9831702958339,0.0359,0,0.0219,0.0233,0.0126,0.0161,0.0250,0.0208,0.0264,STR8,18778,True
1463233669945,pool1ktgug7wwf9k4hcsuk68ftkh8xs5n0333fzxyw9sagz8njhlskgm,1,319,,,153,340000000,b2d1c479ce496d5be21cb68e95dae7342937c631488c47161d408f39,False,False,1464335785769,0,False,ADATree.io,214518702941,122000000000,107780000000,1596090031,,585291789446,0.0322,0,0.0103,0.0117,0,0,0.0109,0.0087,0.0143,TREE,1187,True
919052157136,pool17pv7m8h5dxsyt55upay8n8ake2cgcz4mcr737um2tl8d2wthzqr,1,325,,,494,170000000,f059ed9ef469a045d29c0f48799fb6cab08c0abbc0fd1f736a5fced5,False,False,919407272959,0.025,False,Media3 Stakepool,5072461821,5000000000,138459968962,1596089951,,2129980946097,0.0460,0,0.0128,0.0140,0.0070,0.0047,0.0186,0.0116,0.0207,MEDIA,3019,True
68699373776,pool13xh3tgwzhr3hn25v5m2dnvqnfcmnzghcfah5t7kzufkywuy7w7v,0,171,,,176,340000000,89af15a1c2b8e379aa8ca6d4d9b0134e373122f84f6f45fac2e26c47,False,False,68699373776,0.01,False,ADA Vietnam,0,100000000000,70399621445,1596089451,,1063866144471,0.0410,0,0,0,0,0,0,0,0,ADAVN,1405,True
1313172885,pool1z033qtxzsn7c9az4fzz8z0ewnynzcuq2dy54v6tfyqz5vfjkmv0,0,4,,,5,340000000,13e3102cc284fd82f4554884713f2e99262c700a6929566969200546,False,False,1313172885,0.02,False,Tilia IO,1313079088,100000000,1578458217,1596089131,,10704452747,0.0491,0,0,0,0,0,0,0,0,TILIA,7,True
2804017481891,pool1q0memmdw4ktr88fkma53tqgkaqeq3wfc476le59rped4cu8tn4h,1,355,,,392,340000000,03f79dedaead96339d36df69158116e83208b938afb5fcd0a30e5b5c,False,False,2806458592361,0,False,Joey Stake Pool,33650118594,25000000000,120020000000,1596089071,,1001197314775,0.0380,0,0.0154,0.0150,0.0139,0.0093,0.0187,0.0138,0.0190,JOEY,1653,True
53694740,pool138e249zh9l93azsf2pf7wyhxyayzcxdhsrg3vqpfx665c8xa348,0,1,gnode01.github.io,1,3,340000000,89f2aa94572fcb1e8a095053e712e627482c19b780d116002936b54c,False,False,53694740,0.01,False,Legendary Pool,0,500000000,341634640,1596088771,,161829392,0.0030,0,0,0,0,0,0,0,0,LGND,1,True
274674339712,pool1qpuzf5kcxrmuf6qg2nnu9cs7hj2d6ke3fwz58l7rlefcy50caaa,0,71,,,16,340000000,007824d2d830f7c4e80854e7c2e21ebc94dd5b314b8543ffc3fe5382,False,False,275023125796,0.03,False,"ANFRA, The antifragile Pool",145639025548,107000000119,27261920693,1596088291,,104251363411,0.0367,0,0.0008,0.0066,0,0,0.0042,0.0004,0.0045,ANFRA,156,True
1865490,pool1mn0ydnu5tt4w80y3dxdsajddhdz03p6mudk8vlh55r5exqywxhh,0,0,,,5,340000000,dcde46cf945aeae3bc91699b0ec9adbb44f8875be36c767ef4a0e993,False,False,1865490,0.01,False,,1865490,1000000,0,1596087711,,0,0,0,0,0,0,0,0,0,0,,0,True
6280574849501,pool140x77a7cz2j689lmxf836qpjtc3y83rka28v6gpswxdw2mag62e,3,363,,,74,340000000,abcdef77d812a5a397fb324f1d00325e2243c476ea8ecd2030719ae5,False,True,6272821721402,0.0299,True,Pool Under,300865730752,250000000000,235941806326,1596087631,,3689132970550,0.0394,0,0.0182,0.0232,0.0180,0.0241,0.0248,0.0214,0.0241,UNDR,6082,True
16130001654142,pool15txd36fltfgc63qq0yxtpqt88eu76s0yhugn9a6q7f4zspq6k5f,4,311,,,900,170000000,a2ccd8e93f5a518d4400790cb081673e79ed41e4bf1132f740f26a28,False,True,16203066431123,0.0199,False,ArmADA StakePool,916738084040,500000000000,118628518511,1596087091,,1690638212076,0.0320,0,0.0205,0.0223,0.0168,0.0157,0.0225,0.0179,0.0255,ARM1,3811,True
2011746152402,pool1pf6yhzdr9vpct5rc3dtwersl4lyuglp80l4jc67kf2qj29xjg2u,0,302,,,804,340000000,0a744b89a32b0385d0788b56ec8e1fafc9c47c277feb2c6bd64a8125,False,False,1992058680285,0.01,False,TAVN Viet Nam Stake Pool,4854418522,1000000000,105850525000,1596086291,,327406170194,0.0281,0,0.0151,0.0176,0.0128,0.0129,0.0156,0.0087,0.0115,TAVN,727,True
15993224319085,pool1mn6relcs7dn2fqzfq5yjlwxa49d900p5sdpw62jlx45k2djgwe4,5,354,,,342,170000000,dcf43cff10f366a4804905092fb8dda95a57bc348342ed2a5f356965,False,False,15996533072515,0,False,CrimsonPool,20102344021,12059000000,106294806039,1596086171,,1215641524499,0.0315,0,0.0236,0.0234,0.0117,0.0161,0.0249,0.0219,0.0264,RED,2624,True
43991667120072,pool1nudasuv0lljpe0tswcverqvlh0v4226vgnpsuxn0e9nkvnvcvne,14,363,stakit.io,0,5544,340000000,9f1bd8718fffe41cbd70761991819fbbd9552b4c44c30e1a6fc96766,False,False,44387350324772,0.015,False,stakit.io Pool by TOBG,151068024989,150000000000,271031753701,1596083631,,9718885240254,0.0368,0,0.0223,0.0226,0.0086,0.0140,0.0232,0.0192,0.0252,STI,17372,True
34873883270297,pool1jt7d6ak3m8gnjyxtuxfswe258xzwda80ndl0a57vv5m2zv8h6at,13,358,,,10758,340000000,92fcdd76d1d9d13910cbe1930765543984e6f4ef9b7efed3cc6536a1,False,False,34760188513364,0.029,False,Cardanistas StakePool,50950775362,50000000000,203735965936,1596083431,,3156505444551,0.0318,0,0.0241,0.0238,0.0142,0.0190,0.0245,0.0216,0.0248,CARDs,6651,True
28338501348098,pool1pfprlfz0ywcnewjegazz05ghgcfkvu40v6edsz6yn8w362sdjr8,10,351,,,1778,340000000,0a423fa44f23b13cba59474427d11746136672af66b2d80b4499dd1d,False,False,28302427404502,0.008,True,Cardanesia,91274363478,80000000000,155946428610,1596083311,,4583638631785,0.0339,0,0.0203,0.0218,0.0107,0.0119,0.0240,0.0166,0.0258,ADI,9090,True
13714574006841,pool1jjry6f6q0swaq457ft9eclaxaskvrxnpj0v3w8edsyfryml3vj6,6,363,,,1232,340000000,94864d27407c1dd0569e4acb9c7fa6ec2cc19a6193d9171f2d811232,False,True,13687618095024,0.02,True,ADASTACK,1360928759028,1010000000000,243642228454,1596082651,,5834323518315,0.0427,0,0.0217,0.0229,0.0074,0.0124,0.0231,0.0189,0.0251,STACK,8829,True
33609577213083,pool12vs4c3cm0tr49c7alrevfs0xa5g3s4al4fn46h33e69uusat04v,6,363,bloompool.io,0,3664,340000000,53215c471b7ac752e3ddf8f2c4c1e6ed111857bfaa675d5e31ce8bce,False,False,33707993322312,0.04,False,Bloom,1000002930992,1000000000000,557530831670,1596082311,,9356040018841,0.0401,0,0.0234,0.0234,0.0111,0.0193,0.0238,0.0199,0.0249,BLOOM,14213,True
510631143216,pool1e8vr85ank99g6fx2r7tjel2mh2jyfppnqy6nmp8vr0arys65n05,1,240,,,161,340000000,c9d833d3b3b14a8d24ca1f972cfd5bbaa444843301353d84ec1bfa32,False,True,510344439470,0.02,False,Reliable Staking,76524565295,75000000000,94293943744,1596081551,,655183963114,0.0416,0,0.0004,0.0034,0.0007,0.0005,0.0068,0.0005,0.0054,RELY,972,True
40729532,pool1efzvmtxl4n9z8ylegk9jhctclu44z7k0qg82mp2kp2ytqa9xgf0,0,1,gnode01.github.io,0,4,340000000,ca44cdacdfacca2393f9458b2be178ff2b517acf020ead85560a88b0,False,False,40729532,0.01,False,1% Fee Staking Pool,0,3000000000,478162779,1596081351,,13678115218,0.0362,0,0,0,0,0,0,0,0,1PFP,9,True
175973238129,pool1jpezycd8q3l6a255dv8wt7vpt4aay8llqakdn7vkum5swes4hu3,0,96,,,149,340000000,90722261a7047faeaa946b0ee5f9815d7bd21fff076cd9f996e6e907,False,False,175973238129,0.05,False,FragMint.gg: The Spatial Gaming Club,6383545122,5000000000,46628419771,1596080991,,444463053538,0.0421,0,0.0015,0.0010,0,0,0.0011,0.0013,0.0066,BOLT,540,True
97620466,pool1svzk9ckds6r83nvg2k7w9hszza2haqd9zu7fuyg37e8gg3dylrf,0,0,vivi-chao.github.io,0,1,345000000,830562e2cd868678cd8855bce2de0217557e81a5173c9e1111f64e84,False,False,97620466,0.15,False,,97620466,100000000,0,1596080831,,0,0,0,0,0,0,0,0,0,0,,0,True
26679819010720,pool1qqqqzyqf8mlm70883zht60n4q6uqxg4a8x266sewv8ad2grkztl,7,363,adafrog.io,2,1887,340000000,00000110093effbf3ce788aebd3e7506b80322bd3995ad432e61fad5,False,True,26677836619803,0.04,False,ADAfrog 🐸,100270678939,100000000000,241419742181,1596079951,,2836214581913,0.0324,0,0.0228,0.0230,0.0148,0.0198,0.0241,0.0208,0.0253,FROG,5828,True
8887244938907,pool1a3kdettzvvlqvkl9m9hwe63ggeq5fgvz0twqew5c62dzx99vsed,2,361,,,1138,340000000,ec6cdcad62633e065be5d96eecea28464144a1827adc0cba98d29a23,False,False,8880529928625,0.01,True,LEAD Stake Pool,115559218961,100000000000,142572759083,1596079791,,2340409572015,0.0366,0,0.0177,0.0177,0.0214,0.0181,0.0205,0.0185,0.0222,LEAD,4209,True
2254556640120,pool1qqqqx69ztfvd83rtafs3mk4lwanehrglmp2vwkjpaguecs2t4c2,0,305,adafrog.io,1,1261,340000000,00000368a25a58d3c46bea611ddabf77679b8d1fd854c75a41ea399c,False,False,2240824022320,0.0249,False,AdaWolf 🐺,5001761955,5000000000,118643420832,1596079691,,629503029666,0.0339,0,0.0122,0.0163,0,0.0001,0.0192,0.0111,0.0184,WOLF,1244,True
7207545719380,pool10jn0wjlh9y3w2ygq84u2llvlnxfz3lc4g0ssqlmpp3w3y2d2lw5,2,363,,,91,340000000,7ca6f74bf72922e511003d78affd9f999228ff1543e1007f610c5d12,False,True,7199133704581,0.05,False,Earn Stakepool,105787480079,100000000000,193991223480,1596079611,,1347728019514,0.0352,0,0.0196,0.0189,0.0238,0.0227,0.0210,0.0249,0.0216,EARN,2559,True
2576903761812,pool1dxkf7k3qwnpgpxqfye8y9jvk7lver3fk8dq7c4dpzezyyx8cf5c,0,301,,,286,170000000,69ac9f5a2074c2809809264e42c996f7d991c5363b41ec55a1164442,False,False,2515433981656,0,False,SPACE 0% fee,1282454022615,100000000,104465161175,1596079251,,1628782193790,0.0452,0,0.0206,0.0205,0.0125,0.0200,0.0168,0.0209,0.0212,SPACE,1942,True
7370731085435,pool1qqqqrwzy7njvjq9wph7usj5gghm3py9c97688ek8pgc7uem9cfz,3,363,adafrog.io,0,1354,340000000,000001b844f4e4c900ae0dfdc84a8845f71090b82fb473e6c70a31ee,False,False,7369513540252,0.04,False,ADAfrog 2 🐸,150000000000,150000000000,251941898617,1596078811,,3085320255598,0.0402,0,0.0211,0.0212,0.0134,0.0224,0.0211,0.0213,0.0232,FROG2,5080,True
24691365058877,pool1qqvukkkfr3ux4qylfkrky23f6trl2l6xjluv36z90ax7gfa8yxt,8,362,planetstake.com,0,1035,340000000,0019cb5ac91c786a809f4d87622a29d2c7f57f4697f8c8e8457f4de4,False,True,24657975718595,0.008,False,🌍 PLANETSTAKE 1,50039540087,50000000000,171810770707,1596078611,,7404666755268,0.0386,0,0.0239,0.0235,0.0163,0.0202,0.0237,0.0227,0.0253,STAKE,12218,True
5106595611412,pool1qqlf3epa7m8780p2jx5689u2ql06tw026l5377tptk2zswrc645,1,361,,,75,340000000,003e98e43df6cfe3bc2a91a9a3978a07dfa5b9ead7e91f79615d9428,False,True,5107976781899,0.03,False,Create Planets Stakepool,57862578813,1000000,184623059242,1596078531,,2022106525409,0.0403,0,0.0217,0.0215,0.0194,0.0178,0.0220,0.0187,0.0227,CPS,3197,True
22476444307781,pool1whk6lawmfz4zq5fw8zghglp23452gnm9zgs59nqafhpexwcvute,7,363,staking.cardanofun.com,1,109,340000000,75edaff5db48aa20512e3891747c2a8d68a44f65122142cc1d4dc393,False,False,22475153593586,0.048935,False,Watashitachi1,84710639492,50000000000,478950145755,1596077391,,6922212897104,0.0387,0,0.0216,0.0221,0.0125,0.0182,0.0232,0.0202,0.0240,WA1,11409,True
20291203600611,pool1p9sjhjx0v3k76wvgdqu7jcks2ra48wqlhc6g0mkewd25k3zcymy,4,363,staking.cardanofun.com,0,220,340000000,09612bc8cf646ded39886839e962d050fb53b81fbe3487eed973554b,False,False,20267190727337,0.048935,False,Watashitachi2,59152217518,50000000000,418511213847,1596077391,,5738477409688,0.0381,0,0.0211,0.0216,0.0108,0.0156,0.0233,0.0193,0.0240,WA2,9893,True
13792645035425,pool10tqeu6d03p6rnalqlvdshmpsljxaq2c0ww6draq6xm8lgyl2a3p,5,327,,,886,170000000,7ac19e69af887439f7e0fb1b0bec30fc8dd02b0f73b4d1f41a36cff4,False,True,13789485551948,0.03,False,Cardaspians,100002249292,100000000000,132041387455,1596077131,,1852546336606,0.0307,0,0.0233,0.0229,0.0076,0.0124,0.0236,0.0210,0.0244,CASP,3985,True
1540781352697,pool1yyv7vx5zhhsd60jp4tl72vpznwvpvjp35m4z7jr42ugkxmndyv5,1,292,,,207,340000000,2119e61a82bde0dd3e41aaffe530229b98164831a6ea2f4875571163,False,False,1506102030509,0.02,False,Aztec Staking,6389171241,5000000000,109219334473,1596076911,,751004273620,0.0397,0,0.0142,0.0134,0.0166,0.0112,0.0108,0.0168,0.0130,AZTEC,1186,True
9106478090138,pool1mwp8ewtzmun0426v9z0h9um2amswgfzn78rckfl2fc3t5sy0m5g,2,361,,,48,340000000,db827cb962df26faab4c289f72f36aeee0e42453f1c78b27ea4e22ba,False,False,9108463357471,0.01,False,AACC,36195681510,10000000000,137045829236,1596076751,,1548262828683,0.0359,0,0.0223,0.0233,0.0154,0.0169,0.0240,0.0216,0.0239,AACC,2851,True
29665548633740,pool1tpr44v3pxth9j0ff246dvsryxpanxwx52f024ws3ecvn72sgv55,1,66,,,41,170000000,58475ab22132ee593d295574d64064307b3338d4525eaaba11ce193f,False,True,29858309052394,0,False,FLOWR Stake Pool,1884605306,1000000000,24437091517,1596076731,,196288250760,0.0423,0,0.0385,0.0295,0.0333,0.0221,0.0249,0.0783,0.0164,FLOWR,292,True
1203878584956,pool19ygh8apuc2qz0u9kr4wj9qj33xhw70n7z286xll0g6ltgccuq42,0,266,,,22,340000000,291173f43cc28027f0b61d5d22825189aeef3e7e128fa37fef46beb4,False,False,1204576004190,0.015,False,GHISX POOL,170197682726,10000000000,98631993656,1596076511,,463280911222,0.0363,0,0.0074,0.0076,0.0108,0.0074,0.0061,0.0108,0.0131,GHISX,851,True
9974314162241,pool1ty7lh3nvtwxlcpqg2x30fkr3j9ys6nprztr9m4zp3aajxyjk2vz,2,357,,,559,340000000,593dfbc66c5b8dfc040851a2f4d87191490d4c2312c65dd4418f7b23,False,True,9959966736173,0.01,False,Beaver Pool!,246734989032,145000000000,145864299205,1596076111,,2351635789457,0.0380,0,0.0210,0.0202,0.0192,0.0222,0.0220,0.0200,0.0235,BEAVR,3919,True
16315217756471,pool1s0cfkzheywsftgwp0yz7sq4rt5gyf7t5kfwj5a269kpxvndjn6q,6,363,adaocean.com,4,932,170000000,83f09b0af923a095a1c17905e802a35d1044f974b25d2a755a2d8266,False,False,16221511878869,0.009,True,ADA Ocean Five,10100000000,10000000000,201922922656,1596075871,,7851507889954,0.0431,0,0.0215,0.0218,0.0035,0.0109,0.0240,0.0165,0.0248,OCEA5,11106,True
60946681620336,pool1ell3xjtspzzz4vtsatscan6rheltf7j3hh2s8qsam2h3jvcxzm9,16,363,adaocean.com,3,705,170000000,cfff13497008842ab170eae18ecf43be7eb4fa51bdd503821ddaaf19,False,False,60961981033135,0.009,True,ADA Ocean Four,10100000000,10000000000,205269557128,1596075371,,9329853113519,0.0378,0,0.0219,0.0231,0.0105,0.0157,0.0245,0.0195,0.0262,OCEA4,16048,True
20283011934998,pool1hht4pctn70tqdsd0zwuxv8d8cz6l5scjzaquty7vamyzy78eqvc,6,363,cardanoland.com,1,1157,340000000,bdd750e173f3d606c1af13b8661da7c0b5fa43121741c593cceec822,False,True,20761051943762,0.01,False,A CardanoLand pool ACL,783903615219,750000000000,181633210386,1596075191,,5738199334695,0.0411,0,0.0250,0.0267,0.0121,0.0157,0.0257,0.0219,0.0259,ACL,9312,True
572915210,pool1hhlzudyzp80xch7r0vamq58hpdnspagutvgqwptsmr0tk2425vf,0,0,,,4,340000000,bdfe2e348209de6c5fc37b3bb050f70b6700f51c5b10070570d8debb,False,False,572915210,0.04,False,Quantum Pool,497619938,900000000,0,1596074971,,0,0,0,0,0,0,0,0,0,0,QTM,0,True
6964939747491,pool1djg8jsygtculv3q2qdrxtnpxfq003pdxcvlw2pvfupq7jm5xpgp,3,360,,,137,340000000,6c907940885e39f6440a034665cc26481ef885a6c33ee50589e041e9,False,False,6967380715443,0.02,False,ADA ALPHA POOL,182073820744,10000000000,174434066354,1596074931,,2576174051165,0.0383,0,0.0172,0.0205,0.0090,0.0060,0.0197,0.0132,0.0228,ADAAP,4317,True
69746170315448,pool1vc8jp7uagxgh8trzx7r260ndcydz89ges8sws05cyv7jj8q8gqs,16,363,adaocean.com,2,892,170000000,660f20fb9d419173ac623786ad3e6dc11a23951981e0e83e98233d29,False,False,69738801283539,0.009,True,ADA Ocean Three,10100000000,10000000000,213398952887,1596074771,,10220212373071,0.0383,0,0.0233,0.0240,0.0121,0.0163,0.0256,0.0224,0.0268,OCEA3,17281,True
1221941,pool1ek2m5zuydqcgqv3s5mlh55tr8gp76yuxe4hj4s7xtxajyc94rx3,0,10,,,9,340000000,cd95ba0b846830803230a6ff7a51633a03ed1386cd6f2ac3c659bb22,False,False,1221941,0,False,Cardano A-Z,0,0,3578997422,1596074151,,17720745168,0.0315,0,0,0,0,0,0,0,0,CAZ,14,True
5217474893649,pool1nhls8e9swnyshldgjknku4npreax075nw0ltrkmrarh4w3skxt9,1,363,cardanodan.github.io,0,582,340000000,9dff03e4b074c90bfda895a76e56611e7a67fa9373feb1db63e8ef57,False,True,5215117776895,0.025,False,Cardano Dan's Stake Pool,105325144530,100000000000,195257965382,1596073811,,3247191926046,0.0443,0,0.0191,0.0195,0.0072,0.0113,0.0220,0.0145,0.0212,DAN,4495,True
5172169595,pool1xaxps54m30n35fegcweum3c86pr7xp2mmcvfsd007v9ps9xu8js,0,33,,,27,340000000,374c1852bb8be71a2728c3b3cdc707d047e3055bde189835eff30a18,False,False,5172169595,0.025,False,Decentralized Reality,7219836,0,11671590579,1596073571,,44033988787,0.0272,0,0,0,0,0,0,0,0,DECNT,86,True
61327247553689,pool1ctzja2cdwyeqnvehmrlclc5wrn9w9acwklk3acn73jrx56d66vs,15,363,adaocean.com,1,1181,170000000,c2c52eab0d713209b337d8ff8fe28e1ccae2f70eb7ed1ee27e8c866a,False,False,61209364617806,0.009,True,ADA Ocean Two,10100000000,10000000000,214881108762,1596073491,,10059110230533,0.0389,0,0.0214,0.0230,0.0123,0.0159,0.0248,0.0193,0.0264,OCEA2,17039,True
5658744236236,pool1y53awxsm6cmksp8qht8qfq5f5c69t6mrgrdcresk5y0ecv2yj93,3,357,kiwipool.org,2,1057,340000000,2523d71a1bd6376804e0bace048289a63455eb6340db81e616a11f9c,False,False,5612405860411,0.02,True,RAMEN by 🥝Kiwipool Staking,222686500699,200369000000,198351103751,1596073451,,3811444574658,0.0406,0,0.0164,0.0190,0.0067,0.0104,0.0195,0.0147,0.0219,RAMEN,6330,True
43043412473452,pool1lvsa8e0dw6z8g2fkw7prnfa7627wuy5jjexaadck6w5sxw5xkvm,20,363,digi.pro,1,1382,170000000,fb21d3e5ed7684742936778239a7bed2bcee1292964ddeb716d3a903,False,True,42869088986109,0.025,True,Digital Fortress,100026811696,100000000000,376667919354,1596073191,,10316036357177,0.0395,0,0.0220,0.0234,0.0113,0.0146,0.0250,0.0201,0.0258,DIGI2,16704,True
61794828481049,pool1rvng7n968748udkc5rxy4h9zp9hms4s3jsfwuues76ft28uc056,14,363,digi.pro,0,3005,170000000,1b268f4cba3faa7e36d8a0cc4adca2096fb856119412ee7330f692b5,False,False,61613553924784,0.025,True,Digital Fortress,100026969816,100000000000,425979340151,1596073171,,12162894705288,0.0391,0,0.0234,0.0238,0.0127,0.0159,0.0249,0.0217,0.0260,DIGI,19804,True
7807411116143,pool1fuzqy5r9x98826zv6wp40tr27uplemmstkd57cuw8jh5v5m90vn,2,352,,,586,340000000,4f04025065314e75684cd38357ac6af703fcef705d9b4f638e3caf46,False,True,7780115515879,0.005,False,Staking 24/7,1522040224224,300000000000,133311388952,1596072711,,2588227834218,0.0339,0,0.0207,0.0220,0.0147,0.0175,0.0242,0.0181,0.0275,247,5476,True
2582006059073,pool1kvd03hq8kp0hnxq9lq598a5amrvauj9m386rwx7ydawvjdskwnh,0,299,,,416,170000000,b31af8dc07b05f799805f82853f69dd8d9de48bb89f4371bc46f5cc9,False,True,2570129525848,0,True,STAKE for CAKE,126336443267,500000000,86720557969,1596072691,,411828447930,0.0308,0,0.0243,0.0211,0.0074,0.0066,0.0227,0.0140,0.0241,CAKE,899,True
45115815168215,pool1myvgx4ef424e6nw2strqq7dxcepav52plyyhxrk0avaw7y098l2,16,363,stakecool.io,2,1094,170000000,d918835729aaab9d4dca82c60079a6c643d65141f909730ecfeb3aef,False,True,44643957510941,0.02,True,COOL2,100996681502,100000000000,307640685398,1596072651,,10067268143659,0.0395,0,0.0238,0.0242,0.0140,0.0182,0.0258,0.0221,0.0269,COOL2,16429,True
3325443397460,pool1pmrgd8snhv0nnj97xcg70nqqhg0v9g3d0e93jl8vn23wxtsxz53,0,361,stakecool.io,1,305,170000000,0ec6869e13bb1f39c8be3611e7cc00ba1ec2a22d7e4b197cec9aa2e3,False,True,2823173038953,0.015,False,CALM,100996148519,100000000000,162202437831,1596072571,,3551833699692,0.0462,0,0.0228,0.0263,0.0133,0.0152,0.0235,0.0197,0.0241,CALM,4736,True
8678741244994,pool1vxvdypctdecvc2j7xu9y8h2fdxvkpjy2pp8luwg2h6dx5jlv0nk,5,363,stakecool.io,0,1044,170000000,6198d2070b6e70cc2a5e370a43dd49699960c88a084ffe390abe9a6a,False,True,8623226736701,0.02,True,COOL,101888456105,100000000000,248688917863,1596072551,,7173194812144,0.0449,0,0.0220,0.0230,0.0124,0.0165,0.0231,0.0178,0.0245,COOL,9276,True
5994884462337,pool10p3g22454ly7eaurlur5wc9d9ual2fnfwy7a6e7k09z3yf929k9,1,352,,,161,340000000,7862852ab4afc9ecf783ff074760ad2f3bf52669713ddd67d6794512,False,True,5994839498293,0.029,False,Ouros,369002713901,2500000000,150164570637,1596072471,,1018712940027,0.0347,0,0.0193,0.0205,0.0083,0.0125,0.0212,0.0196,0.0232,OUROS,2097,True
790306686,pool18sqt4qwprlt6ytg8pu2qpz262j9vhlzmtwn2fwvhpcnzc0u5ynw,0,1,,,5,340000000,3c00ba81c11fd7a22d070f1400895a548acbfc5b5ba6a4b9970e262c,False,False,790306686,0.03,False,1WJG,20603691,5000000000,372729703,1596072271,,1058260410,0.0257,0,0,0,0,0,0,0,0,1WJG,1,True
46424858534742,pool1pshqcksxywy68lt04lw6uf35f4yssekh5dx2mxqmyrukke2z5y3,11,363,cardanoland.com,0,3392,340000000,0c2e0c5a062389a3fd6fafddae26344d490866d7a34cad981b20f96b,False,True,46119590186865,0.01,False,A CardanoLand pool ACL,787322987555,750000000000,234702604244,1596072111,,10988148576301,0.0392,0,0.0234,0.0241,0.0102,0.0165,0.0257,0.0219,0.0271,ACL,18376,True
115591781291,pool1dsqxx4ehzudlaygj5p75eptkdz3kzwcck9qrft4aq02a5vf8agf,0,0,,,2,340000000,6c00635737171bfe9112a07d4c857668a3613b18b14034aebd03d5da,False,False,115591781291,0.02,False,Standardize Network,115590775046,120000000000,0,1596071971,,0,0,0,0,0,0,0,0,0,0,STDN,0,True
97510309,pool1xt0z35f0ms6xt5r8swhtd2xcymqxvk42m8fk5q8fnw8hjhr6yax,0,6,cardanostakeada.com,0,5,340000000,32de28d12fdc3465d06783aeb6a8d826c0665aaad9d36a00e99b8f79,False,False,97510309,0.01,False,AYE,95940954,50000000,1824123746,1596071931,,12288251090,0.0264,0,0,0,0,0,0,0,0,AYE,11,True
57752826023168,pool14wk2m2af7y4gk5uzlsmsunn7d9ppldvcxxa5an9r5ywek8330fg,10,357,,,3643,170000000,abacadaba9f12a8b5382fc370e4e7e69421fb59831bb4ecca3a11d9b,False,False,57512242027934,0.0299,True,竜SM₳UG,1046327491517,1000000000000,230955240281,1596071931,,5880653335410,0.0319,0,0.0217,0.0222,0.0138,0.0162,0.0242,0.0194,0.0259,SMAUG,12628,True
3245939310414,pool1dy7tz7eyf2qal2jcns4qwm4xqn34gc4rj9dz34kfs6zuju477k7,1,353,,,248,340000000,693cb17b244a81dfaa589c2a076ea604e35462a3915a28d6c98685c9,False,True,3247059913995,0,False,Capital Stake Pool - live long and prosper.,13196275382,10000000000,107362878520,1596071791,,680990706137,0.0333,0,0.0190,0.0209,0.0001,0.0028,0.0192,0.0107,0.0201,CSP,1354,True
4113955497929,pool1jgwu8lq3dqddnnx7prymcgcyrqy0fdlghg33he2hmw9t2gma3zd,4,356,kiwipool.org,1,653,340000000,921dc3fc11681ad9ccde08c9bc23041808f4b7e8ba231be557db8ab5,False,True,4100966215163,0.02,True,KIWI¹ by 🥝Kiwipool Staking,222633294084,200369000000,158050535889,1596071151,,1847373329994,0.0359,0,0.0224,0.0228,0.0154,0.0144,0.0226,0.0196,0.0220,KIWI,3323,True
1630246750865,pool1vc8jhqtwjrjwsfk6a0enx47hd2ufg98c34ta6lvl0zv0uhpech9,2,271,,,170,340000000,660f2b816e90e4e826daebf33357d76ab89414f88d57dd7d9f7898fe,False,True,1630089128274,0,False,Medusa Development Support,118707677759,50000000000,95319684836,1596070631,,569885713787,0.0339,0,0.0133,0.0105,0.0161,0.0109,0.0133,0.0109,0.0137,MDS,1037,True
13689979059612,pool1vafsg5t78rnx3qr3fv7ys9h50pnvxqhd4l8tj629l5zk7tc39ch,4,363,wavepool.digital,1,700,340000000,675304517e38e66880714b3c4816f47866c302edafceb96945fd056f,False,False,13662668605718,0.0216,False,wavepool.digital,3906702732,10000000,231980512231,1596070471,,4856044676412,0.0376,0,0.0221,0.0252,0.0089,0.0119,0.0252,0.0195,0.0254,SKY2,8368,True
26040648392351,pool10zyf32q3w3n9x940j6yqgkwuegzn77p94wcmpku6gvmrqw8a97d,10,356,xstakepool.com,0,1226,340000000,788898a81174665316af96880459dcca053f7825abb1b0db9a433630,False,False,26045667305002,0.037,True,X-StakePool,73740233088,20000000000,459148991767,1596070291,,9175701958251,0.0352,0,0.0221,0.0218,0.0115,0.0168,0.0237,0.0184,0.0256,XSP,17701,True
33313683418355,pool1g5gmej3cj67td4pmvmacnls8nuq0gjld2pwfeg3jwpxujdx6lmu,8,363,wavepool.digital,0,1704,340000000,4511bcca3896bcb6d43b66fb89fe079f00f44bed505c9ca232704dc9,False,False,32996044703103,0.01,False,wavepool.digital,3991822522,5000000,236415290659,1596070251,,7321155918898,0.0365,0,0.0195,0.0210,0.0106,0.0137,0.0235,0.0166,0.0260,SKY,13400,True
1005175300,pool1pg2k7lp6w68vlvdycug2ycu3mkrt0z4ftxay4g8zchj87mw6ug8,0,26,,,2,340000000,0a156f7c3a768ecfb1a4c710a26391dd86b78aa959ba4aa0e2c5e47f,False,False,1005175300,0.02,False,Love_over_Gold,1005175300,1000000000,11853682212,1596070251,,146640469764,0.0378,0,0,0,0,0,0,0,0,VJRAS,193,True
711956415326,pool1kchver88u3kygsak8wgll7htr8uxn5v35lfrsyy842nkscrzyvj,0,315,,,235,340000000,b62ecc8ce7e46c4443b63b91fffaeb19f869d191a7d2381087aaa768,False,False,711882706351,0,False,Stakhanovite #1,53260439368,50000000000,183306562191,1596070251,,4247600004566,0.0486,0,0.0004,0.0005,0.0005,0.0003,0.0046,0.0003,0.0117,STKH1,5139,True
12691233,pool1mugxe86p0p6fzeesthdzkuk3h9xtndf4my9cznmxtmpvujzlw4f,0,5,,,6,340000000,df106c9f4178749167305dda2b72d1b94cb9b535d90b814f665ec2ce,False,False,12691233,0.01,False,Ada Kings,12691233,5000000000,1937578497,1596070211,,7520038109,0.0597,0,0,0,0,0,0,0,0,Kings,6,True
33546504394952,pool10quq4wlghwrvmhdzc7geq22pyhzegccwj56ax2g8hx0cjfahufs,10,363,stakepoolservice.com,1,441,340000000,78380abbe8bb86cddda2c79190294125c594630e9535d32907b99f89,False,False,34228614977501,0.05,False,StakePool Service No.2,15659542757,10000000000,588497889409,1596070131,,8861630002008,0.0370,0,0.0220,0.0242,0.0113,0.0147,0.0248,0.0187,0.0256,SPS2,15493,True
127802673110,pool1p627hhec2ha6wu6ql377c3hv4mjd26w7ll0xyw2ezgnu6nyl0a4,0,46,,,5,170000000,0e95ebdf3855fba77340fc7dec46ecaee4d569deffde6239591227cd,False,False,127802673110,0,False,PMWare_Pool,127799328592,100000000000,17752203554,1596069711,,104846812484,0.0393,0,0.0174,0.0177,0,0.0350,0.0119,0.0174,0.0099,PMW,124,True
40353992205663,pool1a2nh3ktswllhwf07fjahpdg5mpqyq7j950pyftq9765r6t4cefl,12,363,adaocean.com,0,2656,170000000,eaa778d97077ff7725fe4cbb70b514d840407a45a3c244ac05f6a83d,False,True,40297005621095,0.009,True,ADA Ocean,10100000000,10000000000,227840972229,1596069571,,10969440730237,0.0400,0,0.0227,0.0234,0.0124,0.0168,0.0244,0.0219,0.0258,OCEAN,16614,True
61721353520140,pool1qqq0c53vaf5ju0n3fvujmyxwca0yhp65930evw9lngmr5705csz,21,360,,,1542,340000000,0000fc522cea692e3e714b392d90cec75e4b87542c5f9638bf9a363a,False,True,61713829319762,0.001,True,ADA NORTH POOL,491613101555,350000000000,138153104659,1596069551,,2547027718979,0.0306,0,0.0224,0.0243,0.0106,0.0144,0.0251,0.0187,0.0262,ANP,5699,True
10078598,pool1vemm9tq77upd9m6wtu7edw8wtju3ymnuq9wz43cfn35qk26ddqq,0,9,,,9,340000000,6677b2ac1ef702d2ef4e5f3d96b8ee5cb9126e7c015c2ac7099c680b,False,False,10078598,0.001,False,CoinTourage Pool,0,65000000000,2731759032,1596069471,,13472019731,0.0300,0,0,0,0,0,0,0,0,CNT,12,True
13063125414560,pool1wxn9nsl8rvxa6r8e5eaak0ml6etfxnz2n9vqrmsw5nzgyexgkrn,4,363,,,814,340000000,71a659c3e71b0ddd0cf9a67bdb3f7fd656934c4a995801ee0ea4c482,False,False,13060050107217,0.01,False,Ektropy,538855900583,250000000000,192462808787,1596068971,,6839286796394,0.0405,0,0.0224,0.0228,0.0109,0.0187,0.0236,0.0220,0.0256,EKTRP,10998,True
34399355679137,pool1c89d4drtwn0048mekkdkzllz559ahnntxelyw2mppxnmc36hjlx,9,363,,,761,340000000,c1cadab46b74defa9f79b59b617fe2a50bdbce6b367e472b6109a7bc,False,True,34378316432468,0.0099,False,CLIO1,1396530588755,1135000000000,214412528720,1596068851,,7181263745909,0.0384,0,0.0222,0.0225,0.0122,0.0186,0.0242,0.0214,0.0252,CLIO1,12183,True
14459395946177,pool155cu3s06js3llfh07vnzepatfuvt3s5s7uwldt9rzz55wz7pugt,2,363,stakepoolservice.com,0,288,340000000,a531c8c1fa9423ffa6eff3262c87ab4f18b8c290f71df6aca310a947,False,True,14466381265460,0.05,False,StakePool Service,13994551615,10000000000,605225714860,1596068651,,9169266053932,0.0404,0,0.0222,0.0215,0.0093,0.0135,0.0213,0.0174,0.0239,SPS,13207,True
27129668859,pool14g73qj0qz05ymqg7dp9kxdu8jr7uuzm6z6n3jwxpvqskghhmhng,0,62,,,26,340000000,aa3d1049e013e84d811e684b63378790fdce0b7a16a71938c1602164,False,True,27129668859,0.005,False,twin staking,15238170,100000000000,22082317122,1596068591,,198869845883,0.0347,0,0,0,0,0,0,0,0,TWIN1,284,True
1003044847401,pool15mfkj8sl7estcmmd5a07afrx5f4hlz3pcr6p6ay5pfmrjfl2hlf,0,230,,,69,340000000,a6d3691e1ff660bc6f6da75feea466a26b7f8a21c0f41d74940a7639,False,True,1003393845393,0.01,True,DOXA,453417435008,320000000000,85762182673,1596068371,,429821478735,0.0380,0,0.0092,0.0062,0.0004,0.0005,0.0070,0.0091,0.0128,DOXA,658,True
9226685048434,pool1dpu6kslgxlg3ccrwxldl8e6r7ylnq0yalafmucp0yc7k6qegtt0,2,342,,,414,250000000,6879ab43e837d11c606e37dbf3e743f13f303c9dff53be602f263d6d,False,False,9117783280709,0.0095,False,ADA Farm,36041173224,31250000000,119188567227,1596068311,,1036432328536,0.0306,0,0.0194,0.0203,0.0018,0.0108,0.0217,0.0185,0.0239,FARM,2223,True
12353439537274,pool1swe9nsv8lzugakjkfv04dn38scmq48wzynmn0lxasupuzmqcgjm,3,363,,,1305,170000000,83b259c187f8b88eda564b1f56ce2786360a9dc224f737fcdd8703c1,False,False,12326036344751,0.0084,False,ADAGE,119952892486,110000000000,148113909097,1596068271,,4324639526032,0.0423,0,0.0157,0.0190,0.0067,0.0117,0.0232,0.0143,0.0239,ADAGE,6708,True
35830103459043,pool1vquhv3kh6xkklckaenl8alyuhfsld57ef5573aqauueyqacx4ak,14,363,kiwipool.org,0,6632,340000000,60397646d7d1ad6fe2ddccfe7efc9cba61f6d3d94d29e8f41de73240,False,True,35862438381167,0.02,True,KIWI by 🥝Kiwipool Staking,502159105585,501369000000,274137229078,1596068151,,7409143953149,0.0382,0,0.0207,0.0220,0.0098,0.0146,0.0239,0.0182,0.0267,KIWI,12824,True
33563744894715,pool15ccmgcc4k9t8auxw9v4dfjmrl2kqnuevawn8z6n7xv09utw9hh3,16,363,staking4ada.org,0,1502,170000000,a631b46315b1567ef0ce2b2ad4cb63faac09f32ceba6716a7e331e5e,False,True,33560953669204,0.02,False,Staking4ADA.org,300018543195,300000000000,216784529255,1596067111,,7609493952188,0.0377,0,0.0229,0.0227,0.0084,0.0153,0.0250,0.0213,0.0264,4ADA,13199,True
21162530063223,pool1j6zqawj6f58lp4p00t26eqe58gxx4pa3cudlzpkv23y92nlxjzd,4,362,,,715,813000000,96840eba5a4d0ff0d42f7ad5ac83343a0c6a87b1c71bf106cc544855,False,False,21269219313975,0,False,Cardano GURU Pool,32722745863,25000000000,302470841597,1596067031,,6161733499928,0.0381,0,0.0234,0.0233,0.0126,0.0160,0.0245,0.0224,0.0249,GURU,10960,True
45420066856211,pool108zdflss3ayqlm5c7vr6mtqj2uwl99vk28ur8dv4zswdzt6yauc,15,363,dappcentral.net,0,6557,340000000,79c4d4fe108f480fee98f307adac12571df2959651f833b595141cd1,False,True,45347508303476,0.02,False,AzureADA,1142896400160,1000000000000,321738739564,1596066851,,9553288473467,0.0365,0,0.0221,0.0224,0.0136,0.0161,0.0234,0.0210,0.0252,AZUR,17708,True
21801985233466,pool1we0xjccr3vc4ypnmhzsgwp7sxpsytu8dtv0syeqmtrllvcex68q,5,352,,,183,170000000,765e6963038b3152067bb8a08707d0306045f0ed5b1f02641b58fff6,False,False,21807870555340,0.035,True,JUNO stake pool,200317074305,200000000000,151619924995,1596066851,,2073824329359,0.0312,0,0.0207,0.0223,0.0128,0.0183,0.0249,0.0193,0.0259,JUNO,4515,True
44039990192694,pool195gdnmj6smzuakm4etxsxw3fgh8asqc4awtcskpyfnkpcvh2v8t,10,363,sunnyada.io,0,7638,340000000,2d10d9ee5a86c5cedb75cacd033a2945cfd80315eb978858244cec1c,False,True,43568840653490,0.02,True,Sunshine Stake Pool,573672996500,1000000000,241710060721,1596066791,,10220719991192,0.0377,0,0.0221,0.0237,0.0119,0.0167,0.0243,0.0207,0.0257,SUNNY,18008,True
2485244862663,pool1qqq9tqyj69j9kygpxza3h82ynh8d0xlueucnu2yqum8nse8hj7y,0,323,angelstakepool.net,1,339,170000000,0000558092d1645b110130bb1b9d449dced79bfccf313e2880e6cf38,False,True,2485587416935,0.025,True,ANGEL stake pool #2,50730965220,22222000000,95180994448,1596066671,,680972984534,0.0385,0,0.0179,0.0178,0.0076,0.0101,0.0216,0.0142,0.0221,SION,1210,True
10679866564964,pool1qqqq4md2rfdt75qvh3x9cgmkrgkl74ctcj3fnxpu3ylcudl22ex,3,363,masterstake.com,0,1200,340000000,00000aedaa1a5abf500cbc4c5c23761a2dff570bc4a299983c893f8e,False,False,10619533349242,0.02,False,Masterstake,10015018444,10000000000,210385959258,1596066391,,4479118460326,0.0391,0,0.0239,0.0260,0.0142,0.0158,0.0248,0.0200,0.0258,MASTR,7582,True
606464342192,pool1zsyqzr04g5pr3nv7vfk8ldc3uf0xljc8yftdsqpxxqpychpxj65,0,135,,,10,170000000,1408010df5450238cd9e626c7fb711e25e6fcb072256d8002630024c,False,False,606813077490,0.005,False,MAIDS,66720238490,30000000000,36707933623,1596066351,,65258804916,0.0222,0,0.0195,0.0242,0,0,0.0243,0.0070,0.0224,AKANE,171,True
8978756999727,pool1cc76kmtcpf6vht32ya5ke9er74dnpy4jh5qpy4klqwp87ygdsu6,4,362,,,1494,340000000,c63dab6d780a74cbae2a27696c9723f55b3092b2bd001256df03827f,False,False,8819666549429,0.029,False,kBlocks,501497666265,500000000000,214015587715,1596066351,,3557658415711,0.0385,0,0.0168,0.0189,0.0070,0.0102,0.0209,0.0134,0.0230,BLOCK,6112,True
1017502203807,pool1fu567g42mlv9f7enek7zeh94c0aht98w44du7s29t0elzd9yazz,0,250,,,85,340000000,4f29af22aadfd854fb33cdbc2cdcb5c3fb7594eead5bcf41455bf3f1,False,False,1016367006684,0.01,False,Cardano Universe,254184801428,1000000000,92521604031,1596066231,,734466176020,0.0423,0,0.0023,0.0015,0,0,0.0057,0.0044,0.0099,ADAU,996,True
12494895541820,pool18v9r8afalh50l4lstct2awdc3zspnvurcs7t45nv29uc2mnxc6c,2,363,londonpool.co.uk,1,1067,340000000,3b0a33f53dfde8ffd7f05e16aeb9b888a019b383c43cbad26c517985,False,False,10734922151164,0,False,London pool,321206546844,0,142670242656,1596065931,,3947079200779,0.0405,0,0.0192,0.0207,0.0133,0.0137,0.0235,0.0171,0.0242,LONDN,6244,True
15765499692212,pool1kkfkdces5mdcyc9dn2hgg3463jggjvw3h89nejjarkz25uavaqu,2,363,1percentpool.eu,10,364,340000000,b59366e330a6db8260ad9aae8446ba8c908931d1b9cb3cca5d1d84aa,False,True,15772244377991,0.01,True,1 Percent Pool #9 (v1),52507604691,50000000000,179811394289,1596065931,,5640905309188,0.0425,0,0.0228,0.0218,0.0097,0.0168,0.0231,0.0204,0.0245,1PCT9,8169,True
28547537031678,pool13846y7q7tng3endxhet9qdcz5w0fjs09ytcye4dm5g54wmyqeqr,5,363,,,959,170000000,89eba2781e5cd11ccda6be56503702a39e9941e522f04cd5bba22957,False,True,28553339662150,0.025,True,The Brothership Pool,446732489135,440000000000,179523755814,1596065871,,5525444119684,0.0362,0,0.0207,0.0223,0.0086,0.0126,0.0236,0.0180,0.0256,BSP,10251,True
422706032134,pool15mv5w2vvfv2kplkrt40ylylyvdudv5axq5nyw6ln3v0gkd2auew,1,219,,,318,340000000,a6d947298c4b1560fec35d5e4f93e46378d653a60526476bf38b1e8b,False,False,422363547067,0,False,DutchPool NLD,83818993,10000000,99550960142,1596065871,,734554966991,0.0424,0,0.0004,0.0003,0,0,0.0005,0,0.0093,NLD,1010,True
5143531976531,pool1ddgcpgjcyawxw95se9x8qnc8gxgwjr4fqrk4vk6v9x47s0ggpjp,3,363,1percentpool.eu,9,598,340000000,6b5180a258275c671690c94c704f074190e90ea900ed565b4c29abe8,False,True,5147448780650,0.01,True,1 Percent Pool #8 (v1),52244843675,50000000000,179854305270,1596065791,,5637717914729,0.0469,0,0.0193,0.0217,0.0149,0.0100,0.0203,0.0158,0.0212,1PCT8,6600,True
18938097295907,pool1qvvn2l690zm3v2p0f3vd66ly6cfs2wjqx34zpqcx5pwsx3eprtp,8,325,viperstaking.com,1,1026,170000000,0319357f4578b716282f4c58dd6be4d613053a40346a208306a05d03,False,False,18879405962828,0,False,🐍Viper Stake Pool #2,578084798092,401000000000,90937581736,1596065791,,2059538525042,0.0317,0,0.0222,0.0233,0.0085,0.0146,0.0250,0.0181,0.0258,VIPER,4466,True
34536582733415,pool1w8ham64lthvzzxzn5hknq4yrj8xt2nark409s2xmntlwvt4ag3r,5,363,1percentpool.eu,8,571,340000000,71efddeabf5dd8211853a5ed30548391ccb54fa3b55e5828db9afee6,False,True,34650214674891,0.01,True,1 Percent Pool #7 (v1),52841562523,50000000000,222448090391,1596065671,,9884520697745,0.0395,0,0.0226,0.0227,0.0157,0.0200,0.0237,0.0193,0.0261,1PCT7,16020,True
6655356352446,pool1uq8l234306m76unyz8kuwnkvmtvazaks6vuvyx3a3khngavvcw0,2,362,,,925,500000000,e00ff546b17eb7ed726411edc74eccdad9d176d0d338c21a3d8daf34,False,True,6663131942717,0.01,False,💰 Plutus Staking #1 💰,1501685646834,1500000000000,196444129233,1596065671,,2146016015429,0.0400,0,0.0195,0.0169,0.0049,0.0065,0.0183,0.0160,0.0197,PLTUS,3749,True
804964932035,pool16dxn8c697qrqtzl3xe695trtde2hvgw0qtd65208ruaq70hv4ud,0,275,,,44,340000000,d34d33e345f006058bf136745a2c6b6e557621cf02dbaa29e71f3a0f,False,False,785566723819,0.02,False,Stake Pool Central,5001057950,5000000000,113252090469,1596065651,,983948595386,0.0374,0,0.0180,0.0136,0,0,0.0120,0.0257,0.0141,CENT,1788,True
6748575279304,pool1ua0lx5ap5tj9f5l7tyjflp766ca5yu93djh5hqvm4e0kjgw5k7v,1,361,1percentpool.eu,7,435,340000000,e75ff353a1a2e454d3fe59249f87dad63b4270b16caf4b819bae5f69,False,True,6739402944102,0.01,True,1 Percent Pool #6 (v1),52263408878,50000000000,170093839643,1596065591,,4749676954507,0.0462,0,0.0213,0.0209,0.0077,0.0155,0.0228,0.0182,0.0251,1PCT6,6034,True
2558139817064,pool1py2uxkvuj926h42s40wxl26dh0ggaq882v4m0hkd99m86vzmwnz,0,325,,,41,340000000,0915c3599c9155abd550abdc6fab4dbbd08e80e7532bb7decd29767d,False,False,2558572396555,0.05,True,EARTH,105990497905,100098000000,127723462827,1596065531,,333475841206,0.0286,0,0.0213,0.0238,0.0145,0.0194,0.0231,0.0194,0.0231,EARTH,802,True
7515297655410,pool1rkyc3ss904h066sffergss99r9p2kqa4k6ds0g4u5ud4x7yaajd,0,360,1percentpool.eu,6,525,340000000,1d8988c2057d6efd6a094e468840a51942ab03b5b69b07a2bca71b53,False,True,7518591978972,0.01,True,1 Percent Pool #5 (v1),52319607468,50000000000,181957770128,1596065471,,5918181708641,0.0471,0,0.0207,0.0210,0.0136,0.0159,0.0234,0.0199,0.0238,1PCT5,7260,True
9273707147265,pool1vnsfv2qpt5gxte9prupjey8kw7ap7t6c8lc02ks4s3gtqplhgd3,0,362,1percentpool.eu,5,472,340000000,64e09628015d1065e4a11f032c90f677ba1f2f583ff0f55a158450b0,False,True,9315762560793,0.01,True,1 Percent Pool #4 (v1),52346246301,50000000000,186536270387,1596065371,,6305490967219,0.0458,0,0.0211,0.0215,0.0124,0.0147,0.0216,0.0207,0.0252,1PCT4,8206,True
17113570746742,pool12mmcc4rc2fzfv7gyv8h06nvnsrm3m7erzdv8x6gzvjxlu2lf09n,4,363,1percentpool.eu,4,416,340000000,56f78c5478524496790461eefd4d9380f71dfb231358736902648dfe,False,True,17185339951946,0.01,True,1 Percent Pool #3 (v1),52420840436,50000000000,184109177410,1596065251,,6059745450918,0.0426,0,0.0217,0.0221,0.0097,0.0106,0.0248,0.0147,0.0254,1PCT3,9094,True
55657245706122,pool1z7n2ruhmxmv77f6cqhd3wsy6774h2wuay77agxuf2y9mj8q55vw,10,363,1percentpool.eu,3,1064,340000000,17a6a1f2fb36d9ef275805db17409af7ab753b9d27bdd41b89510bb9,False,True,55641581388440,0.01,True,1 Percent Pool #2 (v1),53436471819,50000000000,238095944261,1596065151,,11427755438886,0.0389,0,0.0233,0.0232,0.0130,0.0169,0.0243,0.0218,0.0260,1PCT2,18966,True
466632534533,pool144m894gswuy3se407ma5870nkaw5ylykrak73gf4kpepj50ulfa,0,230,,,215,170000000,ad7672d51077091866aff6fb43f9f3b75d427c961f6de8a135b07219,False,False,465513696569,0,False,Cardano Club,10016221553,10000000000,77740349092,1596065071,,268435622703,0.0353,0,0.0048,0.0032,0,0,0.0098,0.0047,0.0080,CLUB,472,True
830553454324,pool1cuccvs6vdlrxw67kwvzdx3gcl3ha0402mkhhseqmre7u7vdkwev,0,113,,,5,340000000,c73186434c6fc6676bd67304d34518fc6fd7d5eaddaf78641b1e7dcf,False,False,830553454324,0,False,ADAGO POOL,401158734,400000000,59819261057,1596065051,,721838855333,0.0432,0,0,0,0,0,0,0,0,ADAGO,729,True
6217859113211,pool1s3z5qsg75dar26ykyzcz2u8wc2swgq7pyp7f9sdh5n06qh3jhq2,0,361,1percentpool.eu,2,391,340000000,844540411ea37a35689620b02570eec2a0e403c1207c92c1b7a4dfa0,False,True,6205925298221,0.01,True,1 Percent Pool #1 (v1),52259037047,50000000000,162346801133,1596065031,,3943514264787,0.0448,0,0.0169,0.0187,0.0062,0.0110,0.0203,0.0179,0.0208,1PCT1,5116,True
1050747619717,pool1sffl322qgsrsmkcedzzwk05396dkmj56pcepqvj6px3n2re3qu4,0,231,,,55,170000000,8253f8a94044070ddb196884eb3e912e9b6dca9a0e3210325a09a335,False,True,1051445078923,0.02,True,MOON1 Stake Pool powered by lunarpool.io,392559026,1000000,66678052964,1596065011,,158479297839,0.0272,0,0.0193,0.0202,0,0.0039,0.0211,0.0172,0.0206,MOON1,384,True
48229848139977,pool166dkk9kx5y6ug9tnvh0dnvxhwt2yca3g5pd5jaqa8t39cgyqqlr,22,363,viperstaking.com,0,3388,170000000,d69b6b16c6a135c4157365ded9b0d772d44c7628a05b49741d3ae25c,False,True,48268097284844,0.009,False,🐍Viper Stake Pool,468784285524,401000000000,137690082427,1596064951,,7088041514751,0.0344,0,0.0235,0.0246,0.0146,0.0186,0.0251,0.0212,0.0264,VIPER,13851,True
61965391373859,pool1gclysx2h7fndj0jdajlmwvqr8q9tzu3rurjknacu0ff954fsg9a,14,363,1percentpool.eu,1,1910,340000000,463e481957f266d93e4decbfb73003380ab17223e0e569f71c7a525a,False,True,61922769301270,0.01,True,1 Percent Pool #0 (v1),53502827735,50000000000,258121644469,1596064891,,13411770657725,0.0396,0,0.0247,0.0244,0.0140,0.0179,0.0248,0.0219,0.0262,1PCT0,21438,True
56403104253,pool1u2d3guvld9rk0586lyhk2n8kvkzmem7czwdltgem0mgczqd3ygu,0,35,,,13,340000000,e29b14719f694767d0faf92f654cf66585bcefd8139bf5a33b7ed181,False,False,56403104253,0.025,False,Insalada Stake Pool,55994905115,145000000000,16684351575,1596064851,,186094133813,0.0478,0,0,0,0,0,0,0,0,SALAD,201,True
24230121267830,pool1hsq2jrulgj97tna2femdhsfn2wurkkwt8uk9uvs42h9zs0a783p,8,363,stake1ux2g76f0l7cv8g6ugzc3q54shlh57sqzad0tydysw7srqpq377vgr,2,110,340000000,bc00a90f9f448be5cfaa4e76dbc13353b83b59cb3f2c5e321555ca28,False,False,24215352379377,0.05,False,JAZZ3,93992938670,50000000000,468558579137,1596064811,,6564957225068,0.0368,0,0.0212,0.0217,0.0101,0.0148,0.0227,0.0168,0.0238,JAZZ3,11256,True
1046575859004,pool104re5tajgh4mpp7c744khap56lf609cfjlna5ysjkum8qn8fel9,1,225,,,15,250000000,7d479a2fb245ebb087d8f56b6bf434d7d3a7970997e7da1212b73670,False,False,1046932309729,0.03,False,TOKYO,147170822630,100000000000,77469695643,1596064811,,176796842686,0.0320,0,0.0086,0.0129,0.0034,0.0045,0.0134,0.0125,0.0132,TOKYO,368,True
23804851165433,pool1h0524mtazrjnzqh5e4u060jsfk8lpsqqjfpa5gygjwuhqu34wvt,6,363,stake1ux2g76f0l7cv8g6ugzc3q54shlh57sqzad0tydysw7srqpq377vgr,1,155,340000000,bbe8aaed7d10e53102f4cd78fd3e504d8ff0c0009243da208893b970,False,False,22793934400567,0.05,False,JAZZ,95572737164,50000000000,419158880707,1596064791,,5628296229275,0.0389,0,0.0189,0.0203,0.0124,0.0152,0.0224,0.0180,0.0244,JAZZ,9289,True
62311569329030,pool173mzegwuu0pjcrt60ekelzj5haqr8r5e4e0n45qh9jdz7xm5kh8,21,353,,,8444,340000000,f4762ca1dce3c32c0d7a7e6d9f8a54bf40338e99ae5f3ad0172c9a2f,False,False,62061590610366,0.0199,True,Rocky Mountain Pool,176057072105,151000000000,222552041305,1596064691,,6093613708865,0.0346,0,0.0228,0.0233,0.0165,0.0192,0.0243,0.0214,0.0263,ROCKY,12280,True
4855228992837,pool1supp67ypelmgzuzqqvarc6czgmg3ggwpnrnfr90xpfcqqf8h05t,1,363,1percentpool.eu,0,664,340000000,87021d7881cff6817040033a3c6b0246d11421c198e69195e60a7000,False,True,4857075263121,0.01,True,1 Percent Pool (v1),52218179313,50000000000,174347737147,1596064671,,5096980130419,0.0466,0,0.0209,0.0216,0.0027,0.0105,0.0215,0.0157,0.0233,1PCT,6444,True
424591819155,pool1sx4e8rvx2xdxgkww2fpjtmvrnaftfrtfge29xcn72hh7kch5snf,0,158,londonpool.co.uk,0,36,340000000,81ab938d86519a6459ce524325ed839f52b48d69465453627e55efeb,False,False,407906351069,0,False,UK pool,29576250631,0,53380000000,1596064551,,162427833710,0.0313,0,0.0060,0.0044,0.0318,0.0217,0.0045,0.0108,0.0067,UK1,329,True
23583388279428,pool1gwnu7f7qgaruxph8gn3u28qphvquvnj63elyd3r0nndacj9g9pa,10,363,stake1ux2g76f0l7cv8g6ugzc3q54shlh57sqzad0tydysw7srqpq377vgr,0,131,340000000,43a7cf27c04747c306e744e3c51c01bb01c64e5a8e7e46c46f9cdbdc,False,False,23566161820983,0.05,False,JAZZ2,92961033099,50000000000,429515019586,1596064551,,5828372083292,0.0390,0,0.0204,0.0217,0.0109,0.0149,0.0222,0.0173,0.0235,JAZZ2,9478,True
7006825439934,pool1jyutduy73e5u9877uns3k9rm0tf4r24j8lrn4xtkjpl3q5sn5mw,1,356,moomanchoo.github.io,0,483,170000000,9138b6f09e8e69c29fdee4e11b147b7ad351aab23fc73a9976907f10,False,False,7007687987265,0.03,False,"Koala Pool stake, earn, & save Koalas コアラを救え",518451400,500000000,127259666902,1596064531,,1452611358414,0.0343,0,0.0160,0.0193,0.0108,0.0156,0.0204,0.0120,0.0225,KOALA,2826,True
5327416607865,pool1a600v0jd2z3yajazd80phln3exekumm7g56d9yvlrh6vx8dx2fc,1,356,popool.net,2,67,340000000,ee9ef63e4d50a24ecba269de1bfe71c9b36e6f7e4534d2919f1df4c3,False,False,5329036714020,0.05,False,POP3,69996836928,50000000000,313951728879,1596064451,,3675762456081,0.0457,0,0.0113,0.0099,0.0001,0.0046,0.0135,0.0121,0.0158,POP3,4637,True
23747672190327,pool1etfar35l4tf6vam3gvqf5dnaq7levz32vgw4p00jzk7q7twg2te,11,363,popool.net,1,179,340000000,cad3d1c69faad3a6777143009a367d07bf960a2a621d50bdf215bc0f,False,False,23723102731696,0.05,False,POP2,97848926442,50000000000,500386955005,1596064451,,7173960592876,0.0386,0,0.0208,0.0218,0.0136,0.0154,0.0231,0.0173,0.0253,POP2,12136,True
38645855391690,pool1pvu2zdexh8wr4ggmuz90jvqrua6an43qj9m9urs785p8kwjzqwl,8,363,katanapool.com,2,41,340000000,0b38a13726b9dc3aa11be08af93003e775d9d62091765e0e1e3d027b,False,False,38659108717202,0.05,True,KTN3,55041750896,50000000000,590128526733,1596064451,,8897319168017,0.0380,0,0.0226,0.0226,0.0109,0.0150,0.0235,0.0196,0.0250,KTN3,15126,True
14450739007721,pool19ejln2jcpg5dphc8m5nh8sya49sycsqj0v2cjxw6nku966cc8nu,3,363,popool.net,0,74,340000000,2e65f9aa580a28d0df07dd2773c09da9604c40127b158919da9db85d,False,False,14442252841037,0.05,False,POP,84560473082,50000000000,415382165022,1596064451,,5562851071433,0.0401,0,0.0204,0.0216,0.0108,0.0216,0.0220,0.0218,0.0237,POP,8694,True
10831918505595,pool1llxh8l0h8g9ghz3nrzh7ndvev4x43vnk72nsemzm795vxqs6dp8,2,363,tokyostaker.com,3,65,340000000,ffcd73fdf73a0a8b8a3318afe9b599654d58b276f2a70cec5bf168c3,False,False,10836103680043,0.05,True,JAPAN4,78646701393,50000000000,397438459496,1596064451,,5222842179604,0.0407,0,0.0177,0.0206,0.0124,0.0151,0.0221,0.0178,0.0243,JP4,8118,True
7445314600133,pool1q66d2n39uvln4hazyzv8fyq977mpqus78sjd2369qfn7cptdeyh,3,363,katanapool.com,1,54,340000000,06b4d54e25e33f3adfa22098749005f7b610721e3c24d547450267ec,False,False,7441360719524,0.05,True,KTN2,52340392815,50000000000,377640136675,1596064451,,4814568133754,0.0427,0,0.0219,0.0205,0.0181,0.0154,0.0205,0.0213,0.0230,KTN2,6800,True
34986082987832,pool1k0xrqp03mn9u3q3sadndd6vu9udl5v38xpzyw0shm8sskuxw2av,19,363,tokyostaker.com,2,157,340000000,b3cc3005f1dccbc88230eb66d6e99c2f1bfa32273044473e17d9e10b,False,False,34988231491810,0.05,True,JAPAN2,99069303027,50000000000,559302139683,1596064451,,8299658215443,0.0382,0,0.0211,0.0230,0.0171,0.0205,0.0233,0.0205,0.0252,JP2,14301,True
6160333821487,pool1hwlghkwnjsjk8370qt3dvp23d7urwm36f95fmxcz3np2kghknj9,2,351,,,359,340000000,bbbe8bd9d3942563c7cf02e2d605516fb8376e3a49689d9b028cc2ab,False,True,6161728621688,0,False,Pegasus,3698967531,3000000000,195245192341,1596064451,,3197451421382,0.0409,0,0.0194,0.0197,0.0147,0.0154,0.0184,0.0182,0.0206,PEGA,4626,True
13029133619987,pool1x2h98z6e5xvrg5zw3v3dlu8hqdtj6lhp6r3w5ge7rvcqcx3pafq,1,363,katanapool.com,0,53,340000000,32ae538b59a19834504e8b22dff0f703572d7ee1d0e2ea233e1b300c,False,False,13033910406476,0.05,True,KTN4,53664096041,50000000000,402835264057,1596064451,,5323390428030,0.0384,0,0.0218,0.0221,0.0174,0.0174,0.0223,0.0201,0.0233,KTN4,8554,True
17528290580772,pool1xrrrr8gldqz8pjxj6j8c638a9py04xuv66kfgn2dlsx9g52te0t,6,363,tokyostaker.com,1,103,340000000,30c6319d1f680470c8d2d48f8d44fd2848fa9b8cd6ac944d4dfc0c54,False,False,17532315353802,0.05,True,JAPAN3,82970312009,50000000000,413463885364,1596064451,,5529793036180,0.0393,0,0.0219,0.0207,0.0118,0.0149,0.0218,0.0175,0.0242,JP3,8857,True
54528502515657,pool17ahr5ygy48vpdfnatqn2z4wfu2te4quapk2yx3k50ce6kd7feg0,14,361,,,9665,170000000,f76e3a1104a9d816a67d5826a155c9e2979a839d0d944346d47e33ab,False,True,55164222437463,0.0199,True,Steak.and.ADA,2910481985844,2789000000000,293234211796,1596064431,,8478246954048,0.0357,0,0.0234,0.0241,0.0112,0.0143,0.0253,0.0203,0.0260,ST3AK,16594,True
9679839198190,pool1ljlmfg7p37ysmea9ra5xqwccue203dpj40w6zlzn5r2cvjrf6tw,2,363,,,1720,170000000,fcbfb4a3c18f890de7a51f68603b18e654f8b432abdda17c53a0d586,False,True,9639369678046,0.03,True,AAA,302213686102,300000000000,289211394929,1596064411,,6536964780417,0.0424,0,0.0190,0.0206,0.0080,0.0115,0.0214,0.0186,0.0229,AAA,9253,True
63702229651024,pool1ft4xjlz9uw0r0ewcgtkgeakqrfc5azxmxwsm5pt94dv67mw4rgd,16,356,,,1467,340000000,4aea697c45e39e37e5d842ec8cf6c01a714e88db33a1ba0565ab59af,False,False,60543407367809,0.01,True,Lovelacepool,809989335079,712000000000,188903228317,1596064411,,6743582874277,0.0329,0,0.0239,0.0247,0.0109,0.0143,0.0251,0.0221,0.0266,1LOVE,14470,True
466961529342,pool1wjsshqjpl3n6zlscnfvyy9gxklkav2dvfyprfye6l0kewyvv6yj,1,224,,,41,340000000,74a10b8241fc67a17e189a58421506b7edd629ac490234933afbed97,False,False,449812179816,0.055,False,🔒{SAFE}STAK,240004243882,180000000000,92786478815,1596064271,,597289220770,0.0346,0,0.0126,0.0113,0.0251,0.0165,0.0057,0.0084,0.0079,SAFE,1049,True
282647259905,pool1lllmq2jgcqrag5c77lpc5m34fsqn63leadyx9tzx842n66ly3ql,0,135,,,60,340000000,ffffb02a48c007d4531ef7c38a6e354c013d47f9eb4862ac463d553d,False,True,282647259905,0,False,Epic Stake Pool,116353147546,100000000000,50106509447,1596064211,,340176351992,0.0458,0,0.0004,0.0166,0,0,0.0101,0.0008,0.0095,EPIC,471,True
675697413132,pool1wm5quxelvgk8q50jyfznf9asvelp9zf0tk2wu4jazlw9yj4uctw,0,298,,,307,170000000,76e80e1b3f622c7051f222453497b0667e12892f5d94ee565d17dc52,False,True,675972460190,0.035,False,StakePool247,290063011515,250000000000,139555382389,1596064131,,1401400366586,0.0312,0,0.0077,0.0100,0.0094,0.0063,0.0196,0.0094,0.0243,EU01,3041,True
75074516042737,pool1gtphgrdj8sluxm9e7ca2spcwcq2p0dxj9zf5v0yv3gsagzq704n,18,363,,,5519,170000000,42c3740db23c3fc36cb9f63aa8070ec01417b4d22893463c8c8a21d4,False,True,63193830901278,0.015,False,ADAFR,3910825933278,3030000000000,252150437716,1596064031,,8693714870329,0.0376,0,0.0214,0.0231,0.0103,0.0138,0.0242,0.0178,0.0261,ADAFR,15947,True
3540504235164,pool19uynx6nxcdksmaqdcshjg487fap3rs3axyhrdqa7gdqgzgxss4y,1,363,tokyostaker.com,0,99,340000000,2f09336a66c36d0df40dc42f2454fe4f4311c23d312e3683be434081,False,False,3537050181201,0.05,True,JAPAN,73930798528,50000000000,381934854004,1596064031,,4917856293883,0.0425,0,0.0159,0.0193,0.0104,0.0116,0.0220,0.0151,0.0235,JAPAN,7209,True
23025149927104,pool1jx4ss2zjage3cw0wht3450328y82yeprmq4fr3e2qtac2rhezkv,8,363,coinzzz.jp,4,306,340000000,91ab082852ea331c39eebae35a3e2a390ea26423d82a91c72a02fb85,False,False,23024122575996,0.05,True,ZZZ5,60328368835,50000000000,574168524296,1596063911,,8579555903182,0.0411,0,0.0199,0.0207,0.0106,0.0123,0.0223,0.0172,0.0236,ZZZ5,12658,True
2278643714489,pool1mcvq2z34f9cfdmkd97famsh20ekqtndw246ny5e8ug3mxfdf4zq,0,156,,,99,170000000,de18050a35497096eecd2f93ddc2ea7e6c05cdae5575325327e223b3,False,True,2248273221474,0.01,True,HIVE,261438464129,10000000000,41811032886,1596063891,,192424236834,0.0336,0,0.0203,0.0217,0,0,0.0232,0.0080,0.0259,HIVE,377,True
12352157886,pool1u3v7s93f2d968a8kce6zgfmckfx56ly626jkml6jv7tgweplrn8,0,141,,,28,340000000,e459e81629534ba3f4f6c674242778b24d4d7c9a56a56dff52679687,False,True,12352157886,0.02,False,Aloha Cardano,0,321000000000,55372430828,1596063771,,358532503158,0.0399,0,0,0,0,0,0,0,0,ALOHA,529,True
277265582617,pool1wll3vr4v605eap9hpjfpda5cjegqfkjt8hrz3kkxpnffqejhav3,0,185,,,157,340000000,77ff160eacd3e99e84b70c9216f698965004da4b3dc628dac60cd290,False,True,277286176800,0.01,False,Otaku Pool,19188746029,15000000000,90860177093,1596063731,,1719059325458,0.0491,0,0.0005,0.0003,0,0,0.0029,0.0010,0.0064,OTAKU,2176,True
12485435529625,pool1spus7k8cy5qcs82xhw60dwwk2d4vrfs0m5vr2zst04gtq700gjn,1,363,coinzzz.jp,3,117,340000000,80790f58f82501881d46bbb4f6b9d6536ac1a60fdd18350a0b7d50b0,False,False,12431254616328,0.05,True,ZZZ4,57718979223,50000000000,459902405084,1596063691,,6389612826943,0.0422,0,0.0192,0.0207,0.0087,0.0129,0.0222,0.0165,0.0244,ZZZ4,9242,True
32970803442750,pool19f6guwy97mmnxg9dz65rxyj8hq07qxud886hamyu4fgfz7dj9gl,11,330,,,22112,340000000,2a748e3885f6f73320ad16a8331247b81fe01b8d39f57eec9caa5091,False,False,32936853146382,0.015,True,Berry,487256433560,450000000000,190964335044,1596063671,,5168001785018,0.0328,0,0.0217,0.0220,0.0084,0.0146,0.0234,0.0173,0.0258,BERRY,10796,True
40839326700698,pool14mm59ntjqzphjr6chrww639cdr3yjce4qcwzc5jkk38y22u7uc6,14,363,coinzzz.jp,2,141,340000000,aef742cd720083790f58b8dced44b868e2496335061c2c5256b44e45,False,False,40822618219396,0.05,True,ZZZ2,65238109344,50000000000,627788479115,1596063651,,9609329664947,0.0384,0,0.0216,0.0228,0.0135,0.0161,0.0241,0.0185,0.0254,ZZZ2,16131,True
24364116749401,pool1smy2r8jdvgna5ykhe8rrch7h4qalyfafyzyh0rmanmq0jxptww7,6,363,coinzzz.jp,1,216,340000000,86c8a19e4d6227da12d7c9c63c5fd7a83bf227a92089778f7d9ec0f9,False,False,24375830149841,0.05,True,ZZZ3,61237218101,50000000000,581841425727,1596063631,,8732269787981,0.0398,0,0.0194,0.0210,0.0118,0.0131,0.0235,0.0163,0.0245,ZZZ3,13940,True
33706660076497,pool1vxz0deezj5c2950e7arpzfqxzq8zd9kawsullrzjw5rsq0yhxgr,11,363,coinzzz.jp,0,223,340000000,6184f6e7229530a2d1f9f746112406100e2696dd7439ff8c52750700,False,False,33703598637754,0.05,True,ZZZ,62945567966,50000000000,611307581740,1596063531,,9282518580046,0.0395,0,0.0226,0.0234,0.0138,0.0170,0.0229,0.0205,0.0245,ZZZ,13989,True
28093370248300,pool1qqqyv9pn9typyqwcxqk5ewpxy5p27g5j2ms58hpp2c2kuzs5z77,9,363,angelstakepool.net,0,3738,170000000,00004614332ac81201d8302d4cb8262502af229256e143dc2156156e,False,True,28688317554977,0.025,True,ANGEL stake pool,101378227338,55555000000,275686236715,1596063411,,8879345872499,0.0393,0,0.0215,0.0217,0.0135,0.0156,0.0227,0.0215,0.0248,ANGEL,14984,True
2069492249330,pool190a9js7lk9lvmrngre7w268z9tz9xs9yz77audvw8ag4jerfdhx,2,353,,,145,340000000,2bfa5943dfb17ecd8e681e7ce568e22ac45340a417bdde358e3f5159,False,False,2059114457774,0.03,False,307Pool,118183161241,100000000000,159396717557,1596063351,,1602588242433,0.0401,0,0.0079,0.0111,0,0.0062,0.0125,0.0047,0.0168,307,2523,True
46684640034406,pool16fyda57p3c8gp5r6gmcq5tvqsp6mnzwvkxswgznkuh8wztrp6vv,13,363,hermes-stakepool.com,0,7740,340000000,d248ded3c18e0e80d07a46f00a2d808075b989ccb1a0e40a76e5cee1,False,False,46579358991956,0.02,False,Hermes Stakepool Germany #1,252673260696,250000000000,334549870163,1596063251,,10639203871995,0.0383,0,0.0231,0.0228,0.0127,0.0161,0.0243,0.0210,0.0259,HRMS,17701,True
14400033014727,pool1ld9hkah2dkzh73pvh9tf6xr0x28us34msv3zcv2sase5vhvq962,8,362,,,1994,340000000,fb4b7b76ea6d857f442cb9569d186f328fc846bb83222c3150ec3346,False,False,14382132070490,0.008,False,KOPI 咖啡 Singapore,473731944337,400000000000,179845589079,1596062971,,7067065674676,0.0381,0,0.0211,0.0235,0.0105,0.0152,0.0243,0.0225,0.0258,KOPI,12557,True
39881006775540,pool16kus5xvdysgmtjp0hhlwt72tsm0yn2zcn0a8wg9emc6c75lxvmc,10,363,garden-pool.com,0,5532,340000000,d5b90a198d2411b5c82fbdfee5f94b86de49a8589bfa7720b9de358f,False,False,41854783441841,0.01,False,Garden Pool,14656066896,1000000000,535810676613,1596062851,,9680083312330,0.0367,0,0.0210,0.0224,0.0147,0.0097,0.0245,0.0136,0.0262,EDEN,19578,True
14903417769293,pool1xxhs2zw5xa4g54d5p62j46nlqzwp8jklqvuv2agjlapwjx9qkg9,0,361,theswim.net,0,3162,340000000,31af0509d4376a8a55b40e952aea7f009c13cadf0338c57512ff42e9,False,False,14664769607338,0.015,False,The Swimming Pool,425285687151,425000000000,234189668113,1596062811,,8170250158180,0.0432,0,0.0219,0.0207,0.0119,0.0188,0.0213,0.0202,0.0237,SWIM,11018,True
14579057862080,pool1jk25l2pejpdzq8vdjlxrr05th49v9tgd78fqrtxvuw3rumpfc6t,1,351,,,2868,340000000,95954fa839905a201d8d97cc31be8bbd4ac2ad0df1d201accce3a23e,False,False,14383119582807,0.049,False,GROW TEAM,558426525,555000000,321864483630,1596062811,,5922712920245,0.0341,0,0.0201,0.0210,0.0106,0.0179,0.0233,0.0189,0.0248,GROW,11448,True
716380946608,pool1gpz25s2aasmqnh9tg8a2rxmyxuvmj5s779htxk295e9ajnzjflc,0,278,,,132,340000000,4044aa415dec3609dcab41faa19b643719b9521ef16eb35945a64bd9,False,False,717101911807,0,False,ADA's Digital GrandParent,49739037744,10000000000,96638402444,1596062731,,818712036756,0.0412,0,0.0049,0.0063,0,0,0.0062,0.0001,0.0086,MUGGY,1256,True
447418964625,pool1h5jtxde8j86qrnqzj32ugn480u7gw5xw8wqy5d227rl3vfg58qz,0,210,,,96,340000000,bd24b3372791f401cc029455c44ea77f3c8750ce3b804a354af0ff16,False,False,441321509274,0.024,False,PEACEpool Cardano ecosystem developers,149355538395,51000000000,83975631161,1596062711,,507873555675,0.0374,0,0.0003,0.0003,0,0.0005,0.0041,0.0003,0.0058,PEACE,916,True
15540784191497,pool1qwa8x4u4a2pff0xdv0haxpgk3tyrvl5adl2lpf3ztcftqruhea0,7,363,elitestakepool.com,0,2213,340000000,03ba735795ea8294bccd63efd305168ac8367e9d6fd5f0a6225e12b0,False,False,15574791104471,0,False,01  ▫  Elite Stake Pool,200832644159,200000000000,151537690501,1596062591,,5126080919786,0.0409,0,0.0245,0.0246,0.0186,0.0202,0.0253,0.0241,0.0252,ELITE,8203,True
392862523517,pool14hsxa2zfwzvy9ncdjwnx0xkcltjmdydeayxfju7suuuewv0dnke,0,63,,,38,170000000,ade06ea849709842cf0d93a6679ad8fae5b691b9e90c9973d0e73997,False,False,331839920008,0,False,DeKrom Stake Pool,73035018868,50000000000,18737339682,1596062331,,150170332519,0.0392,0,0.0135,0.0230,0,0,0.0266,0,0.0230,KROM,243,True
430022311307,pool1d70vllztcsgx3ku8h5vnukzz2a7lpzjxfjmuqqvxtj9kq27hygs,0,191,,,102,340000000,6f9ecffc4bc41068db87bd193e5842577df08a464cb7c001865c8b60,False,False,430022311307,0.015,False,LiverPool,282758445448,230000000000,74808733712,1596062251,,659439996884,0.0370,0,0.0055,0.0036,0,0.0006,0.0025,0.0006,0.0018,LIV,1082,True
7010011297320,pool1wz27a9pvd2jat98s375lxaaj7qxy405km4vzp83wn5vtwp59kvh,1,362,,,1985,340000000,7095ee942c6aa5d594f08fa9f377b2f00c4abe96dd58209e2e9d18b7,False,False,7006877775826,0,False,BRADA POOL,1702592150,0,126307803647,1596062231,,3083053624599,0.0393,0,0.0148,0.0173,0.0073,0.0110,0.0201,0.0140,0.0233,BRADA,5179,True
2402807515391,pool1ekhy5xsgjaq38em75vevk8df0k0rljju77tljw288ys5kumqce5,0,243,,,1688,340000000,cdae4a1a08974113e77ea332cb1da97d9e3fca5cf797f9394739214b,False,True,2386779786760,0,False,Staking OutOfBits,3724624,1000000000,118045994837,1596062071,,5939809009102,0.0417,0,0,0,0,0,0,0,0,SOBIT,8395,True
932316699631,pool1g0hsnjnt0du3kp33gjua3npncngr3yg4ak2zfdhd4zvmy6r8hyd,0,257,stakepool.at,1,134,300000000,43ef09ca6b7b791b063144b9d8cc33c4d0389115ed9424b6eda899b2,False,False,932665649052,0.02,False,St₳ke and EGGS Stakepool,326908559106,250000000000,94659013514,1596061871,,410166793012,0.0372,0,0.0155,0.0142,0.0019,0.0013,0.0094,0.0019,0.0133,EGGS,707,True
3085840211414,pool1pk7cjkcdsawxf25dwml0ely8vhjx7wp7nqans3jwatanceyqae0,0,341,,,256,250000000,0dbd895b0d875c64aa8d76fefcfc8765e46f383e983b38464eeafb3c,False,False,2930993906095,0.02,False,RIOT,617987872868,600000000000,122312766551,1596061791,,817468402654,0.0371,0,0.0199,0.0220,0.0052,0.0097,0.0210,0.0142,0.0220,RIOT,1596,True
8917216209763,pool1fh4sh2telea0tfdy39h0drx6uq566yt9gf24edpz7335sclx39z,1,362,,,1017,340000000,4deb0ba979fe7af5a5a4896ef68cdae029ad116542555cb422f46348,False,False,8922873651855,0.02,False,Cardano Canucks Pool,103248380990,100000000000,197363500088,1596061771,,3733627628766,0.0412,0,0.0238,0.0223,0.0099,0.0076,0.0225,0.0190,0.0241,CANUK,6082,True
13226041091,pool1q3xdrewrldt06rpjx6pzguzm847ujxnmajxrsr7dsthscz4htlv,0,5,,,10,340000000,044cd1e5c3fb56fd0c32368224705b3d7dc91a7bec8c380fcd82ef0c,False,False,13226041091,0,False,MICRO Staking Pool,11779092160,10000000000,1700000000,1596061451,,3252428206,0.0077,0,0,0,0,0,0,0,0,MICRO,6,True
3612905287818,pool1df9rj4n0t3zlpak7xnh4ue6t3yh9zlw7a02w4l8askp77up25rt,0,345,,,1027,300000000,6a4a39566f5c45f0f6de34ef5e674b892e517ddeebd4eafcfd8583ef,False,False,3612985818135,0.02,True,VEGASPool,222923916622,100002000000,129460221787,1596061431,,736364262551,0.0315,0,0.0140,0.0164,0.0116,0.0181,0.0190,0.0206,0.0209,VEGAS,1506,True
95312095588,pool13wzpwavanfpkr4r4j30plrlc6dn6p822lkt22zdllmy7q8y7s90,0,82,,,83,340000000,8b8417759d9a4361d475945e1f8ff8d367a09d4afd96a509bffec9e0,False,False,95312095588,0,False,Carbonara,89271685,50000000,30970497342,1596061391,,331762487338,0.0470,0,0,0,0,0,0,0,0,CARBO,349,True
43634583636619,pool1jhzf2mm6zdlhl6w89uhgx8nq8p6ykcc86qq58vjy0ejyxrrksfj,16,363,,,656,340000000,95c4956f7a137f7fe9c72f2e831e6038744b6307d00143b2447e6443,False,True,43647398810901,0.03,False,StakeLove,917705976294,100000000000,359311224367,1596061331,,7578440935136,0.0381,0,0.0209,0.0216,0.0106,0.0162,0.0236,0.0199,0.0251,LOVE,12774,True
1016787338610,pool12584mjtgz3fhgpx823qht56gycnfnezg6aqqthazv4qdxkd5c46,0,214,,,97,170000000,550f5dc96814537404c7544175d348262699e448d74005dfa26540d3,False,True,1017918185635,0.02,True,DOLCA Stake Pool,67509025972,50000000000,66572861658,1596061251,,259916647839,0.0371,0,0.0318,0.0263,0.0072,0.0288,0.0264,0.0288,0.0203,DOLCA,485,True
45326601661731,pool1krznhwu3h5pu2stuslr53z5rme50t6384macsmylcnljwc7yjky,15,363,,,719,170000000,b0c53bbb91bd03c5417c87c7488a83de68f5ea27aefb886c9fc4ff27,False,True,45322103387778,0.01,False,LEAF pool,202038239805,150000000000,160069387314,1596061211,,5411999842489,0.0376,0,0.0231,0.0236,0.0108,0.0158,0.0241,0.0204,0.0250,LEAF,9372,True
1686643737538,pool1m83drqwlugdt9jn7jkz8hx3pne53acfkd539d9cj8yr92dr4k9y,2,280,,,125,250000000,d9e2d181dfe21ab2ca7e95847b9a219e691ee1366d22569712390655,False,True,1686982080139,0.01,False,Smit Blockchain Operations,11049122113,5000000000,168360631514,1596061171,,1846839246612,0.0435,0,0.0179,0.0189,0.0267,0.0204,0.0187,0.0268,0.0211,BKIND,2638,True
73362560578885,pool1vx9tzlkgafernd9vpjpxkenutx2gncj4yn88fpq69823qlwcqrt,28,363,cardanians.io,0,12766,340000000,618ab17ec8ea7239b4ac0c826b667c599489e25524ce74841a29d510,False,True,73296293526760,0.02,False,CARDANIANS.io,203158357637,200000000000,382170328747,1596061011,,12989540296913,0.0378,0,0.0231,0.0238,0.0108,0.0137,0.0249,0.0209,0.0263,CRDNS,22001,True
178737107137,pool124lm97s6f4satl7xz0ulzgg6tv30tskry3zcntwrz68n60v5yne,0,263,,,53,340000000,557fb2fa1a4d61d5ffc613f9f1211a5b22f5c2c3244589adc3168f3d,False,False,13776703806,0.035,False,CardanoSHARP Stake Pool,672752201,100000000000,145658429689,1596060991,,1723179025809,0.0332,0,0,0,0,0,0,0,0.0247,SHARP,3452,True
5061660548649,pool1e556526sqwugxwnmeumt9lhj5jukklg8vv3ynk75xt9vs7adr5y,1,362,cheapstaking.com,0,335,500000000,cd29aa2b5003b8833a7bcf36b2fef2a4b96b7d07632249dbd432cac8,False,True,4526903983551,0.009,False,CheapStaking #1,500178711331,500000000000,229440335378,1596060971,,3992231421870,0.0420,0,0.0131,0.0156,0.0166,0.0133,0.0171,0.0131,0.0205,CHEAP,5723,True
38227062621478,pool1qqq6qqa0hpzvumv5p87ynczfmdj557xuwlc3289ke42g72z7f74,12,363,,,1578,170000000,0001a003afb844ce6d9409fc49e049db654a78dc77f1151cb6cd548f,False,True,38111526057559,0.028,True,AHLNET,1131182912587,400000000000,261198491562,1596060951,,6823160910469,0.0359,0,0.0195,0.0213,0.0112,0.0134,0.0238,0.0176,0.0253,AHL,12242,True
3213906281238,pool18xykgvvvxej2e5ap04ks72d8fdke4qsqeh30satznyrtj88634d,0,338,,,64,340000000,398964318c3664acd3a17d6d0f29a74b6d9a8200cde2f875629906b9,False,True,3215654670454,0,False,TeqWyse Stake Pool,1304339500143,1015000000000,116544144639,1596060931,,572345667692,0.0308,0,0.0122,0.0135,0.0120,0.0187,0.0141,0.0174,0.0138,TQWS,1156,True
1009868233447,pool1p9sda64t6l9802tsu2fj6phvt9xfqgcpjucyr3kek8wzurmn8rz,0,249,,,56,340000000,0960deeaabd7ca77a970e2932d06ec594c902301973041c6d9b1dc2e,False,False,1007893064690,0,False,K8S Staking Pool,323284830819,100000000000,87139235132,1596060871,,370723644498,0.0362,0,0,0.0001,0,0,0.0057,0,0.0075,K8S,594,True
24426254462563,pool1qzlwlpcsgflr9z3f24fg836tyq45p0kf5cnrp20s8v0psp6tdkx,9,363,bluecheesestakehouse.com,1,831,340000000,00beef8710427e328a29555283c74b202b40bec9a62630a9f03b1e18,False,True,24448250989086,0.02,False,Blue Cheese Stakehouse,10056630021,10000000000,242452790648,1596060871,,5847353274993,0.0380,0,0.0204,0.0225,0.0094,0.0149,0.0235,0.0191,0.0241,BCSH0,9920,True
7405074689282,pool16tcjctesjnks0p8sfrlf8f3d3vrp2fdn2msy80sgg3cdjtayu3z,1,363,,,720,340000000,d2f12c2f3094ed0784f048fe93a62d8b061525b356e043be084470d9,False,False,7196548539629,0.01,False,TapTap Vienna,9773409,5000000,173107187400,1596060851,,4991916077077,0.0446,0,0.0194,0.0210,0.0069,0.0172,0.0215,0.0173,0.0217,TAPSY,6983,True
21258682379518,pool1qzlw7z5mutmd39ldyjnp8n650weqe55z5p8dl3fagac3ge0nx8l,10,363,bluecheesestakehouse.com,0,1086,340000000,00beef0a9be2f6d897ed24a613cf547bb20cd282a04edfc53d477114,False,True,21263041163891,0.02,True,Blue Cheese Stakehouse,10065132958,10000000000,229251887358,1596060831,,5195298437885,0.0376,0,0.0220,0.0221,0.0108,0.0145,0.0241,0.0206,0.0246,BCSH,8802,True
8045301927316,pool1dmqzwuql5mylffvn7ln3pr9j7kh4gdsssrmma5wgx56f6rtyf42,2,363,,,497,170000000,6ec027701fa6c9f4a593f7e7108cb2f5af54361080f7bed1c835349d,False,True,8050407245857,0.03,False,Cryptobounty1,1263967695691,1000000000000,153834722530,1596060671,,2158859525827,0.0386,0,0.0171,0.0194,0.0132,0.0209,0.0209,0.0181,0.0241,BNTY1,3829,True
66968661521130,pool1qqqqqdk4zhsjuxxd8jyvwncf5eucfskz0xjjj64fdmlgj735lr9,25,363,stakepool.at,0,3082,340000000,00000036d515e12e18cd3c88c74f09a67984c2c279a5296aa96efe89,False,True,66546351764273,0.01,True,ATADA Stakepool in Austria,1340017234650,1300000000000,307700124546,1596060631,,13116774650444,0.0384,0,0.0244,0.0242,0.0138,0.0170,0.0251,0.0232,0.0263,ATADA,22116,True
2671108363,pool1ddskftmsscw92d7vnj89pldwx5feegkgcmamgt5t0e4lkd7mdp8,0,12,,,13,340000000,6b6164af70861c5537cc9c8e50fdae35139ca2c8c6fbb42e8b7e6bfb,False,False,2671108363,0.05,False,AdaScan Pool,0,7149000000,5818342848,1596060551,,39488514221,0.0448,0,0,0,0,0,0,0,0,SCAN,23,True
9302010683677,pool1q80jjs53w0fx836n8g38gtdwr8ck5zre3da90peuxn84sj3cu0r,0,311,,,1080,170000000,01df29429173d263c7533a22742dae19f16a08798b7a57873c34cf58,False,True,9242046845708,0,True,Switzerland Investment,184882536740,20000000000,89956890339,1596060271,,1150060186759,0.0305,0,0.0218,0.0232,0.0173,0.0199,0.0234,0.0189,0.0238,000,2649,True
6215209634445,pool1pu5jlj4q9w9jlxeu370a3c9myx47md5j5m2str0naunn2q3lkdy,1,356,,,182,340000000,0f292fcaa02b8b2f9b3c8f9fd8e0bb21abedb692a6d5058df3ef2735,False,True,6225493892036,0.049,False,StakeNuts,339346376421,250000000000,250062231978,1596060031,,2472441308591,0.0434,0,0.0171,0.0218,0.0040,0.0133,0.0216,0.0133,0.0233,NUTS,3312,True
59404351338216,pool1z5uqdk7dzdxaae5633fqfcu2eqzy3a3rgtuvy087fdld7yws0xt,2,363,,,5177,340000000,153806dbcd134ddee69a8c5204e38ac80448f62342f8c23cfe4b7edf,False,True,58652253814507,0.009,True,OctasPool,503041040529,300000000000,215844085276,1596059891,,10117623572775,0.0364,0,0.0225,0.0232,0.0085,0.0151,0.0247,0.0214,0.0267,OCTAS,18810,True
