hash,bech32,name,ticker,valid_meta,itn,impersonator,active_stake,live_stake,owner_stake,delegator,block_epoch,total_block,block,margin,fixed_cost,pledge,reward_amount,pool_fee,reg_time,mithril,ros.0,ros.1,ros.2,ros.3,ros.6,ros.12,ros.18,ros.36,ros.73,cluster_name,cluster_order
ae0154e2fbd824443a4ea8b26d800dd77d8e982b94d90c939a77672e,pool14cq4fchmmqjygwjw4zexmqqd6a7caxptjnvseyu6wanjuppv4vk,Cardano Suisse,CH1,True,False,False,75659730865095,75575920695288,4978523647235,1922,271,5075,79,0,170000000,3000000000000,1963257626100,73950000000,1627238730,False,0.0284,0.0245,0.0227,0.0245,0.0244,0.0248,0.0258,0.0267,0.0269,,
3f1234251b87f3669a762b0b1ad00cb8c7e62502b327902ddbf72737,pool18ufrgfgmslekdxnk9v9345qvhrr7vfgzkvneqtwm7unnwaht6ww,Ogam Pool,OGAM,True,False,False,75460896326959,75484551606328,513046005797,253,152,4948,63,0,170000000,500000000000,1808044375713,33400801208,1680739864,False,0.0273,0.0278,0.0284,0.0278,0.0273,0.0256,0.0271,0.0272,0.0276,,
cdb10209d937fc1559c635e35b9147febde5307b4a7d276f868775cd,pool1ekcsyzwexl7p2kwxxh34hy28l6772vrmff7jwmuxsa6u6fzty9z,ADALovelacePool,ADALO,True,True,False,72303417544815,74911812825400,1001570783181,5185,354,22134,81,0,170000000,1000000000000,12865434816329,120666580841,1596184771,True,0.0383,0.0303,0.0274,0.0277,0.0264,0.0268,0.0265,0.0273,0.0280,bmtxs.github.io,0.0
4e0356a826bbf3e0525cd4612061a1304710b0c8d12df5457ac17cdf,pool1fcp4d2pxh0e7q5ju63sjqcdpxpr3pvxg6ykl23t6c97d7dnvjvw,Kiln,KILN1,True,False,False,74521305675616,74894304083859,3245653593,57,167,11468,75,0.03,340000000,100000000,4699586579643,200647375403,1677078951,False,0.0289,0.0256,0.0217,0.0225,0.0247,0.0237,0.0245,0.0258,0.0267,kiln.fi,1.0
daf97e5cf7b24fddbc0235684a1edff9c078c257d05df90d3fc6dc5f,pool1mtuhuh8hkf8am0qzx45y58kll8q83sjh6pwljrflcmw970d82f3,Kiln,KILN6,True,False,False,69834987429418,74848955711388,2791214163,20,73,3531,81,0.03,340000000,100000000,1224868579508,62022533352,1716645447,False,0.0257,0.0223,0.0238,0.0235,0.0249,0.0246,0.0247,0.0256,0.0257,kiln.fi,5.0
d7513627b3d50819c1c84687bfd15f02f00cd11c37d7935a67540089,pool16agnvfan65ypnswgg6rml52lqtcqe5guxltexkn82sqgj2crqtx,Spire Staking | 🏆 Top 10 Operator,SPIRE,True,False,False,74006068050497,74768253278517,1504093018624,9315,344,19984,81,0.01,340000000,1500000000000,10611301279535,187342515457,1597119791,True,0.0367,0.0226,0.0245,0.0243,0.0246,0.0248,0.0255,0.0266,0.0269,,
dacdbb3e160587423dc699830ace34969d3280ed48cea25551633e1a,pool1mtxmk0skqkr5y0wxnxps4n35j6wn9q8dfr82y423vvlp53vccux,Kiln,KILN3,True,False,False,74690513162161,74723825337085,3164783396,33,167,11607,73,0.03,340000000,100000000,4776904983115,203011771784,1677082280,False,0.0295,0.0225,0.0207,0.0214,0.0221,0.0243,0.0247,0.0256,0.0264,kiln.fi,3.0
c83beb18d532234c72a304ab935982be670c22e771b227a3febc3a82,pool1eqa7kxx4xg35cu4rqj4exkvzhenscgh8wxez0gl7hsagygp79kr,Pilot Pool,PILOT,True,False,False,74674606521389,74719337164224,1050050000000,7170,327,17735,84,0,340000000,1050000000000,8839129863718,116332473274,1606675177,False,0.0341,0.0283,0.0268,0.0249,0.0244,0.0247,0.0248,0.0254,0.0267,adapilot.com,0.0
19521342b6c4cefb13f091a075a221a3e765435a0646902dd5379f3a,pool1r9fpxs4kcn80kylsjxs8tg3p50nk2s66qerfqtw4x70n5740nj9,,,True,False,False,74581792990761,74612183323082,74612175843169,2,179,11783,69,1,340000000,71000000000000,417295486496,6203125886739,1669879276,False,0.0027,0,0,0,0,0,0,0,0,,
b6f7db82bc0ef7491d36bc4dd2b1be43529b04e16d7a6e6137abaad7,pool1kmmahq4upmm5j8fkh3xa9vd7gdffkp8pd4axucfh4w4dw549yqe,,,True,False,False,74509459914795,74547099288660,74547086262785,2,183,11985,74,1,340000000,71000000000000,59624527368,6703012645043,1669693071,False,0.0007,0,0,0,0,0,0,0,0,,
fbf6753d8405e810a8820b8be8804254679001a5f7b8fe60572a6051,pool1l0m820vyqh5pp2yzpw973qzz23neqqd977u0uczh9fs9zqvg0je,WPBJ,WPBJ2,True,False,False,74497709513908,74430974754200,60950094242495,185,183,10467,52,0.04,340000000,50000000000000,4906518123881,251694973612,1668786000,False,0.0330,0.0322,0.0295,0.0291,0.0305,0.0306,0.0301,0.0302,0.0307,wavepool.digital,10.0
52e22df52e90370f639c99f5c760f0cd67d7f871cd0d0764fae47cd9,pool12t3zmafwjqms7cuun86uwc8se4na07r3e5xswe86u37djr5f0lx,#1 Nordic Pool,NORTH,True,False,False,74681428165821,74386413155987,232521501271,5129,354,18707,80,0,340000000,100000000000,9925529826697,146369713385,1596231731,True,0.0357,0.0268,0.0253,0.0260,0.0246,0.0261,0.0268,0.0274,0.0276,nordicpool.org,0.0
618ab17ec8ea7239b4ac0c826b667c599489e25524ce74841a29d510,pool1vx9tzlkgafernd9vpjpxkenutx2gncj4yn88fpq69823qlwcqrt,CARDANIANS.io,CRDNS,True,True,False,74452447147543,74257108221530,201529868619,12907,354,21355,68,0.02,340000000,200000000000,12756342812411,374351196415,1596061011,False,0.0382,0.0301,0.0240,0.0249,0.0251,0.0246,0.0249,0.0262,0.0271,cardanians.io,0.0
66958f34aa3334825ea628ee90d9c2f85ca204d62a8cc1759db22262,pool1v62c7d92xv6gyh4x9rhfpkwzlpw2ypxk92xvzavakg3xypatklv,Kiln,KILN2,True,False,False,74672618928951,74195798976425,3304658177,39,167,11201,74,0.03,340000000,100000000,4620045864909,198133484879,1677081855,False,0.0286,0.0229,0.0225,0.0230,0.0226,0.0237,0.0241,0.0249,0.0260,kiln.fi,2.0
fc812042cdaa6a2cd84d6b94faf28658ae412b1ff828ca37735784d7,pool1ljqjqskd4f4zekzddw204u5xtzhyz2cllq5v5dmn27zdwf9c70f,WPBJ,WPBJ3,True,False,False,74078152762158,74103547970936,72800394180360,48,121,7161,74,0.04,340000000,30000000000000,2985892554597,164872189711,1697147338,False,0.0307,0.0283,0.0274,0.0268,0.0280,0.0292,0.0281,0.0273,0.0293,wavepool.digital,12.0
d5b90a198d2411b5c82fbdfee5f94b86de49a8589bfa7720b9de358f,pool16kus5xvdysgmtjp0hhlwt72tsm0yn2zcn0a8wg9emc6c75lxvmc,Garden Pool,EDEN,True,False,False,75280541280342,74092939508317,10006137298678,5609,354,19120,64,0.025,340000000,5000000000000,9522797564912,530026279240,1596062851,False,0.0372,0.0316,0.0283,0.0269,0.0255,0.0258,0.0259,0.0265,0.0274,garden-pool.com,0.0
78da8fa2f5089964963a0ab7ad1402e8c656f203bef622cf9f5ee3c6,pool10rdglgh4pzvkf936p2m669qzarr9dusrhmmz9nultm3uvq4eh5k,Kiln,KILN0,True,False,False,75348391315929,74073306157238,6167588856,79,180,10074,61,0.05,340000000,100000000,3959097885068,267636596679,1660137135,False,0.0281,0.0237,0.0261,0.0286,0.0259,0.0262,0.0249,0.0254,0.0254,kiln.fi,0.0
c1a4046a73a1cfc1f543357815b823409c7548e592912471d75f2752,pool1cxjqg6nn588ura2rx4uptwprgzw82j89j2gjguwhtun4ypw2sh4,,,True,False,False,74025397150855,74000216200000,74000216200000,1,13,924,76,1,340000000,73000000000000,0,359807323545,1743170014,False,0,0,0,0,0,0,0,0,0,,
b06f6b15e956f1cfdf13685ad8f7dcb302b1006820cb25f18ed62825,pool1kphkk90f2mculhcndpdd3a7ukvptzqrgyr9jtuvw6c5z2dptuph,,,True,False,False,74030763136656,74000087662838,74000087662838,1,13,946,71,1,340000000,73000000000000,0,369890746595,1742472665,False,0,0,0,0,0,0,0,0,0,,
9afe4196e31b511405b6d8d5af5c15d120a1fe5422a8d11a23cf3384,pool1ntlyr9hrrdg3gpdkmr267hq46ys2rlj5y25dzx3reuecgd7p5sh,,,True,False,False,74029760693562,74000000831419,74000000831419,1,13,943,81,1,340000000,73000000000000,0,361215959418,1742472257,False,0,0,0,0,0,0,0,0,0,,
213a3d69654b8ad86247bf2e3cb50e0ff134a9420781e6711c1bd74c,pool1yyar66t9fw9dscj8huhredgwplcnf22zq7q7vugur0t5c9nzt97,,,True,False,False,74033423214160,74000000831067,74000000831067,1,7,477,84,1,340000000,73000000000000,0,153042320588,1737449925,False,0,0,0,0,0,0,0,0,0,,
fdc55442d4c89bfa42bb62ac640ed710afd6eb79531e6dbb8459eb46,pool1lhz4gsk5ezdl5s4mv2kxgrkhzzhad6me2v0xmwuyt845vensdlc,TWO SecureStaking.io,SECUR,True,False,False,73312010591141,73846793320082,199506084365,2851,336,17885,66,0,170000000,100000000000,9462049702901,133275969127,1604326076,False,0.0365,0.0265,0.0252,0.0272,0.0256,0.0253,0.0255,0.0257,0.0268,cardano.securestaking.io,1.0
a503e42a2c6ef347d834fa404fa4d4bfa6dfb48256ff95b067483980,pool155p7g23vdme50kp5lfqylfx5h7ndldyz2mletvr8fqucqzyrk44,WPBJ,WPBJ1,True,False,False,73140608042345,73583572678366,54716866634864,91,210,12756,61,0.04,340000000,50000000000000,6130740658754,263831168756,1658803631,False,0.0332,0.0328,0.0307,0.0296,0.0291,0.0293,0.0300,0.0295,0.0301,wavepool.digital,9.0
50a251d84927d932b9393cb462f300d215faedd5e8a5e791e869f32c,pool12z39rkzfylvn9wfe8j6x9ucq6g2l4mw4azj70y0gd8ejczznyj3,Bravo pool,BRAVO,True,False,False,69466460796515,73572729065908,343920310764,10537,334,18659,61,0.015,340000000,310000000000,9484756096965,217633058668,1596573811,False,0.0357,0.0308,0.0273,0.0275,0.0246,0.0244,0.0248,0.0256,0.0272,bravostakepool.nl,0.0
d765dee553a7e041d525b1782a10eb0a5e52e96ed55ed173d8bb82a7,pool16ajaae2n5lsyr4f9k9uz5y8tpf0996tw640dzu7chwp2wdrnz6a,BLADE Pool,BLADE,True,False,False,75102366913271,73508339678887,550329153487,5248,286,16906,67,0,170000000,500000000000,8275360594517,77034215698,1617229405,False,0.0337,0.0246,0.0253,0.0237,0.0251,0.0259,0.0257,0.0267,0.0279,,
757195821f22b022a40a5e4b45ceca1d35bbeb2ed37612270b62bed6,pool1w4cetqsly2cz9fq2te95tnk2r56mh6ew6dmpyfctv2ldv8xuj9g,WPBJ,WPBJ4,True,False,False,73457511527438,73485259448279,72447492301266,19,68,3536,77,0.04,340000000,30000000000000,1321758385917,77513266047,1717115802,False,0.0282,0.0265,0.0276,0.0263,0.0261,0.0267,0.0271,0.0284,0.0282,wavepool.digital,13.0
c726c9da5615d5f9f6858c25bb13f81c4741eccd08ce32f3414f323f,pool1cunvnkjkzh2lna593sjmkylcr3r5rmxdpr8r9u6pfuer72p24x4,Ledger by Figment 3,LBF3,True,False,False,73457700618489,73429483437339,9815889,9682,59,3051,80,0.06,340000000,2000000,964901517139,80969458511,1720627530,False,0.0236,0.0207,0.0212,0.0226,0.0222,0.0235,0.0228,0.0232,0.0236,ledger.com,7.0
e985b5698de1386439e62b5b7ab2cc9f814b91b4a1fef5970f38694d,pool1axzm26vduyuxgw0x9ddh4vkvn7q5hyd558l0t9c08p556lf2zaj,wavepool.digital,WAV1,True,False,False,74079222888940,73428745090600,41158024777961,35,261,11643,87,0.05,340000000,5000000000000,3575978641180,2006458483098,1608673091,False,0.0209,0.0231,0.0253,0.0247,0.0249,0.0250,0.0243,0.0250,0.0255,wavepool.digital,2.0
fa58244068bef886049b3e8fbba8aa39f227ce78168efdf7629111c5,pool1lfvzgsrghmugvpym868mh29288ez0nncz680mamzjygu2jpuwcd,#3 Nordic Pool,NORTH,True,False,False,73526738906599,73327457859314,316256732776,2354,308,15715,65,0,340000000,300000000000,7659833623151,108250400115,1614202748,True,0.0336,0.0267,0.0281,0.0282,0.0268,0.0273,0.0269,0.0264,0.0277,nordicpool.org,2.0
b3f9883d3de29971c43e05fdb985281ffee737be0e5669094810ba6b,pool1k0ucs0fau2vhr3p7qh7mnpfgrllwwda7petxjz2gzzaxkyp8f88,POLYPool,POLY,True,False,False,72489618247453,72350758148172,1099906153449,3134,341,13440,71,0.004,170000000,1000000000000,6094100110403,95908749106,1596114731,True,0.0322,0.0301,0.0249,0.0254,0.0256,0.0258,0.0265,0.0269,0.0274,,
a43ceac028a673e9f8611de0f683c70fdcadde560f28c2fb8cfabc81,pool15s7w4spg5ee7n7rprhs0dq78plw2mhjkpu5v97uvl27gz2way7z,Balance Stake Pool,BALNC,True,False,False,72649578604409,72191314691183,110730565293,1019,181,7039,73,0,170000000,100000000000,2781299418893,51275147160,1645973645,False,0.0289,0.0236,0.0236,0.0239,0.0253,0.0270,0.0270,0.0268,0.0280,,
2dc733ef313c5c5ead9b93b96918106b067e343b21bbc2d3576e2913,pool19hrn8me383w9atvmjwukjxqsdvr8udpmyxau956hdc53x669j8p,wavepool.digital,WAV11,True,False,False,52881675942748,72165845747224,72015148682697,8,238,14504,62,1,340000000,40000000000000,43721835658,8700946258915,1646605245,False,0.0005,0,0,0,0,0,0,0,0,wavepool.digital,8.0
194bdd07976b1461612e7d252032d089afb22bf57426d316fbbf1ace,pool1r99a6puhdv2xzcfw05jjqvks3xhmy2l4wsndx9hmhudvu4yevz5,,,True,False,False,71948549530757,71919479242591,71919479242591,1,154,10363,71,1,340000000,67000000000000,0,5448842230183,1680823889,False,0.0004,0,0,0,0,0,0,0,0,,
27526b2d90120f45d36a7fce03c389463b9d60dfb1f062e9c359f0d6,pool1yafxktvszg85t5m20l8q8sufgcae6cxlk8cx96wrt8cdva7aknf,,,True,False,False,71900516213606,71867871820122,71867871820122,1,154,10316,76,1,340000000,67000000000000,0,5422817902714,1680823889,False,0.0005,0,0,0,0,0,0,0,0,,
3116c834a09b0060aef7284f63d3275456364e3309b3c19ec328af60,pool1xytvsd9qnvqxpthh9p8k85e823trvn3npxeur8kr9zhkqz5uls9,ADAvault,ADV,True,False,False,71565952621586,71850302687985,251693027124,4995,353,20837,76,0,340000000,250000000000,11306636591918,120523846090,1596115911,True,0.0372,0.0192,0.0202,0.0231,0.0246,0.0246,0.0250,0.0265,0.0272,adavault.com,0.0
65c47f523eecdd5e3c7c0409c4ac97f08d31982b1d67363f7adc919e,pool1vhz87537anw4u0ruqsyuftyh7zxnrxptr4nnv0m6mjgeu8kp83z,,,True,False,False,71847654275783,71818592254629,71818592254629,1,154,10132,75,1,340000000,67000000000000,0,5331981358673,1680211766,False,0.0004,0,0,0,0,0,0,0,0,,
edfa208d441511f9595ba80e8f3a7b07b6a80cbc9dda9d8e9d1dc039,pool1ahazpr2yz5gljk2m4q8g7wnmq7m2sr9unhdfmr5arhqrjnntwdz,ADAvault Stake Pool 3,ADV3,True,False,False,71451984488469,71625245256017,251699477694,2442,309,14007,58,0,340000000,250000000000,6502150202918,104380000000,1615076017,True,0.0327,0.0238,0.0232,0.0240,0.0243,0.0242,0.0242,0.0260,0.0271,adavault.com,3.0
4a9c9902c9538da900b10b716d5d1b214487455fdb06028b32ffa180,pool1f2wfjqkf2wx6jq93pdck6hgmy9zgw32lmvrq9zejl7scqxjqfze,Ledger by Figment 2,LBF2,True,False,False,69791884787521,71557871996022,9815889,9652,101,5043,63,0.06,340000000,2000000,1799218592829,148503739913,1703093546,False,0.0260,0.0268,0.0265,0.0261,0.0266,0.0263,0.0262,0.0260,0.0262,ledger.com,2.0
77b0a93c26ac65be36e9a9f220f9a43cbc57d705fc5d8f1de5fdeea1,pool1w7c2j0px43jmudhf48ezp7dy8j7904c9l3wc7809lhh2z026hch,AdaStat Pool,STAT,True,True,False,70257644725320,71504554354641,898903597729,5947,354,18565,60,0.025,170000000,750000000000,10133041302801,244086452790,1596103371,True,0.0369,0.0241,0.0276,0.0266,0.0265,0.0264,0.0265,0.0262,0.0267,,
f0e505f8f0d7beccffe83c287d0d2ff6a46ec5d38345e8bd35359427,pool17rjst78s67lvellg8s586rf076jxa3wnsdz730f4xk2zwuhrtej,#2 Nordic Pool,NORTH,True,False,False,72393715780538,71352475678781,351004137095,4417,322,18347,77,0,340000000,300000000000,9477181697207,114897664595,1607716604,True,0.0354,0.0261,0.0276,0.0266,0.0254,0.0261,0.0263,0.0267,0.0273,nordicpool.org,1.0
8e0bb9b126acd8e65a023602377d9a7a6f15af394d1f7bdd852182b8,pool13c9mnvfx4nvwvkszxcprwlv60fh3tteef50hhhv9yxptsua2v70,dark-private,DARK,True,False,False,71034306120510,71006114826392,71005580636924,8,305,18888,85,1,340000000,68000000000000,0,12514812711778,1618083218,False,0.0002,0,0,0,0,0,0,0,0,,
120ccc012f6b2ef1669acb15d2499cc9a226b6374184d1e322b1aa5f,pool1zgxvcqf0dvh0ze56ev2ayjvuex3zdd3hgxzdrcezkx497mv3l7s,Everstake,RSTK,True,False,False,71319173251854,70908871969424,1495143781,32408,321,14097,84,0.04,400000000,1000000000,7110269742940,382812102206,1610750024,False,0.0345,0.0246,0.0232,0.0222,0.0230,0.0227,0.0229,0.0245,0.0250,everstake.one,5.0
7b75bdba3b996dc88fdc00099d794d1460cf6bf7a5997a0da1197f4e,pool10d6mmw3mn9ku3r7uqqye672dz3sv76lh5kvh5rdpr9l5ug5yknr,kiln,KILN4,True,False,False,70639941157689,70804278348361,4658209058,39,128,7091,72,0.05,340000000,100000000,2641526900780,180803586994,1691140442,False,0.0264,0.0269,0.0239,0.0234,0.0232,0.0229,0.0233,0.0248,0.0256,kiln.fi,4.0
28489654d3fcce6affdde39f37c2d68dda5f42fc9f9feb8dd46d614a,pool19pyfv4xnln8x4l7auw0n0skk3hd97shun707hrw5d4s553ys74x,TITANstaking #2,TITAN,True,False,False,70485181486143,70729009287697,250002026843,2309,332,5420,62,0.005,170000000,250000000000,2631622148570,119828295878,1605179074,False,0.0341,0.0244,0.0253,0.0231,0.0266,0.0256,0.0254,0.0252,0.0254,titanstaking.io,1.0
3b3327c0a885ba7c1ebeec8b44158aab79c32148d45b4c701344cd97,pool18vej0s9gska8c847aj95g9v24duuxg2g63d5cuqngnxew643jw9,ADAvault Stake Pool 2,ADV2,True,False,False,72936059232467,70629793641892,251707003617,4146,324,19379,59,0,340000000,250000000000,10179198509199,109480000000,1608851278,True,0.0364,0.0257,0.0262,0.0247,0.0245,0.0243,0.0255,0.0267,0.0274,adavault.com,1.0
aa8ce95c3862c3e5f6e1dccebfcf36f4379484ae9eb42d7a476483b9,pool142xwjhpcvtp7tahpmn8tlnek7smefp9wn66z67j8vjpmjxqdg56,Garden Pool Five,EDEN,True,False,False,70441752925431,70554670493415,5001075568452,1418,318,13050,77,0.014,340000000,5000000000000,5686595309287,182165060644,1612289356,False,0.0326,0.0279,0.0260,0.0276,0.0270,0.0264,0.0264,0.0264,0.0274,garden-pool.com,4.0
10bc63e4689bd58b8a7d248a99360a45a80d047b0b4752a7b00b754b,pool1zz7x8ergn02chznayj9fjds2gk5q6prmpdr49faspd65kzqsrjs,AutoStake I,AUTO,True,False,False,69355922438546,70474266218210,5156045640,2951,350,15464,71,0,170000000,100000000,8353903323721,127490000000,1596455771,False,0.0360,0.0288,0.0255,0.0249,0.0246,0.0260,0.0260,0.0264,0.0262,autostake.com,0.0
92bda83eb105d569b23cb6fa1d407dd42de0d2d7e6562718b7ac5c02,pool1j276s043qh2knv3ukmap6sra6sk7p5khuetzwx9h43wqydzsx8c,Upbeat Beige Euler,UBE,True,False,False,70312741163332,70317942559606,0,9,235,13995,65,0.05,340000000,0,6236671369243,406150978022,1647875272,False,0.0301,0.0245,0.0251,0.0244,0.0246,0.0241,0.0241,0.0249,0.0256,,
365a5a9c59aa3971d96511a5bce24c4598849d0d3c2d61217dc0b488,pool1xed948ze4guhrkt9zxjmecjvgkvgf8gd8skkzgtacz6gsyk9m5c,Wacky Gold Maxwell,WGM,True,False,False,70236550906206,70211478570639,0,9,235,14375,67,0.05,340000000,0,6435673885423,416444234396,1647875223,False,0.0300,0.0249,0.0257,0.0254,0.0250,0.0248,0.0244,0.0248,0.0259,,
cb40e0cff388865448b04c364ff941ccf576bb2c7f8c804bdc153769,pool1edqwpnln3zr9gj9sfsmyl72pen6hdwev07xgqj7uz5mkjrgfj6h,Thin Blue Galileo,TBG,True,False,False,70210162149590,70193155435291,0,11,220,12725,61,0.05,340000000,0,5528518092700,363712030068,1648242270,False,0.0293,0.0209,0.0212,0.0210,0.0217,0.0226,0.0232,0.0242,0.0257,,
a9807616077f17a66dc12c562bfc8dbc1a0b9ad1c96591fd56ffafb5,pool14xq8v9s80ut6vmwp93tzhlydhsdqhxk3e9jerl2kl7hm2dq6pru,Admiring Red Hertz,ARH,True,False,False,70189398919097,70165760396966,0,12,226,13421,68,0.05,340000000,0,5892272054900,384671232498,1648242165,False,0.0297,0.0249,0.0249,0.0259,0.0255,0.0251,0.0246,0.0251,0.0259,,
4fd4f6b6c164e0bf9b514f7facc6dcae87ed4eca857605da92990d35,pool1fl20ddkpvnstlx63fal6e3ku46r76nk2s4mqtk5jnyxn2vt7hg6,Kind Orange Heisenberg,KOH,True,False,False,70082674230821,70056590830810,0,8,235,14225,68,0.05,340000000,0,6359559353419,412280152242,1647875513,False,0.0306,0.0267,0.0272,0.0275,0.0263,0.0260,0.0251,0.0253,0.0264,,
661d04fdb7aa2c2476bbc6827d11ec22ec04ecb953495ade0f7b2352,pool1vcwsfldh4gkzga4mc6p86y0vytkqfm9e2dy44hs00v34yeqnfaf,Fervent Vermilion Galileo,FVG,True,False,False,70077505979060,70052772274006,0,11,235,14793,81,0.05,340000000,0,6629067969259,426397093349,1647874917,False,0.0306,0.0228,0.0244,0.0253,0.0242,0.0245,0.0242,0.0250,0.0263,,
483b0d11a79c52d088f93e8a0930999c1bb17f2b04b26c7167d9bb0e,pool1fqas6yd8n3fdpz8e869qjvyensdmzletqjexcut8mxasu2sk72r,Lucky Azure Gauss,LAG,True,False,False,70052247923275,70030549591699,0,8,235,14369,57,0.05,340000000,0,6412479643305,415494342270,1647875136,False,0.0301,0.0221,0.0225,0.0223,0.0240,0.0248,0.0250,0.0253,0.0261,,
3a2c7b31a5024ea2cfed07205500a4d55f9d71f2691227d77bb2dc66,pool18gk8kvd9qf829nldqus92q9y640e6u0jdyfz04mmktwxvglgt06,StakeBowlPool1,SBP1,True,False,False,70065728008261,70019717101405,9618530,6,211,10128,73,1,340000000,0,0,4661536214823,1657259878,False,0.0003,0,0,0,0,0,0,0,0,neoply.io,8.0
fe59e220d8036bd7533bf393e26abde56ec7d49fa632e57bf696d134,pool1lev7ygxcqd4aw5em7wf7y64au4hv04yl5cew27lkjmgngj46vqk,Tidy Lilac Kepler,TLK,True,False,False,70037945683196,70018273898487,0,12,233,14268,61,0.05,340000000,0,6331918009877,410619404880,1648242132,False,0.0299,0.0224,0.0216,0.0239,0.0232,0.0235,0.0239,0.0244,0.0257,,
f747045bf6584b0e92d4b0bbdb399f8c9c4c082ff239c3288d7f0280,pool17arsgklktp9sayk5kzaakwvl3jwyczp07guux2yd0upgqh04qjl,Relaxed Mustard Hopper,RMH,True,False,False,70041331254222,70015896860456,0,9,235,14246,78,0.05,340000000,0,6378456222601,413048981351,1647875225,False,0.0301,0.0307,0.0288,0.0272,0.0273,0.0278,0.0268,0.0253,0.0258,,
061f4c7b5de2c1554690029e2e559272ff4dbcd3aecc02d91aceb5c7,pool1qc05c76autq4235sq20zu4vjwtl5m0xn4mxq9kg6e66uwz95kd4,Elegant Gold Heisenberg,EGH,True,False,False,70034955848108,70013763167103,0,28,235,12265,76,0.05,340000000,0,5609205296473,372991002107,1647875561,False,0.0303,0.0210,0.0214,0.0221,0.0235,0.0238,0.0239,0.0239,0.0252,,
7d45120fc9e82f8b69d886057d80630b721e8f033cb8e3f26621d7bd,pool104z3yr7faqhck6wcsczhmqrrpdeparcr8juw8unxy8tm6xp447d,N/A,N/A,True,False,False,70029619277355,70008529786264,0,6,198,11390,73,0.05,340000000,0,4767989314377,316068753876,1655856311,False,0.0291,0.0213,0.0225,0.0243,0.0243,0.0250,0.0242,0.0252,0.0256,,
4987d8a81c1e79f600771b4331fe84ce2f700f2855ae345d915dbf51,pool1fxra32qureulvqrhrdpnrl5yechhqreg2khrghv3tkl4z66t0rm,n/a,N/A,True,False,False,70033598058918,70005442337750,0,5,194,11040,70,0.05,340000000,0,4549178702154,303079534391,1665166729,False,0.0286,0.0196,0.0247,0.0247,0.0245,0.0236,0.0239,0.0248,0.0260,n,0.0
9ca4378a7ee308d910efd7a611a1df2181314c25723ff4cfa855664c,pool1njjr0zn7uvydjy8067nprgwlyxqnznp9wgllfnag24nycgkda25,Fancy Mango Dirac,FMD,True,False,False,70027266739025,70003517544242,0,5,235,14730,67,0.05,340000000,0,6588655104703,424518417724,1647875062,False,0.0304,0.0206,0.0228,0.0223,0.0244,0.0245,0.0249,0.0249,0.0258,,
837a3cf8c96e97bed8e8be6deb390144b46171e3c843b75575d0f788,pool1sdare7xfd6tmak8ghek7kwgpgj6xzu0reppmw4t46rmcs0h6vr2,Ubiquitous Teal Aslan,UTA,True,False,False,70027133208060,70003379740365,0,9,235,13800,77,0.05,340000000,0,6139053035855,400742279472,1647875028,False,0.0302,0.0278,0.0264,0.0235,0.0248,0.0238,0.0247,0.0251,0.0259,,
5cfc3c3314ffe6748ff3a4ca34b4b841ed81caacfee24c341c21a905,pool1tn7rcvc5lln8frln5n9rfd9cg8kcrj4vlm3ycdquyx5s2mlhmtk,n/a,N/A,True,False,False,70028274529295,70002151336707,0,3,189,11366,66,0.05,340000000,0,4683378869480,308510423975,1665167428,False,0.0285,0.0311,0.0293,0.0287,0.0263,0.0256,0.0253,0.0256,0.0258,n,1.0
4594f67c08f0007d1fac243169624b710375cb834bbe81f6b4d79f32,pool1gk20vlqg7qq868avysckjcjtwyphtjurfwlgra45670ny6r4fww,Grandiose Charcoal Nobel,GCN,True,False,False,70023635827808,70001920120279,0,11,235,13680,81,0.05,340000000,0,6091693561116,398475418482,1647874684,False,0.0304,0.0235,0.0232,0.0230,0.0226,0.0236,0.0248,0.0251,0.0259,,
d66b1218d56cb0c9c3937207b3ae61bbff21ae212ae791722062f0e1,pool16e43yxx4djcvnsunwgrm8tnph0ljrt3p9tnezu3qvtcwzh4zwwa,Fancy Burgundy Archimedes,FBA,True,False,False,70027589140721,70001126039327,0,5,235,14254,82,0.05,340000000,0,6365627562697,412802700331,1647875272,False,0.0301,0.0293,0.0286,0.0273,0.0262,0.0254,0.0252,0.0251,0.0257,,
07c30535c3781afef83200ebee872e4abe0aa8cc7c448ccd68730bb8,pool1qlps2dwr0qd0a7pjqr47apewf2lq42xv03zgentgwv9mspeh57g,Serene Salmon Pascal,SSP,True,False,False,70023261386929,70001121652588,0,6,221,12622,56,0.05,340000000,0,5433610198300,358944006254,1648242165,False,0.0289,0.0231,0.0237,0.0252,0.0246,0.0245,0.0244,0.0253,0.0256,,
ac5ba151fae6889e25021acc723b0e34655828bf3328b6f1180e1d65,pool143d6z506u6yfufgzrtx8ywcwx3j4s29lxv5tdugcpcwk2l83gck,N/A,N/A,True,False,False,70022441947696,70000725472729,0,5,210,11680,58,0.05,340000000,0,4981069280132,331476360383,1655855263,False,0.0289,0.0217,0.0223,0.0220,0.0233,0.0238,0.0239,0.0248,0.0249,,
81e35f1248da51c4bc93968b9e3bc3f51dee41a34df38b070390eca2,pool1s8347yjgmfguf0ynj69euw7r75w7usdrfheckpcrjrk2yfvnpwq,n/a,N/A,True,False,False,70023617389546,70000544521351,0,6,144,9127,63,0.05,340000000,0,3548862095697,233228123309,1665167972,False,0.0278,0.0228,0.0236,0.0253,0.0254,0.0248,0.0248,0.0245,0.0256,n,2.0
779b6f0e6fc27e212475481920f43378ec2a5a1bc8cd45a1c1da90b9,pool1w7dk7rn0cflzzfr4fqvjpapn0rkz5ksmerx5tgwpm2gtj2gly97,n/a,N/A,True,False,False,70023008820254,70000274859751,0,5,144,8843,60,0.05,340000000,0,3418100163227,226774827942,1665169294,False,0.0273,0.0242,0.0241,0.0244,0.0243,0.0239,0.0245,0.0249,0.0260,n,3.0
2fa7df39f73de583b9ac7121e9c3bfbac385e53d8ed51e372030536d,pool197na7w0h8hjc8wdvwys7nsalhtpctefa3m23udeqxpfk6nzq8l9,n/a,N/A,True,False,False,0,70000003638594,7638594,3,0,0,0,0.03,340000000,0,0,0,1749758888,False,0,0,0,0,0,0,0,0,0,n,13.0
970e9a7ae4677b152c27a0eba3db996b372de094d24fc2974768f3da,pool1ju8f57hyvaa32tp85r468kuedvmjmcy56f8u9968drea57p50l5,Aichi Stake Pool,AICHI,True,False,False,69791355123935,69880816580364,105727708030,2499,319,17822,73,0.005,340000000,100000000000,9009136119989,153012862999,1609051015,False,0.0349,0.0258,0.0237,0.0250,0.0250,0.0245,0.0250,0.0264,0.0269,aichi-stakepool.com,0.0
988b7a8fa476f5be2987ffaebe740cdcdfafc7790f3a624c22fbbf28,pool1nz9h4raywm6mu2v8l7htuaqvmn06l3mepuaxynpzlwljsf8txhy,#5 Nordic Pool,NORTH,True,False,False,68216439281963,69711456187588,153587916681,2762,249,10969,67,0,340000000,110000000000,4914654198243,86828726184,1638277095,True,0.0319,0.0269,0.0246,0.0246,0.0259,0.0257,0.0259,0.0266,0.0279,nordicpool.org,4.0
1ec2c7dde1ce090ee2e75c9fa618c575b8a0b77eaeec5c7266f50aca,pool1rmpv0h0pecysach8tj06vxx9wku2pdm74mk9cunx759v58q0hu2,SASA Stake Pool,SASA,True,False,False,69296367436168,69481340783160,3259311619,197,282,5460,74,0.035,340000000,80000000,2078221263752,158222644351,1620971780,False,0.0265,0.0164,0.0202,0.0207,0.0222,0.0235,0.0241,0.0244,0.0249,,
ad3d89ffc0e5347b94e61b8f61a672b5d2fa6d37e815fa3f217123a2,pool1457cnl7qu568h98xrw8krfnjkhf05mfhaq2l50epwy36yuln20q,GMO Coin Staking Pool,GMO1,True,False,False,69272363055913,69388053569343,38131871702094,190,155,8405,61,0.04,340000000,35000000000000,3646473718506,203616404861,1679450685,False,0.0310,0.0272,0.0288,0.0307,0.0294,0.0283,0.0288,0.0294,0.0304,wavepool.digital,11.0
da482311081902f95d08bb05d878126904a1e133dd06901e05e652ce,pool1mfyzxyggryp0jhgghvzas7qjdyz2rcfnm5rfq8s9uefvukrlps5,,,True,False,False,69215443952389,69235556517747,2360205559,7,145,8132,73,0.03,340000000,200000000,3499877022128,156886897920,1645149951,False,0.0293,0.0251,0.0255,0.0253,0.0260,0.0257,0.0262,0.0258,0.0259,blockdaemon.com,6.0
159b8d33259cdb6f30d397fbfb8175b8e973f782a0052b7be390c0b6,pool1zkdc6ve9nndk7vxnjlalhqt4hr5h8auz5qzjk7lrjrqtv23yuy5,CloverNodes,CLOVR,True,False,False,67375112713496,68752244644568,101417157711,1331,160,3896,57,0.01,170000000,101000000000,1399559221902,40655359085,1677815442,False,0.0270,0.0258,0.0238,0.0248,0.0258,0.0261,0.0263,0.0265,0.0269,,
34245847690897f817c6f4a40fbf70de6f4645dda3080bef7b818f21,pool1xsj9s3mfpztls97x7jjql0msmeh5v3wa5vyqhmmmsx8jzsqxrsv,,,True,False,False,67997150620732,68019073710298,2370453781,4,48,2641,52,0.03,340000000,100000000,882755602439,41921719642,1724775794,False,0.0225,0.0263,0.0269,0.0265,0.0267,0.0244,0.0242,0.0238,0.0225,,
e81076184cf505790a526960a7a79a1bcc2f3c9f3fed15e7b8713c02,pool1aqg8vxzv75zhjzjjd9s20fu6r0xz70yl8lk3teacwy7qyc2p2j7,Kiln,KILN7,True,False,False,71113900729529,67969796104906,3655999211,26,69,4429,68,0.03,340000000,100000000,1566943277901,71242163201,1719588321,False,0.0260,0.0247,0.0233,0.0229,0.0238,0.0237,0.0236,0.0245,0.0260,kiln.fi,6.0
000006d97fd0415d2dafdbb8b782717a3d3ff32f865792b8df7ddd00,pool1qqqqdktl6pq46td0mwut0qn30g7nlue0sete9wxl0hwsq37wrw8,Straight Pool,STR8,True,True,False,67970838471611,67571696249481,652486337807,6478,349,18236,76,0.02,170000000,650000000000,9626907051070,204784164423,1596091491,True,0.0363,0.0243,0.0222,0.0216,0.0242,0.0236,0.0250,0.0262,0.0270,,
2a8294ad7538b15353b9ffd81e26dafe846ffc3f6b9e331d4c1dc030,pool192pfftt48zc4x5aellvpufk6l6zxllpldw0rx82vrhqrqfhhqs2,Yoroi pool 1,YORO1,True,False,False,67759536872625,67351611394013,8822157186,2890,83,3514,60,0.015,170000000,500000000,1258621421034,32936823629,1673471652,False,0.0277,0.0313,0.0275,0.0290,0.0287,0.0271,0.0267,0.0277,0.0278,swimmingpoolop.github.io,15.0
5eb362978a68a4780f4fd701b8f04f5aeb990eb80b1cb025d99e82a1,pool1t6ek99u2dzj8sr606uqm3uz0tt4ejr4cpvwtqfwen6p2z57rrst,Blockdaemon 🧱😈 Stake Pool 0,BD0,True,False,False,58211953948734,67056946972429,3312772511,85,277,12907,56,0.08,340000000,200000000,6115370343648,444448905117,1620939353,False,0.0317,0.0204,0.0212,0.0210,0.0221,0.0220,0.0223,0.0239,0.0236,blockdaemon.com,0.0
5b60373e718a3647ec57f610b9942f91286748ddeaa0ad226acb927b,pool1tdsrw0n33gmy0mzh7cgtn9p0jy5xwjxaa2s26gn2ewf8kg4nrzx,CardanoCafe,CAFE,True,False,False,66753917690684,66754246733406,123080432092,6638,339,16684,70,0.01,340000000,100000000000,8586286908107,215464788135,1598552321,False,0.0354,0.0226,0.0233,0.0256,0.0260,0.0255,0.0255,0.0258,0.0271,cardanocafe.org,0.0
0ef7aa564933ce75b695cdad66be4a39b43a22726de7c58908e0e033,pool1pmm654jfx088td54ekkkd0j28x6r5gnjdhnutzggursrxjnpk2y,Emurgo #8,EMUR8,True,False,False,66010965184063,66694661202590,55196432827,2554,137,7053,56,0.015,170000000,13000000000,2640284238536,123185500122,1673471652,False,0.0265,0.0197,0.0232,0.0244,0.0261,0.0261,0.0258,0.0265,0.0266,swimmingpoolop.github.io,18.0
7c6b4a731eec6bef00e16ec4c990e7a817f61597dab1033006563ad7,pool103455uc7a3477q8pdmzvny884qtlv9vhm2csxvqx2cadwuk36sq,Garden Pool Two,EDEN,True,False,False,66576226964158,66610814264960,5011725154884,2386,334,15242,55,0.017,340000000,5000000000000,7558475491267,289495638023,1605470500,False,0.0363,0.0246,0.0261,0.0272,0.0260,0.0255,0.0253,0.0262,0.0274,garden-pool.com,1.0
a10865dae2d543ee9f13e98bff70ea81565bb6e4343b15b765f78174,pool15yyxtkhz64p7a8cnax9l7u82s9t9hdhyxsa3tdm977qhgpnsuhq,ONE SecureStaking.io,SECUR,True,False,False,66310066974990,66294020313316,152019975071,3325,354,19105,77,0.03,170000000,100000000000,10947609365735,195440740877,1596138011,False,0.0372,0.0250,0.0257,0.0252,0.0248,0.0248,0.0258,0.0254,0.0266,cardano.securestaking.io,0.0
56fc2287d2013661b181d0bccda5bcd4b5cd12b10bf7a254ddf8ab18,pool12m7z9p7jqymxrvvp6z7vmfdu6j6u6y43p0m6y4xalz43sc8s4t9,n/a,N/A,True,False,False,66362251147778,66186666785497,0,26,163,5527,82,0.05,340000000,0,2038191560448,161554073321,1668114324,False,0.0268,0.0264,0.0257,0.0237,0.0238,0.0233,0.0238,0.0247,0.0259,n,5.0
8e8053ca6e5bcb107f350dcfa6343c707e8f208c5a9f754c15dead06,pool136q98jnwt093qle4ph86vdpuwplg7gyvt20h2nq4m6ksv8xjcuj,planetarium39,PNR39,True,False,False,65919235035650,65871752796676,60336619631,118,195,10868,65,0.01,340000000,500000000,4757002979872,113533143126,1665035842,False,0.0300,0.0189,0.0219,0.0218,0.0247,0.0257,0.0256,0.0245,0.0252,,
e4abcf4408584601e7c707a8902996c0c291e1a3c8300b327ae3f6ab,pool1uj4u73qgtprqre78q75fq2vkcrpfrcdreqcqkvn6u0m2k6nk2yp,Everstake,EVE1,True,False,False,65856205633118,65272159529415,1495243017,27362,317,16378,53,0.04,400000000,1000000000,7864479594053,413198691710,1612860558,False,0.0327,0.0248,0.0270,0.0264,0.0239,0.0247,0.0252,0.0247,0.0261,everstake.one,6.0
153806dbcd134ddee69a8c5204e38ac80448f62342f8c23cfe4b7edf,pool1z5uqdk7dzdxaae5633fqfcu2eqzy3a3rgtuvy087fdld7yws0xt,OctasPool,OCTAS,True,True,False,64990319609678,65006320425630,504809861377,5227,354,18318,53,0.009,340000000,300000000000,9931085520105,211089996003,1596059891,True,0.0368,0.0268,0.0237,0.0249,0.0242,0.0249,0.0249,0.0262,0.0274,,
75f7b7dec6e4c973407a6a64132961635f405f2c3a9ff31598db01da,pool1whmm0hkxunyhxsr6dfjpx2tpvd05qhev820lx9vcmvqa5wjc6nh,One Community ADA,1COMM,True,False,False,64694374241605,64907264862369,407052097793,896,285,1782,61,0,170000000,402000000000,608283214033,78908420081,1596678831,False,0.0264,0.0246,0.0243,0.0244,0.0236,0.0248,0.0247,0.0247,0.0250,,
881b67128439e781d00190ee7ba1692d5af13aaee5d1914911bb3e42,pool13qdkwy5y88ncr5qpjrh8hgtf94d0zw4wuhgezjg3hvlyyrh37c7,FOUR SecureStaking.io,SECUR,True,False,False,66365736294283,64875212684115,101705577400,1104,312,12027,57,0.03,170000000,100000000000,5560914012907,93788834528,1613821946,False,0.0333,0.0267,0.0264,0.0246,0.0237,0.0254,0.0259,0.0270,0.0280,cardano.securestaking.io,3.0
4aea697c45e39e37e5d842ec8cf6c01a714e88db33a1ba0565ab59af,pool1ft4xjlz9uw0r0ewcgtkgeakqrfc5azxmxwsm5pt94dv67mw4rgd,Lovelacepool,1LOVE,True,False,False,65155809767467,64768155462610,807003792597,1447,347,13927,73,0.01,340000000,712000000000,6535645835700,183742854194,1596064411,True,0.0333,0.0209,0.0240,0.0237,0.0252,0.0250,0.0256,0.0261,0.0276,,
88a8b3bbf75a7d8c61f7e34e19b032ce6d26c093f401a2a7064c6dab,pool13z5t8wlhtf7ccc0hud8pnvpjeekjdsyn7sq69fcxf3k6kpnlm74,BTV2,BTV2,True,False,False,64483787929710,64506169739350,9815537,3,106,6439,65,0.02,170000000,2000000,2468649377137,85044647841,1703174017,False,0.0275,0.0250,0.0270,0.0263,0.0272,0.0264,0.0257,0.0262,0.0264,ledger.com,4.0
00000036d515e12e18cd3c88c74f09a67984c2c279a5296aa96efe89,pool1qqqqqdk4zhsjuxxd8jyvwncf5eucfskz0xjjj64fdmlgj735lr9,ATADA Stakepool in Austria,ATADA,True,True,False,65681345214550,64372560830901,1340017234650,3040,354,21530,64,0.01,340000000,1300000000000,12907382534414,302525052672,1596060631,True,0.0388,0.0288,0.0289,0.0266,0.0245,0.0253,0.0253,0.0259,0.0268,stakepool.at,0.0
0f9f0648a21a3df40acd99f8dfc3e323d6af0207195622fc65a518a2,pool1p70svj9zrg7lgzkdn8udlslry0t27qs8r9tz9lr955v2yfna2rl,BTV1,BTV1,True,False,False,64319322533347,64336394378610,9815537,5,101,6059,65,0.02,340000000,2000000,2278145681748,80152768965,1703102532,False,0.0257,0.0188,0.0213,0.0211,0.0233,0.0255,0.0257,0.0259,0.0261,ledger.com,3.0
9e734b6c2263c0917bfc550e9c949f41afa3fe000377243bd29df399,pool1nee5kmpzv0qfz7lu258fe9ylgxh68lsqqdmjgw7jnheej3usn35,Input Output Global (IOHK) - Private,IOGP,True,False,False,64329845847367,64329845847367,64328596815617,2,329,19083,72,1,500000000,64000000000000,0,13233495458821,1607669639,True,0.0002,0,0,0,0,0,0,0,0,iohk.io,2.0
a532904ca60e13e88437b58e7c6ff66b8d5e7ec8d3f4b9e4be7820ec,pool155efqn9xpcf73pphkk88cmlkdwx4ulkg606tne970qswczg3asc,Input Output Global (IOHK) - Private,IOGP,True,False,False,64329225189529,64329225189529,64328594406327,4,329,19135,60,1,500000000,64000000000000,0,13236157112407,1607669639,True,0.0002,0,0,0,0,0,0,0,0,iohk.io,3.0
4045672633587d62688c258870681cab49c0d09a6542614e9a271678,pool1gpzkwf3ntp7ky6yvyky8q6qu4dyup5y6v4pxzn56yut8sqp6k53,Input Output Global (IOHK) - Private,IOGP,True,False,False,64328600635996,64328600635996,64328594406327,4,329,19102,64,1,500000000,64000000000000,0,13227760197973,1607669639,True,0.0002,0,0,0,0,0,0,0,0,iohk.io,1.0
c05c4d9b2a4c86a7f23549fd5ca81a17623e8acf1ad70f8cc0be2abe,pool1cpwymxe2fjr20u34f874e2q6za3razk0rttslrxqhc4tu3zxau8,BTV3,BTV3,True,False,False,64286296252091,64312585996749,9815537,3,101,5979,51,0.02,170000000,2000000,2254611924307,79502488200,1703186638,False,0.0254,0.0295,0.0242,0.0246,0.0245,0.0254,0.0256,0.0251,0.0258,ledger.com,5.0
f4762ca1dce3c32c0d7a7e6d9f8a54bf40338e99ae5f3ad0172c9a2f,pool173mzegwuu0pjcrt60ekelzj5haqr8r5e4e0n45qh9jdz7xm5kh8,Rocky Mountain Pool,ROCKY,True,False,False,64851712351253,64199640521964,181791954276,8410,344,11733,65,0.0199,340000000,151000000000,5894445618060,215448122314,1596064691,True,0.0351,0.0225,0.0219,0.0225,0.0238,0.0241,0.0241,0.0252,0.0266,,
5b5804135b07be6f3635a655ed1b68ddef1854523b45cd1840a6fc33,pool1tdvqgy6mq7lx7d345e276xmgmhh3s4zj8dzu6xzq5m7rx4tzkg2,ONYX Stake Pool #3,ONYX,True,True,False,64200898639438,64023558439068,250501373092,392,316,16289,68,0.01,170000000,250000000000,8418042846142,171955488099,1609981985,True,0.0353,0.0271,0.0253,0.0253,0.0256,0.0248,0.0245,0.0247,0.0263,onyxstakepool.com,2.0
cfff13497008842ab170eae18ecf43be7eb4fa51bdd503821ddaaf19,pool1ell3xjtspzzz4vtsatscan6rheltf7j3hh2s8qsam2h3jvcxzm9,ADA Ocean Four,OCEA4,True,False,False,63388826040795,64018340635485,10100000000,704,354,15561,50,0.009,170000000,10000000000,9147192103005,202080678128,1596075371,True,0.0384,0.0195,0.0235,0.0240,0.0253,0.0250,0.0251,0.0258,0.0272,adaocean.com,3.0
1b268f4cba3faa7e36d8a0cc4adca2096fb856119412ee7330f692b5,pool1rvng7n968748udkc5rxy4h9zp9hms4s3jsfwuues76ft28uc056,Digital Fortress,DIGI,True,False,False,63256333207270,63823584134928,100026969816,2975,354,19288,79,0.025,170000000,100000000000,11962961284568,419322842187,1596073171,True,0.0395,0.0220,0.0245,0.0231,0.0242,0.0233,0.0245,0.0256,0.0267,digi.pro,0.0
b6a310df0c12af2bcab4cb1ceef2aea7b52080f1ee114b9eae5465de,pool1k633phcvz2hjhj45evwwau4w576jpq83acg5h84w23jauqu56cw,#4 Nordic Pool,NORTH,True,False,False,77764039645784,63357536473821,114567761404,1642,260,10447,71,0,340000000,110000000000,4612742121548,91644988673,1637326017,True,0.0311,0.0257,0.0272,0.0273,0.0260,0.0255,0.0256,0.0263,0.0270,nordicpool.org,3.0
42c3740db23c3fc36cb9f63aa8070ec01417b4d22893463c8c8a21d4,pool1gtphgrdj8sluxm9e7ca2spcwcq2p0dxj9zf5v0yv3gsagzq704n,ADAFR,ADAFR,True,True,False,64306359353423,63044177881763,3895602543268,5489,354,15441,55,0.015,170000000,3030000000000,8512791579287,247865260700,1596064031,False,0.0382,0.0247,0.0254,0.0244,0.0253,0.0250,0.0251,0.0257,0.0272,,
463e481957f266d93e4decbfb73003380ab17223e0e569f71c7a525a,pool1gclysx2h7fndj0jdajlmwvqr8q9tzu3rurjknacu0ff954fsg9a,1 Percent Pool #0 (v1),1PCT0,True,True,False,62694798364890,62943197970009,76621752611,1885,354,20918,59,0.01,340000000,50000000000,13213088768475,253054756701,1596064891,True,0.0400,0.0349,0.0291,0.0281,0.0268,0.0253,0.0251,0.0256,0.0272,1percentpool.eu,1.0
6b51a5aae5b4b5f07f38acf12816b4f8a558ee2840d0dba69040aeb2,pool1ddg6t2h9kj6lqlec4ncjs945lzj43m3ggrgdhf5sgzhtygpkznz,Fair Pool #01,FAIR,True,False,False,63220207479498,62865514239188,117791085539,4045,350,18060,53,0.005,340000000,100000000000,9408644784565,165652961208,1596269191,True,0.0358,0.0306,0.0290,0.0266,0.0258,0.0261,0.0259,0.0262,0.0273,,
342350284fd76ba9dbd7fd4ed579b2a2058d5ee558f8872b37817b28,pool1xs34q2z06a46nk7hl48d27dj5gzc6hh9trugw2ehs9ajsevqffx,SN₳KE,SNAKE,True,True,False,64381695606462,62850905787052,24909703875,970,203,6514,59,0,170000000,22000000000,2647039183960,48835265475,1596092911,True,0.0292,0.0282,0.0271,0.0255,0.0260,0.0262,0.0266,0.0267,0.0281,,
397f04eb0ae0497d8c4d691844c8c6b026bc942e3f406f26b8e24f48,pool189lsf6c2upyhmrzddyvyfjxxkqnte9pw8aqx7f4cuf85sjxlm02,CARDANIANS.io #3,CRDN2,True,False,False,62678489497944,62769313865200,100938058948,2346,334,13268,74,0.02,340000000,100000000000,6671043383174,248884776823,1599074275,False,0.0350,0.0265,0.0257,0.0247,0.0261,0.0267,0.0255,0.0258,0.0268,cardanians.io,3.0
c2c52eab0d713209b337d8ff8fe28e1ccae2f70eb7ed1ee27e8c866a,pool1ctzja2cdwyeqnvehmrlclc5wrn9w9acwklk3acn73jrx56d66vs,ADA Ocean Two,OCEA2,True,False,False,61456161430168,61757006609978,10100000000,1185,354,16576,49,0.009,170000000,10000000000,9887247865916,211790300209,1596073491,True,0.0395,0.0266,0.0254,0.0240,0.0252,0.0264,0.0262,0.0266,0.0276,adaocean.com,1.0
65b0f6b38938cc3c5cfee6d3d2770847c773a4e7ca5e9d54c36f334e,pool1vkc0dvuf8rxrch87umfayacgglrh8f88ef0f64xrdue5u2xjwfm,InfStones,IFS1,True,False,False,56133559854639,61739568099020,0,560,299,3621,63,0.1,345000000,0,1553397295043,274176788315,1597220391,False,0.0287,0.0232,0.0250,0.0234,0.0247,0.0229,0.0238,0.0235,0.0236,infstones.com,0.0
982f926165ebf6699df8704a16d11c9e13c88c4e02f63e3fe5af7181,pool1nqheyct9a0mxn80cwp9pd5guncfu3rzwqtmru0l94accz7gjcgl,Cardano AG Pool - Private,CAG,True,False,False,61400375873977,61423480106881,15639212523,27,138,5888,57,0.04,340000000,0,2227853206915,138028352037,1688637025,True,0.0271,0.0263,0.0268,0.0247,0.0245,0.0232,0.0233,0.0239,0.0255,,
e5b20e8f9661506710a159e561d40ceb54449fdea1d1130b3bdb36bb,pool1ukeqarukv9gxwy9pt8jkr4qvad2yf87758g3xzemmvmtk8lrynp,CARDANIANS.io #2,CRDN1,True,True,False,61516563109446,61366105127031,100737139447,5189,353,15725,52,0.02,340000000,100000000000,8132815986462,286408086552,1596093651,False,0.0349,0.0207,0.0239,0.0248,0.0243,0.0250,0.0252,0.0257,0.0261,cardanians.io,1.0
4a5571be1cb000df524350ef170f73cc0c0404155350dd0f71e4d130,pool1ff2hr0sukqqd75jr2rh3wrmnesxqgpq42dgd6rm3ungnqp904ue,Blockdaemon 🧱😈 Stake Pool 3,BD3,True,False,False,60800552819321,60688368271759,4476238152,32,234,9269,52,0.08,340000000,200000000,4021444423410,337858160086,1627508447,False,0.0294,0.0218,0.0247,0.0259,0.0255,0.0252,0.0247,0.0246,0.0249,blockdaemon.com,3.0
72de14d78a359617a7dd0b33c5554ed4edbafd768ece87c4bf672ee0,pool1wt0pf4u2xktp0f7apveu242w6nkm4ltk3m8g039lvuhwq4zdtf3,ECO Pool,ECO,True,False,False,60025637631754,60603400202694,120041504942,3615,327,13146,49,0.022,340000000,111000000000,6142344364440,226455717280,1602924677,False,0.0330,0.0209,0.0237,0.0242,0.0256,0.0262,0.0269,0.0266,0.0274,ecopool.io,0.0
fcc675f8266022c4a0f8a7f1e24b00896fd742b35f147304c2354442,pool1lnr8t7pxvq3vfg8c5lc7yjcq39haws4ntu28xpxzx4zyya9ntny,Krypto Knight,KKS,True,False,False,60527796390256,60548515602632,0,15,315,18261,58,0.03,345000000,0,8769210147820,398364786385,1608112332,False,0.0317,0.0253,0.0268,0.0254,0.0255,0.0255,0.0255,0.0212,0.0221,,
2ba96bc27be2bdde3ec11b9f696cf21fad39e49097be9b0193e6b572,pool19w5khsnmu27au0kprw0kjm8jr7knneysj7lfkqvnu66hyz0jxsx,ATADA-2 Stakepool in Austria,ATAD2,True,False,False,60779195169436,60520518568418,1350464974458,4285,335,17870,44,0.01,340000000,1300000000000,9458016458445,217837676577,1604750841,True,0.0361,0.0216,0.0221,0.0235,0.0246,0.0246,0.0252,0.0252,0.0268,stakepool.at,2.0
c6fbd4e484a28211695206e1b53f1409e7cef8c62d3f6b24bab2f600,pool1cmaafeyy52ppz62jqmsm20c5p8nua7xx95lkkf96ktmqqj3w5td,Garden Pool Four,EDEN,True,False,False,60432059622688,60461833710235,5001074568218,1043,318,13108,58,0.017,340000000,5000000000000,5785304905579,196080020143,1612287896,False,0.0327,0.0177,0.0218,0.0253,0.0247,0.0237,0.0262,0.0258,0.0274,garden-pool.com,3.0
733b28bfd9c9e49cb98504968b3c11cff61cd3e2acd4dce1517c5fa5,pool1wvaj307ee8jfewv9qjtgk0q3elmpe5lz4n2dec2303062f7dc4c,n/a,N/A,True,False,False,67832640318311,60406767382520,0,2,14,1037,79,0.05,340000000,0,300325044183,19886581267,1668119872,False,0.0253,0.0259,0.0257,0.0249,0.0255,0.0253,0.0253,0.0253,0.0253,n,8.0
788898a81174665316af96880459dcca053f7825abb1b0db9a433630,pool10zyf32q3w3n9x940j6yqgkwuegzn77p94wcmpku6gvmrqw8a97d,X-StakePool,XSP,True,False,False,59344898066318,59334314643125,64368019263,1229,347,17271,55,0.037,340000000,20000000000,9016187547284,449960193012,1596070291,True,0.0356,0.0312,0.0293,0.0265,0.0237,0.0228,0.0237,0.0252,0.0267,xstakepool.com,0.0
122568b44ec39af54b809af82b4c71d1eec348c43fcfc158cc472aaa,pool1zgjk3dzwcwd02juqntuzknr368hvxjxy8l8uzkxvgu4252d7ekf,,,True,False,False,58670447518209,58642510055267,1715967995,3,43,1574,48,0.03,170000000,100000000,516362708173,22939980647,1730474189,False,0.0254,0.0236,0.0248,0.0223,0.0256,0.0254,0.0250,0.0253,0.0254,,
1176ab1b3d5bf4b8bc89d747e800391adf8935061618a6b23a6e1d80,pool1z9m2kxeat06t30yf6ar7sqpert0cjdgxzcv2dv36dcwcqcqtgk4,,,True,False,False,58913466580241,58540923011215,0,3525,112,4962,47,0.1,340000000,0,1676148971754,223130991637,1700136372,False,0.0247,0.0244,0.0224,0.0235,0.0232,0.0236,0.0235,0.0235,0.0241,stake1uxlhuz4u3qn8kvu00v70wxde8ul2w473krvlekrgee49yjcp9mad8,3.0
17a6a1f2fb36d9ef275805db17409af7ab753b9d27bdd41b89510bb9,pool1z7n2ruhmxmv77f6cqhd3wsy6774h2wuay77agxuf2y9mj8q55vw,1 Percent Pool #2 (v1),1PCT2,True,True,False,58145470182370,57970661513364,75729324264,1049,354,18492,59,0.01,340000000,50000000000,11247859836531,233218816970,1596065151,True,0.0393,0.0229,0.0234,0.0254,0.0231,0.0243,0.0248,0.0254,0.0267,1percentpool.eu,3.0
86a19d5418cd07294af7d71386cf14a84e0478fbfde5b89fe4d98a58,pool1s6se64qce5rjjjhh6ufcdnc54p8qg78mlhjm38lymx99sqysvzx,Cardano With Paul ☘️,PAUL1,True,False,False,57563803365182,57576415746811,100115395903,8529,327,15486,56,0.03,340000000,100000000000,7710176959834,348386385908,1604895466,False,0.0337,0.0283,0.0255,0.0262,0.0251,0.0254,0.0246,0.0252,0.0260,cardanowithpaul.com,0.0
abacadaba9f12a8b5382fc370e4e7e69421fb59831bb4ecca3a11d9b,pool14wk2m2af7y4gk5uzlsmsunn7d9ppldvcxxa5an9r5ywek8330fg,竜SM₳UG,SMAUG,True,False,False,57783077309533,57452854888532,1057327660362,3637,348,12166,38,0.0299,170000000,1000000000000,5717581052211,224399097343,1596071931,True,0.0323,0.0215,0.0237,0.0253,0.0254,0.0251,0.0247,0.0257,0.0266,,
e9e7e497cdda1681cff48e4d8c5a726e2e030c65a3cf7f9be8007466,pool1a8n7f97dmgtgrnl53exccknjdchqxrr9508hlxlgqp6xvjmzhej,HAPPY Staking 🥳 • Tokeo Treasury Rewards • 1PCT,HAPPY,True,False,False,57786527197387,57409721061587,119681201280,1452,126,5036,52,0.01,170000000,100000000000,1945037778104,38878943695,1673381010,True,0.0278,0.0228,0.0256,0.0247,0.0234,0.0240,0.0250,0.0262,0.0270,,
707725a41873178814530f39fb14a4b2842d05377e2b62a546fe2014,pool1wpmjtfqcwvtcs9znpuulk99yk2zz6pfh0c4k9f2xlcspgqjndk2,Moonstake 4,MS4,True,False,False,57251221797483,57271223000582,103202352280,298,343,15527,42,0.025,340000000,100000000000,8965312401615,345527010361,1597212331,False,0.0367,0.0244,0.0216,0.0239,0.0245,0.0256,0.0255,0.0251,0.0255,moonstake.io,0.0
000000f66e28b0f18aef20555f4c4954234e3270dfbbdcc13f54e799,pool1qqqqpanw9zc0rzh0yp247nzf2s35uvnsm7aaesfl2nnejaev0uc,TITANstaking,TITAN,True,False,False,56850835007038,56877809058414,250002026843,5043,354,17872,51,0.01,170000000,250000000000,9743376559250,238325374976,1596123051,False,0.0374,0.0215,0.0239,0.0243,0.0245,0.0249,0.0250,0.0259,0.0272,titanstaking.io,0.0
076c483d263502a49b138614b24820e9ce0f010b6de8b8f62ab87ecd,pool1qakys0fxx5p2fxcnsc2tyjpqa88q7qgtdh5t3a32hplv6fg25r9,Dapp Central Stake Pool,DAPP,True,False,False,57043715905629,56758755335230,1067331312,2220,161,4536,55,0.025,340000000,1000000000,1647015125310,96240355341,1674411162,True,0.0258,0.0211,0.0247,0.0276,0.0279,0.0267,0.0254,0.0249,0.0254,dappcentral.net,0.0
d679d78bbfefe7e03e05e7a42f9088075af0f15f501a631c67e64037,pool16eua0zalaln7q0s9u7jzlyygqad0pu2l2qdxx8r8ueqrw2jdhqf,eToro Pool 9,ETO9,True,False,False,56629365076743,56629365076743,0,5,332,16673,57,1,340000000,0,0,9321228714419,1606315614,False,0.0002,0,0,0,0,0,0,0,0,etoro.com,11.0
1d2972246d8adda98836626a34e337525f5206e552715d28379b5fdb,pool1r55hyfrd3tw6nzpkvf4rfceh2f04yph92fc462phnd0akp2s5r6,CoffeePool☕️,COFFE,True,False,False,56237237945213,56328070562117,5588273765,606,319,11615,56,0.025,340000000,101000000,5642585876502,225706174799,1609291118,True,0.0340,0.0270,0.0259,0.0266,0.0260,0.0260,0.0263,0.0252,0.0258,coffeepool.jp,0.0
5ed675dd3d0640ca94bf8c3d6a5bfaac0f59930c99a94ffe3686cb70,pool1tmt8thfaqeqv499l3s7k5kl64s84nycvnx55ll3ksm9hq50p0ks,WAFFLE,WFFL,True,False,False,56467802182652,56207731529005,887830264428,1106,305,15291,59,0.02,340000000,850000000000,7607936461754,258805616526,1614925236,True,0.0341,0.0233,0.0206,0.0220,0.0233,0.0251,0.0254,0.0257,0.0267,wafflepool.org,1.0
6658713e2cbfa4e347691a0435953f5acbe9f03d330e94caa3a0cfb4,pool1vev8z03vh7jwx3mfrgzrt9fltt97nupaxv8ffj4r5r8mgwts5ze,ADA Australia,ADAOZ,True,False,False,54712972885404,55999585769841,77626316399,5531,300,13330,61,0.01,340000000,60000000000,6401687041413,163683166942,1613876898,False,0.0326,0.0215,0.0248,0.0262,0.0277,0.0265,0.0268,0.0264,0.0265,,
660f20fb9d419173ac623786ad3e6dc11a23951981e0e83e98233d29,pool1vc8jp7uagxgh8trzx7r260ndcydz89ges8sws05cyv7jj8q8gqs,ADA Ocean Three,OCEA3,True,False,False,55633927458348,55444142273527,10100000000,887,354,16793,63,0.009,170000000,10000000000,10041419707242,210245205170,1596074771,True,0.0387,0.0267,0.0239,0.0223,0.0236,0.0251,0.0253,0.0269,0.0273,adaocean.com,2.0
f423b19715cca49029ed13ff02a110b63de7d96ad7a0536dc5887a41,pool17s3mr9c4ejjfq20dz0ls9ggskc770kt267s9xmw93payzdswwgg,FIKA Pool,FIKA,True,False,False,54734464410553,55240974142890,51452581412,2287,289,3966,54,0.018,340000000,50000000000,1591465511663,126803379378,1614282376,False,0.0282,0.0221,0.0232,0.0228,0.0245,0.0245,0.0243,0.0247,0.0252,,
e293c14533a3521ba5f8e3e1976ea39e47dad69d6666847f2587eb72,pool1u2fuz3fn5dfphf0cu0sewm4rnera445avenggle9sl4hy7rjzgv,n/a,N/A,True,False,False,54882824670096,54981349572966,0,15,172,5911,57,0.05,340000000,0,2214352646551,173749645757,1668114070,False,0.0274,0.0248,0.0251,0.0246,0.0245,0.0251,0.0245,0.0249,0.0264,n,4.0
eaa28db3bf0b7bb815b552fc9e0cecdda62933ce6c67067183c79acd,pool1a23gmvalpdams9d42t7fur8vmknzjv7wd3nsvuvrc7dv66lnau0,Army of Spies,AOS,True,False,False,53946299258353,54457729782632,389086805937,2222,240,9229,52,0.025,340000000,350000000000,4023704020777,184092947697,1644791358,False,0.0299,0.0317,0.0308,0.0280,0.0273,0.0266,0.0259,0.0260,0.0264,,
f76e3a1104a9d816a67d5826a155c9e2979a839d0d944346d47e33ab,pool17ahr5ygy48vpdfnatqn2z4wfu2te4quapk2yx3k50ce6kd7feg0,Steak.and.ADA,ST3AK,True,True,False,54073232891073,54196641186910,2896786299431,9636,352,16142,52,0.0199,170000000,2789000000000,8313022814341,288349492508,1596064431,True,0.0361,0.0195,0.0235,0.0265,0.0249,0.0264,0.0264,0.0264,0.0268,,
d24b4e069ca7c809e69b99b7fbe5e34351b2755ed86ea39c7a439fcb,pool16f95up5u5lyqne5mnxmlhe0rgdgmya27mph288r6gw0ukegjffa,Maracuja-Pool,MARAC,True,False,False,51513485155994,53346235474847,60439051546,362,34,405,50,0,170000000,30000000000,98046388656,5440000000,1721510922,False,0.0247,0.0227,0.0250,0.0244,0.0239,0.0245,0.0250,0.0249,0.0247,,
e069112add6af5fa1a11a1716357de1848c22229eb2eaa007702d5c9,pool1up53z2kadt6l5xs359ckx477rpyvyg3favh25qrhqt2ujclpq3h,,,True,False,False,53132363608473,53071805865293,12676341085,57,334,15610,43,0.01,340000000,10000000000,8700552597811,200536072596,1605112007,False,0.0375,0.0319,0.0248,0.0275,0.0253,0.0254,0.0256,0.0256,0.0270,,
4744b317cba46d5f247e51d4df3d72c9e2a8b18231c30ba1708bd65b,pool1gaztx97t53k47fr7282d70tje8323vvzx8pshgts30t9krw62tm,Trust Nodes,TW001,True,False,False,52303184482696,52964984648953,6536194635,32201,122,5233,47,0.1,340000000,100000000,1809642608343,241040770863,1691511848,False,0.0251,0.0248,0.0236,0.0226,0.0227,0.0234,0.0234,0.0240,0.0249,,
699c814b5a0f3bf2d35b9b0adcfed9fa0fe891881a9ad3c15e2edf73,pool1dxwgzj66pual956mnv9delkelg873yvgr2dd8s279m0hxqvr475,ADAPOP,APOP,True,False,False,52804645050473,52845628713925,1031529781248,3175,352,12562,56,0.01,340000000,1000000000000,6791738373097,196412325731,1596659711,False,0.0369,0.0190,0.0200,0.0185,0.0210,0.0232,0.0244,0.0250,0.0262,,
8dcdf33740ee8e9da6e36337d875fb9222f5c8a1a315fda36886c615,pool13hxlxd6qa68fmfhrvvmasa0mjg30tj9p5v2lmgmgsmrp2rgzkfp,dataDyne.earth,dtDn,True,False,False,52919224531748,52832073976129,218333002290,716,172,5412,56,0,170000000,215000000000,2164530866932,38301096709,1645396647,False,0.0285,0.0246,0.0251,0.0254,0.0255,0.0257,0.0263,0.0264,0.0270,,
d9ae0d657bced910b484c095632ef1e9d0d04e5971913cebc903be94,pool1mxhq6etmemv3pdyycz2kxth3a8gdqnjewxgne67fqwlfgz6f7xa,SwimmingPool01,SWM01,True,False,False,52797476216819,52815594860354,259317315061,5,165,9135,53,1,170000000,500000000,0,4203543316435,1673468575,False,0.0005,0,0,0,0,0,0,0,0,swimmingpoolop.github.io,0.0
c27db049e669c55902e3f4d34d5366e3321b1f3c6517acdf7c766a5b,pool1cf7mqj0xd8z4jqhr7nf565mxuvepk8euv5t6ehmuwe49kfz9llr,Tokai Stake Pool,TOKAI,True,False,False,52790287533454,52449351966289,105768085398,335,303,9986,47,0.005,340000000,100000000000,4831364394397,126689396064,1618436799,False,0.0334,0.0189,0.0232,0.0253,0.0259,0.0247,0.0252,0.0252,0.0262,aichi-stakepool.com,1.0
2c799c3eb2fb59dbf874500fa77df18a2acaa8cfec1793c928294a50,pool193uec04jldvah7r52q86wl033g4v42x0aste8jfg9999qepaxfp,AAAA pool,0AAAA,True,False,False,51971261276337,52065090979430,51438289359,1163,213,7996,50,0.01,170000000,50000000000,3398696535437,71610747097,1634239879,True,0.0301,0.0269,0.0272,0.0254,0.0254,0.0265,0.0267,0.0269,0.0274,,
ac2d2d66a30cbb3163e68a7073bcd3f9cdd4a11a8af6e2c5653402c7,pool14skj6e4rpjanzclx3fc880xnl8xafgg63tmw93t9xspvwx985qu,Everstake,EVRST,True,False,False,51470159255528,51130370699667,1495198889,19936,338,15040,48,0.04,400000000,1000000000,7941642344967,415637392135,1596200131,False,0.0352,0.0219,0.0218,0.0215,0.0225,0.0238,0.0237,0.0238,0.0251,everstake.one,0.0
087cb9a9dab66751853893b0de0628aee88c36f82fd0c1ee3b998548,pool1pp7tn2w6ken4rpfcjwcdup3g4m5gcdhc9lgvrm3mnxz5stmrhq2,Crowdano Stakepool,CROW,True,False,False,49455054786744,50887970771113,100000579710,2428,348,10311,44,0.0399,340000000,100000000000,5718590945007,347593822444,1597258491,False,0.0351,0.0199,0.0213,0.0214,0.0234,0.0243,0.0253,0.0244,0.0242,,
9632b8093185e25be0f3c8a5408a51e59154dd3273416db907c8e67e,pool1jcetszf3sh39hc8nezj5pzj3ukg4fhfjwdqkmwg8ern8u3c4y7v,,,True,False,False,53117055927979,50277905405804,1436195262,3,34,2240,63,0.06,170000000,100000000,704320649403,50396637180,1734615990,False,0.0236,0.0230,0.0202,0.0215,0.0218,0.0237,0.0238,0.0236,0.0236,,
737929797be1a93e3a61cda089e33368e3b91f3884b0d684462a32ec,pool1wdujj7tmux5nuwnpeksgncendr3mj8ecsjcddpzx9gewc3flp4r,eToro Pool 6,ETO6,True,False,False,50010742301467,50010742301467,0,4,331,14675,40,1,340000000,0,0,8393611725041,1606308757,False,0.0002,0,0,0,0,0,0,0,0,etoro.com,8.0
689a60c22ae02ece9405e0cd5fefdb7ceffc0a52c61c42d9955a9b1b,pool1dzdxps32uqhva9q9urx4lm7m0nhlczjjccwy9kv4t2d3krsn4m7,eToro Pool 5,ETO5,True,False,False,50010593368183,50010593368183,0,6,332,17107,52,1,340000000,0,0,9508363680470,1606224567,False,0.0002,0,0,0,0,0,0,0,0,etoro.com,7.0
2fd4fd5fbfe773a7105bf2e415c51f9943ded365855396e70ae3ca90,pool19l206haluae6wyzm7tjpt3gln9paa5m9s4fedec2u09fqz300ht,eToro Pool 10,ETO10,True,False,False,50006996286899,50006996286899,0,2,218,11411,55,1,340000000,0,0,6262262781596,1625137354,False,0,0,0,0,0,0,0,0,0,etoro.com,12.0
90ac71b92a4c29f7a9bbde83ba2e6e2c17b69e41db204a55e7a338ae,pool1jzk8rwf2fs5l02dmm6pm5tnw9stmd8jpmvsy54085vu2u2656re,eToro Pool 11,ETO11,True,False,False,50000339790355,50000339790355,0,4,288,15732,64,1,340000000,0,0,8232362757877,1625137691,False,0.0002,0,0,0,0,0,0,0,0,etoro.com,13.0
4b11b32e3a39fb417f5dddd9d058abdb2d1fdcd64360bee8928e05c2,pool1fvgmxt3688a5zl6amhvaqk9tmvk3lhxkgdsta6yj3czuy5hjwfy,eToro Pool 12,ETO12,True,False,False,50000109026418,50000109026418,0,1,233,6689,53,1,340000000,0,0,3121890949336,1631176173,False,0,0,0,0,0,0,0,0,0,etoro.com,14.0
050111fdb59ffef538f005d25a1d52c254a594a45abc278416830336,pool1q5q3rld4nll02w8sqhf9582jcf22t99yt27z0pqksvpnv4rdra9,n/a,N/A,True,False,False,0,50000005638594,7638594,2,0,0,0,0.03,340000000,0,0,0,1749758655,False,0,0,0,0,0,0,0,0,0,n,11.0
968c91930b19b75e87ee8b2635a130601a38d326cccc08669611b69e,pool1j6xfryctrxm4aplw3vnrtgfsvqdr35exenxqse5kzxmfue7qqmr,n/a,N/A,True,False,False,0,50000005638594,7638594,2,0,0,0,0.03,340000000,0,0,0,1749758851,False,0,0,0,0,0,0,0,0,0,n,12.0
26913b79719e86c08f5e4e8fbcdcc8042865566fcc045fd25edd7a01,pool1y6gnk7t3n6rvpr67f68mehxgqs5x24n0esz9l5j7m4aqzn4e0qw,n/a,N/A,True,False,False,0,50000005638506,7638506,2,0,0,0,0.03,340000000,0,0,0,1749758307,False,0,0,0,0,0,0,0,0,0,n,10.0
7968d7e067205f0cff731c174bcf893cb1fd33f637c6a96ac0a9b408,pool1095d0cr8yp0selmnrst5hnuf8jcl6vlkxlr2j6kq4x6qs4yxuwt,n/a,N/A,True,False,False,0,50000005638506,7638506,2,0,0,0,0.03,340000000,0,0,0,1749757992,False,0,0,0,0,0,0,0,0,0,n,9.0
32fdb90d73865d16463fe1e092c7814a9f035f781a661d9d43ed7443,pool1xt7mjrtnsew3v33lu8sf93upf20sxhmcrfnpm82ra46yxk7uy45,eToro Pool 3,ETO3,True,False,False,50000000000000,50000000000000,0,1,186,9851,48,1,340000000,0,0,5614022933127,1599658715,False,0,0,0,0,0,0,0,0,0,etoro.com,2.0
83b8495a77cb960c6ef43c6520b3f8fbc25b96e35d3ea4c58abff48c,pool1swuyjknhewtqcmh583jjpvlcl0p9h9hrt5l2f3v2hl6gchqrn40,eToro Pool 4,ETO4,True,False,False,50000000000000,50000000000000,0,2,172,8828,53,1,340000000,0,0,5046917949286,1606223091,False,0,0,0,0,0,0,0,0,0,etoro.com,6.0
01cd4b51c0d0a10bb658d9058409dd034bb4a0a9207bdcb8e6850be8,pool1q8x5k5wq6zsshdjcmyzcgzwaqd9mfg9fypaaew8xs597svmeyk4,,,True,False,False,63948016136542,49915081691345,49915081691345,1,153,3600,63,1,340000000,0,0,1499324419429,1680211766,False,0.0002,0,0,0,0,0,0,0,0,,
aa65bf8422f6b5af3a1197e9fe6649539025f2e18257cfb2f1e631aa,pool14fjmlppz76667ws3jl5luejf2wgztuhpsftulvh3ucc65anqgve,X-StakePool2,XSP2,True,False,False,48117077819520,49632140097215,44121279351,1238,309,10169,48,0.037,340000000,20000000000,4677025528134,283569973871,1615879587,True,0.0320,0.0225,0.0226,0.0213,0.0225,0.0247,0.0248,0.0245,0.0258,xstakepool.com,1.0
849cdde779a0a0faaa4276dac342f762bd6c84d6cbf637a92a20bb88,pool1sjwdmeme5zs042jzwmdvxshhv27kepxke0mr02f2yzacsyd4wtu,(Crypto Capital Venture),CCV,True,False,False,49398786223281,49574033898769,20085412016,5659,310,13885,55,0.03,340000000,20000000000,6881780022595,340462535505,1615532401,False,0.0340,0.0253,0.0275,0.0274,0.0262,0.0257,0.0254,0.0257,0.0260,ccv3000.github.io,0.0
0c2e0c5a062389a3fd6fafddae26344d490866d7a34cad981b20f96b,pool1pshqcksxywy68lt04lw6uf35f4yssekh5dx2mxqmyrukke2z5y3,A CardanoLand pool ACL,ACL,True,True,False,48867066885240,48811940947193,780388941335,3413,354,17982,46,0.01,340000000,750000000000,10841854140068,230164882670,1596072111,False,0.0395,0.0217,0.0248,0.0265,0.0246,0.0265,0.0264,0.0270,0.0275,cardanoland.com,0.0
d248ded3c18e0e80d07a46f00a2d808075b989ccb1a0e40a76e5cee1,pool16fyda57p3c8gp5r6gmcq5tvqsp6mnzwvkxswgznkuh8wztrp6vv,Hermes Stakepool Germany #1,HRMS,True,False,False,49016138489922,48778178252516,254115449051,7806,354,17306,48,0.02,340000000,250000000000,10493959139382,328525691950,1596063251,False,0.0387,0.0220,0.0263,0.0254,0.0235,0.0239,0.0239,0.0250,0.0268,hermes-stakepool.com,0.0
6539a70bb6e61540444133eab3a24288d1cd3ddc3598adde93475513,pool1v5u6wzakuc25q3zpx04t8gjz3rgu60wuxkv2mh5nga23xjkc86s,Moksh Stake Pool,MOKSH,True,False,False,48746907448630,48641697125746,479500979339,1450,258,12925,43,0,340000000,200000000000,6108941516088,97225685395,1637633421,False,0.0328,0.0281,0.0260,0.0252,0.0244,0.0263,0.0255,0.0261,0.0271,,
48794370608c8d41cf4ad665833da210ad4fed6c6fd40b48bfad9ca8,pool1fpu5xurq3jx5rn626ejcx0dzzzk5lmtvdl2qkj9l4kw2sjp50dz,Moonstake 6,MS6,True,False,False,48594566788366,48614315643013,103034771081,234,335,15713,47,0.025,340000000,100000000000,8633260242032,334447177498,1597229111,False,0.0359,0.0259,0.0227,0.0210,0.0233,0.0247,0.0247,0.0257,0.0269,moonstake.io,2.0
bcc34d3c45cd3b8770c75c91c3023a9146aa505c4bd5cf094dae9acc,pool1hnp560z9e5acwux8tjguxq36j9r255zuf02u7z2d46dvcf5zhns,LovelaceCommunityPool,LCP,True,False,False,46654421696058,48007915979758,341328400159,1002,323,2267,43,0,170000000,333333333333,938106547225,90270000000,1596411731,False,0.0305,0.0234,0.0268,0.0273,0.0277,0.0277,0.0269,0.0273,0.0270,,
e6ac159ee8063742eadcb48be45f29d9a67b4158439070032f42d10c,pool1u6kpt8hgqcm596kukj97ghefmxn8ks2cgwg8qqe0gtgscnufk5p,AtlasStakePool,ATLAS,True,False,False,47624994907551,47597704965481,507871262003,3764,346,14501,50,0.008,340000000,500000000000,7316441614832,178086284292,1596102431,False,0.0351,0.0207,0.0241,0.0232,0.0245,0.0249,0.0262,0.0263,0.0272,atlasstakepool.com,0.0
62c337b473a2e2548ed3cb76002a56bc1305bad95c26c6efd89085af,pool1vtpn0drn5t39frknedmqq2jkhsfstwketsnvdm7cjzz674s30v2,Bliss Staking,BLISS,True,False,False,48188313439749,47118874386241,2821032055117,1652,262,7655,35,0.015,340000000,2650000000000,3259511995397,101427205042,1636022161,True,0.0306,0.0275,0.0270,0.0283,0.0250,0.0264,0.0272,0.0260,0.0266,,
d69b6b16c6a135c4157365ded9b0d772d44c7628a05b49741d3ae25c,pool166dkk9kx5y6ug9tnvh0dnvxhwt2yca3g5pd5jaqa8t39cgyqqlr,🐍Viper Stake Pool,VIPER,True,True,False,46553695211506,46566641405549,467784285524,3390,354,13451,57,0.009,170000000,401000000000,6942392960704,134837340770,1596064951,False,0.0348,0.0247,0.0262,0.0269,0.0281,0.0263,0.0262,0.0265,0.0271,viperstaking.com,0.0
8efb053977341471256685b1069d67f4aca7166bc3f94e27ebad217f,pool13mas2wthxs28zftxskcsd8t87jk2w9ntc0u5uflt45sh7lcvs8h,Emurgo #7,EMUR7,True,False,False,47273701722161,46440167590434,6916848589,2033,137,8879,56,0.015,170000000,500000000,3723909536850,139082945485,1673471652,False,0.0296,0.0226,0.0229,0.0210,0.0213,0.0238,0.0254,0.0265,0.0270,swimmingpoolop.github.io,17.0
d918835729aaab9d4dca82c60079a6c643d65141f909730ecfeb3aef,pool1myvgx4ef424e6nw2strqq7dxcepav52plyyhxrk0avaw7y098l2,COOL2,COOL2,True,True,False,46245654856585,46192867201087,102591625363,1095,354,16034,47,0.02,170000000,100000000000,9924415214378,303195319501,1596072651,True,0.0399,0.0282,0.0246,0.0255,0.0250,0.0267,0.0267,0.0269,0.0275,stakecool.io,2.0
6feba2d1c9ff8b6f216259fc8824e8803202f882e33a07b6a235c5ac,pool1dl4695wfl79k7gtzt87gsf8gsqeq97yzuvaq0d4zxhz6c0nlf4g,Blockdaemon 🧱😈 Stake Pool 2,BD2,True,False,False,45915939656323,46094707776950,3508524884,40,246,12768,47,0.08,340000000,200000000,5682776616238,454176450292,1627507949,False,0.0286,0.0206,0.0239,0.0241,0.0220,0.0233,0.0238,0.0241,0.0233,blockdaemon.com,2.0
79c4d4fe108f480fee98f307adac12571df2959651f833b595141cd1,pool108zdflss3ayqlm5c7vr6mtqj2uwl99vk28ur8dv4zswdzt6yauc,AzureADA,AZUR,True,True,False,45915128544476,45732805705653,1119290062605,6605,354,17328,44,0.02,340000000,1000000000000,9413157866624,315818931264,1596066851,False,0.0368,0.0228,0.0217,0.0220,0.0209,0.0234,0.0241,0.0243,0.0260,azureada.com,0.0
76bfa1b2e6593740c3388ed881cbe851dbab8d8741652c9bad16cc94,pool1w6l6rvhxtym5psec3mvgrjlg28d6hrv8g9jjexadzmxfgndfg2f,SITION POOL,SIPO,True,False,False,45590257324912,45583441574260,50307612150,1131,354,15925,42,0.025,340000000,50000000000,9351888054233,351767999634,1596092511,False,0.0379,0.0188,0.0200,0.0209,0.0223,0.0235,0.0238,0.0244,0.0258,sipo.tokyo,0.0
446109cdad3e7dfc6e0bb4be5ecf25df02fcc2ec8f6df46a3ca2c537,pool1g3ssnndd8e7lcmstkjl9ane9mup0eshv3aklg63u5tznwl4ch87,Everstake,VRSTK,True,False,False,45121559529959,45292813160586,1494889403,23415,326,16803,48,0.04,400000000,1000000000,8578713700375,438947758227,1606138254,False,0.0349,0.0189,0.0221,0.0246,0.0227,0.0240,0.0245,0.0247,0.0260,everstake.one,4.0
b0c53bbb91bd03c5417c87c7488a83de68f5ea27aefb886c9fc4ff27,pool1krznhwu3h5pu2stuslr53z5rme50t6384macsmylcnljwc7yjky,LEAF pool,LEAF,True,True,False,45373323401714,45248778463409,214461199962,712,354,9002,47,0.01,170000000,150000000000,5273877976749,157144216957,1596061211,False,0.0382,0.0215,0.0213,0.0245,0.0249,0.0239,0.0245,0.0246,0.0255,,
ec3308cedfbe904927d51f9a0d9cb93492da29e22e32900f85a15d8c,pool1ases3nklh6gyjf74r7dqm89exjfd520z9cefqru959wcccmrdlk,Minswap,MIN,True,False,False,45548939212695,45033109838198,43985556882891,90,231,10260,49,1,340000000,30000000000000,0,5474286228601,1648742562,False,0.0003,0,0,0,0,0,0,0,0,,
34ae2462f0fab1866281947a022d85bddf29f45a8b9699baabbbfcb9,pool1xjhzgchsl2ccvc5pj3aqytv9hh0jnaz63wtfnw4th07tjypm46x,THREE SecureStaking.io,SECUR,True,False,False,44785787891802,44829067544369,101566428478,2667,328,15921,45,0,170000000,100000000000,8267870586886,123985748051,1607331364,False,0.0356,0.0259,0.0263,0.0271,0.0282,0.0266,0.0268,0.0268,0.0272,cardano.securestaking.io,2.0
fb21d3e5ed7684742936778239a7bed2bcee1292964ddeb716d3a903,pool1lvsa8e0dw6z8g2fkw7prnfa7627wuy5jjexaadck6w5sxw5xkvm,Digital Fortress,DIGI2,True,True,False,45896446938999,44801444939359,100026811696,1375,354,16336,41,0.025,170000000,100000000000,10185538245182,371791813922,1596073191,True,0.0399,0.0199,0.0236,0.0246,0.0253,0.0251,0.0258,0.0261,0.0268,digi.pro,1.0
2d10d9ee5a86c5cedb75cacd033a2945cfd80315eb978858244cec1c,pool195gdnmj6smzuakm4etxsxw3fgh8asqc4awtcskpyfnkpcvh2v8t,Sunshine Stake Pool,SUNNY,True,True,False,44730617816984,44635373802358,566206250820,7693,354,17650,40,0.02,340000000,1000000000,10087696142588,235935288306,1596066791,True,0.0380,0.0331,0.0277,0.0249,0.0254,0.0256,0.0260,0.0257,0.0265,sunnyada.io,0.0
9f1bd8718fffe41cbd70761991819fbbd9552b4c44c30e1a6fc96766,pool1nudasuv0lljpe0tswcverqvlh0v4226vgnpsuxn0e9nkvnvcvne,stakit.io Pool by TOBG,STI,True,False,False,44908690392735,44511034523795,150001559579,5582,354,17023,37,0.015,340000000,150000000000,9596817036010,266112847042,1596083631,False,0.0372,0.0266,0.0287,0.0279,0.0262,0.0248,0.0250,0.0251,0.0265,stakit.io,0.0
8db4b0de498200d07aeaf06a63e87cc5f0d428cff47fc71c336de3d9,pool13k6tphjfsgqdq7h27p4x86ruchcdg2x073luw8pndh3ajxvwvja,BigLazyCat,BLC,True,False,False,44196141121283,44451683290692,5608314190,1592,166,2678,40,0.01,340000000,1000000000,948412513049,65616158990,1666363350,False,0.0256,0.0227,0.0241,0.0243,0.0243,0.0253,0.0255,0.0255,0.0257,biglazycat.com,0.0
ed40b0a319f639a70b1e2a4de00f112c4f7b7d4849f0abd25c4336a4,pool1a4qtpgce7cu6wzc79fx7qrc3938hkl2gf8c2h5jugvm2gnu86l7,HodlAda,HODLA,True,False,False,44281170277483,44338339870491,8364248583692,3445,320,16288,49,0.0215,500000000,8313000000000,8067248311891,303196877722,1611144238,False,0.0348,0.0315,0.0267,0.0255,0.0262,0.0254,0.0256,0.0267,0.0268,hodlada.today,1.0
1e174471d30ea762a6bf6ce8b1c615549f3dd066cf48ca6be6e7698b,pool1rct5guwnp6nk9f4ldn5tr3s42j0nm5rxeayv56lxua5ck47ex39,Tai Chinh - Tam An,FIMI,True,False,False,43744832804981,44228087201584,120308384092,1958,319,6260,39,0.01,340000000,10000000000,2712924562741,135137333329,1609145863,False,0.0302,0.0169,0.0210,0.0245,0.0248,0.0249,0.0256,0.0252,0.0260,fimi.vn,0.0
dacf06a23e4aaf119024e63deb79861ca175b24e7d44d97fb92b1a22,pool1mt8sdg37f2h3rypyuc77k7vxrjshtvjw04zdjlae9vdzyt9uu34,ABLE Stakepool in ⚜️Québec - 🍁Canada,ABLE,True,False,False,50286372579828,44203372619359,10330188796,594,160,4273,50,0,170000000,5000000000,1667379982035,34170000000,1666746136,True,0.0282,0.0251,0.0234,0.0248,0.0251,0.0254,0.0263,0.0265,0.0271,,
024dcb42f0aa6d81a7e26ccdd525a2ed3e9665d126b38ba0f8b77b50,pool1qfxukshs4fkcrflzdnxa2fdza5lfvew3y6echg8ckaa4q8m5hyf,NEDSCAVE.IO,NEDS1,True,False,False,43871258020178,43946533471078,1008161508950,4919,353,15920,55,0.015,170000000,1000000000000,8813050266108,238436226160,1596964891,True,0.0372,0.0242,0.0283,0.0271,0.0251,0.0268,0.0267,0.0257,0.0264,nedscave.io,0.0
95c4956f7a137f7fe9c72f2e831e6038744b6307d00143b2447e6443,pool1jhzf2mm6zdlhl6w89uhgx8nq8p6ykcc86qq58vjy0ejyxrrksfj,StakeLove,LOVE,True,True,False,43575521508694,43592813694375,913764952210,661,354,12411,36,0.03,340000000,100000000000,7455205998603,352439834581,1596061331,False,0.0385,0.0221,0.0228,0.0218,0.0218,0.0236,0.0241,0.0247,0.0259,,
36e0db9278d5b481dad2f2f84c42d20c324b046aaff97ff45fa4e134,pool1xmsdhync6k6grkkj7tuycskjpseykpr24luhlazl5nsngsy87gm,Everstake,EVE3,True,False,False,43848723796358,43535076829539,1494938893,28044,310,13305,39,0.04,400000000,1000000000,6674212571712,363260629570,1614331376,False,0.0338,0.0199,0.0214,0.0240,0.0252,0.0255,0.0250,0.0250,0.0254,everstake.one,8.0
0775f0139af22e1ebf2c3278598816946e750029b70eace3c5135c3e,pool1qa6lqyu67ghpa0evxfu9nzqkj3h82qpfku82ec79zdwru4pd25m,Cardanode: 0.00% Fee & 100% Rewards Guaranteed,CNODE,True,False,False,43339160350954,43345220555380,615909322773,5306,337,13753,36,0,495000000,500000000000,7235113889222,145137513039,1602198224,False,0.0358,0.0230,0.0231,0.0220,0.0230,0.0251,0.0251,0.0267,0.0273,cardanode.io,0.0
359d3f8e355c873b0b5cae1e18eb12e44dcfc2ad212706d93ac314ab,pool1xkwnlr34tjrnkz6u4c0p36cju3xuls4dyynsdkf6cv22ksuhz6q,Emurgo B,EMURB,True,False,False,42481399711631,42473345276443,6563855489,625,57,2599,48,0.015,170000000,500000000,947794257046,23783415053,1673471652,False,0.0278,0.0287,0.0261,0.0281,0.0266,0.0253,0.0250,0.0277,0.0278,swimmingpoolop.github.io,14.0
4b5e02dce5f549a0c332d8b02f91c43a506311fe1cd4498ddcf46bd0,pool1fd0q9h8974y6psejmzczlywy8fgxxy07rn2ynrwu734aqwq540p,InfStones,IFS2,True,False,False,40769439063003,42129287679913,0,31,292,14377,27,0.1,345000000,0,7719161376673,679413385171,1608112591,False,0.0348,0.0185,0.0178,0.0178,0.0191,0.0206,0.0209,0.0213,0.0241,infstones.com,1.0
93ca5c2f1eb63054f7c768a807408a43e65d7c68fe56e330db20af51,pool1j099ctc7kcc9fa78dz5qwsy2g0n96lrgletwxvxmyzh4zd7ck0j,Stake with Pride - Hosky ISPO,PRIDE,True,False,False,41492476840308,41449556568830,143338140523,1739,305,6040,49,0.0199,340000000,100000000000,2813938483947,146894668072,1613690727,False,0.0313,0.0236,0.0221,0.0218,0.0251,0.0236,0.0239,0.0242,0.0246,,
aef742cd720083790f58b8dced44b868e2496335061c2c5256b44e45,pool14mm59ntjqzphjr6chrww639cdr3yjce4qcwzc5jkk38y22u7uc6,ZZZ2,ZZZ2,True,False,False,41549068975809,41424125431139,55714221110,141,354,15782,32,0.05,340000000,50000000000,9489659878277,618430069294,1596063651,True,0.0388,0.0210,0.0247,0.0262,0.0258,0.0255,0.0256,0.0254,0.0259,coinzzz.jp,2.0
89f7ebe5936075aae36b1f7f2e1e9e5d2decd5230cfb962d01e12c84,pool138m7hevnvp664cmtralju857t5k7e4frpnaevtgpuykggr50kne,Into the Cryptoverse,ITC,True,False,False,41052496728852,40931160137200,100005261958,8501,304,11915,38,0.0399,340000000,100000000000,5957904122124,350523128580,1618091508,False,0.0338,0.0234,0.0253,0.0243,0.0233,0.0245,0.0240,0.0245,0.0257,itcpool.github.io,1.0
a374a14d2fa809b5e999a474b5d085b10be2fc95e6e82da045d9e8f6,pool15d62znf04qymt6ve536tt5y9ky979ly4um5zmgz9m850vu7wuv7,Nu.Fi & AdaLite D,NUFID,True,False,False,40805432333686,40815940715633,1008429844,13,306,12512,31,0.03,340000000,1000000000,6539449040056,304971774622,1615459528,False,0.0359,0.0218,0.0219,0.0228,0.0226,0.0248,0.0253,0.0264,0.0268,nu.fi,14.0
eaa778d97077ff7725fe4cbb70b514d840407a45a3c244ac05f6a83d,pool1a2nh3ktswllhwf07fjahpdg5mpqyq7j950pyftq9765r6t4cefl,ADA Ocean,OCEAN,True,True,False,40759947151863,40778703451616,10100000000,2648,354,16293,37,0.009,170000000,10000000000,10851449101172,225239403454,1596069571,True,0.0403,0.0267,0.0248,0.0253,0.0245,0.0246,0.0248,0.0259,0.0266,adaocean.com,0.0
0338d4f1c5e8ebee0689e22148c1483d411c5587d0ab986b8e824428,pool1qvudfuw9ar47up5fugs53s2g84q3c4v86z4es6uwsfzzs89rwha,Luganodes #1,LGNS1,True,False,False,40653385201390,40630632798055,139481539607,22,194,7858,36,0.1,340000000,10000000,3183598062630,417522509309,1664637078,False,0.0276,0.0180,0.0225,0.0224,0.0225,0.0228,0.0229,0.0227,0.0233,,
d058aaaeea58887b79ecb57708d1694bd323276a6b54185bd86415e7,pool16pv24th2tzy8k70vk4ms35tff0fjxfm2dd2psk7cvs27wnjvlgh,Blue Ocean Stake Pool,SDG13,True,False,False,40484593144253,40582617455318,11884086869,213,204,5243,45,0,340000000,10000000000,2168848865483,68680000000,1657639608,True,0.0291,0.0247,0.0281,0.0279,0.0254,0.0257,0.0257,0.0268,0.0269,,
0001a003afb844ce6d9409fc49e049db654a78dc77f1151cb6cd548f,pool1qqq6qqa0hpzvumv5p87ynczfmdj557xuwlc3289ke42g72z7f74,AHLNET,AHL,True,True,False,40480628326753,40434437586065,1123591122057,1588,354,11951,43,0.028,170000000,400000000000,6717494422049,256624600953,1596060951,True,0.0363,0.0219,0.0219,0.0206,0.0200,0.0238,0.0246,0.0250,0.0265,,
9417e18efcc4c258df21c89942009a498a751a0a63f8d72714cf75b2,pool1jst7rrhucnp93hepezv5yqy6fx982xs2v0udwfc5ea6my3kfak7,Everstake,ESTK,True,False,False,40509704040935,40416676144678,1494493956,21414,331,13668,34,0.04,400000000,1000000000,7220982030092,387266288903,1606136472,False,0.0356,0.0273,0.0251,0.0261,0.0240,0.0243,0.0246,0.0254,0.0260,everstake.one,2.0
c7a434e33111ad62c0b99882c748e9e748c3442d161565661ad8dda4,pool1c7jrfce3zxkk9s9enzpvwj8fuayvx3pdzc2k2es6mrw6gsfcjep,Garden Pool Three,EDEN,True,False,False,40314558016018,40306993362756,5003115906171,3444,331,16661,42,0.013,340000000,5000000000000,8364453802005,280680816680,1606761841,False,0.0364,0.0255,0.0273,0.0256,0.0239,0.0246,0.0252,0.0255,0.0272,garden-pool.com,2.0
9a22c008779c455a124d86191047d35690a0ca2c094a34d90cd29542,pool1ng3vqzrhn3z45yjdscv3q37n26g2pj3vp99rfkgv6225y8lqg8j,Everstake,EVE2,True,False,False,38594423122827,40268305823094,1494823965,29213,310,12916,34,0.04,400000000,1000000000,6570635752277,358582929988,1614253091,False,0.0347,0.0195,0.0223,0.0241,0.0230,0.0232,0.0237,0.0245,0.0254,everstake.one,7.0
be80794a946cf5e578846fc81e3c62ac13f4ab3335e0f5dc046edad4,pool1h6q8jj55dn6727yydlypu0rz4sflf2enxhs0thqydmddgu3shl5,Hazelpool,HAZEL,True,False,False,39925769007821,40153925406701,398021611832,604,234,2552,43,0.03,170000000,350000000000,1035899436853,79664202895,1620010189,True,0.0302,0.0231,0.0233,0.0234,0.0288,0.0295,0.0278,0.0275,0.0269,,
37d2b23f574680a88198e99cc884b6cf9292ce3500467584cb5093f2,pool1xlfty06hg6q23qvcaxwv3p9ke7ff9n34qpr8tpxt2zflyq20ceh,SAKE🍶,SAKE,True,False,False,40115917423396,40146260865805,86100441980,707,264,5627,45,0.009,340000000,25000000000,2505751517534,109480097833,1623260420,True,0.0317,0.0224,0.0231,0.0249,0.0254,0.0257,0.0255,0.0266,0.0272,,
b619d366a0acc2e5a8e0f8e373d6eb926a01811f05a381aaa7a8564c,pool1kcvaxe4q4npwt28qlr3h84htjf4qrqglqk3cr2484ptycr0ldut,Responsible Rose Coanda,RRC,True,False,False,35730706094506,39988474753834,0,5,235,9827,28,0.05,340000000,0,4617585011931,321861452681,1647629479,False,0.0310,0.0271,0.0293,0.0264,0.0261,0.0245,0.0245,0.0243,0.0256,,
9def0b9497f8d922e633c65e2099e6da8df5e966f201db5c7abcb077,pool1nhhsh9yhlrvj9e3nce0zpx0xm2xlt6tx7gqakhr6hjc8wy84sat,,,True,False,False,39201533881019,39951200251699,0,2266,30,877,32,0.1,340000000,0,249287027456,37218558596,1735845425,False,0.0223,0.0210,0.0196,0.0193,0.0204,0.0214,0.0221,0.0223,0.0223,stake1uxlhuz4u3qn8kvu00v70wxde8ul2w473krvlekrgee49yjcp9mad8,4.0
a314a18528d00c5fbd067ecb4a212cf2f307c83d2c08f44a11ebebf6,pool15v22rpfg6qx9l0gx0m955gfv7tes0jpa9sy0gjs3a04lv6x9jdr,Ledger by Figment 1,LBF1,True,False,False,39424964350849,39940660884235,9815889,6533,144,6593,31,0.06,340000000,2000000,2489842361892,205404314669,1674658894,False,0.0266,0.0200,0.0230,0.0232,0.0239,0.0239,0.0239,0.0248,0.0256,ledger.com,1.0
38ee2f8d878f7c444bd80d38c3b4cff02d3a3477c9e77d262065d9ad,pool18rhzlrv83a7ygj7cp5uv8dx07qkn5drhe8nh6f3qvhv66xcyj2m,SITION POOL2,SIPO2,True,False,False,39391340410982,39500562164408,50036979118,479,333,11988,37,0.025,340000000,50000000000,6429245521586,276545878808,1605202465,False,0.0359,0.0231,0.0257,0.0246,0.0256,0.0265,0.0265,0.0256,0.0270,sipo.tokyo,1.0
ddeb342bed35ab00242117343ada661db593fb25c55c818f2d3d784f,pool1mh4ng2ldxk4sqfppzu6r4knxrk6e87e9c4wgrred84uy7xauzlh,(Crypto Capital Venture) #Pool3,CCV2,True,False,False,39565642216881,39488339400222,20007124148,4632,297,10816,37,0.03,340000000,20000000000,5301890506244,275492604866,1621377841,False,0.0334,0.0231,0.0222,0.0219,0.0248,0.0227,0.0248,0.0255,0.0262,ccv3000.github.io,2.0
cb87bf12be816ecd5cd6e167442670e4024d85e0005c8623651b371f,pool1ewrm7y47s9hv6hxku9n5gfnsuspymp0qqpwgvgm9rvm37cek2h6,ADA4Good ❤️ ADA + WMTX + MACH + AA rewards,A4G,True,False,False,38534708575354,38660370418046,100687040463,2933,288,11086,48,0.03,340000000,100000000000,5371973126690,253272858099,1614349010,True,0.0329,0.0250,0.0274,0.0263,0.0254,0.0242,0.0244,0.0247,0.0252,,
793bab987086c97fd34f4009dfdc06e36c84c9bfc3f35b0dced39d92,pool10ya6hxrssmyhl560gqyalhqxudkgfjdlc0e4krww6wweyaeajs8,NKR ADA POOL,NKR,True,False,False,38699509268118,38617326667370,59945035158,484,310,9727,38,0.01,340000000,40000000000,4724779241508,132283546398,1613978236,False,0.0337,0.0310,0.0270,0.0258,0.0238,0.0256,0.0259,0.0265,0.0283,kazunaka.com,0.0
83ea16a7f183288173077c54a1e2b3cbcd0f2336e1bc85e2cc6397e0,pool1s04pdfl3sv5gzuc80322rc4ne0xs7gekux7gtckvvwt7qutjy6w,Moonstake 9,MS9,True,False,False,38329146119599,38345756136797,32663054358,132,331,14744,29,0.025,340000000,30000000000,8022078685345,318807386282,1606113196,False,0.0366,0.0268,0.0255,0.0237,0.0249,0.0253,0.0252,0.0257,0.0260,moonstake.io,3.0
8e06d57e463f8a73f37652b23d126eeb52e6838168700d0478d32851,pool13crd2ljx87988umk22er6ynwadfwdqupdpcq6prc6v59z62kxse,Bloom Six,BLOOM,True,False,False,38778940234868,38223447057076,1000021830403,2583,333,11071,45,0.04,340000000,1000000000000,5787950391326,362859853395,1605659128,False,0.0355,0.0222,0.0243,0.0246,0.0252,0.0244,0.0241,0.0243,0.0255,bloompool.io,5.0
0b38a13726b9dc3aa11be08af93003e775d9d62091765e0e1e3d027b,pool1pvu2zdexh8wr4ggmuz90jvqrua6an43qj9m9urs785p8kwjzqwl,KTN3,KTN3,True,False,False,38074336412348,38084615568203,95485113553,38,354,14811,34,0.05,340000000,50000000000,8786287729537,581224766819,1596064451,True,0.0384,0.0276,0.0260,0.0268,0.0239,0.0242,0.0248,0.0252,0.0257,katanapool.com,3.0
2382bac66b58a4df1cf1775285529bbbefb9102ecea991e1da0aa064,pool1ywpt43nttzjd7883wafg255mh0hmjypwe65ercw6p2sxg5lt7ez,Everstake,EVE4,True,False,False,38165390918231,37789947738556,1495087085,31829,307,12081,35,0.04,400000000,1000000000,6038232313181,339676883803,1614334233,False,0.0335,0.0283,0.0223,0.0210,0.0226,0.0234,0.0229,0.0237,0.0251,everstake.one,9.0
08453273401b3ee2f380ec570f8c926d5f3bd3522337d03b566a6b61,pool1ppznyu6qrvlw9uuqa3tslryjd40nh56jyvmaqw6kdf4kzq3y8kh,Digital Fortress,DIGI3,True,False,False,37782762808923,37653766711435,100026624461,1297,338,13398,46,0.025,170000000,100000000000,7453216952511,286666136287,1603688575,True,0.0381,0.0193,0.0252,0.0232,0.0247,0.0249,0.0239,0.0239,0.0265,digi.pro,2.0
0000fc522cea692e3e714b392d90cec75e4b87542c5f9638bf9a363a,pool1qqq0c53vaf5ju0n3fvujmyxwca0yhp65930evw9lngmr5705csz,ADA NORTH POOL,ANP,True,True,False,36973759799216,37589115491212,487033882217,1489,351,5402,40,0.001,340000000,350000000000,2438904853966,134984873565,1596069551,True,0.0312,0.0319,0.0301,0.0268,0.0252,0.0264,0.0262,0.0262,0.0273,,
e2eed9f58a161573050ab9324252b4fcccbf9fe06e1a034b6f91d748,pool1uthdnav2zc2hxpg2hyeyy545lnxtl8lqdcdqxjm0j8t5srmyvzj,AdaStrong,ADAST,True,False,False,37413326683668,37429831784935,1045304917910,341,351,10373,41,0.05,345000000,1000000000000,5515660743983,422019000615,1596561411,False,0.0353,0.0302,0.0293,0.0301,0.0265,0.0257,0.0261,0.0254,0.0256,adastrong.com,1.0
e0d0ce6856aa952a99cb376b4f882dd376aa6e095dc36c886faaa19c,pool1urgvu6zk422j4xwtxa45lzpd6dm25msfthpkezr042secrtuwzc,(Crypto Capital Venture) #Pool2,CCV1,True,False,False,37261141568822,37226565477934,20011772600,5139,303,10982,32,0.03,340000000,20000000000,5342276515292,279864651740,1618608761,False,0.0332,0.0206,0.0190,0.0191,0.0221,0.0238,0.0224,0.0239,0.0256,ccv3000.github.io,1.0
24cc639f00790ec41c830464376b21df8602f4e7a1591ac005f8a44f,pool1ynxx88cq0y8vg8yrq3jrw6epm7rq9a8859v34sq9lzjy7ztg90u,Everstake,EVE,True,False,False,37245241646781,37140516665938,1495056593,24189,323,14199,27,0.04,400000000,1000000000,7291421320177,390521645082,1606137138,False,0.0349,0.0270,0.0249,0.0239,0.0238,0.0243,0.0253,0.0264,0.0264,everstake.one,3.0
25fd683114acd191fa3f6cd2a5610e25ded9eebdc8fb76b5f66f2d20,pool1yh7ksvg54nger73ldnf22cgwyh0dnm4aerahdd0kdukjqeacy32,n/a,N/A,True,False,False,29644560006334,37051444131481,0,28,53,1945,30,0.05,340000000,0,609869285720,51539740440,1668119395,False,0.0233,0.0216,0.0258,0.0232,0.0225,0.0215,0.0242,0.0244,0.0233,n,6.0
c01546efeba17d531d60447356fc4c19b29c632aeac3377d21f75b4e,pool1cq25dmlt5974x8tqg3e4dlzvrxefcce2atpnwlfp7ad5ugec9fp,BEAST Pool,BEAST,True,False,False,36984654941680,36994082017592,1622314345548,114,314,12645,43,0.03,340000000,1000000000000,6539788927413,308989816381,1613837413,False,0.0353,0.0207,0.0240,0.0234,0.0236,0.0221,0.0232,0.0243,0.0258,beastlyorion.github.io,1.0
57eb48cdf25980039f087207af09fafb4970018e322d37c11c9a2496,pool12l453n0jtxqq88cgwgr67z06ldyhqqvwxgkn0sgungjfvhtp2el,Everstake,EVERS,True,False,False,37149287521846,36890739339807,1494752255,20971,333,13512,29,0.04,400000000,1000000000,7209751911161,387438874869,1605112358,False,0.0351,0.0127,0.0226,0.0220,0.0245,0.0245,0.0254,0.0252,0.0262,everstake.one,1.0
78380abbe8bb86cddda2c79190294125c594630e9535d32907b99f89,pool10quq4wlghwrvmhdzc7geq22pyhzegccwj56ax2g8hx0cjfahufs,StakePool Service No.2,SPS2,True,False,False,36821550448564,36793651103246,19840314562,445,354,15213,30,0.05,340000000,10000000000,8759618793655,580068878449,1596070131,False,0.0373,0.0325,0.0292,0.0269,0.0265,0.0272,0.0261,0.0259,0.0267,stakepoolservice.com,1.0
1506bd5a7a2339814ab507fbe8ed24fccbfa53ee7cac2d1ab6939efe,pool1z5rt6kn6yvuczj44qla73mfyln9l55lw0jkz6x4kjw00u32zec3,,,True,False,False,37907207280225,36638724395060,0,2102,142,4863,36,0.1,340000000,0,1768535485477,242106256575,1687260257,False,0.0251,0.0294,0.0254,0.0236,0.0235,0.0233,0.0229,0.0231,0.0238,stake1uxlhuz4u3qn8kvu00v70wxde8ul2w473krvlekrgee49yjcp9mad8,2.0
60397646d7d1ad6fe2ddccfe7efc9cba61f6d3d94d29e8f41de73240,pool1vquhv3kh6xkklckaenl8alyuhfsld57ef5573aqauueyqacx4ak,KIWI by 🥝Kiwipool Staking,KIWI,True,True,False,36471538273975,36267031589295,502159105585,6663,354,12553,30,0.02,340000000,501369000000,7314039286855,269136317526,1596068151,True,0.0387,0.0347,0.0290,0.0263,0.0248,0.0258,0.0257,0.0268,0.0280,kiwipool.org,0.0
37303e39c681371e158fdd7268f4546d581114dc3fbcc87cbc6856f0,pool1xucruwwxsym3u9v0m4ex3az5d4vpz9xu877vsl9udpt0q237e9m,Keen Lemon Fermi,KLF,True,False,False,35818125760324,35809298206021,0,5,235,10187,36,0.05,340000000,0,4807255390622,331054003875,1647875513,False,0.0318,0.0293,0.0239,0.0241,0.0251,0.0249,0.0244,0.0256,0.0258,,
04c60c78417132a195cbb74975346462410f72612952a7c4ade7e438,pool1qnrqc7zpwye2r9wtkayh2dryvfqs7unp99f2039duljrsaffq5c,Nu.Fi & AdaLite,NUFI,True,False,False,35875652129280,35681762337230,1002829501,5037,354,12547,38,0.03,340000000,1000000000,7908549534717,363916608986,1596116811,False,0.0389,0.0234,0.0227,0.0232,0.0226,0.0232,0.0233,0.0252,0.0263,nu.fi,0.0
49f23c86547526bbd0c9320d3704542c84472f426b923a3e429392eb,pool1f8erepj5w5nth5xfxgxnwpz59jzywt6zdwfr50jzjwfwksmg9ek,Nu.Fi & AdaLite E,NUFIE,True,False,False,35645261695588,35662097936729,1008522850,12,306,11696,34,0.03,340000000,1000000000,6173685142037,293903156188,1615459819,False,0.0355,0.0352,0.0320,0.0295,0.0282,0.0267,0.0255,0.0260,0.0263,nu.fi,15.0
b900dfcf894c473620bf379f8c63aa300d8c8842a94a758758bdcd33,pool1hyqdlnuff3rnvg9lx70ccca2xqxcezzz4998tp6chhxnx2st257,Futuristic Cadet Swartz,FCS,True,False,False,35528748502202,35521246645049,0,4,235,12907,47,0.05,340000000,0,5808721071739,383672426748,1647875028,False,0.0303,0.0271,0.0221,0.0217,0.0219,0.0235,0.0238,0.0249,0.0258,,
92fcdd76d1d9d13910cbe1930765543984e6f4ef9b7efed3cc6536a1,pool1jt7d6ak3m8gnjyxtuxfswe258xzwda80ndl0a57vv5m2zv8h6at,Cardanistas StakePool,CARDs,True,False,False,35423785788450,35435461262510,50155994159,10801,349,6345,35,0.029,340000000,50000000000,3050879765656,197521337014,1596083431,False,0.0322,0.0316,0.0307,0.0297,0.0263,0.0244,0.0247,0.0251,0.0256,,
af972e56a75497f5523f400073a6d94b788c72fde6d27dbc7891f823,pool147tju4482jtl253lgqq88fkefdugcuhaumf8m0rcj8uzxu846qm,n/a,N/A,True,False,False,29381755129339,35175213536712,0,10,14,329,31,0.05,340000000,0,87974001365,8710210594,1668119839,False,0.0227,0.0192,0.0231,0.0222,0.0232,0.0227,0.0227,0.0227,0.0227,n,7.0
b3cc3005f1dccbc88230eb66d6e99c2f1bfa32273044473e17d9e10b,pool1k0xrqp03mn9u3q3sadndd6vu9udl5v38xpzyw0shm8sskuxw2av,JAPAN2,JP2,True,False,False,35003508734165,35010323236251,90572971829,157,354,14011,42,0.05,340000000,50000000000,8201303737543,551065588218,1596064451,True,0.0385,0.0185,0.0203,0.0209,0.0238,0.0243,0.0240,0.0246,0.0260,tokyostaker.com,2.0
8c289ee3b1b591a95c18ffce66957d1f07115afdf939c2a9b441fc22,pool13s5faca3kkg6jhqcll8xd9tarur3zkhalyuu92d5g87zyj4wrrc,Tall Zaffre Darwin,TZD,True,False,False,35013714513847,35001832257069,0,4,235,9794,45,0.05,340000000,0,4603272810116,320724415889,1647875391,False,0.0312,0.0214,0.0232,0.0219,0.0234,0.0227,0.0225,0.0237,0.0249,,
3a203ec1a8bae5098be953c3759e9fae42eea3d5714293500c6b3013,pool18gsrasdghtjsnzlf20pht85l4epwag74w9pfx5qvdvcpxw68sl6,Gleaming Cyan Davinci,GCD,True,False,False,35196721860234,35000021579309,0,3,235,10233,33,0.05,340000000,0,4838153477847,332973684822,1647875225,False,0.0311,0.0253,0.0245,0.0232,0.0235,0.0226,0.0231,0.0230,0.0239,,
b40683f4baad755ff60f26dc73c3e371ac4c5e422feef2fc1f5f29bf,pool1ksrg8a964464las0ymw88slrwxkychjz9lh09lqltu5m7nw3pq0,Queen👸Ada,QUEEN,True,True,False,34867134798261,34876718062296,250302976580,2106,353,8543,28,0.0069,300000000,250000000000,4840528319688,200233526488,1596237071,False,0.0381,0.0248,0.0250,0.0247,0.0243,0.0237,0.0240,0.0244,0.0260,,
c1cadab46b74defa9f79b59b617fe2a50bdbce6b367e472b6109a7bc,pool1c89d4drtwn0048mekkdkzllz559ahnntxelyw2mppxnmc36hjlx,CLIO1,CLIO1,True,True,False,34528062693668,34489693136362,1387960696556,761,354,11871,42,0.0099,340000000,1135000000000,7071709406200,210257095978,1596068851,False,0.0387,0.0204,0.0216,0.0210,0.0233,0.0236,0.0242,0.0251,0.0260,,
b2817f8c6ecf0e9ce1b5b9ab79a95f63df31b623934d2d3783e9bdbf,pool1k2qhlrrweu8fecd4hx4hn22lv00nrd3rjdxj6durax7m78q7ynu,,,True,False,False,34267577353738,34102439781496,0,4108,236,6682,31,0.1,340000000,0,2827225277728,392652846378,1647365346,False,0.0286,0.0185,0.0199,0.0187,0.0203,0.0205,0.0215,0.0227,0.0239,stake1uxlhuz4u3qn8kvu00v70wxde8ul2w473krvlekrgee49yjcp9mad8,0.0
401045f4b0b72381c849f96d2f58d0426cb29c853933c796c652850c,pool1gqgyta9sku3crjzfl9kj7kxsgfkt98y98yeu09kx22zscrezuj7,The independent,FORTE,True,False,False,33872109250894,33735383840481,2049213964727,1955,246,7020,25,0.019,170000000,2000000000000,3005752232677,98008069825,1640341937,False,0.0303,0.0274,0.0259,0.0259,0.0252,0.0259,0.0244,0.0247,0.0267,,
71efddeabf5dd8211853a5ed30548391ccb54fa3b55e5828db9afee6,pool1w8ham64lthvzzxzn5hknq4yrj8xt2nark409s2xmntlwvt4ag3r,1 Percent Pool #7 (v1),1PCT7,True,True,False,37895723857734,33695530700783,72846812614,570,354,15750,38,0.01,340000000,50000000000,9776426476199,218296229571,1596065671,True,0.0398,0.0261,0.0229,0.0240,0.0211,0.0237,0.0235,0.0252,0.0272,1percentpool.eu,8.0
c1011645958df9e805df499bbd30056c83094b99c8effe500350d8da,pool1cyq3v3v43hu7spwlfxdm6vq9djpsjjueerhlu5qr2rvd57vqk84,wavepool.digital,SKY4,True,False,False,20178336470106,33614384777928,21713818568,947,265,11240,16,0.02,340000000,5000000,5337907329536,158315881902,1635199949,False,0.0347,0.0191,0.0243,0.0226,0.0228,0.0243,0.0244,0.0237,0.0252,wavepool.digital,7.0
90a9f94272aa45bb1eb27bb0e2fda43eb4d9bfd31010ab2c9c249896,pool1jz5ljsnj4fzmk84j0wcw9ldy866dn07nzqg2ktyuyjvfvr3jgtq,Digital Fortress,DIGI4,True,False,False,33415735429582,33509299911251,100027212529,1283,332,10666,30,0.025,170000000,100000000000,5822891407503,242659290047,1606000995,True,0.0369,0.0264,0.0257,0.0246,0.0272,0.0284,0.0278,0.0262,0.0264,digi.pro,3.0
53215c471b7ac752e3ddf8f2c4c1e6ed111857bfaa675d5e31ce8bce,pool12vs4c3cm0tr49c7alrevfs0xa5g3s4al4fn46h33e69uusat04v,Bloom,BLOOM,True,False,False,33501189986205,33458491403344,1000002930992,3632,354,13932,35,0.04,340000000,1000000000000,9253888036923,550214499096,1596082311,False,0.0404,0.0304,0.0278,0.0275,0.0262,0.0247,0.0248,0.0248,0.0258,bloompool.io,0.0
903c38e5905f1587d5ecf8c875a181725fb4b12b3eb06ce1d20bb1c6,pool1jq7r3evstu2c040vlry8tgvpwf0mfvft86cxecwjpwcuvvqfu2r,(Crypto Capital Venture) #Pool4,CCV3,True,False,False,33605891275969,33414359949340,20010124148,4498,293,9219,28,0.03,340000000,20000000000,4518572131972,245934720876,1623121764,False,0.0326,0.0265,0.0296,0.0291,0.0275,0.0276,0.0261,0.0256,0.0264,ccv3000.github.io,3.0
a631b46315b1567ef0ce2b2ad4cb63faac09f32ceba6716a7e331e5e,pool15ccmgcc4k9t8auxw9v4dfjmrl2kqnuevawn8z6n7xv09utw9hh3,Staking4ADA.org,4ADA,True,True,False,33784130959688,33411065510112,300018543195,1498,354,12918,34,0.02,170000000,300000000000,7506411536379,213150806488,1596067111,False,0.0380,0.0208,0.0235,0.0229,0.0216,0.0238,0.0242,0.0257,0.0272,staking4ada.org,0.0
2f606921baedcad68bbc765b9ab82b2b201d42bd35262517ce5d7d96,pool19asxjgd6ah9ddzauwede4wpt9vsp6s4ax5nz297wt47evc9sn7z,Hodl₳da,HODL₳,True,False,False,33259558272597,33387805645098,7813005996421,3366,334,15403,32,0.0215,500000000,7760000000000,7830045541870,300816299675,1600665973,False,0.0358,0.0283,0.0256,0.0276,0.0279,0.0291,0.0277,0.0272,0.0277,hodlada.today,0.0
bcd7cf751b59f949170a7e6599f9ac03e49b32c19f3f1d8dad3ac210,pool1hntu7agmt8u5j9c20ejen7dvq0jfkvkpnul3mrdd8tppqvwfvt2,Bloom Two,BLOOM,True,False,False,33471445784172,33369164775010,1000005730992,3088,354,13220,24,0.04,340000000,1000000000000,8137515095662,494560804358,1596219871,False,0.0388,0.0280,0.0254,0.0250,0.0247,0.0258,0.0250,0.0250,0.0257,bloompool.io,1.0
c94e6fe1123bf111b77b57994bcd836af8ba2b3aa72cfcefbec2d3d4,pool1e98xlcgj80c3rdmm27v5hnvrdtut52e65uk0ema7ctfag596vr2,Centre for Open Systems Deployment,COSD,True,False,False,33262720996036,33300261332262,305707978939,152,287,5286,32,0.01,340000000,300000000000,2498663554387,130117673411,1597611913,False,0.0328,0.0275,0.0267,0.0310,0.0282,0.0250,0.0252,0.0255,0.0261,,
a89b86373838360143aba3911eaae54bf9420868965d48d447e4510a,pool14zdcvdec8qmqzsat5wg3a2h9f0u5yzrgjew534z8u3gs5durnjz,Cardano With Paul 2 ☘️,PAUL,True,False,False,33270298926186,33243306706093,100220895066,6379,312,9376,27,0.03,340000000,100000000000,4622376001868,248381878311,1614292519,False,0.0326,0.0292,0.0253,0.0235,0.0250,0.0251,0.0241,0.0243,0.0259,cardanowithpaul.com,1.0
4511bcca3896bcb6d43b66fb89fe079f00f44bed505c9ca232704dc9,pool1g5gmej3cj67td4pmvmacnls8nuq0gjld2pwfeg3jwpxujdx6lmu,wavepool.digital,SKY,True,False,False,33213874203740,33197031482210,6308761601,1713,354,13145,27,0.01,340000000,5000000,7230835414812,232442962338,1596070251,False,0.0369,0.0203,0.0204,0.0219,0.0211,0.0243,0.0251,0.0257,0.0272,wavepool.digital,0.0
556e4281187cee08332ad1ed2a0e910b05e0850a2d01a1a9af848d07,pool124hy9qgc0nhqsve268kj5r53pvz7ppg295q6r2d0sjxswchljf0,Binance Node - 12,BNP,True,False,False,33088923331064,33116837641199,55386603748,14,149,4551,28,0.06,345000000,2000000,1740328669181,161214032303,1685023136,False,0.0266,0.0179,0.0198,0.0200,0.0191,0.0215,0.0218,0.0231,0.0247,binance.com,72.0
9fff445c67c36dfd043330796d634c1a0ada5811584edd1a4d6c281c,pool1nll5ghr8cdkl6ppnxpuk6c6vrg9d5kq3tp8d6xjdds5pct6pxj9,Binance Node - 27,BNP,True,False,False,32866673531357,32876265735481,55865624009,15,149,4605,25,0.06,345000000,2000000,1770852647787,163110157895,1685023313,False,0.0272,0.0195,0.0249,0.0242,0.0210,0.0239,0.0234,0.0232,0.0252,binance.com,87.0
de747d8ac5b643793c8027746e16594c98b43dacdfc91d9604d7b191,pool1me68mzk9kephj0yqya6xu9jefjvtg0dvmly3m9sy67cezrexalx,Binance Node - 28,BNP,True,False,False,32840837773551,32852251059171,54660757269,8,149,4553,36,0.06,345000000,2000000,1744658520206,161385233129,1685023313,False,0.0268,0.0241,0.0249,0.0229,0.0240,0.0239,0.0239,0.0242,0.0246,binance.com,88.0
943bfed06dc3ef2cbb0ce15bc96047905260fafd680711c6e286a30b,pool1jsala5rdc0hjewcvu9dujcz8jpfxp7hadqr3r3hzs63skhhtpqs,Binance Node - 25,BNP,True,False,False,32818180031582,32828482769347,55393790651,16,149,4624,27,0.06,345000000,2000000,1784065363642,163558855523,1685023313,False,0.0274,0.0211,0.0238,0.0234,0.0212,0.0220,0.0239,0.0246,0.0252,binance.com,85.0
fece558da7c7e3ab1e72fdd10cefac1915226e776b42c5dbc9b787e4,pool1lm89trd8cl36k8njlhgsemavry2jymnhddpvtk7fk7r7g4e3fep,Binance Node - 23,BNP,True,False,False,32761632165612,32771224369739,55567946882,10,149,4508,34,0.06,345000000,2000000,1722014033862,159833680104,1685023273,False,0.0265,0.0196,0.0196,0.0219,0.0228,0.0240,0.0244,0.0244,0.0253,binance.com,83.0
f62bc8f972c4bb926df8853694b1b62119ea8ed7c0af38203fca6b09,pool17c4u37tjcjaeym0cs5mffvdkyyv74rkhczhnsgplef4sjglkwpj,Binance Node - 11,BNP,True,False,False,32757931401175,32766457804842,56258656752,10,149,4566,29,0.06,345000000,2000000,1750549694367,161629635160,1685023136,False,0.0269,0.0173,0.0219,0.0235,0.0247,0.0248,0.0250,0.0250,0.0250,binance.com,71.0
576f80a12815b6a28bb271d284825beea6885a1e136d558fc051de17,pool12ahcpgfgzkm29zajw8fgfqjma6ngsks7zdk4tr7q280pwfvtlek,Binance Node - 13,BNP,True,False,False,32746929676972,32761850134078,57810698098,12,149,4778,43,0.06,345000000,2000000,1832665219253,166924438321,1685023152,False,0.0282,0.0310,0.0303,0.0281,0.0257,0.0250,0.0248,0.0250,0.0261,binance.com,73.0
518dc473199d020fbfa4f3f9db2012e982e4cb5828487cf09ca82215,pool12xxugucen5pql0ay70uakgqjaxpwfj6c9py8euyu4q3p23s0fyg,Binance Node - 24,BNP,True,False,False,32737252103470,32751997020601,56121628914,11,149,4667,37,0.06,345000000,2000000,1781953272772,163792335857,1685023284,False,0.0274,0.0318,0.0238,0.0217,0.0246,0.0249,0.0246,0.0248,0.0257,binance.com,84.0
f85ca74e4a60f1ea259e4d65348916033e337fbb08a93db78e666be3,pool1lpw2wnj2vrc75fv7f4jnfzgkqvlrxlampz5nmduwve47xgnckns,Binance Node - 21,BNP,True,False,False,32735946600921,32745894071868,55322295772,10,149,4522,27,0.06,345000000,2000000,1738214820313,160921143482,1685023262,False,0.0267,0.0203,0.0254,0.0258,0.0273,0.0254,0.0247,0.0242,0.0252,binance.com,81.0
fa610fe0a56f4f2bca9d08b0b84d3bf6ad2c6a6d263579927d462473,pool1lfsslc99da8jhj5apzctsnfm76kjc6ndyc6hnynagcj8xexvjsr,Binance Node - 14,BNP,True,False,False,32729127986842,32743693683602,55425966045,12,149,4587,32,0.06,345000000,2000000,1756488058515,162087790281,1685023152,False,0.0270,0.0303,0.0257,0.0263,0.0248,0.0223,0.0237,0.0247,0.0255,binance.com,74.0
d60a72f6f3a1d42a47a292763ca0884f305b56bc880be701049bc46e,pool16c989ahn582z53azjfmregygfuc9k44u3q97wqgyn0zxuzp3dn4,Binance Node - 16,BNP,True,False,False,32730896521330,32741909792737,56500432560,7,149,4642,32,0.06,345000000,2000000,1780256363855,163314805309,1685023171,False,0.0273,0.0226,0.0254,0.0227,0.0242,0.0251,0.0250,0.0253,0.0257,binance.com,76.0
60014da0f8c033b90e9cb27b53f7daf3412877d3ec0e69853ebf1981,pool1vqq5mg8ccqemjr5ukfa48a767dqjsa7nas8xnpf7huvcz7amlv9,Binance Node - 15,BNP,True,False,False,32725251050855,32739461723638,57162528999,10,149,4599,28,0.06,345000000,2000000,1764152250524,162445210853,1685023159,False,0.0271,0.0295,0.0281,0.0242,0.0247,0.0256,0.0253,0.0258,0.0260,binance.com,75.0
4d675db60ca11a6e6224aac48e6c0c4f4e637c833cbfe7801ceefafe,pool1f4n4mdsv5ydxuc3y4tzgumqvfa8xxlyr8jl70qquama0ug2pmhf,Binance Node - 29,BNP,True,False,False,32722068327214,32732726331798,55367232136,13,149,4661,32,0.06,345000000,2000000,1783393990171,164094958448,1685023341,False,0.0275,0.0219,0.0235,0.0250,0.0234,0.0231,0.0234,0.0236,0.0255,binance.com,89.0
79bc3877f1fb79bb131cc793e1c3e68b314e9ae2a484e9a13847aedd,pool10x7rsal3ldumkycuc7f7rslx3vc5axhz5jzwngfcg7hd6t2p7sc,Binance Node - 22,BNP,True,False,False,32718956952428,32732457091572,55439845949,8,149,4542,28,0.06,345000000,2000000,1736251769839,160901029111,1685023273,False,0.0267,0.0280,0.0238,0.0240,0.0222,0.0232,0.0237,0.0243,0.0250,binance.com,82.0
39b60916e5f2ccaad362b09e907d9d85050cbd22b94db9943a17bdd9,pool18xmqj9h97tx245mzkz0fqlvas5zse0fzh9xmn9p6z77aj5jegsx,Binance Node - 17,BNP,True,False,False,32718869119715,32731303458399,56357590134,11,149,4723,37,0.06,345000000,2000000,1811219499090,165529346276,1685023227,False,0.0278,0.0257,0.0277,0.0263,0.0233,0.0236,0.0241,0.0247,0.0258,binance.com,77.0
18532512ac6b647e89dc297deeea305625f8faa1c84a7fe9b7e02f4e,pool1rpfj2y4vddj8azwu9977a63s2cjl374pep98l6dhuqh5u9jctj0,Binance Node - 19,BNP,True,False,False,32709080678636,32720093950041,55972064501,10,149,4603,39,0.06,345000000,2000000,1766791284524,162613977457,1685023240,False,0.0272,0.0226,0.0219,0.0243,0.0235,0.0246,0.0246,0.0250,0.0250,binance.com,79.0
9b991c441a57c186a03e83e4bfd4df6a13394d6f80acdc7ed558a401,pool1nwv3c3q62lqcdgp7s0jtl4xldgfnjnt0szkdclk4tzjqzv6kv7n,Binance Node - 26,BNP,True,False,False,32690286705011,32700234175957,54777304648,11,149,4499,41,0.06,345000000,2000000,1721341263119,159738261931,1685023313,False,0.0264,0.0204,0.0235,0.0276,0.0242,0.0238,0.0239,0.0240,0.0245,binance.com,86.0
b91e740582b7166b2238c19dbb081de4cb86be0b27ead58401510c05,pool1hy08gpvzkutxkg3ccxwmkzqaun9cd0styl4dtpqp2yxq2rjxehj,JWVNPool,JWVN,True,False,False,32681797896895,32690613311803,4664573,7,315,9168,38,0.075,340000000,0,4489109026718,469584099436,1610640551,False,0.0331,0.0231,0.0261,0.0249,0.0226,0.0215,0.0210,0.0227,0.0242,,
b9aaec5680bdc98bb580e5f3b7823beb71056c351bddffdbcf158261,pool1hx4wc45qhhychdvquhem0q3madcs2mp4r0wllk70zkpxz7jhyf4,,,True,False,False,26286301839725,32565178236200,32565178236200,1,13,195,23,1,340000000,0,0,53336180878,1742471775,False,0,0,0,0,0,0,0,0,0,,
07cc67445f419f643158cfdf3d0a3dd12507b8e81b961a19d3e9d3b5,pool1qlxxw3zlgx0kgv2cel0n6z3a6yjs0w8grwtp5xwna8fm2g5tsda,JWERPool,JWER,True,False,False,32495046579024,32503747512206,2182349,14,310,9117,38,0.075,340000000,0,4460922358200,465631940474,1612187174,False,0.0332,0.0224,0.0229,0.0240,0.0238,0.0228,0.0234,0.0239,0.0250,,
d31b91228fc1dedbc3c795d3f7a0201e8eb1af60255e60fdd12acbb4,pool16vdezg50c80dhs78jhfl0gpqr68trtmqy40xplw39t9mgk6vrkd,Binance Node - 3,BNP,True,False,False,32193806988083,32207662394049,9309581780,7,102,3071,38,0.06,345000000,2000000,1240351250637,112638289659,1685023021,False,0.0286,0.0292,0.0270,0.0270,0.0246,0.0247,0.0246,0.0244,0.0261,binance.com,63.0
1575d127ca11492f83430cd0e9d204450dc09e587239c52d542cd1fa,pool1z46azf72z9yjlq6rpngwn5syg5xup8jcwguu2t259ngl5cnv2ds,Binance Node - 2,BNP,True,False,False,32117132353335,32130632492478,9050634416,13,102,3049,36,0.06,345000000,2000000,1228041486857,112273685910,1685023021,False,0.0285,0.0285,0.0270,0.0252,0.0251,0.0249,0.0249,0.0249,0.0263,binance.com,62.0
cb91386ed557e497bdc45f5c9c7e2dc76172a4f457289195598f9c03,pool1ewgnsmk42ljf00wytawfcl3dcash9f852u5fr92e37wqxutyksl,Binance Node - 1,BNP,True,False,False,32077116480905,32087063951851,7709181421,11,100,3059,35,0.06,345000000,2000000,1229688823394,111556421426,1685022716,True,0.0270,0.0208,0.0208,0.0214,0.0228,0.0222,0.0222,0.0222,0.0241,binance.com,61.0
7df262feae9201d1b2e32d4c825ca91b29fbafb2b8e556f6efb7f549,pool10hex9l4wjgqarvhr94xgyh9frv5lhtajhrj4dah0kl65jtws30k,Cardanoscan Pool 1,CSN1,True,False,False,32097388243276,32082956446785,23328311214,566,337,10909,23,0.0189,340000000,20000000000,5986709858778,225852306639,1599709748,False,0.0371,0.0257,0.0250,0.0236,0.0231,0.0230,0.0229,0.0247,0.0258,csn.cardanoscan.io,0.0
e98e298624ce6efe34635318bdd5d634bed732bb238989d3d1b6fc9e,pool1ax8znp3yeeh0udrr2vvtm4wkxjldwv4mywycn573km7fu20y5xa,GAGA2,GAGA2,True,False,False,31992467521876,31999929600826,50009386886,15,304,12139,14,0.05,340000000,50000000000,6728696680434,456902825019,1596649431,False,0.0329,0.0156,0.0132,0.0093,0.0047,0.0119,0.0155,0.0129,0.0165,staking-fm.site,3.0
a60950c7a6e3f7a8247b34035d0a98cb0d11f2d04ba5fa9fd17e1065,pool15cy4p3axu0m6sfrmxsp46z5cevx3ruksfwjl48730cgx24j4ydz,Tech pool,TECH,True,False,False,32063907460614,31994194141703,124489842316,647,254,2856,32,0,170000000,101000000000,1093509850948,66418019937,1618524862,True,0.0272,0.0242,0.0242,0.0234,0.0244,0.0249,0.0250,0.0242,0.0261,,
263498e010c7a49bbfd7c4e1aab29809fca7ed993f9e14192a75871e,pool1yc6f3cqsc7jfh07hcns64v5cp8720mve870pgxf2wkr3u8l7tse,Hyperlink Pool,HYPER,True,False,False,32331526034444,31875024914825,365472588576,3345,335,9852,37,0.018,170000000,300000000000,5562521236280,118395576445,1598783038,True,0.0382,0.0234,0.0230,0.0224,0.0234,0.0231,0.0237,0.0252,0.0266,,
90264742df54caa49b545dd7971c5f9458048c0617844979eb5f9b10,pool1jqnywskl2n92fx65thtew8zlj3vqfrqxz7zyj70tt7d3qmn0m9t,Binance Node - 18,BNP,True,False,False,31490860357033,31499386760701,54272876311,7,149,4385,29,0.06,345000000,2000000,1677041647645,157095418907,1685023240,False,0.0268,0.0180,0.0176,0.0191,0.0213,0.0234,0.0231,0.0243,0.0250,binance.com,78.0
6c518b4861bb88b1395ceb116342cecbcfb8736282655f9a61c4c368,pool1d3gckjrphwytzw2uavgkxskwe08msumzsfj4lxnpcnpks3zjml3,Cardano Fans,CRFA,True,False,False,31683027804184,31311188682994,500057816934,1391,310,8218,29,0.0199,170000000,500000000000,3991377691516,167775864586,1613481933,True,0.0333,0.0284,0.0272,0.0285,0.0286,0.0268,0.0263,0.0267,0.0278,,
c29c92f8319150962650bc8a5e24d918491e8a7b3ac43525afe76baa,pool1c2wf97p3j9gfvfjshj99ufxerpy3aznm8tzr2fd0ua465s26th4,P2P Validator,P2P,True,False,False,30201249561022,31311070375780,12668203215,178,322,3778,38,0.02,170000000,10000000000,1923114744464,123925094383,1607091196,False,0.0352,0.0272,0.0250,0.0243,0.0246,0.0242,0.0245,0.0252,0.0252,p2p.org,2.0
febb924e349d816997e007dc09847ded9a2e72d218023c0e5186176d,pool1l6aeyn35nkqkn9lqqlwqnpraakdzuukjrqprcrj3sctk6hhe32k,Oyster Pool,OYSTR,True,False,False,31632708281200,31296318871011,506158068744,1631,243,4131,24,0.02,170000000,500000000000,1653045342242,79464127939,1615575079,True,0.0286,0.0256,0.0245,0.0235,0.0248,0.0247,0.0244,0.0252,0.0262,,
d9812f8d30b5db4b03e5b76cfd242db9cd2763da4671ed062be808a0,pool1mxqjlrfskhd5kql9kak06fpdh8xjwc76gec76p3taqy2qmfzs5z,Input Output Global (IOHK) - 1,IOG1,True,False,False,31077608974848,31195637957122,5000558043187,918,354,18135,23,0.07,340000000,5000000000000,10992608933625,978357882052,1596243651,True,0.0375,0.0186,0.0220,0.0251,0.0235,0.0227,0.0225,0.0239,0.0257,iohk.io,0.0
2a748e3885f6f73320ad16a8331247b81fe01b8d39f57eec9caa5091,pool19f6guwy97mmnxg9dz65rxyj8hq07qxud886hamyu4fgfz7dj9gl,Berry,BERRY,True,False,False,31296411210050,31169734455009,481387990500,22158,321,10544,31,0.015,340000000,450000000000,5075192507334,186490995795,1596063671,False,0.0331,0.0226,0.0239,0.0261,0.0259,0.0245,0.0244,0.0252,0.0268,,
5e964c17799de9ce9a2791cb2434927efa2d66bb418af9f8d6c7fdbe,pool1t6tyc9menh5uax38j89jgdyj0maz6e4mgx90n7xkcl7mu8fzqxu,Binance Node - 20,BNP,True,False,False,30987571369149,30997518840096,52520870372,9,149,4263,36,0.06,345000000,2000000,1625691269276,153897135689,1685023246,False,0.0264,0.0215,0.0183,0.0192,0.0203,0.0229,0.0229,0.0230,0.0242,binance.com,80.0
2313599837d144bdbd6897a3cdecc0ad2c995f38275aad6626c29ef5,pool1yvf4nxph69ztm0tgj73ummxq45kfjhecyad26e3xc2002xgzalg,(Crypto Capital Venture) #Pool5,CCV4,True,False,False,31063527472681,30912311586754,20022999820,3301,258,7824,33,0.03,340000000,20000000000,3659203440500,199949209147,1637962246,False,0.0314,0.0138,0.0171,0.0177,0.0200,0.0233,0.0238,0.0235,0.0249,ccv3000.github.io,4.0
a087620de93bee6faeb0c33ca5e647f9c4e1e037d8f28e95dc583179,pool15zrkyr0f80hxlt4scv72tej8l8zwrcphmrega9wutqchjekceal,Zetetic,ZETE,True,False,False,30840232056482,30722862886440,15210510615,6821,347,14546,30,0,340000000,10000000000,8594529161795,171093348565,1596127831,False,0.0396,0.0263,0.0238,0.0263,0.0248,0.0265,0.0255,0.0264,0.0269,zetetic.tech,0.0
2fc479904f9482d1b573977a3af26bb5577545014521eee513f54ef1,pool19lz8nyz0jjpdrdtnjaar4untk4th23gpg5s7aegn7480zff4vgq,Moonstake 5,MS5,True,False,False,30500932257676,30510134308271,102269736469,885,338,16116,43,0.025,340000000,100000000000,9010211840195,345039972665,1597217351,False,0.0364,0.0212,0.0200,0.0204,0.0222,0.0238,0.0251,0.0251,0.0262,moonstake.io,1.0
481d305a21bbbaa85177413676ba350b1e2d7b7456b8008e72b96386,pool1fqwnqk3phwa2s5thgym8dw34pv0z67m526uqprnjh93cvzxymef,Nu.Fi & AdaLite 9,NUFI9,True,False,False,30440137947249,30491247336477,1003650337,4067,324,9710,30,0.03,340000000,1000000000,5096403450575,266867607388,1609760091,False,0.0356,0.0252,0.0214,0.0198,0.0221,0.0237,0.0238,0.0257,0.0261,nu.fi,8.0
89eba2781e5cd11ccda6be56503702a39e9941e522f04cd5bba22957,pool13846y7q7tng3endxhet9qdcz5w0fjs09ytcye4dm5g54wmyqeqr,The Brothership Pool,BSP,True,True,False,30321091187751,30327928738144,446732489135,960,354,10025,26,0.025,170000000,440000000000,5444413395870,175916044950,1596065871,True,0.0366,0.0224,0.0255,0.0241,0.0267,0.0240,0.0248,0.0256,0.0269,,
6184f6e7229530a2d1f9f746112406100e2696dd7439ff8c52750700,pool1vxz0deezj5c2950e7arpzfqxzq8zd9kawsullrzjw5rsq0yhxgr,ZZZ,ZZZ,True,False,False,31253932875363,30210181112888,55069094669,221,354,13730,33,0.05,340000000,50000000000,9194132299146,603595672224,1596063531,True,0.0398,0.0289,0.0310,0.0254,0.0252,0.0259,0.0244,0.0239,0.0250,coinzzz.jp,0.0
e1c990717560232bf659ca30f50e3b84e79d587d21b821903d11e560,pool1u8yequt4vq3jhajeegc02r3msnne6krayxuzrypaz8jkq5v5pux,Hosk Pool,HOSK,True,True,False,29940875836725,29949199506673,10050954920,579,222,5117,32,0.02,340000000,10000000000,2078886882773,117873805930,1619078133,True,0.0292,0.0302,0.0332,0.0304,0.0271,0.0258,0.0259,0.0259,0.0266,,
d5e0f919debe82e4447cf0f0089188ae212f7efbc065a3d819daa17a,pool16hs0jxw7h6pwg3ru7rcq3yvg4csj7lhmcpj68kqem2sh5nt8mwk,Nu.Fi & AdaLite 7,NUFI7,True,False,False,29797584254016,29912854059808,1002830780,5725,330,10855,29,0.03,340000000,1000000000,5809095523498,290802473726,1606925248,False,0.0357,0.0196,0.0261,0.0258,0.0232,0.0242,0.0231,0.0238,0.0253,nu.fi,6.0
4ef0c287cc67a951bb0f0eb8d56d1bf69939bd007a2681dbc3055ef6,pool1fmcv9p7vv754rwc0p6ud2mgm76vnn0gq0gngrk7rq400vsvhsvs,JAZZ4,JAZZ4,True,False,False,29876908666644,29881081248995,93140202669,108,334,8995,26,0.05,340000000,50000000000,4771476376309,365464140968,1605220085,False,0.0363,0.0184,0.0188,0.0201,0.0227,0.0244,0.0239,0.0247,0.0265,stake1ux2g76f0l7cv8g6ugzc3q54shlh57sqzad0tydysw7srqpq377vgr,3.0
84a77793762a6f79f21bf72d0e1a84b8524bc93b864149f38184b591,pool1sjnh0ymk9fhhnusm7uksux5yhpfyhjfmseq5nuupsj6ezskc0pj,Upbit Staking,UPBIT,True,False,False,29711393676180,29720637898790,29720637898790,1,156,3715,26,1,340000000,200000000000,0,1520636709230,1682410519,False,0.0003,0,0,0,0,0,0,0,0,upbit.com,6.0
fc2d8488ef021561a83af7b56f973b94cfcfd8100433ee6fd0b0aa45,pool1lskcfz80qg2kr2p6776kl9emjn8ulkqsqse7um7skz4y2lwa0cu,Cero Stake Pool,CERO,True,False,False,29689284053076,29690522075450,15211563676,2572,323,13020,27,0,340000000,10000000000,6716491570047,109140000000,1596875691,False,0.0358,0.0221,0.0230,0.0200,0.0245,0.0251,0.0256,0.0268,0.0278,,
08f05bcfaada3bb5c038b8c88c6b502ceabfd9978973159458c6535b,pool1prc9hna2mgamtspchrygc66s9n4tlkvh39e3t9zccef4kzc3ns2,Terminada,TERM,True,False,False,28816667369964,29132050695873,3425314084398,1028,256,1835,23,0.009,170000000,3350000000000,693488361113,73624040502,1633769391,True,0.0283,0.0155,0.0249,0.0248,0.0264,0.0277,0.0274,0.0263,0.0271,,
0a423fa44f23b13cba59474427d11746136672af66b2d80b4499dd1d,pool1pfprlfz0ywcnewjegazz05ghgcfkvu40v6edsz6yn8w362sdjr8,Cardanesia,ADI,True,False,False,28716185472973,29082406793827,90158966832,1786,342,8879,28,0.008,340000000,80000000000,4506285184593,152262610492,1596083311,True,0.0342,0.0225,0.0254,0.0217,0.0209,0.0256,0.0252,0.0260,0.0268,,
72ef065ee6e640969720936470a0811dc7540573a23511146d1af3fc,pool1wthsvhhxueqfd9eqjdj8pgyprhr4gptn5g63z9rdrtelcfumnvg,Upbit Staking,UPBIT,True,False,False,29065885039443,29076906995877,29076906995877,1,102,2290,22,1,340000000,200000000000,0,876906995877,1705391114,False,0,0,0,0,0,0,0,0,0,upbit.com,14.0
37c7da28cacc3cddc181de02a2a957396f1aebaecf89ce6b55cd1e46,pool1xlra52x2es7dmsvpmcp2922h89h346awe7yuu664e50yvrzaaqe,COINTAX,CTAX,True,False,False,28989163306482,28980184938478,10809499486,9,11,304,31,0.9999,20000000000,100000000,0,87724700336,1744769262,False,0,0,0,0,0,0,0,0,0,ranket2.github.io,2.0
bcf96cfc11e8741945d3cae55a9f299567dfcd04f5352fcca26ab728,pool1hnukelq3ap6pj3wnetj448efj4nalngy756jln9zd2mjsp73etg,Upbit Staking,UPBIT,True,False,False,28454960355380,28864204575460,28864204575460,1,162,3504,28,1,340000000,200000000000,0,1464204575460,1677336534,False,0.0004,0,0,0,0,0,0,0,0,upbit.com,3.0
be6d07b366b26dd577682e0e499c0d81988d8b3f49b52b853691eeba,pool1heks0vmxkfka2amg9c8yn8qdsxvgmzelfx6jhpfkj8ht5mn0r2m,Cardano24,ADA,True,False,False,28828869904225,28847957290930,25135045561,498,329,5348,20,0.029,340000000,25000000000,2356983128021,181417475771,1596346111,False,0.0303,0.0203,0.0213,0.0203,0.0191,0.0219,0.0236,0.0241,0.0251,,
cd8a1259e674b3f1bbdc0596c938123bbf80012b918190456a6252ef,pool1ek9pyk0xwjelrw7uqktvjwqj8wlcqqftjxqeq3t2vffw7qm8efs,Upbit Staking,UPBIT,True,False,False,28617917400206,28827517167139,28827517167139,1,162,3427,20,1,340000000,200000000000,0,1427517167139,1677336795,False,0.0004,0,0,0,0,0,0,0,0,upbit.com,4.0
e769932732e56582d084a169825a57a9aba294e83dc636394ca5cb6f,pool1ua5exfeju4jc95yy595cykjh4x46998g8hrrvw2v5h9k7987a44,Upbit Staking,UPBIT,True,False,False,28568278338683,28776811464761,28776809939828,2,162,3789,25,1,340000000,200000000000,0,1576809939828,1677335710,False,0.0002,0,0,0,0,0,0,0,0,upbit.com,1.0
fa67f324c67325d6e60616eb8f20688473f979ec4b66193a5b43f898,pool1lfnlxfxxwvjadesxzm4c7grgs3elj70vfdnpjwjmg0ufsqnq52t,Hisa~i🌺Okinawa,HISAI,True,False,False,28720536078821,28767360321434,4634179962,86,288,6781,32,0.0035,340000000,100000000,3259078184997,108638691596,1623943245,False,0.0328,0.0256,0.0247,0.0241,0.0264,0.0254,0.0234,0.0247,0.0261,,
888bb4c1992ba2587e9db20543932eeb4ade930699e5daab445b4d92,pool13z9mfsve9w39sl5akgz58yewad9daycxn8ja426ytdxey47yatu,Upbit Staking,UPBIT,True,False,False,28487068251045,28701645675118,28701645675118,1,162,3602,26,1,340000000,200000000000,0,1501645675118,1677336226,False,0.0004,0,0,0,0,0,0,0,0,upbit.com,2.0
894ff15d8bef5f740a2fa3552157834d9d6b2f5a232bed3819d756b5,pool1398lzhvtaa0hgz305d2jz4urfkwkkt66yv476wqe6att2f7dphh,,,True,False,False,27607878057806,28694322016420,0,1905,167,3656,27,0.1,340000000,0,1353656269739,205005435252,1647365615,False,0.0263,0.0231,0.0221,0.0214,0.0211,0.0214,0.0221,0.0221,0.0239,stake1uxlhuz4u3qn8kvu00v70wxde8ul2w473krvlekrgee49yjcp9mad8,1.0
8871f659c6ce6a29afc0c52963cc872898db31235bead5b4a514b746,pool13pclvkwxee4znt7qc55k8ny89zvdkvfrt04dtd99zjm5vs2tws5,CCJ2,CCJ2,True,False,False,28668080248622,28650246652294,100001440401,181,353,12241,25,0.048,170000000,100000000000,7236730511254,464401115046,1596637271,False,0.0384,0.0267,0.0294,0.0273,0.0270,0.0250,0.0251,0.0268,0.0263,cardano.ipclub29.com,3.0
c06a0f395267d77e7cbbfc2d2d1b8b3146d1fa7560f80065e50a5142,pool1cp4q7w2jvlthul9mlskj6xutx9rdr7n4vruqqe09pfg5ywmzdzq,Upbit Staking,UPBIT,True,False,False,28432950545353,28640772577696,28640772577696,1,156,3489,21,1,340000000,200000000000,0,1440772577696,1682410132,False,0.0004,0,0,0,0,0,0,0,0,upbit.com,5.0
8ace4ea6e68ed33340f39d98804f65651100dbd86cb146ec220adfdd,pool13t8yafhx3mfnxs8nnkvgqnm9v5gspk7cdjc5dmpzpt0a6h294yn,Upbit Staking,UPBIT,True,False,False,28399782023925,28610092884665,28610092884665,1,156,3411,20,1,340000000,200000000000,0,1410092884665,1682410849,False,0.0002,0,0,0,0,0,0,0,0,upbit.com,9.0
b294aade5ae5da8b27f2d4f0066d37032ffbc9eb3e077070d4d86ee7,pool1k2224hj6uhdgkflj6ncqvmfhqvhlhj0t8crhqux5mphwwumupec,Upbit Staking,UPBIT,True,False,False,28398043680743,28605510166104,28605510166104,1,154,3422,37,1,340000000,200000000000,0,1405510166104,1682410588,False,0.0005,0,0,0,0,0,0,0,0,upbit.com,7.0
3d0a287f918624a8b8d8eedcf87ed799deee99d66feb63d9fd811de8,pool1859zslu3scj23wxcamw0slkhn80waxwkdl4k8k0asyw7sfa8dv5,Upbit Staking,UPBIT,True,False,False,28367656332171,28578322739771,28578322739771,1,156,3331,23,1,340000000,200000000000,0,1378321550211,1682410710,False,0.0005,0,0,0,0,0,0,0,0,upbit.com,8.0
00004614332ac81201d8302d4cb8262502af229256e143dc2156156e,pool1qqqyv9pn9typyqwcxqk5ewpxy5p27g5j2ms58hpp2c2kuzs5z77,ANGEL stake pool,ANGEL,True,True,False,28548498184254,28557054751770,102151653355,3752,354,14748,31,0.025,170000000,100000000000,8797082830465,272046927949,1596063411,True,0.0396,0.0166,0.0220,0.0214,0.0215,0.0218,0.0228,0.0238,0.0256,angelstakepool.net,0.0
dbf4df9da9c134d7d7d44f6697ed739854b15dc71f47cdc1f550232e,pool1m06dl8dfcy6d0475fanf0mtnnp2tzhw8rarums042q3jux23q0j,BitcoinSuisse01,BTCS,True,False,False,36263895328084,28348548021030,243509081818,376,23,742,31,1,170000000,100000000,0,243399977267,1739441268,False,0,0,0,0,0,0,0,0,0,bitcoinsuisse.com,2.0
196d0c94c7975fd9588e3b8ba13a9857419c93523d27b200d772de38,pool1r9kse9x8ja0ajkyw8w96zw5c2aqeey6j85nmyqxhwt0rs090fu4,Upbit Staking,UPBIT,True,False,False,28508481119897,28323058544014,28323047198600,2,164,3665,31,1,340000000,200000000000,0,1523047198600,1677335049,False,0.0004,0,0,0,0,0,0,0,0,upbit.com,0.0
4a0354d7a968c0ad74c0fcf677a4552ddb6202bddc71d88e3173dc78,pool1fgp4f4afdrq26axqlnm80fz49hdkyq4am3ca3r33w0w8sw2x8ap,Upbit Staking,UPBIT,True,False,False,28055701932094,28264946151041,28264946151041,1,100,2250,24,1,340000000,200000000000,0,864946151041,1705390612,False,0,0,0,0,0,0,0,0,0,upbit.com,11.0
bcfa1854b74e63cfc835c7f3caf777cc34e6757c491885a9726ae513,pool1hnaps49hfe3uljp4cleu4amhes6wvatufyvgt2tjdtj3xjrgknk,Upbit Staking,UPBIT,True,False,False,28053364259518,28263675119113,28263675119113,1,101,2253,30,1,340000000,200000000000,0,863675119113,1705390489,False,0,0,0,0,0,0,0,0,0,upbit.com,10.0
8ecc6a94c3056e1d6f1d3806231b72ba46b83fa4bd27a4a4bc273900,pool13mxx49xrq4hp6mca8qrzxxmjhfrts0ayh5n6ff9uyuusq9cx4d8,Upbit Staking,UPBIT,True,False,False,28014149297010,28225882344046,28225882344046,1,102,2172,29,1,340000000,200000000000,0,825882344046,1705390990,False,0,0,0,0,0,0,0,0,0,upbit.com,13.0
97db278a7238febb7255873600505a09e0d5c496a81b92bc15537a3e,pool1jldj0znj8rltkuj4sumqq5z6p8sdt3yk4qde90q42daru5kgfl6,Upbit Staking,UPBIT,True,False,False,27876985877669,28085874549413,28085874549413,1,102,2299,15,1,340000000,200000000000,0,885874549413,1705390837,False,0,0,0,0,0,0,0,0,0,upbit.com,12.0
b6e038fb50202dfe5ccc61ecae9b8803bdc9cb7fb3ae9348cb97b0ef,pool1kmsr376syqkluhxvv8k2axugqw7unjmlkwhfxjxtj7cw7qcn0jn,CARDANIANS.io #4,CRDN3,True,False,False,28504261599219,27998232795151,100652066798,1965,323,5931,25,0.02,340000000,100000000000,3145160057044,173475795614,1608978024,False,0.0370,0.0224,0.0224,0.0258,0.0250,0.0260,0.0250,0.0259,0.0268,cardanians.io,5.0
0c2cfc283e0bbb85b9ef9d852c99ae7ee13f20f36b70fd648c6c3448,pool1psk0c2p7pwactw00nkzjexdw0msn7g8nddc06eyvds6yswr3tjg,Into the Cryptoverse #2,ITC2,True,False,False,27960142073461,27919812350280,100010433979,5423,293,8707,27,0.0399,340000000,100000000000,4254615482012,275908622523,1622511769,False,0.0332,0.0235,0.0226,0.0232,0.0248,0.0247,0.0248,0.0249,0.0257,itcpool.github.io,2.0
2885a48f88db36756708fd2f7a30117962dad843add43a313b5ebfdf,pool19zz6frugmvm82ecgl5hh5vq3093d4kzr4h2r5vfmt6la7trk929,Curly Viridian Moore,CVM,True,False,False,27687715980262,27679231951779,0,8,235,13302,30,0.05,340000000,0,6107648650074,399405457185,1647865108,False,0.0314,0.0300,0.0278,0.0259,0.0241,0.0251,0.0251,0.0253,0.0268,,
f3efb842c77895dde51e95e54d9c309da599631ef31216bcfea11083,pool170hmssk80z2ameg7jhj5m8psnkjejcc77vfpd0875yggxhhntd0,21ADA,21ADA,True,False,False,29329472737336,27602517736592,27368665211,6282,310,3530,28,0.02,340000000,25000000000,1542126361944,136862405748,1612242710,False,0.0311,0.0320,0.0232,0.0248,0.0269,0.0262,0.0262,0.0270,0.0265,,
7d7ac07a2f2a25b7a4db868a40720621c4939cf6aefbb9a11464f1a6,pool104avq7309gjm0fxms69yqusxy8zf888k4mamngg5vnc6vculpzq,Nu.Fi & AdaLite B,NUFIB,True,False,False,27475792005002,27222223728557,1004645511,5655,307,9575,26,0.03,340000000,1000000000,4781733686911,251223311439,1614971867,False,0.0344,0.0288,0.0258,0.0245,0.0249,0.0258,0.0250,0.0254,0.0266,nu.fi,12.0
28acd2df764365b328c37861ceace7e71caa3a03b2c6a0674562b820,pool19zkd9hmkgdjmx2xr0psuat88uuw25wsrktr2qe69v2uzqldfnmj,,,True,False,False,26544848079276,26821329079170,26821329079170,1,145,3240,31,1,340000000,0,0,1327432652860,1686693373,False,0.0004,0,0,0,0,0,0,0,0,stake1u8ww9v63kydymm7hslk4mxyte36str9ehdz06lzsu5r4jlq0e2shk,0.0
30f9a4c529f89d60ad1bd1c33c0e13c20b347fec7cac794c557efcee,pool1xru6f3fflzwkptgm68pncrsncg9ngllv0jk8jnz40m7wusfhazk,Oasis Pool 🌴,OASIS,True,False,False,26724199017552,26731362770664,13212185359,1759,347,10593,30,0.01,340000000,10000000000,5317472522258,169313362954,1599795563,False,0.0352,0.0214,0.0224,0.0248,0.0269,0.0260,0.0247,0.0250,0.0264,,
636fab1b0059766eb08c3bd089e71a949db856bb845e3bff31fad5ad,pool1vdh6kxcqt9mxavyv80ggnec6jjwms44ms30rhle3lt266aj8jgh,NEDSCAVE.IO,NEDS4,True,False,False,26669952660379,26678307541066,1005161190942,504,294,4800,32,0.015,170000000,1000000000000,2111168372579,112996714202,1615424274,True,0.0303,0.0199,0.0210,0.0217,0.0235,0.0246,0.0250,0.0260,0.0261,nedscave.io,3.0
d0f48f07e4e5eb8040a988085f7ea3bd32d71a2e2998d53e9bbc959a,pool16r6g7plyuh4cqs9f3qy97l4rh5edwx3w9xvd205mhj2e58cpp28,Liqwid,LQWD,True,False,False,27717087029207,26674633922756,26656776922654,11,116,3584,18,1,170000000,20000000000000,0,1539866439811,1697822646,False,0.0009,0,0,0,0,0,0,0,0,liqwid.finance,0.0
00000110093effbf3ce788aebd3e7506b80322bd3995ad432e61fad5,pool1qqqqzyqf8mlm70883zht60n4q6uqxg4a8x266sewv8ad2grkztl,ADAfrog 🐸,FROG,True,True,False,26630018264197,26641763334391,100270678939,1889,354,5622,29,0.04,340000000,100000000000,2757302075619,235071721090,1596079951,False,0.0328,0.0199,0.0233,0.0225,0.0224,0.0240,0.0243,0.0248,0.0258,adafrog.io,2.0
1b2523e031e0efe6e5fe0edf8c82fd51abf33a1a2feedad5456ef4d9,pool1rvjj8cp3urh7de07pm0ceqha2x4lxws69lhd4429dm6djfjsy4l,Cardino Stake Pool,DINO,True,False,False,26684821676682,26637306036547,14762354842,2014,335,8224,12,0.01,340000000,10000000000,4210164722862,153849455306,1596362771,True,0.0346,0.0244,0.0237,0.0216,0.0237,0.0244,0.0245,0.0250,0.0259,,
467063b09d8a4ff20f2a44caea4695f05e3bdb6079bc710dc5a6bf6c,pool1gecx8vya3f8lyre2gn9w53547p0rhkmq0x78zrw956lkcvn8uyp,Liqwid,LQWD,True,False,False,27813513926485,26580929803762,26562994838645,4,96,2557,32,1,170000000,20000000000000,0,1024797968307,1708100255,False,0,0,0,0,0,0,0,0,0,liqwid.finance,1.0
0019cb5ac91c786a809f4d87622a29d2c7f57f4697f8c8e8457f4de4,pool1qqvukkkfr3ux4qylfkrky23f6trl2l6xjluv36z90ax7gfa8yxt,🌍 PLANETSTAKE 1,STAKE,True,True,False,26594384962425,26578214615495,50039540087,1036,353,11988,21,0.008,340000000,50000000000,7325281523658,168110567231,1596078611,False,0.0389,0.0315,0.0279,0.0283,0.0269,0.0210,0.0225,0.0247,0.0264,planetstake.com,0.0
c473846af5dfa3d56d2bdb765d8a2835be6dcc5c70be5cc4ff136a45,pool1c3ecg6h4m73a2mftmdm9mz3gxklxmnzuwzl9e38lzd4y26qcm8a,Cosmic Asset Stake Pool,COSMC,True,False,False,26549626971809,26558387472736,512228816402,153,333,7241,37,0.025,340000000,300000000000,3759017988944,209139591195,1605826217,False,0.0345,0.0203,0.0198,0.0226,0.0214,0.0232,0.0234,0.0253,0.0259,,
0d25da9f80c78329f00c773d846e01618b1380334d440dbccab3e68b,pool1p5ja48uqc7pjnuqvwu7cgmspvx938qpnf4zqm0x2k0ngkh4lkjx,SITION POOL3,SIPO3,True,False,False,26131721029182,26427544318615,50018478400,560,330,9438,28,0.025,340000000,50000000000,4788876145277,234268511774,1606808269,False,0.0339,0.0277,0.0282,0.0251,0.0221,0.0236,0.0232,0.0241,0.0258,sipo.tokyo,2.0
58494275c20e5786646ccc1f7d19a4c190382f374b0762208d596580,pool1tpy5yawzpetcverves0h6xdycxgrstehfvrkygydt9jcqxwpw3j,MANA,MANA,True,True,False,26634236878148,26259451040174,211179878355,2174,338,8304,28,0.0149,170000000,200000000000,3857790496568,127153830469,1599246253,False,0.0332,0.0227,0.0208,0.0261,0.0226,0.0260,0.0250,0.0252,0.0273,,
39b954dce76567d053913149da772c4d8696fba7ed50ed43326b2538,pool18xu4fh88v4naq5u3x9ya5aevfkrfd7a8a4gw6sejdvjnsrpud2a,,,True,False,False,22935776553291,26110320203044,26110320203044,1,23,894,28,1,340000000,0,0,306390037312,1737323153,False,0,0,0,0,0,0,0,0,0,stake1u8ww9v63kydymm7hslk4mxyte36str9ehdz06lzsu5r4jlq0e2shk,1.0
ff069b3ecf738d4adfe83f7c20c64b82f94f7285ee41eedb2bfd297b,pool1lurfk0k0wwx54hlg8a7zp3jtstu57u59aeq7aketl55hknmmtu0,TANTUM,TNTM,True,False,False,25934488670516,25900784673704,1879863068113,3047,348,9750,22,0.01,170000000,1000000000000,5914392085478,128195110721,1596095271,False,0.0403,0.0256,0.0226,0.0233,0.0249,0.0246,0.0247,0.0263,0.0263,,
39580d748f45b855d81852e334cad199cfbdaa281ed3d81e8a90f8ed,pool189vq6ay0gku9tkqc2t3nfjk3n88mm23grmfas852jruw6fjlkaf,world economic pool,WEP,True,False,False,25386823485364,25392483426550,52415402095,28,279,6174,19,0.05,340000000,50000000000,2880572941708,245232680614,1629166719,False,0.0319,0.0286,0.0262,0.0227,0.0218,0.0223,0.0237,0.0252,0.0260,,
383b795108e351cb68a82f7a25a68d6743be881faddac6f98f2d7d2f,pool18qahj5ggudguk69g9aaztf5dvapmazql4hdvd7v0947j7gy4wqf,Tempus,TMS,True,False,False,24711568843658,25325738603900,72831947450,138,156,1627,27,0.02,170000000,70200000000,598816044171,42706583219,1679899899,False,0.0268,0.0257,0.0284,0.0273,0.0242,0.0240,0.0254,0.0257,0.0255,,
c4ded02c3f7275e4b6157dd164bf941eea0af4596501c5ed16752ed2,pool1cn0dqtplwf67fds40hgkf0u5rm4q4azev5qutmgkw5hdyvue2ue,NEDSCAVE.IO,NEDS2,True,False,False,25279393469852,25318267263639,1010471068033,1232,347,9367,19,0.015,170000000,1000000000000,4992892235075,175703537348,1596965831,True,0.0366,0.0284,0.0274,0.0260,0.0268,0.0272,0.0245,0.0244,0.0263,nedscave.io,1.0
2d93bd7c54e3bd327c0af41c38ebdb03498df11e5b325aff5789a02d,pool19kfm6lz5uw7nylq27swr367mqdycmug7tve94l6h3xsz64seqtc,Kiln,KILN8,True,False,False,18674522568,25301396968009,443463034,12,1,1,0,0.05,340000000,100000000,17033682,340896509,1720096169,False,0.0017,0,0,0,0.0108,0.0054,0.0036,0.0018,0.0017,kiln.fi,7.0
56b76df4f3653a6faf62f6f6838045cf9f3dde69a1eee353de526ee4,pool126mkma8nv5axltmz7mmg8qz9e70nmhnf58hwx5772fhwgkhk6ag,NAP-Nekota ADA Pool,NAP,True,True,False,25258034663339,25278545735237,52794140761,204,354,11504,25,0.03,340000000,20000000000,7151418720284,340997838351,1596092151,True,0.0391,0.0283,0.0232,0.0215,0.0211,0.0226,0.0238,0.0254,0.0257,publickey.co.jp,0.0
70fc59938b279d245b24a33e93147379a99c1908cd360ad1214ac172,pool1wr79nyuty7wjgkey5vlfx9rn0x5ecxgge5mq45fpftqhye2shc0,Bitvavo by Figment 4,BTV4,True,False,False,25173660938925,25173660938925,5191783,3,2,43,26,0.02,170000000,2000000,0,0,1747324959,False,0,0,0,0,0,0,0,0,0,ledger.com,8.0
5ea7e19216d385b2b8066f7423045bdc65a55349847617e9b856a7aa,pool1t6n7rysk6wzm9wqxda6zxpzmm3j6256fs3mp06dc26n6503hhj4,Cardano Dave Pool,DAVE,True,False,False,24775211880481,25152914951198,2000759227,723,71,1088,16,0.01,170000000,2000000000,376189280359,15529891685,1718544750,True,0.0256,0.0270,0.0311,0.0282,0.0276,0.0242,0.0241,0.0250,0.0256,,
dbda39c8d064ff9801e376f8350efafe67c07e9e9244dd613aee5125,pool1m0drnjxsvnlesq0rwmur2rh6lenuql57jfzd6cf6aegj2cv7ugy,Emurgo A,EMURA,True,False,False,24847960801541,25063473909329,4798798762,1424,83,2034,21,0.015,170000000,500000000,749785478551,25188052935,1673471652,False,0.0257,0.0273,0.0266,0.0243,0.0222,0.0243,0.0240,0.0252,0.0256,swimmingpoolop.github.io,13.0
3257f318b0f84542aef842dc86ca362e5f35ce21a827b142233d5b63,pool1xftlxx9slpz59thcgtwgdj3k9e0ntn3p4qnmzs3r84dkx0hccjc,StakePool Service No.5,SPS5,True,False,False,24998375687169,25003040706044,8230526719,316,334,10359,37,0.05,340000000,1000000000,5584958016909,406646392044,1604678920,False,0.0363,0.0200,0.0318,0.0296,0.0268,0.0251,0.0248,0.0246,0.0253,stakepoolservice.com,4.0
86c8a19e4d6227da12d7c9c63c5fd7a83bf227a92089778f7d9ec0f9,pool1smy2r8jdvgna5ykhe8rrch7h4qalyfafyzyh0rmanmq0jxptww7,ZZZ3,ZZZ3,True,False,False,25631128233294,24870201792252,54882414768,217,354,13761,22,0.05,340000000,50000000000,8672225899683,575621221085,1596063631,True,0.0401,0.0346,0.0324,0.0258,0.0259,0.0253,0.0248,0.0248,0.0257,coinzzz.jp,1.0
0cb60fc09323f4e79b4f1a5b18679fa1b050ff978ade725284fded05,pool1pjmqlsyny06w0x60rfd3seul5xc9pluh3t08y55ylhks28jeh7c,RIZIN,RIZIN,True,False,False,24606861854770,24613967472390,379546728022,6,98,2315,26,0.999,200000000000,10000000000,0,897284293383,1705433251,False,0,0,0,0,0,0,0,0,0,,
a4618aa70b8d7ba3be644caaf3d5c7687a6d61e25be503880c44612f,pool153sc4fct34a680nyfj4084w8dpax6c0zt0js8zqvg3sj7wtk486,SASA Stake Pool2,SASA2,True,False,False,24252223241679,24356886244257,2062777473,46,29,615,25,0.03,340000000,80000000,191611863282,15106140089,1736395814,False,0.0245,0.0313,0.0314,0.0306,0.0281,0.0266,0.0249,0.0245,0.0245,,
cad3d1c69faad3a6777143009a367d07bf960a2a621d50bdf215bc0f,pool1etfar35l4tf6vam3gvqf5dnaq7levz32vgw4p00jzk7q7twg2te,POP2,POP2,True,False,False,24323748042395,24320028057729,90985051834,181,354,11945,30,0.05,340000000,50000000000,7106551697914,493779118433,1596064451,False,0.0389,0.0174,0.0200,0.0216,0.0227,0.0235,0.0239,0.0245,0.0259,popool.net,1.0
00beef8710427e328a29555283c74b202b40bec9a62630a9f03b1e18,pool1qzlwlpcsgflr9z3f24fg836tyq45p0kf5cnrp20s8v0psp6tdkx,Blue Cheese Stakehouse,BCSH0,True,True,False,24296682430875,24244820204109,10056630021,831,354,9717,23,0.02,340000000,10000000000,5778182216299,237981136393,1596060871,False,0.0384,0.0127,0.0175,0.0180,0.0229,0.0237,0.0232,0.0242,0.0249,bluecheesestakehouse.com,1.0
bc00a90f9f448be5cfaa4e76dbc13353b83b59cb3f2c5e321555ca28,pool1hsq2jrulgj97tna2femdhsfn2wurkkwt8uk9uvs42h9zs0a783p,JAZZ3,JAZZ3,True,False,False,24169506146614,24177678935793,87343750447,110,354,11069,21,0.05,340000000,50000000000,6501197930385,462142826790,1596064811,False,0.0371,0.0227,0.0221,0.0247,0.0235,0.0234,0.0230,0.0242,0.0245,stake1ux2g76f0l7cv8g6ugzc3q54shlh57sqzad0tydysw7srqpq377vgr,2.0
a56e07cb5cd11a2d2b6bff3c6ecbc7ddc79205e2831560792f06e795,pool154hq0j6u6ydz62mtlu7xaj78mhreyp0zsv2kq7f0qmne2fu4t7y,CTEC Stake Pool,CTEC,True,False,False,24170139370822,24176312237072,31364570805,90,312,11175,27,0.01,340000000,30000000000,5880089620091,164656741173,1614820469,False,0.0364,0.0237,0.0232,0.0231,0.0219,0.0215,0.0231,0.0254,0.0271,crown-tech.co.jp,0.0
d4a3b639d0f0b050cbfc25dad467af58355f31edbc4959db1cc59051,pool16j3mvwws7zc9pjluyhddgea0tq647v0dh3y4nkcuckg9znjcun2,Into the Cryptoverse #3,ITC3,True,False,False,24361607521623,24098732063723,100007471898,4388,259,7893,21,0.0399,340000000,100000000000,3780293957551,244651588150,1637631837,False,0.0326,0.0157,0.0152,0.0165,0.0186,0.0217,0.0227,0.0248,0.0255,itcpool.github.io,4.0
b5a1a820cc3783a4e637bce79d1cc2774b241c08251e45c5d1f8f3f6,pool1kks6sgxvx7p6fe3hhnne68xzwa9jg8qgy50yt3w3lrelvns7390,Lido Nation,lido,True,False,False,24056158429518,24060390412674,61771922953,293,204,3268,14,0.02,200000000,60000000000,1335480195959,92902236013,1604353331,False,0.0288,0.0207,0.0213,0.0222,0.0229,0.0244,0.0241,0.0267,0.0273,,
ec128b017b97390c7d06f28c11302e8c748b73f8bae0b818bf848bc0,pool1asfgkqtmjuusclgx72xpzvpw336gkulchtstsx9lsj9uqzjckv0,BASHO,BASHO,True,False,False,24154019909327,24012334057600,561681829,57,294,6065,27,0.03,340000000,4000000,2970367380709,191480827056,1622201544,False,0.0326,0.0190,0.0265,0.0240,0.0239,0.0239,0.0246,0.0236,0.0254,ibexpool.com,0.0
4fed869a5ec03504a3f54f246a3c2a793e0449eab21cc4caa8a39558,pool1flkcdxj7cq6sfgl4fujx50p20ylqgj02kgwvfj4g5w24s6th8vz,U0001,U0001,True,False,False,23928448052068,23934842856033,11473111376,11,147,1570,21,0.1,340000000,50000000,531113521043,107762944356,1685879121,False,0.0253,0.0168,0.0208,0.0242,0.0236,0.0217,0.0225,0.0225,0.0237,,
538299a358e79a289c8de779f8cd09dd6a6bb286de717d1f744bb357,pool12wpfng6cu7dz38yduaul3ngfm44xhv5xmech68m5fwe4wu77udd,Apex Stake Pool,APEX,True,False,False,23667379445449,23845866799148,50890512051,524,255,3180,26,0.02,200000000,50000000000,1520718440384,101448111015,1613922021,True,0.0337,0.0178,0.0262,0.0253,0.0256,0.0255,0.0257,0.0252,0.0245,,
9679eaa0fa242a9cdae4b030e714b66c0119fc9b3f7564b8f03a5316,pool1jeu74g86ys4fekhykqcww99kdsq3nlym8a6kfw8s8ff3vskad70,Kaizen Crypto Stake Pool,KAIZN,True,True,False,23402476896894,23590067886099,51020838216,2869,354,11055,25,0.025,340000000,50000000000,7165378124255,304181386234,1596158611,False,0.0406,0.0261,0.0223,0.0207,0.0229,0.0231,0.0224,0.0243,0.0256,kaizencrypto.com,0.0
43a7cf27c04747c306e744e3c51c01bb01c64e5a8e7e46c46f9cdbdc,pool1gwnu7f7qgaruxph8gn3u28qphvquvnj63elyd3r0nndacj9g9pa,JAZZ2,JAZZ2,True,False,False,23606056196275,23561386082518,86197644210,131,354,9291,32,0.05,340000000,50000000000,5762651597337,422996046645,1596064551,False,0.0394,0.0148,0.0201,0.0220,0.0215,0.0236,0.0220,0.0235,0.0246,stake1ux2g76f0l7cv8g6ugzc3q54shlh57sqzad0tydysw7srqpq377vgr,0.0
571b0be3f126255004d9828f37f11026551b9ca391c4aed3b05d6a75,pool12udshcl3ycj4qpxes28n0ugsye23h89rj8z2a5ast4482m08xe7,QQQ,QQQ,True,False,False,23431408763021,23540583804336,147551185340,28,311,8489,21,0.9999,35000000000,0,108638442,4530248081663,1615207291,False,0.0000,0,0,0,0,0,0,0,0,desayuno11.github.io,0.0
cf7249855783f4ca98e0d5249da8c0c362dc1de36294f46ccc720fba,pool1eaeynp2hs06v4x8q65jfm2xqcd3dc80rv220gmxvwg8m5sd6e7a,Midnight ▫ 0% fee,HODLR,True,False,False,23570573107308,23473436593898,25066858057,385,143,2170,16,0,170000000,25000000000,827253511099,30805571769,1625801377,True,0.0281,0.0204,0.0205,0.0264,0.0279,0.0285,0.0271,0.0267,0.0276,hodlerstaking.com,0.0
dd7330d29709deb4e8dff5b49d50b174c9c884678992cca4a68d96d7,pool1m4enp55hp80tf6xl7k6f6593wnyu3pr83xfvef9x3ktdw9m0em5,AzureADA2,AZUR2,True,False,False,23468002131261,23450572861959,2903912827391,3807,330,8018,15,0.02,340000000,1500000000000,3954740008462,194875588473,1607063091,False,0.0345,0.0210,0.0216,0.0234,0.0223,0.0239,0.0223,0.0249,0.0257,azureada.com,2.0
91ab082852ea331c39eebae35a3e2a390ea26423d82a91c72a02fb85,pool1jx4ss2zjage3cw0wht3450328y82yeprmq4fr3e2qtac2rhezkv,ZZZ5,ZZZ5,True,False,False,23395504682331,23392424093514,54240166372,309,354,12484,19,0.05,340000000,50000000000,8524513178453,568211538788,1596063911,True,0.0414,0.0246,0.0284,0.0279,0.0240,0.0238,0.0242,0.0239,0.0252,coinzzz.jp,4.0
a95b4f891edea1c877954d48968968b2c91a80786858d89110caf7f9,pool149d5lzg7m6susau4f4yfdztgkty34qrcdpvd3ygsetmljgxxf8g,❄TERA #3❄,TERA3,True,False,False,23420083321129,23373810515124,331817287,1308,259,8144,19,0,340000000,200000000,4067014255099,87712881218,1637921278,False,0.0335,0.0238,0.0296,0.0273,0.0273,0.0252,0.0245,0.0241,0.0261,git.io/JItdr,2.0
d81407a659b5a9f59e4ab0c644d06c71a82afe9f78f5d4def27ed685,pool1mq2q0fjekk5lt8j2krryf5rvwx5z4l5l0r6afhhj0mtg23ylyuk,"KORA Labs, LLC",KORA,True,False,False,23031433540748,23287969918378,314530008227,34,178,2989,22,0.02,340000000,150000000000,1161006097415,83453911055,1666102447,False,0.0275,0.0360,0.0291,0.0303,0.0258,0.0255,0.0244,0.0254,0.0261,,
fdd8140cffbc13abbe2c28806dfaa1eea23698d527196025d55b0a9e,pool1lhvpgr8lhsf6h03v9zqxm74pa63rdxx4yuvkqfw4tv9fua8t37a,OSAKA-Pool,OSAKA,True,False,False,23187008297706,23191121957875,2855272594,110,332,5605,24,0.03,340000000,1000000000,2941230233015,203168737064,1606292128,False,0.0365,0.0208,0.0259,0.0235,0.0252,0.0240,0.0241,0.0248,0.0257,,
9b97ad981c8456110e17b1297a58961147209b7dc0d8e78b44ed8bcb,pool1nwt6mxqus3tpzrshky5h5kykz9rjpxmacrvw0z6yak9uk5p5045,DigitalAssetNews Two,DNEWS,True,False,False,23006382056291,22961237320486,40320992855,2864,316,6704,20,0.05,340000000,40000000000,3347228699576,282950944725,1612554617,False,0.0344,0.0241,0.0281,0.0283,0.0247,0.0246,0.0248,0.0247,0.0256,danteachescrypto.com,1.0
727ceb44ef548cbb6f36d7023dfbd8400d48aea0c84b675beff1dd12,pool1wf7wk3802jxtkmek6uprm77cgqx53t4qep9kwkl078w3yw0ff69,DigitalAssetNews,DNEWS,True,False,False,23001101601254,22854018274118,75035212650,3443,329,7457,22,0.05,340000000,75000000000,3869180029583,315052829458,1606878406,False,0.0350,0.0249,0.0233,0.0224,0.0225,0.0234,0.0228,0.0246,0.0253,danteachescrypto.com,0.0
bdadf198bdc79d4f37c5dcd9ed0cdf402bdc2299c3ae4c87d688a6fe,pool1hkklrx9ac7w57d79mnv76rxlgq4acg5ecwhyep7k3zn0u5cz2k9,AzureADA3,AZUR3,True,False,False,22767051944327,22755122850700,1546924340626,2568,297,6937,26,0.02,340000000,1000000000000,3281556601470,166918495035,1602634435,True,0.0341,0.0284,0.0296,0.0258,0.0243,0.0239,0.0256,0.0256,0.0265,azureada.com,1.0
47605a7c1fc5e8195335fb91e3a0df07adb2993c1a5b4a78d55a1d6a,pool1gas95lqlch5pj5e4lwg78gxlq7km9xfurfd557x4tgwk5kktd04,NEDSCAVE.IO,NEDS3,True,False,False,22670024431905,22674351189554,1005345624852,653,296,5510,19,0.015,170000000,1000000000000,2690088493947,127112319761,1615423947,True,0.0340,0.0280,0.0298,0.0276,0.0256,0.0245,0.0238,0.0249,0.0252,nedscave.io,2.0
75edaff5db48aa20512e3891747c2a8d68a44f65122142cc1d4dc393,pool1whk6lawmfz4zq5fw8zghglp23452gnm9zgs59nqafhpexwcvute,Watashitachi1,WA1,True,False,False,22473408533532,22467804805576,77942182635,109,354,11213,23,0.048935,340000000,50000000000,6854778561653,472420457353,1596077391,False,0.0390,0.0133,0.0201,0.0227,0.0253,0.0233,0.0225,0.0247,0.0243,staking.cardanofun.com,1.0
00beef0a9be2f6d897ed24a613cf547bb20cd282a04edfc53d477114,pool1qzlw7z5mutmd39ldyjnp8n650weqe55z5p8dl3fagac3ge0nx8l,Blue Cheese Stakehouse,BCSH,True,True,False,22468935454439,22240669097069,10065132958,1090,354,8612,12,0.02,340000000,10000000000,5134415828120,224949385122,1596060831,True,0.0380,0.0183,0.0282,0.0280,0.0238,0.0248,0.0256,0.0250,0.0258,bluecheesestakehouse.com,0.0
bbe8aaed7d10e53102f4cd78fd3e504d8ff0c0009243da208893b970,pool1h0524mtazrjnzqh5e4u060jsfk8lpsqqjfpa5gygjwuhqu34wvt,JAZZ,JAZZ,True,False,False,22208078466828,22212090323610,89039244117,154,354,9109,22,0.05,340000000,50000000000,5566941685029,412869694173,1596064791,False,0.0393,0.0157,0.0168,0.0194,0.0220,0.0222,0.0232,0.0240,0.0251,stake1ux2g76f0l7cv8g6ugzc3q54shlh57sqzad0tydysw7srqpq377vgr,1.0
e2c17915148f698723cb234f3cd89e9325f40b89af9fd6e1f9d1701a,pool1utqhj9g53a5cwg7tyd8neky7jvjlgzuf470adc0e69cp5uuquzx,Haskell CI Support Pool,ZW3RK,True,False,False,22056231798129,22042248524232,133630154183,84,308,4501,25,0.01,340000000,75000000000,2099269798033,125188536018,1613920162,True,0.0319,0.0284,0.0267,0.0245,0.0257,0.0248,0.0257,0.0245,0.0257,,
765e6963038b3152067bb8a08707d0306045f0ed5b1f02641b58fff6,pool1we0xjccr3vc4ypnmhzsgwp7sxpsytu8dtv0syeqmtrllvcex68q,JUNO stake pool,JUNO,True,False,False,21863759593779,21874358519807,200317074305,185,343,4342,12,0.035,170000000,200000000000,2015717969940,147982440460,1596066851,True,0.0317,0.0250,0.0239,0.0243,0.0261,0.0259,0.0264,0.0262,0.0269,,
c04742e0e70c0f52950b465038ef97c7c7e6fe71a20bd88c1b655b63,pool1cpr59c88ps8499gtgegr3muhclr7dln35g9a3rqmv4dkxg9n3h8,Open Source Software Fund,LACE,True,False,False,21863383427920,21867230551487,117335007431,247,229,1835,24,0.01,170000000,75000000000,795023399217,69084277241,1613684433,False,0.0305,0.0256,0.0251,0.0225,0.0248,0.0242,0.0245,0.0249,0.0253,,
dddce8834df02109524aeb5afa0fd820fc29920eca91a63551ecc26a,pool1mhww3q6d7qssj5j2add05r7cyr7znyswe2g6vd23anpx5sh6z8d,GimbalPool,GMBL,True,False,False,22398946319039,21706060129849,19156649563,189,270,3417,21,0.0314159,340000000,18000000000,1471621717281,138643027552,1617143749,False,0.0280,0.0193,0.0170,0.0212,0.0234,0.0228,0.0234,0.0223,0.0237,,
4ee9e4c2ec6fc68850330dbc75ccd7ebf7951f20e1085d324f36cf44,pool1fm57fshvdlrgs5pnpk78tnxha0me28equyy96vj0xm85gy5chv0,banderini,BANDA,True,False,False,21268291535617,21312907331692,406781644680,2311,327,7623,18,0.009,340000000,400000000000,3997794577607,131329073389,1597913791,False,0.0357,0.0306,0.0245,0.0221,0.0227,0.0222,0.0224,0.0246,0.0259,,
8bf11b20369617d452af97a060247fbc361c69a7e3e7e96b03d97a42,pool130c3kgpkjctag540j7sxqfrlhsmpc6d8u0n7j6crm9ayy75mkpt,TOIRO Pool,TOIRO,True,False,False,21263281631154,21270386970305,30906256224,4,26,536,26,0.9999,20000000000,100000000,0,176725072630,1738489114,False,0,0,0,0,0,0,0,0,0,,
c3798f717a40ee027583dee28161a9a812d84ade635d8310b878e892,pool1cduc7ut6grhqyavrmm3gzcdf4qfdsjk7vdwcxy9c0r5fyaxh2sq,cexplorer.io,POOLS,True,False,False,21246760669113,21255092478641,26065012253,292,316,5122,15,0.0189,340000000,10000000000,3594206537151,188791418536,1596100051,False,0.0395,0.0255,0.0262,0.0265,0.0243,0.0252,0.0242,0.0249,0.0264,cardanians.io,2.0
4a2aa209e00f2926bd0d8a286592bbdea4d35a593c05d41efe29e642,pool1fg42yz0qpu5jd0gd3g5xty4mm6jdxkje8szag8h798nyyxw6zd3,CCJ3,CCJ3,True,False,False,21219763730598,21220798315635,100001440401,152,354,9968,25,0.048,170000000,100000000000,6210465593899,412906292740,1596637311,False,0.0393,0.0266,0.0242,0.0250,0.0247,0.0245,0.0238,0.0244,0.0253,cardano.ipclub29.com,4.0
31415926227256e22339e7edc3997f23b6bd89c6959488a4519537f7,pool1x9q4jf3zwftwygeeulku8xtlywmtmzwxjk2g3fz3j5mlwjqnr3p,314 Pool - 314pool.com,314,True,False,False,21148483720137,21206202944888,59472845637,44,189,2653,30,0.03,340000000,25000000000,1021612666856,95023299158,1658459679,False,0.0250,0.0242,0.0267,0.0230,0.0213,0.0227,0.0236,0.0241,0.0224,,
96840eba5a4d0ff0d42f7ad5ac83343a0c6a87b1c71bf106cc544855,pool1j6zqawj6f58lp4p00t26eqe58gxx4pa3cudlzpkv23y92nlxjzd,Cardano GURU Pool,GURU,True,False,False,21180118971236,21188561164032,62489916892,715,353,10773,16,0,813000000,25000000000,6101391839133,295153841597,1596067031,False,0.0383,0.0282,0.0277,0.0286,0.0260,0.0263,0.0256,0.0249,0.0257,,
32ae538b59a19834504e8b22dff0f703572d7ee1d0e2ea233e1b300c,pool1x2h98z6e5xvrg5zw3v3dlu8hqdtj6lhp6r3w5ge7rvcqcx3pafq,KTN4,KTN4,True,False,False,21111857379420,21117875247368,80230558356,54,354,8370,23,0.05,340000000,50000000000,5259669483426,396421530135,1596064451,True,0.0387,0.0188,0.0231,0.0209,0.0202,0.0232,0.0226,0.0221,0.0236,katanapool.com,0.0
9ad2692a4865c5999f27d65baf170be5ba38b25489c8e21007193edd,pool1ntfxj2jgvhzen8e86ed679ctukar3vj538ywyyq8ryld66jj4sx,XRAY | Network,XRAY2,True,False,False,21131578269887,21108762339201,1001731316,1806,281,9153,22,0.01,340000000,1000000000,4727549439150,102927238550,1622534781,False,0.0341,0.0284,0.0254,0.0269,0.0246,0.0244,0.0228,0.0240,0.0254,xray.app,1.0
f2fa0dfea7f4caba8cbdd042c4940c783ee57f9516062725b04e19a3,pool17taqml487n9t4r9a6ppvf9qv0qlw2lu4zcrzwfdsfcv6xp7uqym,PSILOBLOX,PSB,True,False,False,21082767318650,21067802386501,53470705737,1463,272,4967,19,0.0169,240000000,50000000000,2171494140836,110473981206,1617441276,True,0.0310,0.0238,0.0257,0.0242,0.0245,0.0259,0.0256,0.0256,0.0265,,
07ac7dee6c82177096b70ccf21cfb8965c1fb08e079f9ca4af4b2b3e,pool1q7k8mmnvsgthp94hpn8jrnacjewplvywq70eef90fv4nu7gedzp,Logical Mechanism,LOGIC,True,False,False,20884374312431,20891631430917,168689448485,58,198,3371,26,0.02,340000000,100000000000,1391157430840,94888323438,1607011770,False,0.0291,0.0197,0.0217,0.0194,0.0234,0.0229,0.0229,0.0255,0.0257,,
f839821b8c95969d853e4b547952b84a3bb20cd96c6b564ddfd95c0b,pool1lqucyxuvjktfmpf7fd28j54cfgamyrxed344vnwlm9wqkwjeqwk,StakePool Service No.3,SPS3,True,False,False,20703702672359,20709386963820,7186237217,219,334,8296,14,0.05,340000000,1000000000,4547312869049,352333875986,1604661931,False,0.0352,0.0180,0.0187,0.0205,0.0237,0.0233,0.0237,0.0243,0.0251,stakepoolservice.com,2.0
09612bc8cf646ded39886839e962d050fb53b81fbe3487eed973554b,pool1p9sjhjx0v3k76wvgdqu7jcks2ra48wqlhc6g0mkewd25k3zcymy,Watashitachi2,WA2,True,False,False,20685065290999,20700221504143,52733345013,221,354,9718,17,0.048935,340000000,50000000000,5676375703708,412255904401,1596077391,False,0.0384,0.0266,0.0236,0.0222,0.0233,0.0229,0.0234,0.0243,0.0244,staking.cardanofun.com,0.0
936f24e391afc0738c816ae1f1388957b977de3d0e065dc9ba38af8d,pool1jdhjfcu34lq88rypdtslzwyf27uh0h3apcr9mjd68zhc69r29fy,Nu.Fi & AdaLite 5,NUFI5,True,False,False,20667435952998,20649680518512,1002830907,3265,334,8605,12,0.03,340000000,1000000000,4836178644645,262177801487,1605013660,False,0.0375,0.0318,0.0292,0.0279,0.0257,0.0239,0.0249,0.0245,0.0257,nu.fi,4.0
b4ae1414f2bede7e4008ac2f431730ed0b4e848ef501811241889554,pool1kjhpg98jhm08usqg4sh5x9esa595apyw75qczyjp3z24g0cdate,,,True,False,False,21028376817433,20443347422191,945030389,3,34,787,15,0.06,170000000,100000000,253871815591,21644583959,1734615035,False,0.0234,0.0324,0.0299,0.0295,0.0245,0.0216,0.0221,0.0234,0.0234,,
14cb7963696b6f80abb2298dc60bc2abc7d813abb23ac19c6420bca0,pool1zn9hjcmfddhcp2aj9xxuvz7z40rasyatkgavr8ryyz72qdfwtrj,Plush Pool,PLUSH,True,False,False,20338594769427,20353958642498,1025153179957,2758,330,9071,19,0,340000000,1000000000000,4816743668678,142925438422,1606706260,False,0.0357,0.0143,0.0209,0.0213,0.0207,0.0224,0.0223,0.0230,0.0250,,
de950fe87de4b25c5a63b5ddf89578adf92e36cdf2035f1da11797d4,pool1m62sl6rauje9cknrkhwl39tc4hujudkd7gp478dpz7tagmjr8wm,Node Networks,NODE,True,False,False,20045747793730,20035593050178,152262601778,4236,354,11214,20,0.0089,340000000,135000000000,7051670377291,169183882954,1596154471,False,0.0408,0.0169,0.0184,0.0189,0.0210,0.0212,0.0221,0.0235,0.0255,,
1c8cd022e993a8366be641c17cb6d9c5d8944e00bfce3189d8b1515a,pool1rjxdqghfjw5rv6lxg8qhedkechvfgnsqhl8rrzwck9g45n43yql,XRAY | Network,XRAY1,True,False,False,20204296319852,19978134078857,1001067777,2804,299,12195,18,0.01,340000000,1000000000,6531155222089,110982262237,1607256512,False,0.0353,0.0322,0.0256,0.0238,0.0241,0.0262,0.0257,0.0246,0.0254,xray.app,0.0
8f67312cb7927075292fcc986927c986ccdd630a3bae1b52dd4671a4,pool13annzt9hjfc822f0ejvxjf7fsmxd6cc28whpk5kagec6ggfmm7u,Atomic Nodes #3,AWP3,True,False,False,20160578884713,19960947100401,81979526985,35720,283,9607,6,0.05,345000000,1000000000,5299694645438,375139276142,1612616811,False,0.0306,0.0025,0.0025,0.0021,0.0029,0.0051,0.0057,0.0058,0.0039,atomicwallet.io,2.0
e14a650c7a58d229bbb663cb42fffb36d68c2a6cecf0fd7b9c47e399,pool1u99x2rr6trfznwakv0959llmxmtgc2nvanc067uugl3ejuvvnc8,wavepool.digital,WAV7,True,False,False,19598414385394,19607277766533,83422570725,4374,301,10895,17,0.01,340000000,5000000,5765566049675,140816611341,1619664636,False,0.0371,0.0334,0.0307,0.0267,0.0256,0.0253,0.0253,0.0260,0.0272,wavepool.digital,4.0
34812765ebf71de725a4431652e68e96382d64da1e0ca0bf5ee80c1d,pool1xjqjwe0t7uw7wfdygvt99e5wjcuz6ex6rcx2p067aqxp6tsgwgm,NVE Tech StakePool,NVET,True,False,False,19510385575910,19494135474364,86250513792,19,248,4239,17,0.3,340000000,100000000,1378967297213,672069995418,1639883109,False,0.0219,0.0169,0.0132,0.0154,0.0167,0.0174,0.0175,0.0169,0.0182,nvetech.github.io,0.0
971212db48d9390662faa0fa725950f3b9ac1a898227f5fcf1096399,pool1jufp9k6gmyusvch65ra8yk2s7wu6cx5fsgnltl83p93ejg6h3xg,Cardanode: 0.00% Fee & 100% Rewards Guaranteed,FUND,True,False,False,19443708395463,19487215839746,614518705249,850,290,7636,15,0,495000000,500000000000,3954153281271,126185000000,1621912817,False,0.0342,0.0199,0.0186,0.0218,0.0227,0.0215,0.0222,0.0229,0.0245,cardanode.io,1.0
fc88e862f18afc8ea5eaee720b003cb71f3405df2a76faafdca43f43,pool1ljywsch33t7gaf02aeeqkqpuku0ngpwl9fm04t7u5sl5xyunmgp,AutoStake II,AUTO,True,False,False,18855163768456,19475466320642,4903541682,1307,352,7854,21,0,170000000,100000000,4599686909532,126190000000,1596457811,False,0.0385,0.0203,0.0238,0.0247,0.0221,0.0256,0.0247,0.0243,0.0258,autostake.com,2.0
0319357f4578b716282f4c58dd6be4d613053a40346a208306a05d03,pool1qvvn2l690zm3v2p0f3vd66ly6cfs2wjqx34zpqcx5pwsx3eprtp,🐍Viper Stake Pool #2,VIPER,True,False,False,22281247987045,19474580215663,575559598809,1031,316,4312,21,0,170000000,401000000000,2001709464807,89407581736,1596065791,False,0.0321,0.0290,0.0285,0.0280,0.0295,0.0270,0.0273,0.0259,0.0269,viperstaking.com,1.0
e118432cb62a1f13de9af18f7eff32a98fe97b751d444117f7655b86,pool1uyvyxt9k9g038h567x8halej4x87j7m4r4zyz9lhv4dcv83husk,Bloom Four,BLOOM,True,False,False,19571082971575,19417908147730,1000029312987,2309,333,8425,18,0.04,340000000,1000000000000,4572865275132,310743768584,1605649454,False,0.0372,0.0301,0.0262,0.0253,0.0235,0.0222,0.0224,0.0241,0.0256,bloompool.io,3.0
c6da03f57821cdefa6f77958de6d99e5de4740cf568bc1fbd59b0562,pool1cmdq8atcy8x7lfhh09vdumveuh0ywsx0269ur774nvzkyhma37d,MOMO ADA POOL,MOMO,True,False,False,19409298245941,19417115007942,52512970961,143,289,4526,17,0,340000000,40000000000,2124207549389,97580000000,1621585253,False,0.0316,0.0285,0.0258,0.0251,0.0257,0.0264,0.0257,0.0265,0.0260,,
a3ac6ca0694fc5825f831c8d0d97f202c4f298741ae60874730fafb8,pool15wkxegrfflzcyhurrjxsm9ljqtz09xr5rtnqsarnp7hmsz5um3t,Atomic Nodes #1,AWP1,True,False,False,19775593754410,19397836518594,86062853346,26493,319,8815,18,0.05,345000000,1000000000,5177344100721,384125362015,1605704272,False,0.0347,0.0149,0.0093,0.0075,0.0105,0.0108,0.0131,0.0108,0.0107,atomicwallet.io,0.0
e811a4b2f8ef3ec84143e3026d706564bc1cc98dc199a305e0fbb8e3,pool1aqg6fvhcaulvss2ruvpx6ur9vj7pejvdcxv6xp0qlwuwx94evf0,SargatxetPool,SARGA,True,False,False,19467402780527,19367287725734,25006732093,3926,349,7385,21,0.02,340000000,25000000000,4092049043836,200700299559,1596213791,False,0.0371,0.0319,0.0300,0.0302,0.0288,0.0275,0.0262,0.0257,0.0259,,
fe98bee75e8e7eb818fa85aa630e299ccabb1f252cac36b31b903f8d,pool1l6vtae673eltsx86sk4xxr3fnn9tk8e99jkrdvcmjqlc6cca4nk,MUEN2 CharityPrivatePool,MUEN2,True,False,False,19083025947458,19078012505587,465372111,7,196,3379,21,0.9999,340000000,10000000,145168042,1510617848864,1663136375,False,0.0003,0.0000,0.0000,0.0000,0.0000,0.0000,0.0000,0.0000,0.0000,muen-project.com,1.0
4f38f66362c28ff06de5dd651ffd1aaa2e92ca3a5e2012b3048d8331,pool1fuu0vcmzc28lqm09m4j3llg64ghf9j36tcsp9vcy3kpnz9pg9hn,AID POOL,AID,True,False,False,19027636969388,19034742307976,76017063365,8,15,252,24,1,170000000,80000000,0,75920368260,1742478845,False,0,0,0,0,0,0,0,0,0,quarashi777.github.io,1.0
38927599cc3ff6b081501e0ee1dc4f0cb8ba012b3de8b49a785bb05a,pool18zf8txwv8lmtpq2src8wrhz0pjut5qft8h5tfxnctwc95r7jvvj,Maluiin,Malu,True,False,False,18161217943744,18884063601035,25089457865,1966,289,6119,12,0.03,340000000,25000000000,3076744386494,192614856503,1622694914,False,0.0333,0.0197,0.0154,0.0168,0.0213,0.0224,0.0228,0.0238,0.0249,,
7113de447fb62c38e3e3aeec434cac6fc76e05e997b84227e9c637b8,pool1wyfau3rlkckr3clr4mkyxn9vdlrkup0fj7uyyflfccmms24gm3a,⭐TERA #1⭐,TERA,True,False,False,18698318721600,18869549663605,336375430,1323,335,8525,22,0.01,340000000,200000000,4789202048696,154125712504,1604710174,False,0.0381,0.0209,0.0277,0.0276,0.0248,0.0244,0.0252,0.0255,0.0273,git.io/JItdr,0.0
d808aa16caa44c3226b76340f9f9535719d6e1018d46f499c100b6f1,pool1mqy259k253xryf4hvdq0n72n2uvadcgp34r0fxwpqzm0z5n0qp6,StakePool Service No.4,SPS4,True,False,False,18697826863011,18695997695420,7263910912,194,333,9194,19,0.05,340000000,1000000000,4981234192244,374653970507,1604677411,False,0.0359,0.0279,0.0234,0.0237,0.0233,0.0254,0.0254,0.0242,0.0249,stakepoolservice.com,3.0
7551e91f85f059c503c8837bc0ce687f54cd93ff2213975f0a2ed52a,pool1w4g7j8u97pvu2q7gsdaupnng0a2vmyllygfewhc29m2j5cehysn,MIMICPool,MIMIC,True,False,False,18584961122272,18512321338763,297228346,13,48,830,15,0.15,345000000,200000000,237274187131,57741915347,1728319999,False,0.0210,0.0180,0.0193,0.0189,0.0198,0.0194,0.0192,0.0212,0.0210,,
7d50b9c6ec097e2a7f4ecb2f2914f9ad21e1a7bda884cb143937a73f,pool104gtn3hvp9lz5l6wevhjj98e45s7rfaa4zzvk9pex7nn786qncr,Pilot Pool 2,PILOT,True,False,False,18707683498071,18443608546013,325050000000,1955,289,4410,8,0,340000000,325000000000,2041742853040,97580000000,1624831280,False,0.0319,0.0262,0.0231,0.0244,0.0223,0.0219,0.0240,0.0244,0.0246,adapilot.com,1.0
87dc693d71a7a9f33c69728d1179a04ab520fe14d682d711acfd9f24,pool1slwxj0t3575lx0rfw2x3z7dqf26jpls566pdwydvlk0jgw96lre,MORH,MORH,True,False,False,18420903205545,18420891843483,218463964830,34,267,4277,23,0.99,340000000,200000000000,20649899667,2128738326349,1632751794,False,0.0005,0.0002,0.0002,0.0002,0.0002,0.0002,0.0002,0.0002,0.0002,myadapoolnamerocks.com,7.0
cb11e3e5013a120ee55e8d99bdb7395366bd3164d3da1737300a2b7e,pool1evg78egp8gfqae273kvmmdee2dnt6vty60dpwdespg4hujznh3a,Squid Pool,SQUID,True,False,False,21622552585104,18089217067209,100630197379,814,353,9207,19,0.018,340000000,100000000000,4891193139586,163327160020,1596153571,False,0.0361,0.0274,0.0244,0.0275,0.0259,0.0263,0.0250,0.0261,0.0272,,
0e773f93f9dab25a991cbb62922e4579ea7b0595ea183d0d7732961a,pool1pemnlylem2e94xguhd3fytj90848kpv4agvr6rthx2tp58z79ek,A CardanoLand pool ACL,ACL,True,True,False,18483097060320,17939898024193,269297458506,342,334,6583,9,0.01,340000000,250000000000,3847435967549,149089481140,1605323308,False,0.0398,0.0165,0.0208,0.0226,0.0232,0.0242,0.0262,0.0265,0.0280,cardanoland.com,2.0
16d216d074625d2dbb75c20948e4d9a1efe0fe79c4c915d4b5391de1,pool1zmfpd5r5vfwjmwm4cgy53exe58h7plnecny3t4948yw7zumzp4c,ALPS - The Alpine Stake Pool,ALPS,True,False,False,17912850363014,17923043262802,75715733411,6087,327,7657,24,0.025,340000000,75000000000,4321573714013,204506775245,1603741162,False,0.0381,0.0404,0.0317,0.0264,0.0266,0.0253,0.0248,0.0234,0.0249,,
afb33d38e92e03f9ce86f0175cc33e487b8def0ee25235f1e40183d1,pool147en6w8f9cplnn5x7qt4ese7fpacmmcwuffrtu0yqxpaz4agppr,stakit.io Pool 2 by TOBG,STI2,True,False,False,17881298556317,17885599003448,100001261528,2489,334,6958,22,0.015,340000000,100000000000,3607789533425,167625004550,1604859841,False,0.0342,0.0217,0.0210,0.0247,0.0255,0.0242,0.0243,0.0244,0.0251,stakit.io,1.0
2146dfb28bb438d70cd5f7532357c81b6ab25d55163094c9618ab8fc,pool1y9rdlv5tksudwrx47afjx47grd4tyh24zccffjtp32u0cfpegvk,SPP Stake Pool,SPP,True,False,False,17736867788923,17742552282971,11421860281,26,251,4791,19,0.05,340000000,1000000000,1826459747793,531835296558,1639939208,False,0.0260,0.0211,0.0276,0.0245,0.0226,0.0241,0.0231,0.0226,0.0247,,
e594951faeec31cb8efc70c3e36887f18f8bc62c718f25ec64807dfa,pool1uk2f28awascuhrhuwrp7x6y87x8ch33vwx8jtmrysp7l5ngq78j,POWER Stake Pool 1,POWER,True,False,False,17680899657468,17659724744746,224175564214,6268,348,8023,13,0.0097,340000000,135000000000,4653435218785,159893604186,1596560751,False,0.0388,0.0177,0.0199,0.0211,0.0220,0.0238,0.0236,0.0254,0.0270,powerstakepool.com,0.0
95954fa839905a201d8d97cc31be8bbd4ac2ad0df1d201accce3a23e,pool1jk25l2pejpdzq8vdjlxrr05th49v9tgd78fqrtxvuw3rumpfc6t,GROW TEAM,GROW,True,False,False,26302486323751,17621487212512,5558749987,2873,342,11328,29,0.049,340000000,5555000000,5873902017447,316289515983,1596062811,False,0.0343,0.0199,0.0205,0.0213,0.0201,0.0225,0.0238,0.0239,0.0257,,
f5b2ef0d7db63c8d00446cd7d9ce9cdb9e73023ffaa5e806decceb66,pool17kew7rtakc7g6qzydntann5umw08xq3ll2j7spk7en4kvff69fa,Bloom Three,BLOOM,True,False,False,17757295601806,17558697730685,1000021037302,2051,334,7734,22,0.04,340000000,1000000000000,4272024623332,299797233972,1605131379,False,0.0370,0.0250,0.0199,0.0202,0.0263,0.0233,0.0243,0.0233,0.0252,bloompool.io,2.0
56f78c5478524496790461eefd4d9380f71dfb231358736902648dfe,pool12mmcc4rc2fzfv7gyv8h06nvnsrm3m7erzdv8x6gzvjxlu2lf09n,1 Percent Pool #3 (v1),1PCT3,True,True,False,17533953898333,17539066587891,68618413688,409,354,8959,25,0.01,340000000,50000000000,6009293105831,180539557767,1596065251,True,0.0429,0.0237,0.0286,0.0274,0.0251,0.0253,0.0262,0.0262,0.0263,1percentpool.eu,4.0
30c6319d1f680470c8d2d48f8d44fd2848fa9b8cd6ac944d4dfc0c54,pool1xrrrr8gldqz8pjxj6j8c638a9py04xuv66kfgn2dlsx9g52te0t,JAPAN3,JP3,True,False,False,17515887806392,17525398576040,77260638045,101,354,8721,22,0.05,340000000,50000000000,5483392411357,407961747220,1596064451,True,0.0396,0.0329,0.0286,0.0282,0.0242,0.0218,0.0218,0.0239,0.0253,tokyostaker.com,1.0
c779f67a0f3a1f2985626e345013015f71cf245dbcc8ac8457f42e56,pool1caulv7s08g0jnptzdc69qycptacu7fzahny2epzh7sh9vhqz6xz,Nu.Fi & AdaLite 1,NUFI1,True,False,False,17455004770493,17329987730238,1002829501,3058,322,9317,21,0.03,340000000,1000000000,5142479622968,267679849794,1610212565,False,0.0378,0.0351,0.0270,0.0244,0.0232,0.0245,0.0259,0.0251,0.0264,nu.fi,9.0
dcf43cff10f366a4804905092fb8dda95a57bc348342ed2a5f356965,pool1mn6relcs7dn2fqzfq5yjlwxa49d900p5sdpw62jlx45k2djgwe4,CrimsonPool,RED,True,False,False,17219108381379,17242158642157,18518968769,345,345,2497,15,0,170000000,12059000000,1168424263999,104764806039,1596086171,False,0.0320,0.0391,0.0291,0.0288,0.0232,0.0251,0.0256,0.0256,0.0273,,
bdd750e173f3d606c1af13b8661da7c0b5fa43121741c593cceec822,pool1hht4pctn70tqdsd0zwuxv8d8cz6l5scjzaquty7vamyzy78eqvc,A CardanoLand pool ACL,ACL,True,True,False,17245547000656,17158035975771,777776466448,1136,354,9145,14,0.01,340000000,750000000000,5680658256825,177991987382,1596075191,False,0.0413,0.0227,0.0290,0.0285,0.0306,0.0292,0.0274,0.0257,0.0262,cardanoland.com,1.0
28cf6c6c01ecbfbd5e807fd879132f07b2c6f0712b930442a229d380,pool19r8kcmqpajlm6h5q0lv8jye0q7evdur39wfsgs4z98fcqpz9lct,Bloom Five,BLOOM,True,False,False,16944292010228,16945395328688,1000023197045,1339,333,8531,16,0.04,340000000,1000000000000,4794312875628,319700734799,1605658409,False,0.0376,0.0285,0.0242,0.0198,0.0215,0.0203,0.0210,0.0225,0.0246,bloompool.io,4.0
33c1bf1a04ba85d8fd6119a08ee7f4ad659add075e2208b28862a2a1,pool1x0qm7xsyh2za3ltprxsgael544je4hg8tc3q3v5gv232z8jt4wp,P2P & CEX,PPCX1,True,False,False,16928495975677,16905056891960,14343308911,3947,352,14458,21,0.035,340000000,1000000000,9022330906433,176309743341,1597138071,False,0.0399,0.0300,0.0217,0.0200,0.0211,0.0217,0.0222,0.0243,0.0266,p2p.org,0.0
e7b605b72af41d6e8e6894274dedd18114f1759fea500b6d07031535,pool1u7mqtde27swkarngjsn5mmw3sy20zavlafgqkmg8qv2n2nwga0l,CashFlow,CFLOW,True,False,False,16792297980226,16792084231443,104677739609,1679,343,8326,13,0.019,340000000,100000000000,5209139236507,205265439412,1599569091,False,0.0406,0.0077,0.0146,0.0143,0.0195,0.0210,0.0240,0.0246,0.0249,,
a3e71398e80739522e907c35b8f652064e5268e62e9b78a9603f6b98,pool150n38x8gquu4yt5s0s6m3ajjqe89y68x96dh32tq8a4es2l6dvp,eToro Pool 1,ETO1,True,False,False,16722652565682,16722652565682,0,4,274,16111,11,1,340000000,0,0,7786518025341,1599657868,False,0,0,0,0,0,0,0,0,0,etoro.com,0.0
40d04c1367c25e6da2521f906f71bbb07858dc1d2209025364369173,pool1grgycym8cf0xmgjjr7gx7udmkpu93hqaygysy5myx6ghx8dvl5r,THOR - The Viking Pool,THOR,True,False,False,16735582726610,16691273113197,101009608204,4225,337,7154,11,0.03,340000000,100000000000,3783003627840,228661727890,1597016511,False,0.0382,0.0228,0.0213,0.0208,0.0202,0.0234,0.0232,0.0257,0.0262,,
83f09b0af923a095a1c17905e802a35d1044f974b25d2a755a2d8266,pool1s0cfkzheywsftgwp0yz7sq4rt5gyf7t5kfwj5a269kpxvndjn6q,ADA Ocean Five,OCEA5,True,False,False,16581986745669,16453333235802,10100000000,933,354,10987,16,0.009,170000000,10000000000,7807166637295,199990227126,1596075871,True,0.0434,0.0260,0.0284,0.0303,0.0253,0.0245,0.0244,0.0258,0.0254,adaocean.com,4.0
a2ccd8e93f5a518d4400790cb081673e79ed41e4bf1132f740f26a28,pool15txd36fltfgc63qq0yxtpqt88eu76s0yhugn9a6q7f4zspq6k5f,ArmADA StakePool,ARM1,True,True,False,16109487373374,16101387795844,911774788982,900,302,3680,15,0.0199,170000000,500000000000,1645993661259,116192053297,1596087091,False,0.0324,0.0167,0.0168,0.0206,0.0209,0.0232,0.0232,0.0246,0.0265,,
e5c947f0a4f6a6dd0946d8971dafaf263c88a1b086527fdf24223c21,pool1uhy50u9y76nd6z2xmzt3mta0yc7g3gdssef8lheyyg7zzymgzm8,Nu.Fi & AdaLite A,NUFIA,True,False,False,16001822731706,16023395298439,1005635623,2239,315,7786,14,0.03,340000000,1000000000,4227678173998,237059035781,1613397914,False,0.0377,0.0320,0.0280,0.0283,0.0240,0.0233,0.0243,0.0249,0.0265,nu.fi,11.0
032f086ac6dafeaf4c75e21840f49762ebdab05ff9c25c41a8530e0f,pool1qvhss6kxmtl27nr4ugvypayhvt4a4vzll8p9csdg2v8q7d22llu,Ad Astra Stake Pool,ASTRA,True,False,False,16777256205882,15972501130814,50025000000,953,350,6814,16,0.02,340000000,50000000000,3768092338501,165497847389,1596139771,False,0.0373,0.0216,0.0247,0.0257,0.0220,0.0225,0.0225,0.0227,0.0253,,
b59366e330a6db8260ad9aae8446ba8c908931d1b9cb3cca5d1d84aa,pool1kkfkdces5mdcyc9dn2hgg3463jggjvw3h89nejjarkz25uavaqu,1 Percent Pool #9 (v1),1PCT9,True,True,False,15647553085669,15656662358389,68503292132,364,354,8042,15,0.01,340000000,50000000000,5595352076226,176291260626,1596065931,True,0.0428,0.0318,0.0301,0.0302,0.0252,0.0239,0.0226,0.0243,0.0249,1percentpool.eu,10.0
c825168836c5bf850dec38567eb4771c2e03eea28658ff291df768ae,pool1eqj3dzpkcklc2r0v8pt8adrhrshq8m4zsev072ga7a52uj5wv5c,🌟 Star Forge ⚡,OTG,True,False,False,15610516814018,15567919580590,501195919970,835,303,4195,14,0.01,340000000,500000000000,1836183986296,121944282480,1610637448,True,0.0308,0.0134,0.0177,0.0208,0.0242,0.0237,0.0255,0.0257,0.0262,,
03ba735795ea8294bccd63efd305168ac8367e9d6fd5f0a6225e12b0,pool1qwa8x4u4a2pff0xdv0haxpgk3tyrvl5adl2lpf3ztcftqruhea0,01  ▫  Elite Stake Pool,ELITE,True,False,False,15758627939915,15559356987237,200001023245,2216,354,8058,12,0,340000000,200000000000,5079684623124,148477690501,1596062591,False,0.0412,0.0364,0.0331,0.0303,0.0274,0.0254,0.0266,0.0256,0.0262,elitestakepool.com,0.0
34eb602eb435e3c6a4feb6d766a44735ca09e963f82098973c85951e,pool1xn4kqt45xh3udf87kmtkdfz8xh9qn6trlqsf39eusk23ufmxhgr,wavepool.digital,SKY3,True,False,False,15030823900552,15463685839971,21651078862,1061,265,10849,15,0.02,340000000,5000000,5108132893390,155167632900,1635175815,False,0.0347,0.0188,0.0232,0.0241,0.0243,0.0238,0.0226,0.0242,0.0250,wavepool.digital,6.0
643472a2db02c7f92f787355a2be6206d44201517594211a887b1e88,pool1vs689gkmqtrljtmcwd2690nzqm2yyq23wk2zzx5g0v0gs5ug64a,Vampyre Fund,VAMP,True,False,False,15280573768084,15285917976064,822372824339,35,316,3638,11,0.008,340000000,750000000000,1751972209426,121703057160,1608515707,False,0.0322,0.0240,0.0319,0.0276,0.0212,0.0220,0.0220,0.0237,0.0245,,
ce19882fd62e79faa113fcaef93950a4f0a5913b20a0689911b6f62d,pool1ecvcst7k9eul4ggnljh0jw2s5nc2tyfmyzsx3xg3kmmz6ptgfwj,Nu.Fi & AdaLite 2,NUFI2,True,False,False,15266249292939,15252656748256,1002830191,2689,354,10567,16,0.03,340000000,1000000000,7491766050407,351376933102,1596565671,False,0.0420,0.0245,0.0242,0.0244,0.0222,0.0222,0.0207,0.0229,0.0253,nu.fi,1.0
ebec1ab3f54dde178e0783ce3df8008b2d28e42e1f7a4b460d46cf01,pool1a0kp4vl4fh0p0rs8s08rm7qq3vkj3epwraayk3sdgm8sz0zwt7t,BigLazyCat2,BLC2,True,False,False,13565695281186,15078800543568,2592068631,469,11,99,11,0,170000000,1000000000,26386532260,1530000000,1744250276,False,0.0254,0.0311,0.0267,0.0251,0.0258,0.0254,0.0254,0.0254,0.0254,biglazycat.com,1.0
032cd96779710e1bdc766de1896277896be4d3b9aa86d4caccd22c8b,pool1qvkdjemewy8phhrkdhscjcnh3947f5ae42rdfjkv6gkgkjtlfsg,RANMA Pool,RANMA,True,False,False,15018071847483,15021264073864,24423548190,10,240,6561,16,0.9999,20000000000,100000000,291277686,3127766725876,1645754830,False,0.0004,0,0,0,0,0,0,0.0000,0.0000,irota1.github.io,1.0
9924e7d74f73a8092c3cb64dc238cd157e2b934bdf88444fd5fcff8c,pool1nyjw0460ww5qjtpukexuywxdz4lzhy6tm7yygn74lnlcc62hnc8,eToro Pool 13,ETO13,True,False,False,15007798947042,15007798947042,0,5,177,4917,12,1,340000000,0,0,2163485842634,1631176663,False,0.0007,0,0,0,0,0,0,0,0,etoro.com,15.0
7ac19e69af887439f7e0fb1b0bec30fc8dd02b0f73b4d1f41a36cff4,pool10tqeu6d03p6rnalqlvdshmpsljxaq2c0ww6draq6xm8lgyl2a3p,Cardaspians,CASP,True,True,False,15371502695904,14995483154926,100002249292,899,318,3858,22,0.03,170000000,100000000000,1802655645666,128968376400,1596077131,False,0.0309,0.0207,0.0182,0.0221,0.0227,0.0229,0.0227,0.0231,0.0253,,
31af0509d4376a8a55b40e952aea7f009c13cadf0338c57512ff42e9,pool1xxhs2zw5xa4g54d5p62j46nlqzwp8jklqvuv2agjlapwjx9qkg9,The Swimming Pool,SWIM,True,False,False,14989063877394,14959106555217,426969405922,3169,353,10896,14,0.015,340000000,425000000000,8127956953140,230485609158,1596062811,False,0.0434,0.0225,0.0252,0.0249,0.0223,0.0212,0.0198,0.0226,0.0246,theswim.net,0.0
2e65f9aa580a28d0df07dd2773c09da9604c40127b158919da9db85d,pool19ejln2jcpg5dphc8m5nh8sya49sycsqj0v2cjxw6nku966cc8nu,POP,POP,True,False,False,15519367915235,14915272776150,79022686479,76,354,8560,8,0.05,340000000,50000000000,5520143581933,410074402422,1596064451,False,0.0403,0.0242,0.0201,0.0204,0.0216,0.0230,0.0221,0.0227,0.0248,popool.net,0.0
6f223af7c6069f7428cf7605efba84ec410f5476550f83dbb3096238,pool1du3r4a7xq60hg2x0wcz7lw5ya3qs74rk258c8kanp93rsqdqu45,Allnodes,ALND,True,False,False,11224928118730,14876947345204,205050601191,2698,259,1483,17,0,340000000,100000000000,585278331899,87380000000,1597507268,False,0.0270,0.0286,0.0256,0.0244,0.0224,0.0284,0.0264,0.0239,0.0240,,
20df8645abddf09403ba2656cda7da2cd163973a5e439c6e43dcbea9,pool1yr0cv3dtmhcfgqa6yetvmf769ngk89e6tepecmjrmjl2jzcw2lm,easy1staking.com,EASY1,True,False,False,12902484120997,14833262170864,205166151371,940,301,2629,15,0,170000000,200000000000,1275523919558,96637319847,1603900437,True,0.0333,0.0214,0.0235,0.0215,0.0243,0.0269,0.0252,0.0258,0.0253,,
a29435b33417d13fde22dd3b5de091e79019b511b5bb88988236c3a3,pool1522rtve5zlgnlh3zm5a4mcy3u7gpndg3kkac3xyzxmp6x6weca3,KOG 01,1112,True,False,False,14960266719848,14761786198918,12974722153,34,90,712,15,0.25,340000000,80000000,173443661313,87734553722,1699612937,False,0.0181,0.0130,0.0169,0.0178,0.0169,0.0169,0.0180,0.0174,0.0178,,
a531c8c1fa9423ffa6eff3262c87ab4f18b8c290f71df6aca310a947,pool155cu3s06js3llfh07vnzepatfuvt3s5s7uwldt9rzz55wz7pugt,StakePool Service,SPS,True,True,False,14699458331251,14696742915052,15601412327,289,354,13091,25,0.05,340000000,10000000000,9122526239838,599705724648,1596068651,False,0.0405,0.0115,0.0165,0.0209,0.0207,0.0212,0.0215,0.0218,0.0239,stakepoolservice.com,0.0
fb4b7b76ea6d857f442cb9569d186f328fc846bb83222c3150ec3346,pool1ld9hkah2dkzh73pvh9tf6xr0x28us34msv3zcv2sase5vhvq962,KOPI 咖啡 Singapore,KOPI,True,False,False,14665845400584,14692455263020,468964892493,2004,353,12422,10,0.008,340000000,400000000000,7024479987228,176442156120,1596062971,False,0.0382,0.0285,0.0250,0.0190,0.0249,0.0247,0.0246,0.0251,0.0272,,
ff09292fa594baf9b2f57080bac98bcc07f59cb16cab8f1a918b5890,pool1luyjjta9jja0nvh4wzqt4jvtesrlt893dj4c7x533dvfq9zshvp,RockX Ruby,RXR,True,False,False,14700117944989,14657641525205,47734204241,8,130,3534,12,0.02,340000000,100000000,1417897125928,71820875054,1687759836,False,0.0268,0.0228,0.0291,0.0276,0.0280,0.0261,0.0262,0.0267,0.0260,rockx.com,1.0
1c7a6f05b1c23ada596bccf17d3d6b1aa36624268b04c6eb11e88214,pool1r3ax7pd3cgad5kttench60ttr23kvfpx3vzvd6c3azppgw7q93t,PALM token 1,PALM1,True,False,False,14625583981134,14634505854929,929835314540,1169,110,2561,12,0.99,170000000,10000000000,10287896918,1029885537367,1701962902,False,0.0006,0.0003,0.0002,0.0002,0.0002,0.0002,0.0002,0.0002,0.0003,,
e0bfd78fd14b0336186ff6ca79a45f3619102b5bb484f7e0124dfdc0,pool1uzla0r73fvpnvxr07m98nfzlxcv3q26mkjz00cqjfh7uqsyjkju,1 Percent Pool #1 (v2),1PCT1,True,True,False,14608020587311,14589051738906,70015873503,214,334,8807,16,0.01,340000000,50000000000,5122836044111,164681350293,1604994966,True,0.0401,0.0282,0.0247,0.0229,0.0239,0.0241,0.0241,0.0261,0.0274,1percentpool.eu,13.0
e3f78291c937e8a2f5662765c1442804dc89db4ef7f3296e4852b986,pool1u0mc9ywfxl529atxyajuz3pgqnwgnk6w7lejjmjg22ucvn7z9vh,Nerd Stake Pool,NERD,True,False,False,14643737826026,14510424999135,25003820067,1896,305,5814,12,0.04,340000000,25000000000,3013679545035,228532951419,1615447291,False,0.0348,0.0187,0.0248,0.0205,0.0208,0.0237,0.0237,0.0242,0.0245,stakewithnerd.com,0.0
3d1e6611b34537690ace03b54d689eceaf01a3b6c4487f487300ec37,pool1850xvydng5mkjzkwqw6566y7e6hsrgakc3y87jrnqrkrwdjua2p,BITA,BITA,True,False,False,14314312949606,14311168864535,17455182,745,317,5233,10,1,340000000,10000000,2310433964353,480677957887,1612471244,False,0.0305,0,0,0,0,0,0,0,0.0021,,
50e113d1ada46a83a16d5ee6cfdc1a8baed6634c9f046ed30131eb11,pool12rs385dd534g8gtdtmnvlhq63whdvc6vnuzxa5cpx843zdy73qy,⚡TERA #2⚡,TERA2,True,False,False,14046303443150,14060374651858,346829749,1388,318,7939,19,0.01,340000000,200000000,4427274692341,138841630686,1610843119,False,0.0378,0.0259,0.0204,0.0204,0.0204,0.0212,0.0237,0.0252,0.0267,git.io/JItdr,1.0
79ac7906bb5604b4e8a62a1888ca31351a3b0c4abf3f09660a2bacbc,pool10xk8jp4m2cztf69x9gvg3j33x5drkrz2hulsjes29wktcfcxdls,Binance Node - 30,BNP,True,False,False,13996745751016,14001719486489,33326710226,5,149,1953,14,0.06,345000000,2000000,722599174282,96467354086,1685023341,False,0.0259,0.0230,0.0194,0.0195,0.0207,0.0216,0.0230,0.0230,0.0247,binance.com,90.0
f1b265f1e545da9c6e003c5d703fb5a23283c646cd40b2d619671e7f,pool17xextu09ghdfcmsq83whq0a45geg83jxe4qt94sevu087tzdzkl,ONYX Stake Pool #1,ONYX,True,True,False,13913073695784,13983090613245,250349252710,1965,354,13455,15,0.01,170000000,250000000000,7871380394012,180345214695,1596112811,True,0.0387,0.0331,0.0274,0.0286,0.0253,0.0242,0.0242,0.0247,0.0268,onyxstakepool.com,0.0
db3ef28510cc87c6a2f2b83c50707c40d8024438c8a61f24ac16a33f,pool1mvl09pgsejrudghjhq79qurugrvqy3pceznp7f9vz63n7ku7jqx,Amazon Pool 1,AMZ1,True,False,False,14001994961041,13963159017893,343092485,189,248,2460,20,0,340000000,5000000,1073284053589,83640000000,1641899953,False,0.0309,0.0301,0.0254,0.0226,0.0250,0.0260,0.0267,0.0257,0.0261,,
bd8286b7f327621459728c0cd1f7a731eaf7b2fd0df1c6b09b2932a5,pool1hkpgddlnya3pgktj3sxdraa8x8400vhaphcudvym9ye22esak43,Ikinari Stake Pool,ISP,True,True,False,13920683721482,13923844937372,52543067130,153,354,8839,10,0.1,350000000,50000000000,4979957463390,676392032388,1596254091,False,0.0369,0.0133,0.0184,0.0201,0.0195,0.0180,0.0214,0.0217,0.0235,,
05b8a25ec4f41956a6496555c233bcbe6fc06596553ae2d14df73e20,pool1qku2yhky7sv4dfjfv42uyvauhehuqevk25aw952d7ulzqzx3jcu,Aspen Pool by Woodland Pools,ASPEN,True,False,False,13817954240019,13889264781327,297571633332,1277,298,2737,21,0.005,170000000,250000000000,1160246889741,87019146197,1608682341,True,0.0302,0.0142,0.0141,0.0146,0.0208,0.0226,0.0232,0.0254,0.0259,,
135605c391fc48beac4460c153b6bb0cfff2e29963920d2fa6b6e656,pool1zdtqtsu3l3ytatzyvrq48d4mpnll9c5evwfq6taxkmn9vvdz839,RANKT,RANKT,True,False,False,12753091497121,13826737041665,23010537664,103,267,4219,7,0.008,340000000,10000000000,1990189440677,105462360568,1629641068,False,0.0319,0.0164,0.0268,0.0233,0.0262,0.0249,0.0253,0.0262,0.0265,ranket2.github.io,0.0
94864d27407c1dd0569e4acb9c7fa6ec2cc19a6193d9171f2d811232,pool1jjry6f6q0swaq457ft9eclaxaskvrxnpj0v3w8edsyfryml3vj6,ADASTACK,STACK,True,True,False,13672036119615,13685637931574,1352957321042,1233,354,8711,13,0.02,340000000,1010000000000,5793169338615,239742347240,1596082651,True,0.0430,0.0245,0.0217,0.0214,0.0204,0.0236,0.0240,0.0232,0.0254,,
8d2fef46df5f9b2fcb64ebad739f27062b4f38c04df1a916fa216752,pool135h773klt7djljmyawkh88e8qc457wxqfhc6j9h6y9n4y3sgh7t,KTOP_ADA SPO and WMT ENO,KTOP,True,False,False,12591151241228,13626419530067,12516325248,384,176,1532,17,0.01,170000000,10000000000,588712982892,44377166772,1671347475,False,0.0273,0.0175,0.0176,0.0198,0.0245,0.0236,0.0242,0.0249,0.0258,myadapoolnamerocks.com,10.0
015f52ee0b1b29813884f85313666f3876c8260858f9572622660bc3,pool1q9049mstrv5czwyylpf3xen08pmvsfsgtru4wf3zvc9uxat2sm0,Snek,SNEK,True,False,False,13632229614727,13546240550347,50041231974,1694,138,1459,10,0,340000000,50000000000,556992908541,54221545328,1686340557,False,0.0242,0.0209,0.0247,0.0239,0.0236,0.0207,0.0221,0.0231,0.0232,,
e4b1c8ec89415ce6349755a1aa44b4affbb5f1248ff29943d190c715,pool1ujcu3myfg9wwvdyh2ks653954lamtufy3lefjs73jrr327q53j4,Pudim's pool,PUDIM,True,False,False,13532209618997,13537539673098,75543074051,93,312,3613,15,0.04,340000000,50000000000,1725382069274,177277182684,1613518757,False,0.0332,0.0262,0.0215,0.0231,0.0232,0.0239,0.0230,0.0245,0.0243,,
1be0613ee44270f56b5fbb71f667528e1d877d77d349dd7324d50869,pool1r0sxz0hygfc0266lhdclve6j3cwcwlth6dya6uey65yxjnwm7qc,BURN Pool,BURN,True,False,False,13913644411871,13530783447889,206590790191,496,124,327,17,0,170000000,200000000000,108390715406,35594019601,1613750144,False,0.0276,0.0293,0.0247,0.0272,0.0286,0.0276,0.0286,0.0280,0.0273,,
ae66e56ab11ccb39e882669f220a37956c683e4ce84fefd910012d7a,pool14enw2643rn9nn6yzv60jyz3hj4kxs0jvap87lkgsqykh508jxm6,Atomic Nodes #2,AWP2,True,False,False,13535959864988,13505006029496,63891018920,21409,304,6467,9,0.05,345000000,1100000000,3731829931432,297180153983,1608123085,False,0.0315,0.0019,0.0009,0.0012,0.0025,0.0043,0.0052,0.0055,0.0046,atomicwallet.io,1.0
92229dcf782ce8a82050fdeecb9334cc4d906c6eb66cdbdcea86fb5f,pool1jg3fmnmc9n52sgzslhhvhye5e3xeqmrwkekdhh82sma47r47zg0,Nu.Fi & AdaLite 3,NUFI3,True,False,False,13486163612128,13401664404129,1002830473,2480,349,9903,15,0.03,340000000,1000000000,6165797769283,308590960487,1598685091,False,0.0383,0.0322,0.0235,0.0238,0.0254,0.0228,0.0237,0.0238,0.0241,nu.fi,2.0
37c37fde7262737abd98024a96e5c25c25ab10c0d69f5b77180b1efe,pool1xlphlhnjvfeh40vcqf9fdewztsj6kyxq6604kaccpv00umjfu0d,stakefish,FISH,True,False,False,13396179061470,13379168469391,524804849844,5342,344,11773,19,0.05,340000000,500000000000,6395798014757,231284849673,1596685391,False,0.0374,0.0224,0.0243,0.0224,0.0234,0.0232,0.0227,0.0240,0.0234,,
879ad8338e795acb7b2bd2cf5532ed4e3603962439c91cb0bd5ae7af,pool1s7ddsvuw09dvk7et6t842vhdfcmq893y88y3ev9attn67mruf5m,Ellipal wallet,ELLIP,True,False,False,18943714295142,13378056431721,1007816010,1696,269,2430,17,0.03,340000000,1000000000,939326672923,119736104218,1623761765,False,0.0264,0.0311,0.0263,0.0293,0.0227,0.0236,0.0233,0.0234,0.0239,nu.fi,17.0
71a659c3e71b0ddd0cf9a67bdb3f7fd656934c4a995801ee0ea4c482,pool1wxn9nsl8rvxa6r8e5eaak0ml6etfxnz2n9vqrmsw5nzgyexgkrn,Ektropy,EKTRP,True,False,False,13414679176845,13356457953602,533812340382,817,354,10881,12,0.01,340000000,250000000000,6800621584254,189012251093,1596068971,False,0.0407,0.0077,0.0202,0.0218,0.0214,0.0255,0.0252,0.0241,0.0263,,
bce696401137ff3d305e6a8dbb6ac0cd9b41570bda42deb4e83d86f2,pool1hnnfvsq3xlln6vz7d2xmk6kqekd5z4ctmfpdad8g8kr0yk8kdfd,AZDFM stake pool,AZDFM,True,False,False,14483682683337,13344130764382,100478476520,502,257,5578,15,0.02,170000000,100000000000,2656400670119,123062914145,1610929416,False,0.0324,0.0239,0.0258,0.0251,0.0217,0.0230,0.0227,0.0233,0.0247,,
0a5ad3b4f3f48cf34ed5e659134750c9fd8f57ced7d4da1bc9ecef47,pool1pfdd8d8n7jx0xnk4uev3x36se87c747w6l2d5x7fanh5w9evhw2,Bravo pool Two,BRAVO,True,False,False,12723095071395,13323939403397,522467025596,400,276,1344,11,0,340000000,501000000000,501363897271,93311615166,1613591625,False,0.0276,0.0187,0.0247,0.0228,0.0230,0.0242,0.0251,0.0245,0.0248,bravostakepool.nl,1.0
3c81cdc939611c4c4a54aef4a47aa8bb615def8401261726ddcede6b,pool18jqumjfevywycjj54m62g74ghds4mmuyqynpwfkaem0xktazlqw,CEX.IO Validator,CEX,True,False,False,13259169573896,13265564401919,1890897995,8,213,1718,12,0.02,340000000,1000000000,686583422884,85731626040,1656060181,False,0.0277,0.0332,0.0283,0.0241,0.0222,0.0229,0.0222,0.0240,0.0237,,
22cfa3b8612c146a0737c974dcfcbb8cddd86f3a511cf531ce8d91a1,pool1yt868wrp9s2x5pehe96del9m3nwasme62yw02vww3kg6zwzspcz,XRAY | Network,XRAY3,True,False,False,12972917717775,12950251108636,1000943436,3246,283,9568,11,0.01,340000000,1000000000,5075022509997,101874636043,1622535422,False,0.0353,0.0217,0.0207,0.0230,0.0238,0.0247,0.0255,0.0249,0.0250,xray.app,2.0
8a42c15c5e0bd35c174fb56b91a4964fc7e03427d2f5299be9eeee0c,pool13fpvzhz7p0f4c960k44erfykflr7qdp86t6jnxlfamhqcmfha42,CoinEx Pool,CET,True,False,False,12802240412162,12923557928770,28033705511,4,40,485,23,0.1,340000000,2000000,134905195078,27909466103,1727086600,False,0.0198,0.0226,0.0201,0.0145,0.0162,0.0178,0.0190,0.0206,0.0198,coinex.com,1.0
f84aed8cedb63195f68ec94a59b3e9b979b7eb0dd41085ae945473d7,pool1lp9wmr8dkcceta5we999nvlfh9um06cd6sggtt5523eawf7mtg4,YOYOGI POOL,YYG,True,False,False,12017010150444,12877682706320,2853468630104,434,327,2315,16,0.01,170000000,1800000000000,1085738179867,118677369825,1600040919,False,0.0323,0.0141,0.0252,0.0274,0.0323,0.0280,0.0263,0.0268,0.0255,,
00beef373356ff27a77bd510f4cd35d309715afb6f52f49d9186a16e,pool1qzlw7den2mlj0fmm65g0fnf46vyhzkhmdaf0f8v3s6skuue6rlk,Blue Cheese Stakehouse,BCSH4,True,False,False,12813005172464,12796125480554,10000000000,767,317,6560,12,0.02,340000000,10000000000,3089783015806,235069927929,1612063437,False,0.0354,0.0181,0.0222,0.0298,0.0298,0.0262,0.0258,0.0251,0.0253,bluecheesestakehouse.com,4.0
12eda6e24a9e221fcf924c736d481342cc7be064e2454d7c9cde77fc,pool1ztk6dcj2nc3plnujf3ek6jqngtx8hcryufz56lyumemlcy2xxn0,Iagon liquidity stake pool 1,IAGL1,True,False,False,12861904423857,12781158806309,20897841,1808,154,4098,13,0.99,340000000,10000000,17395552747,1744758837235,1680347840,True,0.0013,0.0003,0.0002,0.0003,0.0003,0.0003,0.0002,0.0003,0.0003,iagon.com,1.0
675304517e38e66880714b3c4816f47866c302edafceb96945fd056f,pool1vafsg5t78rnx3qr3fv7ys9h50pnvxqhd4l8tj629l5zk7tc39ch,wavepool.digital,SKY2,True,False,False,12393946774371,12760250625695,6639252304,702,354,8266,14,0.0216,340000000,10000000,4818893350661,228100327611,1596070471,False,0.0378,0.0208,0.0219,0.0216,0.0252,0.0269,0.0278,0.0255,0.0259,wavepool.digital,1.0
80790f58f82501881d46bbb4f6b9d6536ac1a60fdd18350a0b7d50b0,pool1spus7k8cy5qcs82xhw60dwwk2d4vrfs0m5vr2zst04gtq700gjn,ZZZ4,ZZZ4,True,False,False,12711492625266,12714947007122,52796243899,119,354,9152,13,0.05,340000000,50000000000,6356861502787,455118651185,1596063691,True,0.0424,0.0177,0.0177,0.0198,0.0183,0.0227,0.0222,0.0239,0.0252,coinzzz.jp,3.0
4c15ba0f7f36b581e1ce18e095070695d96f584de0f00e41b16511bd,pool1fs2m5rmlx66crcwwrrsf2pcxjhvk7kzdurcqusd3v5gm65cufnj,Early Bird Pool,BIRD,True,False,False,12665070055422,12656699352777,104453686686,565,343,4209,11,0,340000000,95000000000,2853319842209,135819591880,1596417751,False,0.0415,0.0328,0.0280,0.0232,0.0214,0.0232,0.0235,0.0244,0.0257,,
3b0a33f53dfde8ffd7f05e16aeb9b888a019b383c43cbad26c517985,pool18v9r8afalh50l4lstct2awdc3zspnvurcs7t45nv29uc2mnxc6c,London pool,LONDN,True,False,False,13768693479700,12637542531552,317297793092,1077,354,6136,9,0,340000000,301000000000,3912587301732,139610242656,1596065931,False,0.0408,0.0240,0.0213,0.0212,0.0183,0.0257,0.0255,0.0251,0.0253,londonpool.co.uk,1.0
d31f204c4a1701068d3a116b9c50662b60f365178336d6f7825ea547,pool16v0jqnz2zuqsdrf6z94ec5rx9ds0xeghsvmddauzt6j5w2u7lsm,IBEX ADA Pool,IBEX,True,False,False,12426163252262,12431095940601,467820217,34,317,3533,18,0.024,340000000,5000000,1760316123854,152132051421,1611913619,False,0.0336,0.0227,0.0218,0.0212,0.0222,0.0239,0.0232,0.0241,0.0240,ada.ibexpool.com,0.0
83b259c187f8b88eda564b1f56ce2786360a9dc224f737fcdd8703c1,pool1swe9nsv8lzugakjkfv04dn38scmq48wzynmn0lxasupuzmqcgjm,ADAGE,ADAGE,True,False,False,12320036971320,12393762675903,117961024009,1314,354,6617,5,0.0084,170000000,110000000000,4299051038682,146367144989,1596068271,False,0.0427,0.0286,0.0244,0.0216,0.0262,0.0239,0.0254,0.0257,0.0260,,
aeee979966ad3a72f8bbc4fad3f03d81fa1777f59a40d2d3a3655df8,pool14mhf0xtx45a8979mcnad8upas8apwal4nfqd95arv4wlsuk6m9q,GMO Coin Staking Pool,GMO2,True,False,False,12653854563925,12303470040597,12231595440177,4,17,188,15,0.04,340000000,10000000000000,50915153050,7221464704,1741225843,False,0.0198,0.0122,0.0152,0.0135,0.0172,0.0186,0.0198,0.0198,0.0198,wavepool.digital,14.0
105a6816701a47f2fd43239a9340606640913012811485543bb05968,pool1zpdxs9nsrfrl9l2rywdfxsrqveqfzvqjsy2g24pmkpvkslky3v5,SPH,SPH,True,False,False,12193657113974,12198630849410,53341758931,10,301,3481,13,0.999999,999999000000,0,0,1843617867747,1619362551,False,0,0,0,0,0,0,0,0,0,,
c69e9d1c87abf4296fb8ff198e1f0fb0d1340757502d605da2aed7fd,pool1c60f68y8406zjmacluvcu8c0krgngp6h2qkkqhdz4mtl62ns0dq,MYUJK Pool,MYUJK,True,False,False,12103709664636,12108683419759,14283982905,14,10,119,17,0.99994,500000000,1000000000,1672078,31866225925,1744865397,False,0.0000,0.0000,0.0000,0.0000,0.0000,0.0000,0.0000,0.0000,0.0000,,
505e0584e56a443d4020054dfd5faa81767f808d9b13d491afbc4e92,pool12p0qtp89dfzr6spqq4xl6ha2s9m8lqydnvfafyd0h38fy0hfv3f,Red Panda Pool,PANDA,True,False,False,12089390005733,12093244242176,41880230,9,58,684,12,0,500000000,20000000,220382003804,27787759921,1637486183,False,0.0243,0.0208,0.0253,0.0231,0.0269,0.0262,0.0254,0.0239,0.0243,,
8857ee40b59bbc752e8cab4e5808e204cf7c4ce338fd7b86f4db0cc6,pool13pt7us94nw782t5v4d89sz8zqn8hcn8r8r7hhph5mvxvvp3c76v,Digital Fortress,DIGI6,True,False,False,12030364375269,12033238948377,100026776202,875,283,3591,14,0.025,170000000,100000000000,1738718334194,105121274492,1611543347,True,0.0339,0.0330,0.0244,0.0323,0.0240,0.0242,0.0235,0.0249,0.0266,digi.pro,5.0
c5d7ddd302cb05652d785b3eb0c3075bbee4e84225fd69465617948b,pool1chtam5czevzk2ttctvltpsc8twlwf6zzyh7kj3jkz72gks975sn,Nu.Fi & AdaLite C,NUFIC,True,False,False,12077502316906,12016107516638,1008473835,19,308,6660,8,0.03,340000000,1000000000,3416807041836,209546537081,1615458772,False,0.0356,0.0212,0.0234,0.0227,0.0217,0.0230,0.0227,0.0210,0.0232,nu.fi,13.0
cf69a3eca039d537acd46d5864a54dd8953f0c14be957350905834aa,pool1ea568m9q882n0tx5d4vxff2dmz2n7rq5h62hx5ystq625m4tcfu,Nu.Fi & AdaLite 6,NUFI6,True,False,False,11814106226731,11776813396639,1002830858,2711,331,7530,11,0.03,340000000,1000000000,4300648363385,244694901273,1606215329,False,0.0395,0.0282,0.0271,0.0246,0.0235,0.0258,0.0258,0.0253,0.0269,nu.fi,5.0
351a90a0253fb3595ccc460438b9947cd8a0b9a7f457f3478bbb31d8,pool1x5dfpgp987e4jhxvgczr3wv50nv2pwd873tlx3uthvcasm422q6,Quixote Dream Pool,QXT,True,False,False,11726952945359,11688048445275,58548283951,1133,281,5459,11,0.02,340000000,50000000000,2547113831104,136814493365,1617876751,False,0.0314,0.0132,0.0210,0.0244,0.0230,0.0238,0.0239,0.0233,0.0261,,
0236ec1a0769c1b1bd8b6400d2f0e8e206cccd77a3700e5b7cf172a8,pool1qgmwcxs8d8qmr0vtvsqd9u8gugrventh5dcqukmu79e2sgfuu8t,CLAY,CLAY,True,False,False,11677149032179,11669807674474,103404885275,5868,311,5129,14,0.05,170000000,100000000000,2493092499603,194869730314,1613229105,False,0.0316,0.0204,0.0281,0.0292,0.0241,0.0253,0.0254,0.0251,0.0225,,
8dde7fa5554cb66321fbdf3ab5c9876b08f1e938adc604541b944e68,pool13h08lf24fjmxxg0mmuattjv8dvy0r6fc4hrqg4qmj38xsweexrv,qzsbu,qzsbu,True,False,False,10630731920661,11629846416117,3412115,8,68,2579,7,0.1,170000000,2000000,880652538489,120120282020,1718814826,False,0.0240,0.0324,0.0241,0.0251,0.0214,0.0204,0.0204,0.0221,0.0240,ledger.com,6.0
111646b0848804b1c0ff51888432c9c4b0b0aa3b55f11ecbd0e36624,pool1zytydvyy3qztrs8l2xyggvkfcjctp23m2hc3aj7sudnzgny79cg,PsyADA,PSYA,True,False,False,11672509617588,11546562646889,25092268642,930,281,4910,12,0.01,340000000,20000000000,2413595451506,118485847461,1614465946,False,0.0338,0.0155,0.0133,0.0178,0.0197,0.0207,0.0221,0.0237,0.0258,,
c0d70a23601c6a880e7a730774c0a4005e49f0eb52ea38d1e609df0d,pool1crts5gmqr34gsrn6wvrhfs9yqp0ynu8t2t4r350xp80s6pc56ue,BreakingADA,BREAK,True,False,False,11532874422794,11497108527436,44043224680,766,296,3067,10,0,340000000,25000000000,1457058172499,99985354604,1615696723,False,0.0316,0.0276,0.0265,0.0285,0.0268,0.0253,0.0248,0.0253,0.0250,,
e66b34646251e760c1701d0348819fa73e08c97bffe55d91ed7cd472,pool1ue4ngerz28nkpstsr5p53qvl5ulq3jtmllj4my0d0n28yyrn4l4,StakePools Cardano Pool,STP,True,False,False,11324081937134,11325494239611,81729823741,58,312,2985,5,0.01,340000000,50000000000,1463255100957,120150105941,1613145691,False,0.0325,0.0161,0.0185,0.0193,0.0209,0.0245,0.0203,0.0229,0.0240,,
41c8a40ab0b78d727655d165f946722728dfb01df2fcc2e148b3c98d,pool1g8y2gz4sk7xhyaj469jlj3njyu5dlvqa7t7v9c2gk0yc69879z8,1 Percent Pool #0 (v2),1PCT0,True,True,False,10400084670437,11246369797945,67705174144,517,335,7029,6,0.01,340000000,50000000000,4346347289420,157271630447,1604994879,True,0.0412,0.0371,0.0318,0.0345,0.0265,0.0229,0.0222,0.0247,0.0251,1percentpool.eu,12.0
00000aedaa1a5abf500cbc4c5c23761a2dff570bc4a299983c893f8e,pool1qqqq4md2rfdt75qvh3x9cgmkrgkl74ctcj3fnxpu3ylcudl22ex,Masterstake,MASTR,True,False,False,11015916070486,11011977348965,10015018444,1206,354,7492,15,0.02,340000000,10000000000,4443605141644,206601197658,1596066391,False,0.0393,0.0187,0.0223,0.0211,0.0296,0.0292,0.0252,0.0246,0.0259,masterstake.com,0.0
06e18b1dff6bb6a8aeaba67e6c1e9e19d41bc783b2fcb0901aa4d735,pool1qmsck80ldwm23t4t5elxc857r82ph3urkt7tpyq65ntn2dv2ust,CampFireStakePool,CAMP,True,False,False,10821832944080,10978042462881,30093360778,115,166,1660,10,0,340000000,20000000000,638074171697,55760000000,1673016078,False,0.0279,0.0293,0.0257,0.0245,0.0242,0.0238,0.0244,0.0241,0.0263,,
b405a62715301a625c2fd5eb3f5b16be9f1f3f0452f5b8b9286997c4,pool1ksz6vfc4xqdxyhp06h4n7kckh60370cy2t6m3wfgdxtug7ph4x0,wavepool.digital,ARF2,True,False,False,10951362475096,10955319464035,10955316575188,3,265,12368,10,1,340000000,7000000000000,0,8106475306671,1634392296,False,0.0002,0,0,0,0,0,0,0,0,wavepool.digital,5.0
2bf5a031b46b34c07937a769ff6f82b6a78a25c71022eaaf1f20eec9,pool19066qvd5dv6vq7fh5a5l7muzk6nc5fw8zq3w4tclyrhvjvlyeuc,eToro Pool 2,ETO2,True,False,False,10931542219973,10931542219973,0,3,266,13355,13,1,340000000,0,0,8785670996841,1599658452,False,0,0,0,0,0,0,0,0,0,etoro.com,1.0
43e608ee299b1aaad2d54f5986717379598cbc90ba291a27476a8dda,pool1g0nq3m3fnvd245k4favcvutn09vce0yshg535f68d2xa54vy0cc,1 Percent Pool #3 (v2),1PCT3,True,True,False,10885446745815,10885782177073,67836933861,315,334,5139,12,0.01,340000000,50000000000,3007820108732,143329388629,1604995162,True,0.0402,0.0312,0.0350,0.0265,0.0285,0.0241,0.0241,0.0241,0.0250,1percentpool.eu,15.0
c1f5cfd4330339e90ba83a64d269a81cf415d7adab36403e27b910f7,pool1c86ul4pnqvu7jzag8fjdy6dgrn6pt4ad4vmyq038hyg0wl2kaed,baidu,BAIDU,True,False,False,10769122753774,10817275288385,71700648,399,227,1843,6,0.02,340000000,30000000,749228115635,75086606967,1645092035,False,0.0279,0.0191,0.0192,0.0208,0.0246,0.0238,0.0235,0.0235,0.0246,,
0840d05089b5bff1e24fe57c1ed905cd6fda68e1147a5b5863d39562,pool1ppqdq5yfkkllrcj0u47pakg9e4ha568pz3a9kkrr6w2kyw8gxv7,COOL3,COOL3,True,False,False,10811911264146,10815099743669,101701027176,181,334,8380,10,0.02,170000000,100000000000,5252996613426,197484170897,1604640026,True,0.0417,0.0202,0.0131,0.0147,0.0180,0.0196,0.0200,0.0226,0.0259,stakecool.io,3.0
ffcd73fdf73a0a8b8a3318afe9b599654d58b276f2a70cec5bf168c3,pool1llxh8l0h8g9ghz3nrzh7ndvev4x43vnk72nsemzm795vxqs6dp8,JAPAN4,JP4,True,False,False,10808694186720,10809597636639,73835406492,65,354,8033,13,0.05,340000000,50000000000,5193438349837,392830889513,1596064451,True,0.0409,0.0185,0.0139,0.0124,0.0182,0.0212,0.0233,0.0227,0.0256,tokyostaker.com,3.0
a0fc643d831b144e1dd289f5acf4274aedc331b6a0e4257ef5376520,pool15r7xg0vrrv2yu8wj3866eap8ftkuxvdk5rjz2lh4xajjq5v3p5d,Nu.Fi & AdaLite 0,NUFI0,True,False,False,10706103637738,10739859983003,1002829501,1112,319,9962,7,0.03,340000000,1000000000,5533672763418,278454308645,1611747080,False,0.0371,0.0309,0.0298,0.0286,0.0250,0.0266,0.0257,0.0247,0.0241,nu.fi,10.0
059b4217a24a8c67a363968ff1db13a17ed96e611362450c115b2415,pool1qkd5y9azf2xx0gmrj68lrkcn59ldjmnpzd3y2rq3tvjp2vqljan,ADA Moon Stake Pool,AMOON,True,False,False,10692563616048,10693970830587,173819933786,538,282,4033,10,0.01,340000000,150000000000,2041245431018,115930593910,1617349555,False,0.0333,0.0146,0.0196,0.0245,0.0230,0.0251,0.0234,0.0248,0.0244,,
bef6ba74ac2497613d76d11c4272fcdae9ebae14d9cbb2f588213816,pool1hmmt5a9vyjtkz0tk6ywyyuhumt57hts5m89m9avgyyupveaejfr,AOTA Pool,AOTA,True,False,False,10625263352481,10630460413909,408145574,18,180,1994,11,0,340000000,5000000,816198320246,60520000000,1671867515,False,0.0287,0.0199,0.0224,0.0224,0.0234,0.0230,0.0245,0.0248,0.0260,,
e24313f4a277d8c18b04374cd1b3aca3e6df7454f9382bd56fbc4015,pool1ufp38a9zwlvvrzcyxaxdrvav50nd7az5lyuzh4t0h3qp2gqamsx,CardanoCafe Two,CAFE2,True,False,False,10567406906421,10567930787824,114563955817,825,321,2466,12,0,340000000,100000000000,1134581981846,108460000000,1609958607,False,0.0319,0.0223,0.0225,0.0226,0.0249,0.0247,0.0235,0.0252,0.0255,cardanocafe.org,1.0
065761de502a7ff8cd77e1ada105f08766988e02451d739bc5da35e4,pool1qetkrhjs9fll3nthuxk6zp0ssanf3rszg5wh8x79mg67gsg7vjv,Diamond Pool,CARAT,True,False,False,10492607883543,10566001064506,85413939584,41,313,2744,12,0.03,340000000,50000000000,1306540607153,146294110711,1612371841,False,0.0321,0.0318,0.0171,0.0171,0.0209,0.0246,0.0239,0.0230,0.0228,adafrog.io,8.0
072a7705cee8f76cbaff72325340fe821674366002b5398f2a66b07e,pool1qu48wpwwarmkewhlwge9xs87sgt8gdnqq26nnre2v6c8up4fxwr,Ouroboros-暗号通貨革命,OBS,True,False,False,10548619123656,10551527979441,175686710832,221,339,3478,15,0.02,340000000,95000000000,1769284440397,150915005500,1601824798,False,0.0342,0.0244,0.0195,0.0212,0.0221,0.0203,0.0224,0.0231,0.0247,,
65ea43eab7c0143d6bb68f9d56c276bce09377bdc41e1a42ac9535ed,pool1vh4y864hcq2r66ak37w4dsnkhnsfxaaacs0p5s4vj5676m6txwm,HOPE,HOPE,True,False,False,10765332238040,10434299602044,50719271864,1503,354,7589,8,0.01,340000000,50000000000,5094981754120,210455114882,1596180531,False,0.0432,0.0246,0.0265,0.0238,0.0214,0.0227,0.0221,0.0245,0.0264,cardano.ipclub29.com,0.0
b78433506ed61994977402c25812b9a47858d9c037a24b0bdb6951b7,pool1k7zrx5rw6cvef9m5qtp9sy4e53u93kwqx73ykz7md9gmwgf56yk,TreFi_Capital,TREFI,True,False,False,10394166441779,10398784910575,1189669950,10,142,1553,11,0.01,340000000,10000000,589676586574,53528231063,1688379976,False,0.0271,0.0302,0.0226,0.0252,0.0236,0.0255,0.0248,0.0249,0.0262,,
09d372205e474b745eeedd87aa86295cfdef9b85991ad640101756bc,pool1p8fhygz7ga9hghhwmkr64p3ftn77lxu9nyddvsqszattcdyajc0,Sunshine Stake Pool #2,SUNNY,True,True,False,10416228976192,10367986851814,73898977251,1151,331,7800,11,0.02,340000000,1000000000,4450406756410,156975521332,1605997757,True,0.0394,0.0149,0.0248,0.0223,0.0231,0.0257,0.0241,0.0232,0.0251,sunnyada.io,1.0
89e0fe388d72c77b7412af1d6bc7c4039e53b0acd4d3403cf62cf88e,pool138s0uwydwtrhkaqj4uwkh37yqw098v9v6nf5q08k9nugumlf8mw,AURA Pool,AURA,True,False,False,10277569824273,10277964357896,571792029,25,186,1977,15,0,340000000,5000000,808531862545,62560000000,1668690394,False,0.0289,0.0128,0.0141,0.0206,0.0255,0.0223,0.0240,0.0237,0.0266,,
fcbfb4a3c18f890de7a51f68603b18e654f8b432abdda17c53a0d586,pool1ljlmfg7p37ysmea9ra5xqwccue203dpj40w6zlzn5r2cvjrf6tw,AAA,AAA,True,True,False,10240426025257,10245453912983,303334255474,1738,354,9178,10,0.03,170000000,300000000000,6511218556407,286885119964,1596064411,True,0.0426,0.0236,0.0199,0.0194,0.0227,0.0216,0.0227,0.0223,0.0239,,
c46c687b40950ea3d52554706f65a763954cce334a2e4e0d8f1176a4,pool1c3kxs76qj58284f923cx7ed8vw25en3nfghyurv0z9m2g3x9c4j,Kaze-Wa-Minamikara,NAHA,True,False,False,10820057536180,10223639351974,6040860876,45,245,2647,10,0.045,340000000,1000000000,1159166401557,137122853808,1642456226,False,0.0299,0.0234,0.0164,0.0195,0.0222,0.0219,0.0207,0.0223,0.0249,,
7e7eb329d995759d2b9fdb85b8d0c9e3fa2e57c460641c8fc875e780,pool10eltx2wej46e62ulmwzm35xfu0azu47yvpjper7gwhncqe74vg6,Chile_Stake_po,CHIL,True,False,False,10117923237556,10120526423372,35006480043,1430,310,2053,20,0.029,340000000,35000000000,934618918719,132673662931,1596134811,True,0.0320,0.0176,0.0255,0.0237,0.0247,0.0231,0.0222,0.0227,0.0242,,
7e53c234d29f6037c5e5f82dfdc8a6edf816cc406d0a3a3412cdeab7,pool10efuydxjnasr0309lqklmj9xahupdnzqd59r5dqjeh4twz06tr0,Friends4ADA,F4ADA,True,False,False,10084604806578,10096269959495,300050979323,447,354,4288,15,0.01,170000000,300000000000,2596552329959,138607351385,1596111291,False,0.0402,0.0247,0.0261,0.0239,0.0285,0.0241,0.0255,0.0262,0.0278,staking4ada.org,1.0
593dfbc66c5b8dfc040851a2f4d87191490d4c2312c65dd4418f7b23,pool1ty7lh3nvtwxlcpqg2x30fkr3j9ys6nprztr9m4zp3aajxyjk2vz,Beaver Pool!,BEAVR,True,True,False,10082088078120,10079995517199,242681627083,562,348,3824,7,0.01,340000000,145000000000,2322744646337,142512469481,1596076111,False,0.0383,0.0364,0.0299,0.0269,0.0221,0.0222,0.0225,0.0239,0.0241,,
1b94521f14db543dd493b0c170ecb0ef56d7f5e611098d1b8dcfd167,pool1rw29y8c5md2rm4ynkrqhpm9saatd0a0xzyyc6xudelgkww5junh,Ragdoll,RGDL,True,False,False,10027199795452,10030397196803,21490579664,19,286,2573,10,0.99999,999999000000,0,0,1331518654492,1625900015,False,0,0,0,0,0,0,0,0,0,,
ee89064ccaa9a12ba93acdd1b3789c282b44b7df858e762a0e35b36f,pool1a6ysvnx24xsjh2f6ehgmx7yu9q45fd7lsk88v2swxkek7pkxtgp,VIVI Pool,VIVI,True,False,False,10027252502766,10013190314417,15586155634,62,328,3359,10,0.5,340000000,15000000000,1614587988109,235420579838,1598892591,False,0.0320,0.0052,0.0112,0.0114,0.0114,0.0130,0.0118,0.0125,0.0160,,
163cc36624d9332f6ae7770e8df8b8bad7e71711eb6c2ed7971c99d4,pool1zc7vxe3ymyej76h8wu8gm79chtt7w9c3adkza4uhrjvagr9w4zp,✨Krishna Stake Pool by Kaizen Crypto,KRSNA,True,False,False,9951723839004,9920940820773,50137985497,821,335,6059,12,0.025,340000000,50000000000,3663811563674,207442464539,1596212991,False,0.0411,0.0285,0.0227,0.0225,0.0185,0.0197,0.0223,0.0247,0.0255,kaizencrypto.com,1.0
ff46164e9121389ea4e9b9cb318c281f01801f6830d6d306843fb008,pool1larpvn53yyufaf8fh89nrrpgruqcq8mgxrtdxp5y87cqse3yfg2,JAPAN5,JP5,True,False,False,9918324135999,9920532088421,71598841707,64,334,5613,6,0.05,340000000,50000000000,3402310368818,291858891247,1605220916,True,0.0405,0.0174,0.0225,0.0292,0.0259,0.0225,0.0214,0.0225,0.0237,tokyostaker.com,4.0
381ad61d5031c2a570c268d2f018bfb65c6eb7e32e535a58384f9a21,pool18qddv82sx8p22uxzdrf0qx9lkewxadlr9ef45kpcf7dzz3n56qv,Alfa Pool,ALFA,True,False,False,9843446097506,9800331825704,244415434796,674,175,829,10,0,170000000,240000000000,303723831496,45220000000,1623410869,False,0.0259,0.0296,0.0281,0.0269,0.0285,0.0266,0.0269,0.0262,0.0255,,
d0fb74f0b1d39a9046ae4e967180cc6c8dd20fb44f8877980fe36604,pool16rahfu936wdfq34wf6t8rqxvdjxayra5f7y80xq0udnqglrqel9,4KOMA-StakePool,4KOMA,True,False,False,9514997877807,9542229129245,24043911302,40,231,868,3,0,170000000,5000000000,339075297926,58650000000,1633155558,False,0.0269,0.0263,0.0278,0.0226,0.0251,0.0244,0.0250,0.0237,0.0238,,
d785ff6a030ae9d521770c00f264a2aa423e928c85fc620b13d46eda,pool167zl76srpt5a2gthpsq0ye9z4fpray5vsh7xyzcn63hd5mnw7fa,Nu.Fi & AdaLite 4,NUFI4,True,False,False,9447101297458,9455009620457,1002830618,555,335,13620,10,0.03,340000000,1000000000,7330041359370,339794828083,1605011198,False,0.0356,0.0216,0.0244,0.0208,0.0231,0.0214,0.0207,0.0230,0.0252,nu.fi,3.0
f981975f99456e2275bed68576ba12cae91a9dce3ec599274908cdd7,pool1lxqewhueg4hzyad766zhdwsjet5348ww8mzejf6fprxaw8wfq5s,Your ADA Moon,YOON,True,False,False,9466753494788,9422004729271,165250308410,63,262,2257,9,0.02,340000000,100000000000,1005814433454,108968058107,1633368733,False,0.0292,0.0136,0.0192,0.0220,0.0267,0.0244,0.0245,0.0249,0.0242,,
64e09628015d1065e4a11f032c90f677ba1f2f583ff0f55a158450b0,pool1vnsfv2qpt5gxte9prupjey8kw7ap7t6c8lc02ks4s3gtqplhgd3,1 Percent Pool #4 (v1),1PCT4,True,True,False,9302619391546,9306790673421,67807498547,472,354,8128,6,0.01,340000000,50000000000,6282151817224,183240521400,1596065371,True,0.0461,0.0196,0.0268,0.0273,0.0226,0.0229,0.0231,0.0235,0.0265,1percentpool.eu,5.0
c63dab6d780a74cbae2a27696c9723f55b3092b2bd001256df03827f,pool1cc76kmtcpf6vht32ya5ke9er74dnpy4jh5qpy4klqwp87ygdsu6,kBlocks,BLOCK,True,False,False,9284630440615,9285174782750,500001656422,1501,353,6050,8,0.029,340000000,500000000000,3538797321071,210392280054,1596066351,False,0.0387,0.0166,0.0207,0.0212,0.0229,0.0241,0.0224,0.0235,0.0242,,
7c30ca03866f2e3c615a70783bdbd58b668807276e2220dadddbe0c2,pool10scv5quxduhrcc26wpurhk743dngspe8dc3zpkkam0svyx6ejx3,Cardano Thailand,CDNTH,True,False,False,9254547614198,9257557146624,419831639,23,241,1912,6,0.2,340000000,100000000,675231646023,249424025386,1644944203,False,0.0231,0.0297,0.0205,0.0206,0.0191,0.0186,0.0184,0.0180,0.0192,,
e56066e8cf0409ecb3f25aaac5cc97099af29e7a79609c6fe4d61e5d,pool1u4sxd6x0qsy7evljt24vtnyhpxd098n609sfcmly6c096mr3jgq,SCARdano,SCAR,True,False,False,9277423141613,9255451683159,21381104114,590,352,6113,11,0.0199,340000000,5000000000,4494262877165,210653538747,1596150971,False,0.0437,0.0192,0.0179,0.0165,0.0184,0.0184,0.0208,0.0214,0.0209,scardano.io,0.0
ec6cdcad62633e065be5d96eecea28464144a1827adc0cba98d29a23,pool1a3kdettzvvlqvkl9m9hwe63ggeq5fgvz0twqew5c62dzx99vsed,LEAD Stake Pool,LEAD,True,False,False,9268714882521,9203349476318,111623121703,1146,352,4142,6,0.01,340000000,100000000000,2319491918568,139301469658,1596079791,True,0.0369,0.0368,0.0268,0.0197,0.0212,0.0203,0.0228,0.0213,0.0233,,
3d2294baebe5bbeaa920af59e8461068582bb6c17522bbc7308e8567,pool1853ffwhtuka742fq4av7s3ssdpvzhdkpw53th3es36zkwrllj9g,AtlasStakePool #2,ATLAS,True,False,False,9137024961027,9118574201584,129452234928,1358,258,2671,7,0,340000000,125000000000,1300510524826,87048079433,1638031311,False,0.0333,0.0087,0.0131,0.0136,0.0199,0.0220,0.0222,0.0231,0.0250,atlasstakepool.com,1.0
db827cb962df26faab4c289f72f36aeee0e42453f1c78b27ea4e22ba,pool1mwp8ewtzmun0426v9z0h9um2amswgfzn78rckfl2fc3t5sy0m5g,AACC,AACC,True,False,False,9081939897570,9085463021982,32780269558,48,352,2775,9,0.01,340000000,10000000000,1522487816647,133725475584,1596076751,False,0.0363,0.0230,0.0187,0.0241,0.0252,0.0237,0.0210,0.0257,0.0252,,
6879ab43e837d11c606e37dbf3e743f13f303c9dff53be602f263d6d,pool1dpu6kslgxlg3ccrwxldl8e6r7ylnq0yalafmucp0yc7k6qegtt0,ADA Farm,FARM,True,False,False,9122121630539,9028193888137,37960810314,410,333,2153,8,0.0095,250000000,31250000000,1012268076329,116706805096,1596068311,False,0.0309,0.0237,0.0179,0.0189,0.0213,0.0218,0.0224,0.0224,0.0249,,
57e0985d50391676b06b2ecf640d03d59735cd0c9a99d6e9e6f805eb,pool12lsfsh2s8yt8dvrt9m8kgrgr6ktntngvn2vad60xlqz7kxz9fxr,POP4,POP4,True,False,False,8937516524883,8940003882521,73719725396,61,335,5745,5,0.05,340000000,50000000000,3577965245447,301676163347,1604701007,False,0.0403,0.0168,0.0183,0.0188,0.0174,0.0208,0.0216,0.0224,0.0240,popool.net,3.0
4deb0ba979fe7af5a5a4896ef68cdae029ad116542555cb422f46348,pool1fh4sh2telea0tfdy39h0drx6uq566yt9gf24edpz7335sclx39z,Cardano Canucks Pool,CANUK,True,False,False,8866879663317,8865989897397,103248380990,1017,353,5998,9,0.02,340000000,100000000000,3704663549812,193712396440,1596061771,False,0.0414,0.0175,0.0220,0.0284,0.0223,0.0226,0.0221,0.0230,0.0248,,
d54cc1cdc643ccebdb1b7a613f8b6b9442b0d21ebcf3155aad2334f3,pool164xvrnwxg0xwhkcm0fsnlzmtj3ptp5s7hne32k4dyv60x4utfje,,,True,False,False,8843074649972,8847103479714,1220654863,24,157,5645,12,0.03,340000000,200000000,2399869116360,126010676183,1649952565,False,0.0275,0.0408,0.0335,0.0329,0.0255,0.0235,0.0229,0.0164,0.0209,,
a24a0b7f7dec890db8c59c47646290522234a522a98f00cf2d589a80,pool15f9qklmaajysmwx9n3rkgc5s2g3rfffz4x8spnedtzdgq43tpe2,WeQanhet,WEQNT,True,True,False,8845786047316,8839232387442,7217583,350,342,2626,5,0.02,170000000,0,1346289321536,134861955820,1596294431,False,0.0341,0.0209,0.0323,0.0314,0.0253,0.0257,0.0260,0.0243,0.0242,,
ae93356f027a4b30e3807307134a6589eaf90b99974be8f30f89ac06,pool146fn2mcz0f9npcuqwvr3xjn93840jzueja973uc03xkqvl2w36c,Copper Stake Pool 1,COP1,True,False,False,62993068419790,8799576950137,97052335,9,124,7267,50,0.035,340000000,0,2511049456950,132503062008,1691080250,False,0.0236,0.0222,0.0246,0.0253,0.0248,0.0141,0.0157,0.0191,0.0221,copper.co,0.0
ccf9fa7bd7cc72f851effb0e229f7ab163ae670250c38b18dbdd8f8f,pool1enul577he3e0s500lv8z98m6k936uecz2rpckxxmmk8c7k0n2rd,PXLZ Staking Pool,PXLZ,True,False,False,8795038305766,8764853215840,205924105800,659,244,8308,9,0.0169,340000000,100000000000,3570613844829,120555954668,1614647496,False,0.0295,0.0279,0.0222,0.0222,0.0214,0.0228,0.0249,0.0262,0.0275,,
6198d2070b6e70cc2a5e370a43dd49699960c88a084ffe390abe9a6a,pool1vxvdypctdecvc2j7xu9y8h2fdxvkpjy2pp8luwg2h6dx5jlv0nk,COOL,COOL,True,True,False,8661297617705,8655280943710,102722595266,1045,354,9199,8,0.02,170000000,100000000000,7147550539482,246635565364,1596072551,True,0.0451,0.0282,0.0223,0.0283,0.0279,0.0256,0.0235,0.0249,0.0260,stakecool.io,0.0
6371c7935c90ddb9b2bca3e5ae04d69711ec1bc28749393116c6d44c,pool1vdcu0y6ujrwmnv4u50j6upxkjug7cx7zsaynjvgkcm2ycmajelc,COOL5,COOL5,True,False,False,8642463455163,8643803510116,101693580208,610,334,6925,9,0.02,170000000,100000000000,4395789956015,180191759571,1604644451,False,0.0426,0.0164,0.0149,0.0164,0.0227,0.0241,0.0247,0.0266,0.0277,stakecool.io,5.0
6dd356ae25a25f87f253863a26098ef4493121cc5a696a90b82bfd77,pool1dhf4dt395f0c0ujnscazvzvw73ynzgwvtf5k4y9c907hwjdyaq4,ADA HARVEST Staking Pool,JSP,True,False,False,8548925417797,8541831257591,55015648082,207,300,2949,6,0,340000000,10000000000,1407322725366,101320000000,1618006192,False,0.0330,0.0309,0.0294,0.0268,0.0254,0.0258,0.0240,0.0246,0.0247,ippei76.github.io,0.0
552d7f65e42fdc4ed602a657b85bd7623a592d21e5dcf7b045132da8,pool125kh7e0y9lwya4sz5etmsk7hvga9jtfpuhw00vz9zvk6sh8xh5r,CHOCO Stake Pool,CHOCO,True,False,False,8509024716008,8517372167946,78428493349,43,255,1195,14,0,170000000,10000000000,485696259419,67320000000,1629034536,False,0.0280,0.0267,0.0204,0.0211,0.0253,0.0255,0.0289,0.0253,0.0259,,
68ac3c1be0477698b5c825ce598cca359dbf6132e1761a572403b9fb,pool1dzkrcxlqgamf3dwgyh89nrx2xkwm7cfju9mp54eyqwulku73jxs,ARTHPool,ARTH,True,False,False,8507461302267,8508073444859,2447909,8,290,6612,8,0.075,340000000,0,3493511284883,380494846701,1612208222,False,0.0349,0.0115,0.0259,0.0298,0.0262,0.0220,0.0197,0.0215,0.0247,,
c45ff02e8559e129d3e87d47475a99e60dda5cb893e8681502c1ff34,pool1c30lqt59t8sjn5lg04r5wk5eucxa5h9cj05xs9gzc8lngl4cmta,"RUMOR • Single Stakepool in Europe, Croatia",RUMOR,True,False,False,8589306421917,8490111996535,55461642819,182,114,921,5,0.019,170000000,25000000000,335818883768,26210615678,1692989863,False,0.0254,0.0286,0.0165,0.0165,0.0232,0.0237,0.0243,0.0255,0.0252,,
6ec027701fa6c9f4a593f7e7108cb2f5af54361080f7bed1c835349d,pool1dmqzwuql5mylffvn7ln3pr9j7kh4gdsssrmma5wgx56f6rtyf42,Cryptobounty1,BNTY1,True,True,False,7971947167403,7972167007427,1263524757812,495,354,3766,5,0.03,170000000,1000000000000,2138183541409,151665259100,1596060671,False,0.0389,0.0211,0.0162,0.0190,0.0240,0.0217,0.0234,0.0240,0.0257,,
14ab7f5b1a6522028ce68a5c24f3a44a92376f27e52c7d238fe0b39e,pool1zj4h7kc6v53q9r8x3fwzfuayf2frwme8u5k86gu0uzeeuvqxgul,CHEEKY CRYPTO,CHEEK,True,False,False,7891320015191,7930505499223,10125252943,1482,309,2299,14,0.03,340000000,10000000000,1120570081691,138355775178,1611192317,False,0.0331,0.0203,0.0223,0.0289,0.0286,0.0244,0.0263,0.0221,0.0229,,
e8f538755c14d1e7f1274b46b5f292ba0c247149a8ba7b9eb410eb1a,pool1ar6nsa2uzng70uf8fdrttu5jhgxzgu2f4za8h845zr435nfcruw,1STEP,1STEP,True,False,False,7868426579835,7861786383135,28293464445,301,211,3455,9,0.015,170000000,25000000000,1507046114529,62874377632,1643611734,False,0.0305,0.0212,0.0278,0.0256,0.0289,0.0256,0.0274,0.0262,0.0270,,
a08fe0a8ba2477ec80e17738704357532ad561733448d53001fe966b,pool15z87p296y3m7eq8pwuu8qs6h2v4d2ctnx3yd2vqpl6txkkdvl5h,"MUEN-StakePool,",MUEN,True,False,False,7739960517594,7845845831342,15029460774,55,216,1165,8,0.02,340000000,10000000000,476198663059,82515839740,1620441567,True,0.0284,0.0234,0.0252,0.0179,0.0164,0.0192,0.0198,0.0202,0.0204,muen-project.com,0.0
9c691303a1c00ee59216d9f12aa1f559c6c7c7ebc93f17e2aa1711eb,pool1n353xqapcq8wtyskm8cj4g04t8rv03lteyl30c42zug7kzv8vqz,NES Pool,NES,True,False,False,7832361465038,7834397146479,48473401,57,173,1326,12,0,340000000,0,515118156692,58140000000,1626722203,False,0.0272,0.0202,0.0288,0.0226,0.0215,0.0225,0.0253,0.0243,0.0250,,
7f95f046d15412681750282e334605ff54bd1d83039300fae504dd6a,pool1072lq3k32sfxs96s9qhrx3s9la2t68vrqwfsp7h9qnwk56yr2mv,🟣 Spectrum Finance | LBSP x2.25,lSPF0,True,False,False,8259615506011,7808536853531,395600743986,23,135,974,7,1,340000000,400000000,0,395083325497,1689945744,False,0.0005,0,0,0,0,0,0,0,0,anetabtc.io,3.0
9dfeca095f80562460252072fd8438f08936ef5a2077583a9722bd97,pool1nhlv5z2lsptzgcp9ype0mppc7zyndm66ypm4sw5hy27ewdchqx0,P2P & CEX,PPCX2,True,False,False,7774891077224,7763435168247,13902690463,2037,338,7577,7,0.035,340000000,1000000000,4819525099486,123400539049,1602860746,False,0.0411,0.0098,0.0115,0.0175,0.0203,0.0232,0.0211,0.0207,0.0235,p2p.org,1.0
c4039f4fa97ed735b884800d6d605dbc65fbe995c4ba70b532e162a2,pool1cspe7naf0mtntwyysqxk6czah3jlh6v4cja8pdfju932yxsehnm,Cardano Blockhouse,CBH,True,False,False,7707121685212,7725842643208,106920360635,513,239,2232,8,0,340000000,100000000000,973453338565,81661445182,1613661979,False,0.0302,0.0206,0.0189,0.0206,0.0212,0.0232,0.0208,0.0223,0.0234,,
fe6147876ad38293a09bf61bdaf9e64260ee5857212ccb91304feadc,pool1les50pm26wpf8gym7cda470xgfswukzhyykvhyfsfl4dcu2ezj4,Sagittarius Pool,SGTRS,True,False,False,7706516921411,7707582726074,6317086888,10,278,1705,7,0.03,340000000,1000000000,735683975222,116582849331,1625402394,False,0.0311,0.0066,0.0083,0.0144,0.0172,0.0217,0.0210,0.0226,0.0235,,
4f04025065314e75684cd38357ac6af703fcef705d9b4f638e3caf46,pool1fuzqy5r9x98826zv6wp40tr27uplemmstkd57cuw8jh5v5m90vn,Staking 24/7,247,True,True,False,8098564389821,7682697963286,1519740769778,590,343,5413,3,0.005,340000000,300000000000,2568225876777,130150876608,1596072711,False,0.0341,0.0325,0.0293,0.0282,0.0283,0.0247,0.0258,0.0242,0.0278,,
785b5ab754a1f43fb56d173873e7db9d6069616c6da1b5be93981220,pool10pd44d65586rldtdzuu88e7mn4sxjctvdksmt05nnqfzqu7g7hd,Rama DeFi Bangkok,RDB,True,False,False,12265325342049,7661039103191,131357866,39,17,235,11,0.9999,340000000,100000000,7165355,74196315343,1742054171,False,0.0000,0.0000,0.0000,0.0000,0.0000,0.0000,0.0000,0.0000,0.0000,thc-room335.com,5.0
1e1be043e289a619d8bcd2f0eca0941aa9eaf1278701c5542b46a3e9,pool1rcd7qslz3xnpnk9u6tcwegy5r2574uf8suqu24ptg637jha3sr5,Nielsen-Nielsen,NINI,True,False,False,7599731609389,7602218301461,2082495872,143,348,3145,7,0.02,340000000,100000000,1912942417872,156350085759,1599163280,False,0.0388,0.0204,0.0188,0.0274,0.0260,0.0282,0.0268,0.0237,0.0236,,
55962d29056c55303f0db16442011ab0392f7e7b37bdaeae97a14f0e,pool12ktz62g9d32nq0cdk9jyyqg6kquj7lnmx776at5h598supql0t2,CTEC2 Stake Pool,CTEC2,True,False,False,7591638767183,7594481014126,14899427450,6,297,2034,10,0.5,680000000,10000000000,403330583646,642527299963,1620455844,False,0.0139,0.0104,0.0087,0.0076,0.0105,0.0097,0.0095,0.0102,0.0103,crown-tech.co.jp,1.0
83202c4914374cba6c1ee655ffed5a9b57eab61f6658faa3567376c2,pool1svszcjg5xaxt5mq7ue2llm26ndt74dslvev04g6kwdmvyf0t657,Orcada,ORCA,True,False,False,7574439309912,7571435125761,111205414867,48,204,1202,10,0.01,340000000,100000000000,462273479039,73351114127,1661124591,False,0.0256,0.0138,0.0208,0.0231,0.0221,0.0243,0.0244,0.0237,0.0237,,
f018942907ac50ed7f831f14755ad93698188492d09d229655e6ade1,pool17qvfg2g843gw6lurru282kkex6vp3pyj6zwj99j4u6k7zvmva5a,1 Percent Pool #4 (v2),1PCT4,True,True,False,7555619400249,7558579967421,67339053131,441,335,7486,4,0.01,340000000,50000000000,4814617617815,162119613765,1604995216,True,0.0431,0.0070,0.0208,0.0278,0.0249,0.0230,0.0232,0.0235,0.0252,1percentpool.eu,16.0
5016cf588331d0f6d0e57f7f6d36d8d4f53224c77c09380580ea6430,pool12qtv7kyrx8g0d5890alk6dkc6n6nyfx80synspvqafjrqd3ergz,Asahi Stake Pool,ASAHI,True,False,False,7521978908157,7525176813490,78520526852,72,299,2210,8,0,340000000,40000000000,1069228631980,101088961023,1619277232,False,0.0336,0.0281,0.0246,0.0247,0.0206,0.0192,0.0237,0.0236,0.0241,,
1d8988c2057d6efd6a094e468840a51942ab03b5b69b07a2bca71b53,pool1rkyc3ss904h066sffergss99r9p2kqa4k6ds0g4u5ud4x7yaajd,1 Percent Pool #5 (v1),1PCT5,True,True,False,7492545066790,7493634193465,67304612611,525,352,7203,10,0.01,340000000,50000000000,5897610122850,178689976337,1596065471,True,0.0473,0.0245,0.0244,0.0233,0.0239,0.0231,0.0245,0.0238,0.0241,1percentpool.eu,6.0
000001b844f4e4c900ae0dfdc84a8845f71090b82fb473e6c70a31ee,pool1qqqqrwzy7njvjq9wph7usj5gghm3py9c97688ek8pgc7uem9cfz,ADAfrog 2 🐸,FROG2,True,False,False,7436575511173,7437780886108,150000000000,1359,354,5005,8,0.04,340000000,150000000000,3064371725402,248009043196,1596078811,False,0.0404,0.0273,0.0274,0.0263,0.0210,0.0225,0.0222,0.0222,0.0234,adafrog.io,0.0
9138b6f09e8e69c29fdee4e11b147b7ad351aab23fc73a9976907f10,pool1jyutduy73e5u9877uns3k9rm0tf4r24j8lrn4xtkjpl3q5sn5mw,"Koala Pool stake, earn, & save Koalas コアラを救え",KOALA,True,False,False,7428390098723,7429501451338,521301981,489,347,2780,3,0.03,170000000,500000000,1438101157360,125280897802,1596064531,False,0.0348,0.0223,0.0241,0.0201,0.0248,0.0231,0.0216,0.0233,0.0240,moomanchoo.github.io,0.0
d2f12c2f3094ed0784f048fe93a62d8b061525b356e043be084470d9,pool16tcjctesjnks0p8sfrlf8f3d3vrp2fdn2msy80sgg3cdjtayu3z,TapTap Vienna,TAPSY,True,False,False,7423201743440,7425305080890,9773409,723,354,6923,4,0.01,340000000,5000000,4973772099293,169863914903,1596060851,False,0.0448,0.0246,0.0247,0.0235,0.0242,0.0210,0.0225,0.0235,0.0232,,
01fbe26f514707ff29c38aa597ad8ff86a1572e760858d0e7ae4fc32,pool1q8a7ym63gurl72wr32je0tv0lp4p2uh8vzzc6rn6un7ryslvqmu,LoneStar Staking Pool,LSSP,True,False,False,7565764737423,7422594488601,53618780710,402,187,1263,13,0.02,340000000,50000000000,488838902129,72865332093,1636604403,False,0.0269,0.0428,0.0251,0.0244,0.0243,0.0216,0.0206,0.0219,0.0236,,
f83cb7810af45813ad4e16f2497a0d02997e2987f4a41fa3830a4d88,pool1lq7t0qg273vp8t2wzmeyj7sdq2vhu2v87jjplgurpfxcs9afnr3,LEOPool,LEO,True,False,False,7400036257119,7400036257119,0,11,233,5884,0,0.2,340000000,50000000000,4156108574857,1118327647909,1596638651,False,0.0375,0,0,0,0,0,0,0,0,staking-fm.site,1.0
fd832d27b5fbe0489409613f50e2139b54a21e613c8a7609dcff556e,pool1lkpj6fa4l0sy39qfvyl4pcsnnd22y8np8j98vzwula2kuxgers4,JOY,JOY,True,True,False,7641723156098,7372348499322,50188734837,696,354,8991,7,0.01,340000000,50000000000,6392578991059,242428064427,1596184471,False,0.0440,0.0274,0.0171,0.0195,0.0195,0.0183,0.0199,0.0230,0.0249,cardano.ipclub29.com,1.0
cf635c0a032bc98d453b65512aaf2b0f9b0f62b2b865a6011523aaf7,pool1ea34czsr90yc63fmv4gj4tetp7ds7c4jhpj6vqg4yw40wvygdl3,SMILES ON AFRICA,SMILE,True,False,False,7468268455194,7304906010377,25042952353,344,263,1555,8,0.03,170000000,25000000000,664033023821,84363109302,1607373996,False,0.0304,0.0260,0.0244,0.0250,0.0290,0.0294,0.0276,0.0279,0.0277,poapool.com,1.0
587c9118ee8fc6e771c9494de9fc03a8e937f5c103ec374fb764a27f,pool1tp7fzx8w3lrwwuwff9x7nlqr4r5n0awpq0krwnahvj387n7y22h,mtma,mtma,True,False,False,7296671921235,7282478641902,8644163,22,279,1874,3,0.999,345000000,1000000,4255873258,921913784494,1628251104,False,0.0002,0.0000,0.0000,0.0000,0.0000,0.0000,0.0000,0.0001,0.0002,,
7ca6f74bf72922e511003d78affd9f999228ff1543e1007f610c5d12,pool10jn0wjlh9y3w2ygq84u2llvlnxfz3lc4g0ssqlmpp3w3y2d2lw5,Earn Stakepool,EARN,True,True,False,7245584981457,7248072821604,101276121143,94,354,2482,3,0.05,340000000,100000000000,1325986378624,189786926595,1596079611,False,0.0355,0.0207,0.0121,0.0104,0.0134,0.0180,0.0196,0.0203,0.0220,,
dda4bc64e339336e3f7bc158177df0c71dc760ff11cb8b0651b3ece4,pool1mkjtce8r8yeku0mmc9vpwl0scuwuwc8lz89ckpj3k0kwgvlunv5,Cornucopias,COPI,True,False,False,7175876786925,7226241040241,210567947754,4247,204,3744,9,0.05,340000000,200000000000,1788268704066,162912710955,1659498240,False,0.0295,0.0117,0.0137,0.0209,0.0229,0.0240,0.0216,0.0203,0.0187,cornucopias.io,0.0
ec736597797c68044b8fccd4e895929c0a842f2e9e0a9e221b0a3026,pool1a3ekt9me035qgju0en2w39vjns9ggtewnc9fugsmpgczvgtl6u9,SMAN8,SA8,True,False,False,7224340155146,7226117646026,236702796453,48,310,4405,9,0.01,340000000,168000000000,2313715012517,128124959155,1615647719,True,0.0363,0.0145,0.0218,0.0280,0.0244,0.0247,0.0230,0.0226,0.0257,sman8.github.io,1.0
932d34c5ae5cc1f9d2f890ef4dfa05f1479672546fcc37c63e9bb7bd,pool1jvknf3dwtnqln5hcjrh5m7s979revuj5dlxr0337nwmm6p7250q,SQQQ Stake Pool,SQQQ,True,False,False,7212859649808,7209291020346,320654003,7,31,199,4,1,170000000,100000000,0,68903867489,1735567187,False,0,0,0,0,0,0,0,0,0,,
06b4d54e25e33f3adfa22098749005f7b610721e3c24d547450267ec,pool1q66d2n39uvln4hazyzv8fyq977mpqus78sjd2369qfn7cptdeyh,KTN2,KTN2,True,False,False,7177457791666,7177234303850,70634540211,53,354,6736,10,0.05,340000000,50000000000,4792810964223,373435022493,1596064451,True,0.0428,0.0140,0.0175,0.0164,0.0141,0.0191,0.0191,0.0211,0.0229,katanapool.com,2.0
7095ee942c6aa5d594f08fa9f377b2f00c4abe96dd58209e2e9d18b7,pool1wz27a9pvd2jat98s375lxaaj7qxy405km4vzp83wn5vtwp59kvh,BRADA POOL,BRADA,True,False,False,7294306650788,7162412416272,3277273,1995,353,5134,7,0,340000000,0,3069988205749,123247803647,1596062231,False,0.0396,0.0145,0.0145,0.0181,0.0205,0.0228,0.0244,0.0230,0.0248,,
e9a6817cf8fa67a0ce5d4d5d41bc155a30eb2d8f163869ce2abfca5a,pool1axngzl8clfn6pnjaf4w5r0q4tgcwktv0zcuxnn32hl995pthddr,New One Stake Pool,NOSP,True,False,False,7081336706922,7136383790343,8019495834,11,242,1283,6,0.9999,7000000000,100000000,46828048,606764828835,1643083177,False,0.0002,0,0,0,0,0,0,0.0000,0.0000,atrmn.github.io,1.0
5e376d756f6eec459900a4abcf2510316c45b13cf204a57c703dc251,pool1tcmk6at0dmkytxgq5j4u7fgsx9kytvfu7gz22lrs8hp9ztu7arw,RATS Pool,RATS,True,False,False,7136178888020,7135424529004,1000033497414,382,307,1894,6,0.1,340000000,1000000000000,749799262019,194979474047,1614279920,True,0.0291,0.0200,0.0150,0.0168,0.0197,0.0212,0.0206,0.0209,0.0215,,
49b7d9e2116ef05fbe1ee784391e31aecb360bbba2e979f389ae3d89,pool1fxmancs3dmc9l0s7u7zrj8334m9nvzam5t5hnuuf4c7cjr6867m,Congee Pool,CONGE,True,False,False,7206693153156,7129048112207,158083626140,1229,327,5177,4,0.01,340000000,100000000000,3207334480159,141957410090,1606421865,True,0.0432,0.0296,0.0259,0.0310,0.0305,0.0281,0.0256,0.0247,0.0239,,
44e6e224ac7610bdc7907b9ede709588cb6f12f3c5d8433cc0617dad,pool1gnnwyf9vwcgtm3us0w0duuy43r9k7yhnchvyx0xqv9766ysw2a9,ADA 2 ALL,A2A,True,False,False,4942461350886,7127470209515,6151125057,16,55,257,2,0,170000000,0,75738961620,17680000000,1725556833,False,0.0247,0.0298,0.0356,0.0349,0.0306,0.0306,0.0264,0.0249,0.0247,,
6c907940885e39f6440a034665cc26481ef885a6c33ee50589e041e9,pool1djg8jsygtculv3q2qdrxtnpxfq003pdxcvlw2pvfupq7jm5xpgp,ADA ALPHA POOL,ADAAP,True,False,False,7074887260685,7074400094747,178286523585,138,351,4257,5,0.02,340000000,10000000000,2560275272206,171049601481,1596074931,False,0.0386,0.0183,0.0220,0.0208,0.0265,0.0255,0.0241,0.0225,0.0240,,
0836ac65915682ad8c7c138a61f354e31711f92f1b53442cd4a89b0b,pool1pqm2cev326p2mrruzw9xru65uvt3r7f0rdf5gtx54zdskxqhmur,Cornucopias 2,COPIC,True,False,False,10463011203185,7018404559119,94409069964,611,81,1378,13,0.05,170000000,10000000000,12769957799,515750649743,1714497636,False,0.0006,0.0289,0.0244,0.0243,0.0117,0.0056,0.0037,0.0017,0.0007,cornucopias.io,1.0
7e82a949dc775005761ec3446a9358261416cbdd8de2c6530cb3270b,pool106p2jjwuwagq2as7cdzx4y6cyc2pdj7a3h3vv5cvkvnskegff3w,VoltPool,VOLT,True,False,False,6971590268941,6970801790568,6583059306,1631,353,6064,10,0,340000000,1000000000,3950494075545,139706711528,1596589771,False,0.0426,0.0420,0.0401,0.0369,0.0313,0.0270,0.0259,0.0252,0.0251,,
016ceeebd4928548cb381c3419c520860a409870207946a39abf77b0,pool1q9kwa675j2z53jecrs6pn3fqsc9ypxrsypu5dgu6hammqkagy22,TIGER team,TIGER,True,False,False,6940507789787,6944865177050,25833916975,92,147,385,6,0.01,340000000,10000000000,122102101038,50344595990,1608555091,False,0.0239,0.0456,0.0341,0.0291,0.0254,0.0293,0.0278,0.0261,0.0240,,
b19f2d9498845652ae6eea5da77952b37e2bca9f59b2a98c56694cae,pool1kx0jm9ycs3t99tnwafw6w72jkdlzhj5ltxe2nrzkd9x2u5x343h,Yoroi pool 2,YORO2,True,False,False,6969730643834,6927571560131,14096817232,838,71,344,5,0.015,170000000,500000000,109100371568,13391426943,1673471652,False,0.0232,0.0204,0.0282,0.0257,0.0292,0.0242,0.0243,0.0235,0.0232,swimmingpoolop.github.io,16.0
b3cdd3bbf09af72badca85e515c0206d6d22038e2af843521e10a928,pool1k0xa8wlsntmjhtw2shj3tspqd4kjyquw9tuyx5s7zz5jsyw4y2p,Waldmops,WMOPS,True,False,False,6871411504439,6871366205231,3264847476828,743,336,4059,4,0,340000000,300000000000,2257766044125,117905800650,1598362603,False,0.0370,0.0270,0.0232,0.0180,0.0194,0.0214,0.0225,0.0223,0.0212,,
2d8a81b805c360e9d6de6185b763f0556528d75a4561530e8ce6337c,pool19k9grwq9cdswn4k7vxzmwcls24jj3466g4s4xr5vucehcqpslfy,ADAvault Stake Pool 4,ADV4,True,False,False,2960208168436,6850450673429,51476445032,95,75,177,4,0,340000000,50000000000,39934936123,24820000000,1615068822,True,0.0197,0.0251,0.0292,0.0251,0.0226,0.0244,0.0256,0.0238,0.0222,adavault.com,2.0
3dec052cf085697aa6c32a934527f7c5761165a6a6f02a9af30c9ed1,pool18hkq2t8ss45h4fkr92f52flhc4mpzedx5mcz4xhnpj0dzp76028,CardanoPool.XYZ,XYZ,True,False,False,6818056697513,6815414047777,7560670063,310,318,1573,7,0.001,225000000,22000000,786781690046,102214597930,1596175471,False,0.0356,0.0090,0.0148,0.0206,0.0219,0.0187,0.0193,0.0220,0.0242,,
a59e2c8422ed40242742f3b6e8219fa0c454eaa7288d71981d3b65a9,pool15k0zeppza4qzgf6z7wmwsgvl5rz9f6489zxhrxqa8dj6jzju6ct,Cardano Media Taiwan,DDOS,True,False,False,6878547355960,6815064541349,23360378694,609,180,1009,3,0.01,340000000,20000000000,364683658010,64205551310,1652972154,False,0.0237,0.0264,0.0284,0.0240,0.0247,0.0192,0.0219,0.0218,0.0223,,
490353aa6b85efb28922acd9e0ee1dcf6d0c269b9f0583718b0274ba,pool1fyp482ntshhm9zfz4nv7pmsaeakscf5mnuzcxuvtqf6t56fc7l0,⚡ KysenPool Thunder ⚡,KYSN,True,False,False,6763948557996,6767132614814,15389361466,1898,351,6169,3,0.019,340000000,100000000,4110545137962,198608623443,1596093571,False,0.0427,0.0192,0.0250,0.0270,0.0239,0.0246,0.0240,0.0240,0.0230,kysenpool.io,0.0
bd0b57d2fb64cc2558920fff14ea9f982fbf3b31e1758740ac108c21,pool1h59405hmvnxz2kyjpll3f65lnqhm7we3u96cws9vzzxzzws9gjc,LifeStake,LBA,True,False,False,6355695784152,6755971940483,17150013592,592,104,375,2,0.05,340000000,500000000,109394711899,40347083349,1691743881,False,0.0161,0.0197,0.0218,0.0225,0.0230,0.0257,0.0228,0.0196,0.0157,,
e75ff353a1a2e454d3fe59249f87dad63b4270b16caf4b819bae5f69,pool1ua0lx5ap5tj9f5l7tyjflp766ca5yu93djh5hqvm4e0kjgw5k7v,1 Percent Pool #6 (v1),1PCT6,True,True,False,6829420709632,6576414543808,67210853279,435,352,5979,9,0.01,340000000,50000000000,4731518570564,166850421628,1596065591,True,0.0464,0.0230,0.0211,0.0218,0.0200,0.0220,0.0218,0.0233,0.0257,1percentpool.eu,7.0
16eec60be00bcc3bdc12b988c4f30b3c5d6ab8f4962c9b1022aa616c,pool1zmhvvzlqp0xrhhqjhxyvfuct83wk4w85jckfkypz4fskcjzze2x,ASCENDANT,ASC,True,False,False,6523709186651,6521919604527,19261486637,4,109,670,8,1,170000000,1399000000,0,264883702927,1701563782,False,0.0002,0,0,0,0,0,0,0,0,tkgems.com,1.0
e00ff546b17eb7ed726411edc74eccdad9d176d0d338c21a3d8daf34,pool1uq8l234306m76unyz8kuwnkvmtvazaks6vuvyx3a3khngavvcw0,💰 Plutus Staking #1 💰,PLTUS,True,True,False,6475930497884,6515908414918,1501685646834,923,353,3697,6,0.01,500000000,1500000000000,2132692539251,191809548669,1596065671,False,0.0403,0.0349,0.0350,0.0321,0.0218,0.0195,0.0192,0.0195,0.0208,,
69515a7b5592e42ea07b2526d58cd50f3bef9603aceef3fe3b042b13,pool1d9g45764jtjzagrmy5ndtrx4pua7l9sr4nh08l3mqs43xe6wnh9,無双63 ADA POOL,SS63,True,False,False,6471323594340,6473099991641,147958687861,15,310,2822,12,0.015,340000000,9000000000,1489409199943,128597129896,1605069007,False,0.0347,0.0160,0.0160,0.0214,0.0214,0.0238,0.0241,0.0236,0.0222,ada63pool.com,0.0
bd87416177933138a533c62b205a98598c91da3ebfb8d6826c336b8e,pool1hkr5zcthjvcn3ffncc4jqk5ctxxfrk37h7uddqnvxd4cu872nrt,PONTA Pool,PONTA,True,False,False,6378289611146,6381131746805,12262326691,20,261,3196,7,0.9999,20000000000,100000000,163052973,1763013355722,1636787703,False,0.0002,0,0,0,0,0,0,0.0000,0.0000,irota1.github.io,0.0
c95db130a3506ccbb9adc47a4aaba6d97a845f3dceb95cd14b41b515,pool1e9wmzv9r2pkvhwddc3ay42axm9aggheae6u4e52tgx6326krg03,"MUEN3 CharityPrivatePool,",MUEN3,True,False,False,6376078504248,6372509513691,470475558,5,158,963,4,0.9999,340000000,10000000,35342552,404513541826,1680429144,False,0.0003,0.0000,0.0000,0.0000,0.0000,0.0000,0.0000,0.0000,0.0000,muen-project.com,2.0
254b9f3ded998ff0b053d92081394f8ee40d7fdcd9e96ed490d19e2c,pool1y49e700dnx8lpvznmysgzw203mjq6l7um85ka4ys6x0zcwgs77w,NAP2-Nekota ADA Pool,NAP2,True,False,False,6357840040557,6360327104639,40784560368,35,327,2338,7,0.03,340000000,20000000000,1185356214824,147144905066,1604887382,False,0.0344,0.0242,0.0386,0.0311,0.0310,0.0283,0.0232,0.0224,0.0229,publickey.co.jp,1.0
0cc4e441026e975f1cf048fcd3489c86424014dd34c244e268cb8095,pool1pnzwgsgzd6t4788sfr7dxjyusepyq9xaxnpyfcngewqf29t9ayd,Staking Rocks!,PHRCK,True,False,False,6243327633434,6271090633257,75988824929,2638,348,2475,7,0.0095,340000000,15000000000,1273773799601,134302510380,1596710111,False,0.0350,0.0379,0.0316,0.0280,0.0281,0.0242,0.0245,0.0252,0.0253,,
abcdef77d812a5a397fb324f1d00325e2243c476ea8ecd2030719ae5,pool140x77a7cz2j689lmxf836qpjtc3y83rka28v6gpswxdw2mag62e,Pool Under,UNDR,True,True,False,6261258185657,6263391819382,300865730752,73,354,6032,5,0.0299,340000000,250000000000,3674065778436,232417411893,1596087631,True,0.0395,0.0205,0.0185,0.0178,0.0230,0.0277,0.0283,0.0248,0.0249,,
566ebd3406088123f8dcc99630f122520db5d479e661c72b43571627,pool12eht6dqxpzqj87xuextrpufz2gxmt4reuesuw26r2utzw0kw906,CanadaStakes,CAN1,True,False,False,6250768776661,6260551445480,99445122714,284,264,3810,2,0,200000000,40000000000,1779293080555,73927532934,1616168091,True,0.0324,0.0356,0.0378,0.0343,0.0286,0.0225,0.0244,0.0242,0.0254,,
f8024d90482a3f839c7ee0c2be31ed3ad4be1564f1970bb0db4078f9,pool1lqpymyzg9glc88r7urptuv0d8t2tu9ty7xtshvxmgpu0j4lp8p3,VINCE pool,VINCE,True,False,False,6265402273026,6257249393829,353126821098,2084,348,5149,5,0.01,170000000,250000000000,3477332184222,134582542204,1597430668,False,0.0427,0.0187,0.0208,0.0285,0.0250,0.0226,0.0239,0.0242,0.0246,vincepool.com,0.0
6ee64bb8bc5ded3160150682e6e2ac5a4c2a0843634b94562ae69ff1,pool1dmnyhw9uthknzcq4q6pwdc4vtfxz5zzrvd9eg432u60lzl959tw,"Stakepool for UNHCR, the UN Refugee Agency",WRFGS,True,False,False,6293975164429,6247920654356,27039099320,204,165,768,5,1,340000000,14000000000,0,329829784178,1673624540,False,0.0002,0,0,0,0,0,0,0,0,,
03fbee96b84daa1bf91c44b51d2e1cbdda53fd504c98aeb6fd4a55b6,pool1q0a7a94cfk4ph7gugj636tsuhhd98l2sfjv2adhaff2mvs7kmtl,Nu.Fi & AdaLite 8,NUFI8,True,False,False,6240898578224,6247713439195,1002830397,1042,324,10711,6,0.03,340000000,1000000000,6264571371322,303139895886,1608214065,False,0.0383,0.0207,0.0229,0.0206,0.0222,0.0243,0.0233,0.0261,0.0235,nu.fi,7.0
9b9f891c4d56f5ce7a3b807dda4253bafdd0c439f46dc037d893a1b1,pool1nw0cj8zd2m6uu73msp7a5sjnht7ap3pe73kuqd7cjwsmzyhflex,SwimmingPool08,SWM08,True,False,False,6210768156613,6211803970090,18095821743,7,134,2033,9,1,170000000,500000000,0,932239821895,1673471652,False,0.0002,0,0,0,0,0,0,0,0,swimmingpoolop.github.io,7.0
0f292fcaa02b8b2f9b3c8f9fd8e0bb21abedb692a6d5058df3ef2735,pool1pu5jlj4q9w9jlxeu370a3c9myx47md5j5m2str0naunn2q3lkdy,StakeNuts,NUTS,True,True,False,6199285260684,6210902086211,334758942572,183,347,3264,8,0.049,340000000,250000000000,2457990032794,246257634177,1596060031,False,0.0437,0.0203,0.0225,0.0178,0.0248,0.0264,0.0237,0.0243,0.0244,,
bbbe8bd9d3942563c7cf02e2d605516fb8376e3a49689d9b028cc2ab,pool1hwlghkwnjsjk8370qt3dvp23d7urwm36f95fmxcz3np2kghknj9,Pegasus,PEGA,True,True,False,6157448517798,6158961264985,5169330036,361,342,4579,8,0,340000000,3000000000,3180515411832,192185192341,1596064451,False,0.0411,0.0086,0.0214,0.0143,0.0202,0.0177,0.0155,0.0191,0.0204,,
cd29aa2b5003b8833a7bcf36b2fef2a4b96b7d07632249dbd432cac8,pool1e556526sqwugxwnmeumt9lhj5jukklg8vv3ynk75xt9vs7adr5y,CheapStaking #1,CHEAP,True,True,False,6109743837276,6082721470760,500178711331,340,353,5681,4,0.009,500000000,500000000000,3981932033778,224996583072,1596060971,False,0.0422,0.0153,0.0153,0.0167,0.0184,0.0191,0.0191,0.0186,0.0219,cheapstaking.com,0.0
a07f6d16fc809cbd6c3dd8bb8e3fdc9e874e1cacba480a359b3f2252,pool15plk69huszwt6mpamzacu07un6r5u89vhfyq5dvm8u39yhqq2dc,Cardano ADA SSS Pool,SSS,True,False,False,6074258377511,6077811186147,16468074950,15,298,3039,9,1,340000000,1000000000,8195618055,1784638082117,1618408062,False,0.0003,0,0,0,0,0,0,0,0,,
8c92ae1a56f6158fea69ffd931b5ba832b9c80a2638ca8f22e1a4beb,pool13jf2uxjk7c2cl6nfllvnrdd6sv4eeq9zvwx23u3wrf97kvufj7x,QQQ2,QQQ2,True,False,False,6035569206473,6039121874640,47364381819,6,298,2017,9,0.9999,20000000000,0,308394,1062727447403,1619497174,False,0.0000,0,0,0,0,0,0,0,0,desayuno11.github.io,1.0
d4b296f51882044cd8b222c49c88d4ec989b1172422fd0c355b885ae,pool16jefdagcsgzyek9jytzfezx5ajvfkytjgghaps64hzz6uzkpc0e,NGS発達障がい支援KGSP,NGS,True,False,False,6028335218640,6028466745864,79977269315,32,235,847,8,0.01,340000000,12400000000,323407045406,82351899207,1618078858,False,0.0257,0.0218,0.0196,0.0175,0.0183,0.0187,0.0224,0.0227,0.0229,,
7862852ab4afc9ecf783ff074760ad2f3bf52669713ddd67d6794512,pool10p3g22454ly7eaurlur5wc9d9ual2fnfwy7a6e7k09z3yf929k9,Ouros,OUROS,True,True,False,6010449456854,6011526736343,377006565005,162,343,2050,2,0.029,340000000,2500000000,1003981703892,146664605814,1596072471,False,0.0351,0.0297,0.0212,0.0199,0.0228,0.0197,0.0215,0.0229,0.0245,,
7f87068a0eed21121dd6a0b4a5a2f4fdf7e2bdb020241afc1ad26ebf,pool107rsdzswa5s3y8wk5z62tgh5lhm790dsyqjp4lq66fht7qnaq9d,Cardano World,WORLD,True,False,False,5969760471674,5972173009927,7455289731,32,95,930,3,0.005,340000000,1080000000,337121264581,32974076668,1707318387,False,0.0250,0.0132,0.0221,0.0192,0.0223,0.0208,0.0159,0.0221,0.0234,quarashi777.github.io,0.0
e36c628f68125e717842a87c4b05a0835949a5ee3f1313b8706ce8d1,pool1udkx9rmgzf08z7zz4p7ykpdqsdv5nf0w8uf38wrsdn5dzk9nq4g,JOY2,JOY2,True,False,False,5943678647965,5954557633758,514434681,142,324,2673,9,0,340000000,100000000,1691529136267,118504927021,1605193376,False,0.0409,0.0358,0.0223,0.0268,0.0186,0.0205,0.0203,0.0204,0.0223,cardano.ipclub29.com,5.0
a68e2b86e684e54da6027217da0bece7f9af20e9aca7a6c4d052d9d8,pool1568zhphxsnj5mfszwgta5zlvulu67g8f4jn6d3xs2tvas8ffu76,ProjectSupportPoolJapan,PSPJ,True,False,False,5947934820336,5923705554330,17336369106,28,201,1319,3,0.9999,20000000000,10000000000,31099055,598847960380,1653913729,False,0.0003,0,0,0,0,0,0,0,0,ranket2.github.io,1.0
9479b6e386c65d8308a776e30350c0720c67b3c28fb4624920ac9199,pool1j3umdcuxcewcxz98wm3sx5xqwgxx0v7z376xyjfq4jgejpvv8fz,Masterstake,MASTR,True,False,False,5826657921624,5834013483071,10012104023,500,313,3503,5,0.02,340000000,10000000000,1890644641922,137774459565,1613341202,False,0.0369,0.0134,0.0247,0.0210,0.0165,0.0218,0.0215,0.0236,0.0253,masterstake.com,1.0
88eb9f2d6bc1835026154016c7dc54b54e06dee61c2c238643969202,pool13r4e7tttcxp4qfs4gqtv0hz5k48qdhhxrskz8pjrj6fqy5qmee0,Solar Cyprus,SOLCY,True,False,False,5712059598036,5830399793334,28452161235,96,120,629,5,0,170000000,23000000000,232533782799,22440000000,1688579208,False,0.0252,0.0268,0.0299,0.0277,0.0334,0.0324,0.0264,0.0272,0.0235,,
1990682d1a5fba2fc076ab39c705f247cb9f7b4d41f4200bbd7817a6,pool1rxgxstg6t7azlsrk4vuuwp0jgl9e776dg86zqzaa0qt6vz43n9r,RAKUDA,RKD,True,False,False,5812810038428,5814586372538,3585229607,6,141,741,4,0.9999,340000000,4000000,52016395,306301222783,1688324497,False,0.0006,0.0000,0.0000,0.0000,0.0000,0.0000,0.0000,0.0000,0.0000,ibexpool.com,1.0
9495762e111912925166df9cfeee225fa1e866ed49c637273096c7e8,pool1jj2hvts3ryffy5txm7w0am3zt7s7sehdf8rrwfesjmr7shv0mgl,The pool of Vietnamese,FIDA,True,False,False,5853482090842,5802612440100,198322663266,370,332,2275,5,0.01,340000000,100000000000,1261640583620,124767624179,1604635672,False,0.0376,0.0135,0.0090,0.0120,0.0121,0.0206,0.0222,0.0201,0.0239,t.me/StakingADA,0.0
00beef9385526062d41cd7293746048c6a9a13ab8b591920cf40c706,pool1qzlwlyu92fsx94qu6u5nw3sy334f5yat3dv3jgx0grrsv0kp422,Blue Cheese Stakehouse,BCSH1,True,False,False,5838894981703,5785287416843,500027077179,712,353,4380,6,0.025,400000000,500001950000,2917819386124,216594405195,1596137231,False,0.0406,0.0348,0.0371,0.0318,0.0304,0.0230,0.0230,0.0227,0.0234,bluecheesestakehouse.com,2.0
844540411ea37a35689620b02570eec2a0e403c1207c92c1b7a4dfa0,pool1s3z5qsg75dar26ykyzcz2u8wc2swgq7pyp7f9sdh5n06qh3jhq2,1 Percent Pool #1 (v1),1PCT1,True,True,False,5758808473570,5760229756642,66537713580,392,353,5068,7,0.01,340000000,50000000000,3930237956163,159152697009,1596065031,True,0.0450,0.0137,0.0137,0.0183,0.0176,0.0215,0.0213,0.0225,0.0218,1percentpool.eu,2.0
4288f97870679a1e1c3a92d4d6762332412fa85c7f5056b5f84ece8e,pool1g2y0j7rsv7dpu8p6jt2dva3rxfqjl2zu0ag9dd0cfm8guzg0lh0,Socious StakePool,SOCIO,True,False,False,5729780261296,5729452718414,384913545,24,117,487,7,0.03,340000000,0,151262662989,43747812295,1693545503,True,0.0237,0.0006,0.0007,0.0007,0.0093,0.0081,0.0151,0.0194,0.0237,socious.io,0.0
2523d71a1bd6376804e0bace048289a63455eb6340db81e616a11f9c,pool1y53awxsm6cmksp8qht8qfq5f5c69t6mrgrdcresk5y0ecv2yj93,RAMEN by 🥝Kiwipool Staking,RAMEN,True,False,False,5708739412924,5714555539783,222686500699,1062,348,6288,5,0.02,340000000,200369000000,3800010648395,195057758320,1596073451,True,0.0408,0.0181,0.0204,0.0227,0.0260,0.0208,0.0196,0.0214,0.0235,kiwipool.org,2.0
b046bd7ea0e09f16dc063c9ca5402d930346da176ce74d799fc98169,pool1kprt6l4quz03dhqx8jw22spdjvp5dkshdnn567vlexqkj35hd8a,Bedrock Staking,BDRK,True,False,False,5746400708630,5707031430618,32789520609,394,83,414,3,0,170000000,25000000000,136865020679,15826998455,1616037989,True,0.0266,0.0274,0.0270,0.0247,0.0245,0.0257,0.0259,0.0268,0.0268,,
7a4c1ee9d663dd8d3b1bedf13155cc624c5dfa95f432c30d198cd3c6,pool10fxpa6wkv0wc6wcmahcnz4wvvfx9m7547sevxrge3nfuv7yh8m0,GranADA Pool,GRANA,True,False,False,5876555749589,5673412775872,33490172941,452,209,1600,5,0,340000000,30000000000,696578783793,70388092553,1618839389,False,0.0296,0.0180,0.0201,0.0193,0.0185,0.0192,0.0195,0.0220,0.0243,,
15b5c3202b12c66377626bf881af87a9907dc89b6a8d86b0c0e8823e,pool1zk6uxgptztrxxamzd0ugrtu84xg8mjymd2xcdvxqazpruqt9r3x,ADA Ocean One,OCEA1,True,False,False,6171772837276,5659962478863,10100000000,635,333,6517,7,0.009,170000000,10000000000,4268904016890,133738026639,1604619011,True,0.0442,0.0405,0.0233,0.0233,0.0241,0.0248,0.0253,0.0259,0.0267,adaocean.com,5.0
00beef534478b59ba0b2b646348c8d1f81f60bf40a2195c6378dd5db,pool1qzlw756y0z6ehg9jkerrfrydr7qlvzl5pgset33h3h2akst593a,Blue Cheese Stakehouse,BCSH5,True,False,False,5695075083386,5655784218533,10001979702,744,313,3534,2,0.02,340000000,10000000000,1736678313954,160355158710,1612064300,False,0.0361,0.0136,0.0159,0.0257,0.0180,0.0221,0.0216,0.0214,0.0255,bluecheesestakehouse.com,5.0
96aa57f4af0652c800cde0d25288bf6d1e35aefd11770d60e6bf8f0a,pool1j6490a90qefvsqxdurf99z9ld50rtthaz9ms6c8xh78s52veuq2,Cardano Education Thailand,CETH,True,False,False,5612823813446,5596583491924,31249829427,2940,321,1930,5,0.01,340000000,25000000000,908526016906,119754881590,1606901971,False,0.0319,0.0375,0.0328,0.0296,0.0273,0.0291,0.0260,0.0229,0.0241,cardano-education.com,0.0
39a561d4c1861c687579748bf06342f558e2bc04c49af70c81c8332d,pool18xjkr4xpscwxsatewj9lqc6z74vw90qycjd0wrypeqej673j5u8,TAM Stake Pool,TAM,True,False,False,5572266237352,5575463134597,2493245591,12,284,2273,4,0.03,340000000,2000000000,1139517304836,131109908943,1626796941,False,0.0350,0.0370,0.0254,0.0247,0.0240,0.0198,0.0210,0.0241,0.0236,,
7874e696cf4baca102c098067ca483f2370d2bdc958ad322dadf650b,pool10p6wd9k0fwk2zqkqnqr8efyr7gms627ujk9dxgk6majskhawr6r,Blockchain Better Have My Money 💰,BBHMM,True,True,False,5388370620418,5517632134286,550865995754,367,288,1258,8,0.01,340000000,550000000000,503090692854,106122839624,1596396311,True,0.0284,0.0337,0.0264,0.0273,0.0202,0.0180,0.0205,0.0211,0.0222,,
09340f1229f485a7ed7495e0369b5f02f8cc3d58b810c70a42e930b0,pool1py6q7y3f7jz60mt5jhsrdx6lqtuvc02chqgvwzjzayctqhgzzge,WSKS,WSKS,True,False,False,5507831127783,5509252195605,3979700777,17,193,972,8,0.2,500000000,100000000,266268721769,161111840224,1665285905,False,0.0183,0.0098,0.0060,0.0137,0.0144,0.0122,0.0135,0.0143,0.0167,,
da23e855d5e0a1b72bd384c4adb93ff9e0deba6861233d53cbf4daf2,pool1mg37s4w4uzsmw27nsnz2mwfll8sdawngvy3n657t7nd0yjcd77e,TSC Stake Pool,TSC,True,False,False,5455553115021,5449794306412,5742469967,995,262,1458,4,0.02,340000000,5000000000,613962361948,100922688501,1631067267,False,0.0281,0.0187,0.0140,0.0157,0.0182,0.0195,0.0204,0.0215,0.0211,,
20fa3ee1959ac05e899272a7671d1537f9c977e23a42b5416238ddab,pool1yraracv4ntq9azvjw2nkw8g4xluujalz8fpt2stz8rw6k0zueuv,,,True,False,False,5405399742600,5408604031155,5408604031155,1,88,474,8,1,340000000,5210000000000,0,183300762547,1706068989,False,0,0,0,0,0,0,0,0,0,,
0a37c1f76e2bbae2e2c683026de2650e92da9bf496face1e52cbcd46,pool1pgmuramw9waw9ckxsvpxmcn9p6fd4xl5jmavu8jje0x5vuc00l0,ATARASHIIMONO Stake Pool,ATRMN,True,False,False,5374932677103,5376208841976,2247503032,12,242,1292,5,0.03,340000000,1000000000,529187407046,97935496107,1641550117,False,0.0283,0.0191,0.0216,0.0208,0.0169,0.0206,0.0218,0.0219,0.0228,atrmn.github.io,0.0
bc83d31fe955f785ea2630e01c9442dec8ec0c4e394888cfb8e3fa61,pool1hjpax8lf2hmct63xxrspe9zzmmywcrzw89yg3nacu0axzy0latu,無双63 ADA POOL,GG63,True,False,False,5348537296179,5350313693467,75715371696,3,169,865,1,0.02,340000000,9000000000,313069325139,63120895286,1610004091,False,0.0263,0.0194,0.0195,0.0195,0.0163,0.0196,0.0210,0.0210,0.0236,ada63pool.com,1.0
c485ab20bd3f105e59f3c50a0d3fbaf615a51f70a1c6d29d00a1fd27,pool1cjz6kg9a8ug9uk0nc59q60a67c2628ms58rd98gq587jwa2x5qt,Genius X 1,GENS1,True,False,False,5249095387884,5251531933987,35990147483,1796,252,4307,4,0,340000000,10000000000,512771946047,2015124459058,1638073370,False,0.0070,0.0052,0.0077,0.0118,0.0143,0.0105,0.0126,0.0133,0.0167,,
9dff03e4b074c90bfda895a76e56611e7a67fa9373feb1db63e8ef57,pool1nhls8e9swnyshldgjknku4npreax075nw0ltrkmrarh4w3skxt9,Cardano Dan's Stake Pool,DAN,True,True,False,5259650859012,5243629970708,101719868569,582,354,4456,4,0.025,340000000,100000000000,3235121134965,191888457923,1596073811,False,0.0445,0.0394,0.0196,0.0213,0.0221,0.0225,0.0225,0.0232,0.0218,cardanodan.github.io,0.0
7da52b944987bcc11821a802d33993bc4c7135270619e0e2cc6ddcf5,pool10kjjh9zfs77vzxpp4qpdxwvnh3x8zdf8qcv7pckvdhw02fu6unz,Stuff.io Stake Pool,STUFF,True,False,False,5467520496923,5232517408335,100108508325,1004,97,1007,6,0.99,170000000,100000000000,3864115136,399869056750,1707325317,False,0.0003,0.0003,0.0003,0.0003,0.0002,0.0003,0.0003,0.0003,0.0003,,
003e98e43df6cfe3bc2a91a9a3978a07dfa5b9ead7e91f79615d9428,pool1qqlf3epa7m8780p2jx5689u2ql06tw026l5377tptk2zswrc645,Create Planets Stakepool,CPS,True,True,False,5157089574941,5159431534353,54261244161,77,352,3158,4,0.03,340000000,1000000,2009089819578,181160480717,1596078531,False,0.0405,0.0350,0.0351,0.0297,0.0254,0.0246,0.0227,0.0225,0.0230,,
6b5180a258275c671690c94c704f074190e90ea900ed565b4c29abe8,pool1ddgcpgjcyawxw95se9x8qnc8gxgwjr4fqrk4vk6v9x47s0ggpjp,1 Percent Pool #8 (v1),1PCT8,True,True,False,5158482908665,5159071187649,66709792646,599,354,6556,5,0.01,340000000,50000000000,5624432923172,176660113439,1596065791,True,0.0470,0.0102,0.0153,0.0238,0.0238,0.0234,0.0223,0.0203,0.0224,1percentpool.eu,9.0
e7354b3ded0d75e04202d81dfd71ae9e5711404831e71b6e6ae80f58,pool1uu65k00dp467qsszmqwl6udwnet3zszgx8n3kmn2aq84sae8ha9,Nuvola Digital,NVL,True,False,False,5147995474429,5149341244129,3207869693,586,75,388,5,0.9999,170000000,0,13170463,144101108827,1716114814,False,0.0000,0.0000,0.0000,0.0000,0.0000,0.0000,0.0000,0.0000,0.0000,,
fcedaf183e9430acc484e4e290f40cb19e98e0e07efea2a327a71b94,pool1lnk67xp7jsc2e3yyun3fpaqvkx0f3c8q0ml29ge85udeghn2gvn,WIRA Pool,WIRA,True,False,False,5147619574998,5149043140776,508561914959,31,227,1017,6,0,340000000,487000000000,410071164219,76160911710,1596461011,False,0.0281,0.0155,0.0259,0.0277,0.0240,0.0201,0.0235,0.0243,0.0237,,
6c1c1fc2b1e3e1ac056f6dd4dd4c3b78e66bd01896ca6e98a4d2431e,pool1dswpls43u0s6cpt0dh2d6npm0rnxh5qcjm9xax9y6fp3uq880xm,Relay Stake Pool,RELAY,True,False,False,5338198664525,5126694866364,202398838917,359,89,345,7,0.01,340000000,200000000000,104722896402,24400769649,1622207828,False,0.0210,0.0280,0.0275,0.0241,0.0131,0.0105,0.0150,0.0212,0.0214,,
607a7ae66035ef4bcc840e40985e0805e724888d6a01e15569df597d,pool1vpa84enqxhh5hnyypeqfshsgqhnjfzyddgq7z4tfmavh68c9s9p,Chaos,CHAOS,True,False,False,5108600987336,5109527912310,94921931480,59,285,1362,9,0.01,340000000,60000000000,591931141872,102377329029,1618782047,False,0.0301,0.0256,0.0231,0.0189,0.0199,0.0217,0.0214,0.0236,0.0232,,
9b922e2f7bd657422f5b6db4d8fe14f013b74b2fbbb1908e2d9e8fbe,pool1nwfzutmm6et5yt6mdk6d3ls57qfmwje0hwcepr3dn68mu9wl0pd,Game Industrial Japan Pool 🎮,GAIN💎,True,False,False,5074821287550,5074255056529,112568743173,51,175,1003,3,0,400000000,100000000000,363604637217,57780000000,1623923042,False,0.0259,0.0148,0.0149,0.0132,0.0149,0.0197,0.0194,0.0208,0.0246,,
0ca929e6ee92d75cc13f7c554b8e313cca7646d873a3042319a17882,pool1pj5jnehwjtt4esfl0325hr338n98v3kcww3sggce59ugyf2f883,mimosa,MIMSA,True,False,False,5106172458008,5067456766052,24199379719,5,87,424,6,1,340000000,100000000,42208039272,118612419361,1710219973,False,0.0070,0,0,0,0,0,0,0,0.0062,,
ca3933242172d1f2722b3eabc07b4478b8fa43c1937b1c9505a4ddf7,pool1egunxfppwtglyu3t864uq76y0zu05s7pjda3e9g95nwlwc5ye2h,Aus Staker,AUSST,True,False,False,5047472259031,5048518978242,660022813900,126,282,889,3,0.009,170000000,650000000000,432950564497,80320216707,1596781771,False,0.0332,0.0422,0.0328,0.0297,0.0235,0.0212,0.0194,0.0201,0.0205,,
99127328c3fed20710b0b807f32b10ccd731125b30de38b9ff973a01,pool1nyf8x2xrlmfqwy9shqrlx2csentnzyjmxr0r3w0ljuaqz5ek7qz,1 Percent Pool #6 (v3),1PCT6,True,True,False,5006052302033,5009250330473,66943660035,119,311,5700,3,0.01,340000000,50000000000,3204819051139,137466261010,1615014779,True,0.0373,0.0422,0.0369,0.0334,0.0238,0.0265,0.0248,0.0239,0.0242,1percentpool.eu,27.0
fc5cd04719c2a32eb6cb560d13d58b437d49e3bc8c61b1856e91fd35,pool1l3wdq3cec23jadkt2cx384vtgd75ncau33smrptwj87n2wedc0d,Diamond,PIVT,True,False,False,4996949230054,4998725571171,61681729561,11,240,1081,2,1,340000000,1000000000,0,519584642905,1644581001,False,0.0002,0,0,0,0,0,0,0,0,,
87021d7881cff6817040033a3c6b0246d11421c198e69195e60a7000,pool1supp67ypelmgzuzqqvarc6czgmg3ggwpnrnfr90xpfcqqf8h05t,1 Percent Pool (v1),1PCT,True,True,False,5035328680897,4981769221833,66931703917,664,354,6402,5,0.01,340000000,50000000000,5084730419251,171164002695,1596064671,True,0.0467,0.0210,0.0263,0.0281,0.0211,0.0234,0.0215,0.0239,0.0245,1percentpool.eu,0.0
22e020d0ea6ecbca727ade58b2e048c4f80ba7ee48cbf257960e418e,pool1ytszp582dm9u5un6mevt9czgcnuqhflwfr9ly4ukpeqcughryqh,LegaSystems,LEGA,True,False,False,4937213432491,4938638317619,888432330436,83,289,1172,3,0.02,340000000,800000000000,511443998343,108051084880,1612042881,False,0.0277,0.0159,0.0319,0.0373,0.0285,0.0254,0.0233,0.0196,0.0196,,
b1e1a8dd86fd393abe297fdc0d9fc9f418e9aa5e60729fa38165ae0b,pool1k8s63hvxl5un403f0lwqm87f7svwn2j7vpeflgupvkhqkjpknut,,,True,False,False,4933920682629,4910259848967,4279516480,2,18,86,8,0.06,170000000,100000000,22721899312,4170333989,1734602172,False,0.0100,0.0226,0.0150,0.0175,0.0173,0.0175,0.0181,0.0100,0.0100,,
4690a6bcbfc9eedd4d8595c9d665cd9b8ebe3e6d82ebf0120d7bc7c5,pool1g6g2d09le8hd6nv9jhyavewdnw8tu0ndst4lqysd00ru24cav0a,ONYX Stake Pool #2,ONYX,True,True,False,4897903385103,4902170884586,250293426756,378,347,8465,6,0.01,170000000,250000000000,5161207195599,152605460198,1596114671,True,0.0416,0.0295,0.0296,0.0296,0.0230,0.0289,0.0263,0.0268,0.0265,onyxstakepool.com,1.0
80cb48c2953a78d25f69dbcea305fbcce0c520c25d401cd75a259cf1,pool1sr953s548fudyhmfm082xp0mensv2gxzt4qpe466ykw0z3jjzvv,ADABreathes,AIR,True,False,False,4854866504773,4851632770607,25785782689,368,321,3485,7,0.01,340000000,25000000000,1885855457488,128871442655,1596498811,False,0.0344,0.0380,0.0298,0.0253,0.0213,0.0209,0.0237,0.0207,0.0220,,
d6323bbbf63cc1e1879918ea879d614641eeba7741856277f83cce69,pool16cerhwlk8nq7rpuerr4g08tpgeq7awnhgxzkyalc8n8xjwzxqm3,PlanningT,PLNGT,True,False,False,4842359442768,4844135783884,7926424554,14,234,1066,3,1,340000000,1000000000,0,516366127410,1643115673,False,0.0003,0,0,0,0,0,0,0,0,,
3c947f2150c633fcd157b9b0fc42ca45d28bba6d06ca4edda09de568,pool18j287g2sccele52hhxc0csk2ghfghwndqm9yahdqnhjks840wtq,ADA Ape Pool,APE,True,False,False,4810784486047,4801020973713,35730392289,1163,279,2237,2,0.025,340000000,25000000000,1099941304550,122478967580,1628793730,False,0.0340,0.0316,0.0290,0.0193,0.0133,0.0167,0.0191,0.0190,0.0210,,
5ca3c3845af455c22b8b8c0afcbe473be44e164f664ac5f0a2950c24,pool1tj3u8pz6732uy2ut3s90e0j880jyu9j0ve9vtu9zj5xzglhdlqy,RIPI Stake Pool,RPSP,True,False,False,4807044606726,4798009681541,4864334351,23,266,1762,5,0,340000000,1000000,826024471989,89760000000,1631776461,False,0.0313,0.0111,0.0194,0.0222,0.0148,0.0200,0.0220,0.0206,0.0215,ippei76.github.io,1.0
de1d84fcbacbbc51ee5511b371c621a5335ce94d5d5d720d4c066107,pool1mcwcfl96ew79rmj4zxehr33p55e4e62dt4whyr2vqesswp9mmvz,MIYABI KYOTO,MYB,True,False,False,4733093799580,4733447032002,3737099160,279,279,1239,3,0,340000000,1000000000,547895037711,94520000000,1624290371,False,0.0292,0.0280,0.0281,0.0338,0.0254,0.0213,0.0210,0.0197,0.0214,,
ea90b56d9c4d04c583ec728c8b415948b310d4653d12bd281aaff9df,pool1a2gt2mvuf5zvtqlvw2xgks2efze3p4r985ft62q64lua7gx7lal,Salt Pool - Hosky ISPO,SALT,True,False,False,4834254138406,4703403321531,101755803087,442,302,1029,3,0,170000000,100000000000,477555691770,92792876369,1596235451,False,0.0313,0.0300,0.0273,0.0209,0.0202,0.0183,0.0220,0.0218,0.0232,,
903e554b27f6c66a2032bedc3d74fdf6b58b2f09a05e13b9af71807f,pool1jql92je87mrx5gpjhmwr6a8a766cktcf5p0p8wd0wxq87nu80yf,Digital Fortress,DIGI5,True,False,False,4699937828561,4697889027000,100026623089,978,317,2209,3,0.025,170000000,100000000000,1129124814719,102897762477,1611543306,True,0.0343,0.0244,0.0190,0.0172,0.0237,0.0223,0.0234,0.0217,0.0227,digi.pro,4.0
2f73a35c508608125faf8404c2bcce942ea7dcd9c1a41c009385d3d7,pool19ae6xhzsscypyha0sszv90xwjsh20hxecxjpcqynshfawvwxqnn,genePool One,GENE,True,True,False,4643788702601,4642030471113,1334139083616,175,352,1857,8,0.018,340000000,1000000000000,937122159346,137010371465,1596099431,True,0.0354,0.0113,0.0114,0.0095,0.0199,0.0185,0.0164,0.0186,0.0216,,
e8167261090f590718d0f6fd338c55eac1fecc38da7d14028f1ec67e,pool1aqt8ycgfpavswxxs7m7n8rz4atqlanpcmf73gq50rmr8um7nde8,KEI,KEI,True,False,False,4604640670616,4608549374003,94893533169,26,324,4661,2,0.05,340000000,50000000000,2867340474593,262127339635,1605948636,False,0.0417,0.0380,0.0208,0.0202,0.0191,0.0223,0.0209,0.0207,0.0226,,
44d7fba88039561837d64773c1e7728c34f1c300edc9fa280263cc7f,pool1gntlh2yq89tpsd7kgaeuremj3s60rscqahyl52qzv0x87mt22rq,Korea Pool,KOR,True,False,False,4737259452507,4588747449042,11500961522,240,232,1755,5,0,340000000,10000000000,766486941681,78200000000,1631173004,False,0.0309,0.0112,0.0141,0.0150,0.0206,0.0178,0.0174,0.0225,0.0249,,
00beef284975ef87856c1343f6bf50172253177fdebc756524d43fc1,pool1qzlw72zfwhhc0ptvzdpld06szu39x9mlm6782efy6sluz932fx6,Blue Cheese Stakehouse,BCSH2,True,False,False,4511119635448,4513833216923,10001967599,796,354,4354,3,0.02,340000000,10000000000,2838704254769,218489481476,1596678751,False,0.0429,0.0399,0.0371,0.0362,0.0227,0.0223,0.0219,0.0210,0.0207,bluecheesestakehouse.com,3.0
be7e2461a584b6532c972edca711fa466d7d0e8a86b6629fc0784ff6,pool1helzgcd9sjm9xtyh9mw2wy06gekh6r52s6mx987q0p8lvklwura,Shamrock,SHA☘,True,False,False,4451554411185,4449231912863,32385504205,944,324,3068,6,0.015,340000000,31500000000,1673234631954,128060968026,1606430391,False,0.0368,0.0235,0.0325,0.0355,0.0306,0.0257,0.0234,0.0233,0.0236,,
bc7b9907c9fcfd5dbba3e8253d51998ca827007e759e1ec30b3f9c1b,pool1h3aejp7fln74mwaraqjn65ve3j5zwqr7wk0pasct87wpkv0aspm,BEAST Pool,BEAST,True,False,False,4417161675015,4417374255547,1004222631783,150,315,3066,5,0.03,340000000,1000000000000,1654851039401,156358725867,1607294211,False,0.0378,0.0060,0.0118,0.0138,0.0167,0.0172,0.0157,0.0181,0.0210,beastlyorion.github.io,0.0
9a881d6856d6e31820f653ef066ec55bbc6ce60e1370935e662df659,pool1n2yp66zk6m33sg8k20hsvmk9tw7xeeswzdcfxhnx9hm9jkxv5k4,ONE Pool,ONE1,True,False,False,4389744838224,4391799187559,113712224266,940,304,3103,1,0.01,340000000,100000000000,1686833863802,119815017017,1616611314,False,0.0359,0.0120,0.0181,0.0161,0.0119,0.0152,0.0160,0.0183,0.0200,,
d1d6f37f6f6ada84f9b472b63dfb9f83ab8105ca2f88c186d928772c,pool168t0xlm0dtdgf7d5w2mrm7ulsw4czpw297yvrpke9pmjcc9hz7k,CCJ4,CCJ4,True,False,False,4367561925635,4369483312485,10005433537,18,325,3747,0,0.048,170000000,10000000000,2479457704359,219290491851,1605950727,False,0.0437,0.0376,0.0347,0.0279,0.0232,0.0240,0.0258,0.0242,0.0230,cardano.ipclub29.com,7.0
969b78926481d5e944e5f680f04611c16e1120d57da58056be55f5bf,pool1j6dh3ynys827j38976q0q3s3c9hpzgx40kjcq4472h6m7d3t0hm,"KIND, The Charitable Pool",KIND,True,False,False,4364450613725,4364179762437,175773169188,494,336,2910,3,0.03,340000000,100000000000,1707264109920,166735880355,1602270624,False,0.0386,0.0236,0.0236,0.0178,0.0139,0.0179,0.0179,0.0194,0.0199,,
cd5721fe2ccf9b803bbe787266c3493fff67acc67951b88ebbaf9599,pool1e4tjrl3ve7dcqwa70pexds6f8llk0txx09gm3r4m472ej4p6473,1 Percent Pool #8 (v2),1PCT8,True,True,False,4356007720360,4359225588405,66699634826,275,333,4392,3,0.01,340000000,50000000000,2967726925105,142633309928,1604995591,True,0.0443,0.0423,0.0211,0.0201,0.0162,0.0171,0.0200,0.0225,0.0211,1percentpool.eu,20.0
cad26081dead359bc63e0f8d4941863775e4c1bc64f7cc658303b38b,pool1etfxpqw7456eh337p7x5jsvxxa67fsduvnmucevrqweckex3nhl,KayabukiStakePool,KYBK,True,False,False,4335023246533,4333143937031,28382772613,11,128,563,3,0,170000000,24000000000,202715307486,27452580364,1687075615,False,0.0267,0.0213,0.0306,0.0275,0.0287,0.0230,0.0260,0.0253,0.0261,,
4ed1c8475cc3e497bbf00a5827266faec51ad9c3cce1b02122b33cba,pool1fmgus36uc0jf0wlspfvzwfn04mz34kwrensmqgfzkv7t58dejw4,We are Grabbers,GRAB,True,False,False,4327921951816,4330055167217,302218300733,113,321,1407,9,0.01,340000000,200000000000,664756806872,115246519931,1607245512,False,0.0320,0.0304,0.0175,0.0192,0.0210,0.0185,0.0178,0.0194,0.0195,,
90454dd6894d47a5cc1e9d16ed4536b876e8e08c3c274d15caa98ff9,pool1jpz5m45ff4r6tnq7n5tw63fkhpmw3cyv8sn569w24x8lj3kl68c,Adapolis,ADP,True,False,False,4338841534095,4326745675999,509395419389,353,326,1560,3,0.01,170000000,10000000000,872345102808,100857954274,1598195516,False,0.0378,0.0031,0.0181,0.0171,0.0183,0.0205,0.0262,0.0265,0.0234,,
0e7a4cec5fb6f0e9eab8ad29b31e066f44b03cdc616ed37c2fb62061,pool1peayemzlkmcwn64c455mx8sxdaztq0xuv9hdxlp0kcsxz57up3z,AIDpool1,AID1,True,False,False,4294037778170,4284867573433,51172928557,39,222,486,5,0.01,340000000,50000000000,160219173052,78070676095,1622546856,False,0.0230,0.0062,0.0123,0.0164,0.0184,0.0166,0.0157,0.0191,0.0175,,
f0e708ba4407cb2414d6138b739d2fb416dd1621deb8371b6ccc8088,pool17rns3wjyql9jg9xkzw9h88f0kstd693pm6urwxmvejqgsyjw7ta,0 Percent Pool,0PCT,True,False,False,4279999388220,4280085483429,759884097,268,349,3097,3,0,840000000,10000000,2209672721482,267338718142,1596252451,False,0.0410,0.0038,0.0069,0.0059,0.0101,0.0081,0.0094,0.0142,0.0142,,
32c6e03b9a94ce5d40527408634b02feaf82c015fde9d368e9f35714,pool1xtrwqwu6jn896szjwsyxxjczl6hc9sq4lh5ax68f7dt3gc0y9rx,Nerd Stake Pool,NERD2,True,False,False,4274838338490,4273918298311,2500000000,1150,257,1752,2,0.04,340000000,2500000000,838754524187,121593773951,1637706513,False,0.0323,0,0.0088,0.0098,0.0108,0.0162,0.0177,0.0184,0.0188,stakewithnerd.com,1.0
455778840915ea2ec843bfee7269c1e0963b08ce5d1cdf029e39cb59,pool1g4th3pqfzh4zajzrhlh8y6wpuztrkzxwt5wd7q578894j06gwfc,FEEL,FEEL,True,False,False,4249083083569,4249439865844,37282057961,279,262,2572,5,0,340000000,25000000000,1348413747034,89851518490,1609345591,False,0.0342,0.0003,0.0094,0.0104,0.0104,0.0182,0.0201,0.0206,0.0226,,
5977a2ca8bbb156c964b2def041bfd456a2f64615415cb6023e3aee0,pool1t9m69j5thv2ke9jt9hhsgxlag44z7erp2s2ukcpruwhwqarc9np,Centimani Stake Pool,CEMA1,True,True,False,4145940644010,4146905368561,106063680021,54,334,1306,2,0.03,170000000,100000000000,701249988839,114156621594,1596183071,False,0.0345,0.0154,0.0077,0.0103,0.0213,0.0237,0.0224,0.0234,0.0232,,
921dc3fc11681ad9ccde08c9bc23041808f4b7e8ba231be557db8ab5,pool1jgwu8lq3dqddnnx7prymcgcyrqy0fdlghg33he2hmw9t2gma3zd,KIWI¹ by 🥝Kiwipool Staking,KIWI,True,True,False,4112706047773,4113766296575,222633294084,658,347,3280,5,0.02,340000000,200369000000,1834901186503,154736002353,1596071151,True,0.0361,0.0190,0.0191,0.0255,0.0213,0.0255,0.0216,0.0220,0.0230,kiwipool.org,1.0
a6fc7ec669c64333e6c411b50e9c99323d8043391aacbe2b49f7cb29,pool15m78a3nfcepn8ekyzx6sa8yexg7cqseer2ktu26f7l9jjq0e502,NOBI,NOBI,True,False,False,4110587959797,4111298493432,5928270161,12,344,5883,5,0.05,340000000,3000000,3369077841082,284903058703,1597128591,False,0.0339,0.0063,0.0154,0.0144,0.0196,0.0171,0.0191,0.0195,0.0213,,
e11427a833aff02b782a0fd93b087bfacdb0414b7d5a545cd45bd8ed,pool1uy2z02pn4lczk7p2plvnkzrmltxmqs2t04d9ghx5t0vw6e4t0qn,Cardano.Amsterdam,AMS01,True,False,False,4084389593533,4065998256649,200011942698,71,301,958,4,0.02,170000000,200000000000,404621444928,92885194935,1606849041,False,0.0291,0.0481,0.0284,0.0219,0.0155,0.0200,0.0178,0.0203,0.0188,,
68f866aa0448d8066426be9e913c171f7f8cc07c0def4eaf92e5df2b,pool1druxd2syfrvqvepxh60fz0qhralcesruphh5atujuh0jktjy0ma,Black Star Stake Pool,BSSP,True,True,False,4026540761836,4053998179001,52652752156,1067,338,3838,7,0.0199,170000000,10000000000,2412239770664,157772184069,1596577791,False,0.0417,0.0339,0.0233,0.0220,0.0108,0.0123,0.0117,0.0145,0.0183,blackstarpool.com,0.0
59ebe72ae96462018fbe04633100f90b3066688d85f00f3bd254707f,pool1t847w2hfv33qrra7q33nzq8epvcxv6ydshcq7w7j23c87xv2c2k,CardaPool.com - 0% Fees!,CAPO,True,False,False,4041842048903,4040946767075,30003015986,1259,237,705,2,0,340000000,30000000000,240784676139,79916328103,1617908706,False,0.0233,0.0329,0.0229,0.0174,0.0177,0.0208,0.0189,0.0190,0.0177,,
9a5212687efd799ce5a2630505f54c590a8d6d795eafce5d222326db,pool1nffpy6r7l4ueeedzvvzsta2vty9g6mtet6huuhfzyvndkwd35dl,ADA Labo,ALAB,True,False,False,546854185913,4007295944968,107090435,33,1,1,1,0,340000000,100000000,0,0,1742373825,False,0,0,0,0,0,0,0,0,0,thc-room335.com,6.0
b352298733374ae760475bb3cd86b4b52fe3dcf7fd61f678e969030e,pool1kdfznpenxa9wwcz8tweump45k5h78h8hl4slv78fdypsug9ypc6,DOW Pool,DOW,True,False,False,3992079097221,3993500332064,32441392795,49,284,2321,2,0.015,340000000,30000000000,1186989659060,111949728479,1624948430,False,0.0343,0.0199,0.0233,0.0178,0.0245,0.0205,0.0170,0.0190,0.0218,,
7782b3a9574a1d179a767064213e03a061995a006e1aeafdfb8463f8,pool1w7pt822hfgw30xnkwpjzz0sr5psejksqdcdw4l0ms33lsgynp2e,COOL4,COOL4,True,False,False,3955198236225,3951908870561,101396558949,236,328,3514,2,0.015,170000000,100000000000,2353013586031,136429725128,1604642956,False,0.0435,0.0102,0.0051,0.0091,0.0143,0.0154,0.0189,0.0216,0.0248,stakecool.io,4.0
e87816500b4855dea8df18852119fc968fa4467a2d3b1516603ca926,pool1apupv5qtfp2aa2xlrzzjzx0uj686g3n695a329nq8j5jvvzumz0,Ridge Line Pool,RIDGE,True,False,False,3957687475963,3895574687878,10992964601,18,153,567,2,0.01,170000000,10000000000,205379827269,34868464778,1673252408,False,0.0265,0.0165,0.0299,0.0301,0.0236,0.0294,0.0275,0.0225,0.0244,,
654d96593e499e70889eeae16a15ad8682f8349fd1b77726bbbf8a6d,pool1v4xevkf7fx08pzy7atsk59dds6p0sdyl6xmhwf4mh79x6l5p6kx,DISCO CLUB,DIVY,True,False,False,3900734827353,3889878168624,11164288096,548,347,4921,7,0.02,340000000,10000000000,3754734935117,173088827507,1596281991,False,0.0452,0,0,0.0023,0.0101,0.0169,0.0147,0.0207,0.0202,julienadatrain.github.io,0.0
b81c65f4e17c8e94d89fcd369d11077af9800ae70177013a1a79b349,pool1hqwxta8p0j8ffkyle5mf6yg80tucqzh8q9mszws60xe5ja06nwa,Don’t underestimate the Force,LUKE,True,False,False,3885456937863,3886523348093,1744709294887,117,314,1322,4,0,340000000,150000000000,514908866035,118739033733,1607278803,False,0.0310,0.0138,0.0241,0.0345,0.0347,0.0307,0.0268,0.0222,0.0200,,
be45db0683555ed2553886fdb4b620076f86107791efff79e436cc61,pool1hezakp5r240dy4fcsm7mfd3qqahcvyrhj8hl770yxmxxzdwvcre,HIT Pool,HIT,True,False,False,3859083724988,3854518577974,2562837813,7,172,626,6,0.9,340000000,500000000,24915795974,254245037547,1661142821,False,0.0027,0,0.0004,0.0009,0.0014,0.0015,0.0017,0.0019,0.0020,,
8088a5b6523f6bd6475475a20524082c07ffed6f89e39d30a1d6ab34,pool1szy2tdjj8a4av365wk3q2fqg9srllmt0383e6v9p664ng076x9e,XRAY | Network,XRAY5,True,False,False,3836891725043,3833729769072,1001038275,440,235,2149,5,0.01,340000000,1000000000,1086051872559,80484677046,1631471759,False,0.0323,0.0138,0.0070,0.0093,0.0105,0.0174,0.0202,0.0217,0.0223,xray.app,4.0
bba38410de5b0d75242daeac580103e72814cc4baccdc2314ef4ffbe,pool1hw3cgyx7tvxh2fpd46k9sqgruu5pfnzt4nxuyv2w7nlmusutda2,THREE Pool,THREE,True,False,False,3833486880728,3822328697131,43664117443,102,329,1285,2,0.03333,333000000,33333000000,612511613576,133008955448,1600010119,False,0.0311,0.0473,0.0405,0.0337,0.0270,0.0196,0.0187,0.0204,0.0196,,
00beef68425d90f50c8e2102476a0f42ec850836e9affd601ecf7804,pool1qzlw76zztkg02rywyypyw6s0gtkg2zpkaxhl6cq7eauqg8h9659,Blue Cheese Stakehouse,BCSH6,True,False,False,3814924820458,3814924820458,500023706502,418,316,2391,5,0.025,400000000,500001950000,1235836442782,157808833098,1612064739,False,0.0349,0,0.0097,0.0129,0.0159,0.0136,0.0160,0.0210,0.0217,bluecheesestakehouse.com,6.0
d65467e9d63f124ed903101f82868bda6ffd39f83bc7d30de65a288f,pool16e2x06wk8ufyakgrzq0c9p5tmfhl6w0c80raxr0xtg5g7aakhgh,Codanar,CDN,True,False,False,3280668817868,3788445006832,115567158967,501,267,991,4,0.01,340000000,100000000000,368650746265,94129029128,1628173122,False,0.0261,0.0082,0.0122,0.0109,0.0195,0.0259,0.0242,0.0221,0.0203,,
2dd6fd6af3442499b23b4c307e152817eaea0303ddcffd0821706fa8,pool19ht066hngsjfnv3mfsc8u9fgzl4w5qcrmh8l6zppwph6s2t7jn4,4GOOD Stake Pool,4GOOD,True,False,False,3779365953501,3780402506506,1008957501699,139,344,1436,4,0.02,170000000,1000000000000,709788615274,116094291252,1597290591,False,0.0340,0.0103,0.0242,0.0242,0.0266,0.0243,0.0236,0.0262,0.0242,,
663317cb93319fa42afd3b9cf5600826ab524b45cdee8518b4067d15,pool1vce30junxx06g2ha8ww02cqgy644yj69ehhg2x95qe7323zfznp,Infinia Stake Pool Japan,ISPJ,True,False,False,3766932799285,3767288066331,1210709621,17,191,756,5,0,340000000,168000000,277897739972,64797009614,1664518389,True,0.0259,0.0003,0.0003,0.0073,0.0143,0.0167,0.0187,0.0182,0.0192,infiniastakepool.com,1.0
8e9c37a1516b8adee6dc20168b475a611db86b79cc0280ee376a3860,pool136wr0g23dw9daekuyqtgk366vywms6meespgpm3hdguxqczaaug,David Likes Crypto ADA Stakepool,DAVID,True,False,False,3767268364753,3765416201610,36225862766,1115,351,3472,1,0.05,340000000,35000000000,2235865068868,236765419914,1596241351,False,0.0417,0.0199,0.0167,0.0134,0.0146,0.0201,0.0208,0.0186,0.0190,,
118af2b045067d1eb1816bc9e0030e11d294b27c0e89c02b27b83f58,pool1zx909vz9qe73avvpd0y7qqcwz8fffvnup6yuq2e8hql4svk9xr7,UN_ADA_SDGs,SDGs,True,False,False,3730027779311,3730356183702,8268529130,257,307,1899,1,0,340000000,2000000000,941680205839,103700000000,1614997901,False,0.0342,0.0003,0.0142,0.0142,0.0166,0.0173,0.0219,0.0219,0.0206,,
aa8b94010cd3c7199be1d619079c184a59e6f1ad930926bc2bd38579,pool1429egqgv60r3nxlp6cvs08qcffv7duddjvyjd0pt6wzhj7akda8,NASEC pool,NASEC,True,False,False,3699671666872,3701291745906,65979265707,208,308,1456,2,0.01,340000000,50000000000,681657366939,110972025301,1598297014,False,0.0329,0.0285,0.0358,0.0262,0.0227,0.0198,0.0228,0.0234,0.0229,,
4351216c25d5acf6be12a9d5aa51c0f80f25e2ab299c73092e49aab9,pool1gdgjzmp96kk0d0sj482655wqlq8jtc4t9xw8xzfwfx4tjyq73hw,Luna 9,LUNA9,True,False,False,3694984433745,3701083431956,251861355971,26,294,852,4,0.02,340000000,250000000000,335066731358,106142289857,1616207297,False,0.0281,0.0283,0.0284,0.0355,0.0309,0.0261,0.0236,0.0225,0.0238,,
1a905733d222fd7e9103d8f0a5c16ad9f65840638e3457a521a97972,pool1r2g9wv7jyt7haygrmrc2tst2m8m9ssrr3c690ffp49uhywhvmdl,Crypto Functional,CRFN,True,True,False,3700483949866,3691919068446,809002580272,127,261,1024,3,0,170000000,750001000000,482648199907,72292532582,1616545336,False,0.0302,0.0251,0.0215,0.0227,0.0180,0.0240,0.0194,0.0178,0.0219,,
281f1aa1feb755f5bb1173a59e78ae5167fea70f728219e6810f28ee,pool19q034g07ka2ltwc3wwjeu79w29nlafc0w2ppne5ppu5wud60rgq,Hedges Stake Pool,HEDGE,True,False,False,3631196346985,3637321467730,52389537703,126,246,926,4,0,170000000,50000000000,433474596137,66933421020,1615135676,False,0.0312,0.0397,0.0547,0.0473,0.0401,0.0248,0.0243,0.0222,0.0224,,
0fd17893d565ed2f7dee0997372c2a5604903df5ee8a4abd215a515b,pool1plgh3y74vhkj7l0wpxtnwtp22czfq004a69y40fptfg4kntvypm,TeeNode,Tee,True,False,False,28895050876779,3611978243376,10858450527,7,75,1498,32,0.1,340000000,2000000,455024583365,75378287003,1714028264,False,0.0225,0.0212,0.0238,0.0240,0.0248,0.0256,0.0249,0.0241,0.0225,,
fd2a060be85493dfdb03eecb6343a76636823d223d680a202b900f65,pool1l54qvzlg2jfalkcram9kxsa8vcmgy0fz845q5gptjq8k20kzg2r,RADAR Stake Pool,RADAR,True,False,False,3588631884544,3589699829581,117099969945,135,264,1407,4,0.01,340000000,100000000000,688176356715,96068888771,1617326273,False,0.0341,0.0147,0.0185,0.0173,0.0186,0.0198,0.0186,0.0212,0.0230,,
472314c0412e6cf715366ad460cc3560a6c6314cbd9787b481e9d23a,pool1gu33fszp9ek0w9fkdt2xpnp4vznvvv2vhktc0dypa8fr53lc9pc,Arcadia's TESLA Pool,TESLA,True,True,False,3575431387413,3576142453837,262105788418,189,337,1885,6,0.01,170000000,200001000000,1064087114404,107886073267,1596168351,False,0.0394,0.0109,0.0173,0.0194,0.0183,0.0192,0.0218,0.0219,0.0237,arcadiastakepool.com,1.0
fd2ce4f1b300eee8dabf70b010f23a9f2650f18c1f8d3ecf823f5423,pool1l5kwfudnqrhw3k4lwzcppu36nun9puvvr7xnanuz8a2zx4jaek5,ADOPTion Stake Pool,ADOPT,True,False,False,3709469681648,3560612650656,23516252098,268,333,1388,6,0.042,340000000,250000000,677485468925,142228420776,1601680703,False,0.0324,0.0150,0.0189,0.0178,0.0166,0.0243,0.0235,0.0196,0.0210,adafrog.io,6.0
2f09336a66c36d0df40dc42f2454fe4f4311c23d312e3683be434081,pool19uynx6nxcdksmaqdcshjg487fap3rs3axyhrdqa7gdqgzgxss4y,JAPAN,JAPAN,True,False,False,3539774470927,3541906488134,70427961355,99,354,7180,3,0.05,340000000,50000000000,4911775288118,378554801074,1596064031,True,0.0426,0.0358,0.0179,0.0263,0.0240,0.0256,0.0247,0.0233,0.0243,tokyostaker.com,0.0
029378e3fa199ee6510325406a7eb7d5001927c6294db06b53049499,pool1q2fh3cl6rx0wv5gry4qx5l4h65qpjf7x99xmq66nqj2fj5g6u9z,AssurancePool,ASTCH,True,False,False,3296019561789,3494986949178,15461782694,228,62,871,6,0,170000000,5000000000,305972256149,12422547922,1616993147,False,0.0250,0,0.0138,0.0156,0.0241,0.0248,0.0249,0.0251,0.0249,,
19cb138eab81d3559e70094df2b6cb1742bf275e920300d5c3972253,pool1r8938r4ts8f4t8nsp9xl9dktzapt7f67jgpsp4wrju39xrdnaye,Fresco Pool,VENUS,True,False,False,3486524772293,3493985870293,73384741720,201,347,1778,2,0.0085,340000000,70000000000,923950006765,123903071917,1596125191,False,0.0345,0.0292,0.0183,0.0196,0.0172,0.0184,0.0163,0.0215,0.0239,,
78373839385285b7a61841de8b3802d539274ac0de16c3a0bf2fe877,pool10qmnswfc22zm0fscg80gkwqz65ujwjkqmctv8g9l9l58wqtelgg,WAAUS,WAAUS,True,False,False,3506467927147,3488049881950,101271414850,460,344,2991,5,0.008,170000000,30000000000,2012154634215,113532600260,1596093551,False,0.0436,0.0338,0.0300,0.0263,0.0251,0.0242,0.0229,0.0223,0.0221,,
dc6f409d5bd30a59b7b1f0f7969d83b01758e55d3b4e5b7b487532b8,pool1m3h5p82m6v99nda37rmed8vrkqt43e2a8d89k76gw5ets0gdyag,BankerLabs Pool,BANK,True,False,False,3475918196101,3477653098728,10000735777,1341,201,371,2,0.045,340000000,10000000000,111934109884,72567095011,1631756177,False,0.0199,0.0301,0.0227,0.0151,0.0214,0.0152,0.0140,0.0140,0.0125,,
d53f25f8c318719e2c5408725d439c73e5898d9743d346734f6a5e3a,pool165ljt7xrrpceutz5ppe96suuw0jcnrvhg0f5vu60df0r5mt0x0c,99% CSWAP DEX ISPO Pool [CSWP1],CSWP1,True,False,False,3570685804258,3467912682138,57735948524,554,191,855,5,0.99,340000000,1000000000,3295723858,390658618752,1663410515,False,0.0004,0.0004,0.0002,0.0002,0.0003,0.0003,0.0003,0.0002,0.0002,cswap.info,0.0
079c374160b0ae34a5a20b8e95a5b5c8766239b2984f13d7ab962791,pool1q7wrwstqkzhrffdzpw8ftfd4epmxywdjnp8384atjcnezchv242,Spectrum Pool,SPEC,True,False,False,3382595679090,3457587211467,526194888131,318,308,2674,7,0.01,170000000,314000000,1448624639904,107430909028,1597248391,False,0.0374,0.0343,0.0190,0.0267,0.0243,0.0244,0.0239,0.0243,0.0250,,
a3a542bf3a44361dad63349afcef16797afb957d1354e77bc0d37846,pool15wj590e6gsmpmttrxjd0emck09a0h9tazd2ww77q6duyvg8lyum,Husky pool,HUSKY,True,False,False,3238387872188,3439837366809,32027520385,1072,315,3003,0,0.03,340000000,10000000000,1722340627624,161704026920,1597844741,False,0.0412,0.0003,0.0082,0.0108,0.0214,0.0220,0.0201,0.0190,0.0209,huskypool.com,0.0
6a4a39566f5c45f0f6de34ef5e674b892e517ddeebd4eafcfd8583ef,pool1df9rj4n0t3zlpak7xnh4ue6t3yh9zlw7a02w4l8askp77up25rt,VEGASPool,VEGAS,True,False,False,3409639946729,3407505906001,227780613936,1027,337,1475,1,0.02,300000000,100002000000,728711963830,126604052429,1596061431,True,0.0318,0.0087,0.0049,0.0086,0.0136,0.0223,0.0213,0.0204,0.0227,,
68d8505aea5a000e630f904f8741c1deec9135a729e5df770fe3b659,pool1drv9qkh2tgqqucc0jp8cwswpmmkfzdd898ja7ac0uwm9j5d44tq,Nimuë Lady of the Lake Pool,NIMUE,True,False,False,3456173527183,3395401539866,1030667403085,105,266,623,2,0,170000000,1000000123456,207146669611,72420001520,1616359075,True,0.0289,0.0039,0.0040,0.0142,0.0148,0.0172,0.0196,0.0210,0.0222,,
37a4728a33f13c83c0967ea7dbe06eb3437bbb4d26d671c5093f3e4b,pool1x7j89z3n7y7g8syk06nahcrwkdphhw6dymt8r3gf8ulyksrzh5t,Allincrypto,ALLIN,True,False,False,3363578784875,3348538244147,3430325730,383,219,791,2,0.015,340000000,2550000000,293999033022,76830244438,1632310188,False,0.0245,0.0233,0.0156,0.0182,0.0209,0.0237,0.0176,0.0174,0.0210,itcpool.github.io,3.0
0ec6869e13bb1f39c8be3611e7cc00ba1ec2a22d7e4b197cec9aa2e3,pool1pmrgd8snhv0nnj97xcg70nqqhg0v9g3d0e93jl8vn23wxtsxz53,CALM,CALM,True,True,False,3344686159056,3347441883396,101678295405,305,353,4707,1,0.015,170000000,100000000000,3541939640055,160521766876,1596072571,False,0.0463,0.0515,0.0315,0.0276,0.0277,0.0291,0.0258,0.0243,0.0261,stakecool.io,1.0
693cb17b244a81dfaa589c2a076ea604e35462a3915a28d6c98685c9,pool1dy7tz7eyf2qal2jcns4qwm4xqn34gc4rj9dz34kfs6zuju477k7,Capital Stake Pool - live long and prosper.,CSP,True,True,False,3393431148575,3336490821768,10354438345,248,344,1331,3,0,340000000,10000000000,674024427944,104743311659,1596071791,False,0.0337,0.0423,0.0307,0.0294,0.0244,0.0283,0.0244,0.0206,0.0214,,
a54db65c3594c5e0ddd8ff5e5e30409ce38bd2bfba8821ad42999a8c,pool154xmvhp4jnz7phwcla09uvzqnn3ch54lh2yzrt2znxdgc4trp8x,Frogs on Cardano,LEAP,True,False,False,3284168796775,3285135480072,106427378,70,13,27,4,0.0199,170000000,100000000,3252083537,3620568058,1732734381,False,0.0117,0.0081,0.0064,0.0095,0.0111,0.0107,0.0137,0.0117,0.0117,,
91d030730d73b037e1c230d6e8bd80c05687c9bf1efbc051de22d803,pool1j8grqucdwwcr0cwzxrtw30vqcptg0jdlrmauq5w7ytvqx6nf5np,Da VINCI pool,VINCI,True,False,False,3283216870213,3284279651847,309695142820,84,284,817,4,0.01,170000000,250000000000,342935666385,81459028018,1608055716,False,0.0280,0.0200,0.0240,0.0254,0.0187,0.0174,0.0220,0.0229,0.0235,vincepool.com,1.0
18652168f6def2b2184bd8e0b1b9023fcc9d31edf3008714e3a18e3c,pool1rpjjz68kmmetyxztmrstrwgz8lxf6v0d7vqgw98r5x8rc50jrdf,Dew Staking Solutions,DEW,True,False,False,3278610758765,3282312721197,131547801089,1422,336,3021,9,0.02,340000000,105000000000,1889317640176,152520382482,1596457431,False,0.0422,0.0397,0.0278,0.0265,0.0250,0.0202,0.0173,0.0139,0.0184,dew-stake.com,0.0
7ed358aeebfc6d9ea28fd8fec077c7359c8f5fa3df2aea10438dbd26,pool10mf43thtl3keag50mrlvqa78xkwg7harmu4w5yzr3k7jvw0ap43,JORGE,JORGE,True,False,False,3293277464252,3276685967651,176479196944,384,313,1379,1,0,190000000,1000000000,674378387629,92169927574,1596168031,False,0.0335,0.0358,0.0196,0.0143,0.0184,0.0227,0.0227,0.0202,0.0235,,
398964318c3664acd3a17d6d0f29a74b6d9a8200cde2f875629906b9,pool18xykgvvvxej2e5ap04ks72d8fdke4qsqeh30satznyrtj88634d,TeqWyse Stake Pool,TQWS,True,True,False,3260114521022,3260470790084,1298440903690,64,330,1130,4,0,340000000,1015000000000,565221434320,113484144639,1596060931,False,0.0312,0.0004,0.0004,0.0058,0.0056,0.0128,0.0156,0.0137,0.0146,,
40183423c226189d508db4b21bf94b790cf4d096134a9afbc2bd5318,pool1gqvrgg7zycvf65ydkjeph72t0yx0f5ykzd9f477zh4f3smwk997,Sandstone,SAND,True,True,False,3312143080028,3257118911986,810039013701,504,350,3538,3,0.02,340000000,810000000000,1836649210423,157089443069,1596305751,False,0.0347,0.0160,0.0082,0.0056,0.0135,0.0167,0.0160,0.0144,0.0210,,
28f85efe5e9d3b3d8a0f4950117e47b7415a92f80d69bfb64cfb4d8b,pool19ru9alj7n5anmzs0f9gpzlj8kaq44yhcp45mldjvldxck8f6yg6,XRAY | Network,XRAY4,True,False,False,3273299579609,3256079555833,1001015124,840,245,4463,3,0.01,340000000,1000000000,2411685055468,84378242780,1631471017,False,0.0349,0.0161,0.0082,0.0135,0.0189,0.0194,0.0186,0.0215,0.0219,xray.app,3.0
39654d8b4eebd091f6ce64d4be8fc05c5e50187b821b9a334076ce55,pool189j5mz6wa0gfrakwvn2tar7qt309qxrmsgde5v6qwm892n6re3v,CCJ,CCJ,True,False,False,3236237801485,3232410810650,100001592419,55,343,3985,3,0.048,170000000,100000000000,2958800975264,250185156501,1596637131,False,0.0466,0.0117,0.0156,0.0248,0.0222,0.0216,0.0205,0.0207,0.0249,cardano.ipclub29.com,2.0
adef0d0f8e9f3a9aa450d98e5db372fa817212929889657f2f89cfab,pool14hhs6ruwnuaf4fzsmx89mvmjl2qhyy5jnzyk2le03886kj6z9yp,OKAYAMA,OKYM,True,False,False,3229476977428,3230608413337,2183864690,17,276,930,7,0.007,340000000,1000000000,386435402364,95881035774,1625802514,True,0.0296,0.0409,0.0286,0.0245,0.0192,0.0158,0.0178,0.0193,0.0207,,
c58e3004c1f48f620b8bb1e9a4cd88d9cd006f972a94eb67288ab369,pool1ck8rqpxp7j8kyzutk856fnvgm8xsqmuh922wkeeg32ekjjrvtc0,Infinia Stake Pool Fukuoka,ISPF,True,False,False,3227830182017,3228250895936,936254973,30,218,1078,2,0,250000000,168000000,476329560176,67126590616,1644813258,True,0.0290,0.0268,0.0269,0.0214,0.0115,0.0172,0.0181,0.0186,0.0206,infiniastakepool.com,0.0
5b9a5633289c52003d359bce18f77f571a701fd3942a52bde3262558,pool1twd9vvegn3fqq0f4n08p3aml2ud8q87njs49900rycj4sr5hhcy,ADA Ocean Australia,AOAUS,True,False,False,3231281066813,3223583798593,73416904286,269,323,1354,4,0.01,340000000,60000000000,740249643854,116653530532,1597869691,False,0.0333,0,0.0245,0.0246,0.0165,0.0159,0.0125,0.0119,0.0154,,
868dab7d64c04c03aae405fe0ffc128829f56ceea94a862f9530d2c5,pool1s6x6kltycpxq82hyqhlqllqj3q5l2m8w499gvtu4xrfv29c0q2q,Loot Pool,LOOT,True,False,False,3218568241667,3217260044241,10038831416,1972,341,3275,4,0.0199,340000000,10000000000,2122588533781,154545132397,1599335394,False,0.0440,0.0163,0.0204,0.0190,0.0205,0.0212,0.0192,0.0216,0.0207,,
d505cad035397e1e102baa61cc5107f9505bf6ad6b7ff81eb2fc031b,pool165zu45p489lpuypt4fsuc5g8l9g9ha4dddlls84jlsp3k4vsw9p,Berry,SWEET,True,False,False,3203947951446,3204303221072,5735142952,5,219,673,2,0.05,340000000,2000000000,245799442562,81494319154,1646203531,False,0.0253,0.0003,0.0081,0.0054,0.0107,0.0200,0.0156,0.0146,0.0184,twitter.com/Berry_Chann,0.0
7fe4d9c44e85fcc958c9d2d547d551fd004a9fc63c60bf6cfda46461,pool10ljdn3zwsh7vjkxf6t250423l5qy487x83st7m8a53jxznrkw5g,FORTUNE Pool,FORT,True,False,False,3182164198490,3182164198490,685021087339,66,165,722,0,0.005,340000000,1200000000000,454119247935,58342218259,1597346771,False,0.0244,0,0,0,0,0,0,0,0,poolpros.tech,1.0
bf9fe7384d2f62efc04a329ae9a1e39f9990eb6841be8738bcf405d4,pool1h707wwzd9a3wlsz2x2dwng0rn7vep6mggxlgww9u7szagx8elcn,Berry,SOUR,True,False,False,3177940044762,3179005853645,5517114013,4,223,664,4,0.05,340000000,2000000000,235912746664,81996403385,1648186495,False,0.0245,0.0160,0.0200,0.0187,0.0135,0.0115,0.0167,0.0139,0.0164,twitter.com/Berry_Chann,1.0
31cb0848348e7025dfab4acaef57d52d2879c051082929be9ad46a14,pool1x89ssjp53eczthatft9w74749558nsz3pq5jn056634pgt5m58s,HOPE2,HOPE2,True,False,False,3162250857570,3165363255589,504437981,36,109,382,7,0,340000000,100000000,195182943453,38068761114,1605529915,False,0.0383,0.0253,0.0211,0.0198,0.0227,0.0234,0.0217,0.0204,0.0195,cardano.ipclub29.com,6.0
e8e00995c7f3820fedf01e75a443c56e20f96ddcf9168b662ce2fdcd,pool1arsqn9w87wpqlm0sre66gs79dcs0jmwulytgke3vut7u62lttu7,Latino_Staking_Pool,LATIN,True,False,False,3116860752863,3156573051765,55881268435,469,321,1079,2,0.018,170000000,50000000000,554330045380,100859946640,1596845871,True,0.0350,0.0263,0.0211,0.0193,0.0211,0.0234,0.0256,0.0210,0.0220,,
a2563027d23bdd4f7f29ff566d68cf78137e54f1ea8af46c3e01e819,pool15ftrqf7j80w57leflatx66x00qfhu483a290gmp7q85pjxrf480,Infinia Stake Private Pool,ISPP,True,False,False,3116863114757,3117247523412,1211906131,6,148,464,2,0,340000000,168000000,148118240904,49640000000,1681136227,True,0.0222,0.0004,0.0088,0.0116,0.0145,0.0138,0.0155,0.0171,0.0196,infiniastakepool.com,2.0
da50099e7aa1d926e1888990b1c404caf554dd6f68a1cb0322999d1d,pool1mfgqn8n658vjdcvg3xgtr3qyet64fht0dzsukqeznxw36z8g2k6,Cardanoscan Pool 2,CSN2,True,False,False,3100796806007,3110351984404,11623649044,111,195,507,4,0.0189,340000000,10000000000,168375267280,68818979909,1605200413,False,0.0220,0.0086,0.0170,0.0115,0.0186,0.0159,0.0161,0.0168,0.0179,csn.cardanoscan.io,1.0
0dbd895b0d875c64aa8d76fefcfc8765e46f383e983b38464eeafb3c,pool1pk7cjkcdsawxf25dwml0ely8vhjx7wp7nqans3jwatanceyqae0,RIOT,RIOT,True,False,False,3101035542465,3102103404558,614382699351,258,334,1573,0,0.02,250000000,600000000000,810134334934,120163091704,1596061791,False,0.0375,0.0191,0.0318,0.0304,0.0291,0.0228,0.0239,0.0216,0.0230,,
96cd4a3a846cad3a99b43a3632990ba2eba9a2153f736f78ab2ab3e1,pool1jmx55w5ydjkn4xd58gmr9xgt5t46ngs48aek779t92e7zcqfw97,AAATO,AAATO,True,False,False,3119689159472,3082237982732,86820274377,424,182,706,3,0.01,340000000,20000000000,252471172572,63756003332,1665162257,False,0.0247,0.0003,0.0123,0.0081,0.0180,0.0139,0.0147,0.0165,0.0205,,
738585e4df0f9fb93dec66a9bfddd770f309d0f029bd2fd570732c8f,pool1wwzctexlp70mj00vv65mlhwhwresn58s9x7jl4tswvkg77eu7n7,UKADA,UKADA,True,False,False,3076231871419,3077653483560,103052564479,603,318,2647,2,0.01,340000000,100000000000,1856309066426,126941561115,1596411991,False,0.0434,0.0257,0.0172,0.0115,0.0144,0.0182,0.0190,0.0167,0.0189,,
acfdedecd7d754d2d9f4977626ba0e82ba465892c9f98f7f2d2d0e1d,pool14n77mmxh6a2d9k05jamzdwsws2ayvkyje8uc7led958p63at3aj,FIVE SecureStaking.io,SECUR,True,False,False,3195942526659,3054639540257,202467046289,95,97,364,3,0,170000000,200000000000,144271649973,20060000000,1625036146,False,0.0294,0.0543,0.0268,0.0191,0.0269,0.0235,0.0234,0.0232,0.0250,cardano.securestaking.io,4.0
59d12b7a426724961607014aacea1e584f3ebc1196948f42a10893bc,pool1t8gjk7jzvujfv9s8q992e6s7tp8na0q3j62g7s4ppzfmccus4jk,[DEAD]POOL,DEAD,True,False,False,3053163684355,3053930609687,366364182142,410,335,1882,1,0.03,340000000,340000000000,1095375001494,145936387599,1596271831,False,0.0374,0.0337,0.0211,0.0281,0.0253,0.0167,0.0152,0.0148,0.0170,,
ba67e271c925f7b066a00f4c9cbb9f27b13cef1ab02cca4c245c8acc,pool1hfn7yuwfyhmmqe4qpaxfewuly7cnemc6kqkv5npytj9vcrskh6j,MaximumMint,AMINT,True,False,False,3055236492354,3047819182881,50097556686,231,305,1123,3,0.025,340000000,50000000000,562954791242,120244167487,1598287270,False,0.0340,0.0171,0.0129,0.0171,0.0157,0.0184,0.0175,0.0188,0.0185,cardanomint.com,1.0
4042098128e6161d238f01ff474ae4cbe6451c82498b1bd8713d7098,pool1gppqnqfguctp6gu0q8l5wjhye0ny28yzfx93hkr384cfsezru0f,CArdano Pools EXplained,CAPEX,True,False,False,3046881147997,3047535040073,206987861359,1302,347,4608,4,0,340000000,150000000000,3281769070401,129146541658,1596105731,False,0.0458,0.0174,0.0087,0.0116,0.0178,0.0181,0.0213,0.0235,0.0221,,
a8e7694babce860ef92536f2243a7929667bffb74789bc12e2b5f90f,pool14rnkjjate6rqa7f9xmezgwne99n8hlahg7ymcyhzkhus758r3h7,DEGA ISPO,DEGA1,True,False,False,3054670329134,3016655628752,2111219791,845,136,1842,3,0.99,340000000,1000000000,7842449771,814564327048,1684894808,False,0.0009,0.0000,0.0000,0.0000,0.0000,0.0000,0.0000,0.0001,0.0002,,
a4b576a73fd6342c0ce8e44a040686b0e0ad54932df6724efd2364b3,pool15j6hdfel6c6zcr8gu39qgp5xkrs264yn9hm8ynhaydjtxvmznxq,💡 ADA Skepsis 💡,ASKP,True,False,False,3001697693888,3002380183300,20372672170,130,251,961,4,0,260000000,20000000000,389130036247,81188891100,1612493181,True,0.0296,0.0287,0.0468,0.0318,0.0305,0.0270,0.0265,0.0267,0.0243,,
6fb41f0933511a0a7bc2aba0cdcfeaf9ab837630a303f4f2ec19c097,pool1d76p7zfn2ydq577z4wsvmnl2lx4cxa3s5vplfuhvr8qfw8hd05j,⚡ KysenPool Thunder 2 ⚡,KYSN2,True,False,False,2979808250562,2981229318294,13688866468,203,328,4493,5,0.019,340000000,100000000,2949207639980,168143664014,1605530955,False,0.0435,0.0263,0.0220,0.0177,0.0194,0.0182,0.0193,0.0173,0.0173,kysenpool.io,1.0
9af540f1fa5fd08967b919cfa525b2e14ed68c66e95d3746d5fdd2c4,pool1nt65pu06tlggjeaer8862fdju98ddrrxa9wnw3k4lhfvgrrgt85,PoolFixAda,FIXA,True,False,False,2955726858271,2957430757709,25018871166,37,249,741,4,0,340000000,25000000000,273791147088,83667344973,1635986051,False,0.0239,0.0270,0.0271,0.0182,0.0138,0.0137,0.0160,0.0158,0.0191,,
01df29429173d263c7533a22742dae19f16a08798b7a57873c34cf58,pool1q80jjs53w0fx836n8g38gtdwr8ck5zre3da90peuxn84sj3cu0r,Switzerland Investment,000,True,True,False,2952710835187,2956107813647,182799164512,1041,303,2605,5,0,170000000,20000000000,1135119540110,88426890339,1596060271,True,0.0306,0.0282,0.0226,0.0242,0.0277,0.0282,0.0248,0.0227,0.0277,,
bca52a1ea803c93025fa43e3aed7af82c3b2bfb01b530b07b0048c9a,pool1hjjj584gq0ynqf06g036a4a0stpm90asrdfskpasqjxf5948ygv,SAGE Cardano Staking,SAGE,True,True,False,2954932005739,2953676354377,1225045948593,257,338,1628,4,0.01999,340000000,1000000000000,861161382357,135498998841,1596094931,False,0.0376,0.0535,0.0266,0.0208,0.0239,0.0202,0.0170,0.0185,0.0207,,
30b950b3afb549a467966978c67e2b8c0e03f7e2776e9a7a84a265ac,pool1xzu4pva0k4y6geukd9uvvl3t3s8q8alzwahf575y5fj6cnkd5y2,ARB pool,ARBP,True,False,False,2887059596064,2882650010775,58795728432,16,156,471,0,1,170000000,22000000000,66937443034,134177599009,1675088566,False,0.0091,0,0,0,0,0,0,0,0,,
03f79dedaead96339d36df69158116e83208b938afb5fcd0a30e5b5c,pool1q0memmdw4ktr88fkma53tqgkaqeq3wfc476le59rped4cu8tn4h,Joey Stake Pool,JOEY,True,False,False,2876593241708,2876948543210,30500386766,394,346,1623,5,0,340000000,25000000000,993041392563,116960000000,1596089071,False,0.0383,0.0004,0.0050,0.0095,0.0142,0.0119,0.0137,0.0192,0.0204,,
3a0903012e156471ee2cfdf5af79902cd5108d891f90ec9cfbbce9ce,pool18gysxqfwz4j8rm3vlh6677vs9n23prvfr7gwe88mhn5uudgx9ng,ADA Pool Europe,EUR,True,False,False,1537230327140,2860855717236,20703760253,263,89,304,3,0,170000000,10000000000,105816992891,15130000000,1637103650,True,0.0265,0.0267,0.0357,0.0569,0.0479,0.0364,0.0343,0.0276,0.0247,,
73e07624a0864a77b39f4404ce41d13bdedd37f8f3adc80dfd0305f1,pool1w0s8vf9qse980vulgszvusw3800d6dlc7wkusr0aqvzlz75qgqg,Linkberry,LIBE,True,False,False,2857489501532,2859408251042,33352358393,38,59,198,1,0.15,340000000,100000000,41189271630,31850867696,1714557946,False,0.0163,0.0232,0.0194,0.0156,0.0182,0.0183,0.0192,0.0171,0.0163,linkberry.info,1.0
03e5b1d3dc6da6101ed402d0ba310d900a110c59627472eb4e34ce24,pool1q0jmr57udknpq8k5qtgt5vgdjq9pzrzevf68966wxn8zgz7qy3w,EPOCH Stake Pool,EPOCH,True,False,False,2896877284012,2834962157907,1101442847135,214,305,3125,5,0,270000000,50000000000,1362394181977,135131658386,1610768222,False,0.0300,0.0022,0.0067,0.0174,0.0174,0.0173,0.0185,0.0171,0.0250,stake1uxf5wzv8vcjxzra466jtlnuhankg48nclr9m3tfv8dvt6ss23h0hm,1.0
33804ceb7f4add2479faee0544c802f2369a81a4c94a284bef8f6a3e,pool1xwqye6mlftwjg706acz5fjqz7gmf4qdye99zsjl03a4ru68ghee,AdaNet.io,ANET,True,False,False,2828916659043,2830379163892,721271321953,37,316,1034,4,0.02,170000000,100000000000,505226251472,103408812924,1596748071,True,0.0334,0.0138,0.0092,0.0062,0.0147,0.0197,0.0186,0.0227,0.0242,,
3d32cae041dd2f829b8d550dfc0a9fb867f5484b0761ada0dc902d9f,pool185ev4czpm5hc9xud25xlcz5lhpnl2jztqas6mgxujqke7j5mdzc,Cardano Al dia,ALDIA,True,False,False,2796263438308,2818009077864,5090459168,1262,252,701,4,0,340000000,1000000000,263344748628,85000000000,1630621544,False,0.0234,0.0097,0.0098,0.0161,0.0192,0.0174,0.0169,0.0139,0.0171,,
22ab39540db22349b1934f5dcb7788440c33709ea9fdac07fb343395,pool1y24nj4qdkg35nvvnfawukauggsxrxuy74876cplmxsee29w5axc,ADA Capital•🌍ADACT•👽CardanoBI•⚡Orcfax•ADA•METERA,ADACT,True,False,False,2768047298734,2769751095921,143864436930,98,127,893,3,0,170000000,130000000000,419790127154,45902330521,1631208423,False,0.0315,0.0240,0.0144,0.0176,0.0242,0.0238,0.0213,0.0195,0.0177,,
2bfa5943dfb17ecd8e681e7ce568e22ac45340a417bdde358e3f5159,pool190a9js7lk9lvmrngre7w268z9tz9xs9yz77audvw8ag4jerfdhx,307Pool,307,True,False,False,2735647220790,2736002449789,115988567313,151,346,2507,0,0.03,340000000,100000000000,1600482670244,157291596770,1596063351,False,0.0404,0.0004,0.0143,0.0159,0.0175,0.0174,0.0163,0.0147,0.0182,,
7d89d3f11170f5874c5b781b80864be392edcd9c8715ccce18155a8f,pool10kya8ug3wr6cwnzm0qdcppjtuwfwmnvusu2uenscz4dg7pl07qv,wavepool.digital,WAV2,True,False,False,13887851380809,2734964887241,710753981507,10,304,14118,6,1,340000000,10000000,0,9651655317344,1617291582,False,0.0001,0,0,0,0,0,0,0,0,wavepool.digital,3.0
443e35eb7bfca00b092bd4daf079de42924b982636a12aa53a3994ab,pool1gslrt6mmljsqkzft6nd0q7w7g2fyhxpxx6sj4ff68x22kwx6unm,Goofinator Pool,GOOF,True,False,False,2718402884364,2715037395593,68795385651,190,115,268,3,0,170000000,50000000000,84556698054,32810000000,1640806664,False,0.0257,0.0644,0.0342,0.0341,0.0306,0.0266,0.0281,0.0268,0.0246,,
c65ca06828caa8fc9b0bb015af93ef71685544c6ed2abbb7c59b0e62,pool1cew2q6pge250exctkq26lyl0w95923xxa54thd79nv8xy9j3xe6,Arrakis,ARRA,True,False,False,2697457753870,2693383046167,1025561854318,81,331,1603,4,0.02,170000000,50000000000,811857766265,108080344423,1596120731,False,0.0345,0.0236,0.0117,0.0094,0.0166,0.0193,0.0207,0.0210,0.0202,,
578ce876fe97ffc5f2f999d9ff4199a2bc7bfaf732e648471fac4ed2,pool127xwsah7jllutuhen8vl7sve5278h7hhxtnys3cl438dyhuwgjg,ARTZ Pool,ARTZ,True,False,False,2698567223735,2691271441419,2027539728924,160,315,1903,0,0.02,340000000,1500000000000,1032044827948,139882916252,1602299224,False,0.0403,0.0588,0.0292,0.0228,0.0213,0.0198,0.0177,0.0157,0.0225,,
2ee95f38aeb601ba5f1058b5e4fc95e604f14031681959969a313902,pool19m547w9wkcqm5hcstz67fly4ucz0zsp3dqv4n956xyusy4dlpue,Wingriders - 1,WRM01,True,False,False,2743896333072,2672790865588,5221751639,375,140,713,3,0.01,340000000,100000000,250242050542,49447139982,1685457091,False,0.0264,0.0099,0.0149,0.0101,0.0163,0.0237,0.0234,0.0218,0.0234,,
b31af8dc07b05f799805f82853f69dd8d9de48bb89f4371bc46f5cc9,pool1kvd03hq8kp0hnxq9lq598a5amrvauj9m386rwx7ydawvjdskwnh,STAKE for CAKE,CAKE,True,True,False,2620970025373,2668033228716,170942145333,416,291,882,3,0,170000000,125000000000,404574940048,85190557969,1596072691,True,0.0310,0.0542,0.0342,0.0307,0.0271,0.0235,0.0232,0.0230,0.0239,,
f8e64037e3917cd7cb94969a5374e11b9e6c939b4b69118a8eb4509f,pool1lrnyqdlrj97d0ju5j6d9xa8prw0xeyumfd53rz5wk3gf7czqzjz,Tygar,TYGAR,True,False,False,2662157484258,2664152239553,110550631615,574,296,1198,5,0.01,340000000,100000000000,556410483549,105506507065,1613076491,False,0.0326,0.0398,0.0299,0.0198,0.0284,0.0176,0.0168,0.0151,0.0179,,
ea1c4a7568c542b445d70ffa620947455a86427d3f7965c0585d8073,pool1agwy5atgc4ptg3whplaxyz28g4dgvsna8auktszctkq8xmtl7dh,A Cardano Pool Named 8964,8964,True,False,False,2625545734008,2643283642578,101856051973,9,60,177,3,0,170000000,89640000000,55875700277,10224236376,1719880729,True,0.0238,0.0258,0.0363,0.0329,0.0366,0.0306,0.0266,0.0252,0.0238,,
6b9da81e0b66fcdfaa67f55f08b28399b70e031f3cb13e6aa8f61b0a,pool1dww6s8stvm7dl2n8740s3v5rnxmsuqcl8jcnu64g7cds5w29pft,1 Percent Pool #3 (v3),1PCT3,True,True,False,2634974157698,2636401312255,65598792212,100,305,5390,2,0.01,340000000,50000000000,3434240993780,137767085683,1614771184,True,0.0429,0.0301,0.0202,0.0169,0.0170,0.0195,0.0192,0.0172,0.0225,1percentpool.eu,24.0
a0a6af80153d4bc92d7c5dfa4c07bb99067ee4b65066a4d87f488503,pool15zn2lqq4849ujttuthaycpamnyr8ae9k2pn2fkrlfzzsx4ek0tc,ADA Labo,LABO,True,False,False,2633197664654,2633197664654,12373659823,950,305,2576,0,0,335000000,10000000000,1394182395529,138908798979,1604692971,False,0.0364,0,0,0,0,0,0.0057,0.0137,0.0182,thc-room335.com,3.0
0000558092d1645b110130bb1b9d449dced79bfccf313e2880e6cf38,pool1qqq9tqyj69j9kygpxza3h82ynh8d0xlueucnu2yqum8nse8hj7y,ANGEL stake pool #2,SION,True,True,False,2599588516929,2600554007746,58119312018,341,315,1193,4,0.025,170000000,50000000000,674602245850,93487642179,1596066671,True,0.0389,0.0248,0.0199,0.0216,0.0234,0.0185,0.0237,0.0224,0.0231,angelstakepool.net,1.0
c2b8bff5160dd75149f2cae0955698550e8cf0d390025b26a9508a3e,pool1c2utlagkpht4zj0jetsf245c258geuxnjqp9kf4f2z9rutx9dz4,EN/FR community from Québec⚜️ Canada🍁 HOSKY ISPO,QCPOL,True,False,False,2600844529512,2599173979317,126220872024,434,265,1332,3,0.05,170000000,25000000000,626246959258,86183580960,1610305591,False,0.0307,0.0050,0.0146,0.0146,0.0229,0.0221,0.0216,0.0214,0.0189,,
69ac9f5a2074c2809809264e42c996f7d991c5363b41ec55a1164442,pool1dxkf7k3qwnpgpxqfye8y9jvk7lver3fk8dq7c4dpzezyyx8cf5c,SPACE,SPACE,True,False,False,2596075677566,2588840732598,1297824925138,287,293,1922,2,0,170000000,1200000000000,1622592280871,102935161175,1596079251,False,0.0454,0.0464,0.0307,0.0256,0.0220,0.0172,0.0168,0.0174,0.0214,,
ca4d7a55367b654e7159ae78f3dbe6fd0908c3a1bb236ce231b3a266,pool1efxh54fk0dj5uu2e4eu08klxl5ys3saphv3kec33kw3xv8738sc,🔱Kronos Stake Pool by Kaizen Crypto,KRONO,True,False,False,2547352489277,2561579992284,25047067095,445,316,1652,0,0.025,340000000,25000000000,913068352347,130636009708,1606528737,False,0.0374,0,0.0103,0.0103,0.0155,0.0164,0.0172,0.0147,0.0178,kaizencrypto.com,2.0
c5d3657aa5b906e000322a7a11e5b2821d14b7bc219d1bcceab75806,pool1chfk2749hyrwqqpj9fapredjsgw3fdauyxw3hn82kavqva6nv3w,Kool Stake Pool,KSP,True,False,False,2550925147603,2551635684046,6748837661,5,107,288,3,0,340000000,1000000000,76242751321,38803690884,1698039753,False,0.0188,0.0107,0.0107,0.0073,0.0159,0.0160,0.0143,0.0177,0.0170,,
0915c3599c9155abd550abdc6fab4dbbd08e80e7532bb7decd29767d,pool1py2uxkvuj926h42s40wxl26dh0ggaq882v4m0hkd99m86vzmwnz,EARTH,EARTH,True,False,False,2547883840444,2549403815749,102703433424,41,318,780,1,0.05,340000000,100098000000,327390679915,124683191183,1596065531,True,0.0288,0.0200,0.0151,0.0267,0.0252,0.0278,0.0259,0.0222,0.0234,,
6d9ce533e4874ff84f89a0f1d2f8a26c0838898ba16fcf66aa790c9e,pool1dkww2vlysa8lsnuf5rca979zdsyr3zvt59hu7e420yxfunkka2z,TRUE Staking Pool,TRUE,True,True,False,2543157136832,2544223103463,41199289615,137,346,2036,2,0.018,340000000,40000000000,1215780425406,142923609328,1596227391,False,0.0396,0.0207,0.0105,0.0070,0.0106,0.0114,0.0141,0.0150,0.0177,,
8fa4537044c02b232430dca78f51ca74c22d1ed7fb990be8b65d2794,pool137j9xuzycq4jxfpsmjnc75w2wnpz68khlwvsh69kt5negg6ldhg,The WHITE Project,WHITE,True,False,False,2533767599723,2512050107845,1871120066,211,261,957,0,0.01,170000000,50000000,439809046258,78226037747,1612227924,False,0.0308,0.0154,0.0261,0.0262,0.0231,0.0195,0.0215,0.0226,0.0226,topopool.com,1.0
c22942e1b855136643d1e6e5a75266fb891d87727a8cbf06acd17208,pool1cg559cdc25fkvs73umj6w5nxlwy3mpmj02xt7p4v69eqs5ncz9k,Woof Pool,WOOF,True,False,False,2412322493902,2502895259795,184734787838,504,236,1134,2,0,170000000,175000000000,540476190962,70687384049,1633193835,True,0.0321,0.0178,0.0298,0.0217,0.0142,0.0168,0.0180,0.0169,0.0179,,
9e85e1a7ca55f208d18a699905a5d9121ab3e18fda56165465974917,pool1n6z7rf722heq35v2dxvstfwezgdt8cv0mftpv4r9jay3wjk2kkt,YOKOHAMA stake pool,YKSP,True,False,False,2494172712555,2495949081734,62454868833,18,276,855,4,0.01,340000000,5000000000,376118689286,97309879642,1618261448,False,0.0315,0.0425,0.0317,0.0210,0.0177,0.0222,0.0208,0.0195,0.0177,,
940d6893606290dc6b7705a8aa56a857793a8ae0a3906d4e2afd2119,pool1jsxk3ymqv2gdc6mhqk52544g2aun4zhq5wgx6n32l5s3jlne70n,AKYO🥁,AKYO,True,False,False,2464835869178,2465520065831,47159502943,48,261,745,4,0.03,170000000,41000000000,351865550828,75420716581,1616210014,True,0.0324,0.0157,0.0157,0.0192,0.0140,0.0140,0.0143,0.0139,0.0185,,
cdae4a1a08974113e77ea332cb1da97d9e3fca5cf797f9394739214b,pool1ekhy5xsgjaq38em75vevk8df0k0rljju77tljw288ys5kumqce5,Staking OutOfBits,SOBIT,True,True,False,2473808978730,2462229769041,3724624,1694,243,8395,0,0,340000000,1000000000,5939809009102,118045994837,1596062071,False,0.0418,0,0,0,0,0,0,0,0,,
41996c3e9ed67d47ea81a59f8831dbc948a00f296d11dd6a6678b543,pool1gxvkc0576e75065p5k0csvwme9y2qrefd5ga66nx0z65xxjt8jk,Cardano Link Pool,CLINK,True,False,False,2496119357328,2453673657440,10014347051,398,100,520,2,0.01,170000000,10000000000,192495784736,18211532473,1681734678,True,0.0264,0.0361,0.0247,0.0277,0.0190,0.0200,0.0177,0.0231,0.0248,,
9fa14b049b735e287da702a2b0a7c2a6612e81db9cc4284339a6a2f1,pool1n7s5kpymwd0zsld8q23tpf7z5esjaqwmnnzzssee5630zpx5ww0,Rabbitholepools,RABIT,True,False,False,2414151212832,2422083092313,144799297269,230,233,629,2,0,170000000,133000000000,255365146171,60876295161,1605054262,True,0.0279,0.0165,0.0279,0.0318,0.0226,0.0223,0.0224,0.0209,0.0247,,
de18050a35497096eecd2f93ddc2ea7e6c05cdae5575325327e223b3,pool1mcvq2z34f9cfdmkd97famsh20ekqtndw246ny5e8ug3mxfdf4zq,HIVE,HIVE,True,True,False,2389516740015,2390738900119,259402731226,104,151,363,4,0.01,170000000,10000000000,185259528169,40548662096,1596063891,True,0.0344,0.0386,0.0220,0.0202,0.0315,0.0233,0.0228,0.0238,0.0269,,
7b92c27d47addf920a4b74db73d99c8ebe06057c802b332d945077d1,pool10wfvyl284h0eyzjtwndh8kvu36lqvptusq4nxtv52pmazpyvfud,Advanced Crypto Team,ACT,True,False,False,2386553399917,2387619682070,163455963805,227,275,980,2,0.0199,340000000,120000000000,469169104480,102396909327,1620522132,False,0.0340,0.0220,0.0166,0.0185,0.0130,0.0140,0.0199,0.0144,0.0138,,
78149b89d9aa69657ff326a82a0949e5c61b44d4d25b87f8ea6c9a0a,pool10q2fhzwe4f5k2llny65z5z2fuhrpk3x56fdc0782djdq58p9uee,KURIS JAPAN,KURIS,True,False,False,2369918483598,2370629017493,11056880179,41,252,777,2,0,340000000,100000000,345042435492,85000000000,1624252130,False,0.0289,0.0115,0.0060,0.0079,0.0097,0.0116,0.0147,0.0140,0.0177,,
397e9bfba2e30dc7dc90b3bb7986341af227ec5786f9fcc7d550632b,pool189lfh7azuvxu0hyskwahnp35rtez0mzhsmule3742p3jkza00cq,SEBI,SEBI,True,False,False,2368371910666,2366428151365,1012470893,69,8,18,2,0,170000000,1000000000,4534300814,1190000000,1744287989,False,0.0168,0.0285,0.0171,0.0210,0.0235,0.0168,0.0168,0.0168,0.0168,,
ea7cdd8918204b6c53e41ac6b0c319a1ffa95312660eeeb2ced8be3a,pool1af7dmzgcyp9kc5lyrtrtpsce58l6j5cjvc8wavkwmzlr53ym50v,SHARE - For a good cause & ADA rewards,SHARE,True,False,False,2365546223634,2365548307713,448279042137,104,285,746,1,0.02,200000000,100000000000,315898469517,84321685682,1605621454,True,0.0287,0,0.0077,0.0103,0.0094,0.0171,0.0198,0.0197,0.0223,,
1cb5d0e006c33ace982a527d4140bc086f99f7d35c27c5ab29600a74,pool1rj6apcqxcvavaxp22f75zs9upphena7ntsnut2efvq98g4404up,ADA Point Pool,APP,True,True,False,2346803976225,2347718905680,41020521869,415,346,5367,0,0.01,930000000,10000000000,3314246580478,206497615536,1596100471,False,0.0389,0.0042,0.0021,0.0014,0.0007,0.0020,0.0038,0.0078,0.0132,,
00000368a25a58d3c46bea611ddabf77679b8d1fd854c75a41ea399c,pool1qqqqx69ztfvd83rtafs3mk4lwanehrglmp2vwkjpaguecs2t4c2,AdaWolf 🐺,WOLF,True,False,False,2314876539769,2337903807755,25000820000,1267,298,1229,2,0.0249,340000000,5000000000,625654968665,115825157356,1596079691,False,0.0342,0.0114,0.0060,0.0115,0.0208,0.0226,0.0195,0.0202,0.0196,adafrog.io,1.0
4d911c0cb99d3d8c43736e54fce596ee791cfc2fbd48405a3c6dac61,pool1fkg3cr9en57ccsmnde20eevkaeu3elp0h4yyqk3udkkxzhl70ju,ADA Money,ADMON,True,False,False,2321831178899,2321846383642,10426284138,8,184,367,0,0.03,340000000,1000000000,112450027176,64109430265,1635907351,False,0.0191,0.0005,0.0060,0.0041,0.0078,0.0086,0.0096,0.0060,0.0112,,
0c7173112ca61362d2ee05040973f2184968f2d4e769df86671c916b,pool1p3chxyfv5cfk95hwq5zqjuljrpyk3uk5ua5alpn8rjgkkvvy8ne,IAMX - OWN YOUR IDENTITY Pool,IAMX,True,False,False,2300937323600,2313863333139,20046629923,1071,240,2624,3,0.99,340000000,20000000000,13855054158,1452906258429,1631842537,False,0.0004,0.0001,0.0002,0.0002,0.0002,0.0002,0.0002,0.0002,0.0002,,
0df0f6e5a3191520aa0a58268c38fe608d1d931766fc006635f3f2b1,pool1phc0dedrry2jp2s2tqngcw87vzx3mychvm7qqe3470etzsf3ph7,BROCK Pool,BROCK,True,False,False,2438994231165,2294343242569,20530013879,170,53,109,3,0,170000000,20000000000,31640655810,12333958746,1667165948,True,0.0231,0.0265,0.0269,0.0243,0.0177,0.0225,0.0274,0.0277,0.0269,,
297b5acd8b90df8a1bfd98aa1a61f323b87fead4b8a2b55f2fb83ce6,pool199a44nvtjr0c5xlanz4p5c0nywu8l6k5hz3t2he0hq7wvljnsrt,AdaLoop,ALoop,True,False,False,2287707310109,2294035265492,25457484731,149,216,1188,3,0,170000000,25000000000,542917332633,64113238422,1622966557,True,0.0321,0.0290,0.0350,0.0214,0.0236,0.0209,0.0239,0.0196,0.0237,,
932a460e99687c00e8afbda204f1aedb9479a9c4448c4bf738058590,pool1jv4yvr5edp7qp690hk3qfudwmw28n2wygjxyhaecqkzeqh0wlem,CardanoWeed,WEED,True,False,False,2702085296277,2276269222669,13083847058,463,211,520,3,0,340000000,10000000000,192984108634,74020000000,1628024917,False,0.0278,0.0004,0.0101,0.0073,0.0174,0.0145,0.0125,0.0201,0.0183,cardano420.com/,1.0
37e0b7c9c58753b14707dd34267ebbd50917e9b80d4f76da07e0e1b8,pool1xlst0jw9safmz3c8m56zvl4m65y306dcp48hdks8ursmsz2awm2,Optimistic Olive Hypatia,OOH,True,False,False,2263477468061,2263477468061,0,4,200,8694,5,0.05,340000000,0,4283090246895,292561019298,1647861617,False,0.0321,0,0,0,0.0172,0.0172,0.0202,0.0204,0.0276,,
40960205ad46c9883d32eaf4ab512ab2ea2962d5fd52a4a470df5125,pool1gztqypddgmycs0fjat62k5f2kt4zjck4l4f2ffrsmagj2w8zkq3,SGEN Stake Pool,SGEN,True,False,False,2260276727338,2261698333134,220414017845,8,155,362,2,0.01,340000000,100000000000,114248513855,53174025319,1647048628,False,0.0177,0.0352,0.0413,0.0354,0.0256,0.0159,0.0225,0.0191,0.0161,,
9e111a78364194546a43772762d42e366af2d96620dc783edad31d6c,pool1ncg357pkgx29g6jrwunk94pwxe409ktxyrw8s0k66vwkc4qdgnu,Bring ADA around the World,BIMI1,True,False,False,2263455031822,2257121040861,96498846827,38,196,443,4,0.01,340000000,25000000000,137617411765,67350074776,1625227900,False,0.0214,0.0233,0.0176,0.0117,0.0158,0.0188,0.0166,0.0177,0.0199,,
db49cc2df6435f7c4a53cf4a52ef3469801c847521dbcac379427716,pool1mdyuct0kgd0hcjjnea999me5dxqpepr4y8du4smegfm3vlr37w5,AdaYield Stake Pool,AY1,True,False,False,2261924036643,2252395388687,100685434395,359,184,777,3,0,340000000,100000000000,294074277511,61687062199,1654719527,False,0.0270,0.0120,0.0121,0.0119,0.0155,0.0206,0.0181,0.0193,0.0216,,
40fd2f82c5b6eeee096d761c9d4c8352f3901467bd49a5658f30c6c2,pool1gr7jlqk9kmhwuztdwcwf6nyr2teeq9r8h4y62ev0xrrvyvwly64,NEWMX Stake Pool,NEWMX,True,False,False,2276828348401,2251754845913,10000000000,896,197,1978,2,0.05,340000000,10000000000,532453408425,509556547451,1661876297,False,0.0177,0.0462,0.0231,0.0155,0.0099,0.0159,0.0148,0.0147,0.0162,newm.io,1.0
fec57159acb5f5ee9ef2c64dfbf656b1d3eb094b4c6891cb8bd60790,pool1lmzhzkdvkh67a8hjcexlhajkk8f7kz2tf35frjut6creqs2kedg,HRDIB,HRDIB,True,False,False,2247145250136,2247145250136,16124244827,2,201,478,3,1,340000000,500000000,0,224651787381,1651065075,False,0.0002,0,0,0,0,0,0,0,0,,
28c5a664f316b8c017c4805d78a58bf39f16c2509ed2bd37878dd8bc,pool19rz6ve8nz6uvq97yspwh3fvt7w03dsjsnmft6du83hvtc324dus,Dot Stake Pool,DGK,True,False,False,2224811773601,2225167109217,50783632736,9,230,514,4,0.05,340000000,50000000000,174745089294,86714232838,1631583599,False,0.0215,0.0005,0.0005,0.0003,0.0079,0.0098,0.0087,0.0122,0.0142,,
744c4814bd39b6ec3a19aac0106c800089619138abbd86325c8664f6,pool1w3xys99a8xmwcwse4tqpqmyqqzykryfc4w7cvvjusej0vnxdlrf,Socious THANK Pool,THANK,True,False,False,2131313092920,2211404743171,97116879,28,9,18,2,0.9999,2000000000,0,0,4651954374,1744624438,False,0,0,0,0,0,0,0,0,0,socious.io,1.0
4dbdfb68de96a563719f7df2b3cf7c98fb547a3e7edca2a547d35852,pool1fk7lk6x7j6jkxuvl0het8nmunra4g7370mw29f286dv9ylegutq,Wish Pool,WISH,True,False,False,126334246793,2204417388465,69449668072,64,141,671,0,0.019,340000000,31000000000,369200547369,55560516554,1616509728,False,0.0357,0,0,0,0,0,0,0.0101,0.0059,,
b2b123d15cdb0144d15e3179e0d0fb9ff2b688ca2a075cd66165678d,pool1k2cj852umvq5f527x9u7p58mnletdzx29gr4e4npv4nc6m3hch9,₳da Forever Pool [₳4EVR],A4EVR,True,False,False,2189200093739,2189200093739,151930169280,15,70,150,4,0,340000000,125000000000,33094366981,23120000000,1712792671,False,0.0142,0,0.0003,0.0044,0.0065,0.0074,0.0102,0.0141,0.0144,,
093281f3d46eaa6422b2b9e257d67059d303805adb166073ab656a3b,pool1pyegru75d64xgg4jh83904nst8fs8qz6mvtxquatv44rkartevc,IBEX2 ADA Pool,IBEX2,True,False,False,2180014055534,2181694676142,32116193,15,302,2269,2,0.024,340000000,5000000,1172358034483,132257788830,1615467259,False,0.0341,0,0.0061,0.0121,0.0102,0.0174,0.0215,0.0197,0.0222,ada.ibexpool.com,1.0
cb0e97271899d0378b028f08183d6fde0794e3502d1d2c6bb96c668c,pool1ev8fwfccn8gr0zcz3uyps0t0mcrefc6s95wjc6aed3ngc86y5rk,Zeitgeist Cardano Pool,ZEIT,True,False,False,2178186291550,2179252220902,78442900778,248,286,881,3,0.009,340000000,31000000000,419022217136,100406204668,1605719814,False,0.0326,0.0244,0.0184,0.0125,0.0105,0.0095,0.0084,0.0128,0.0168,,
ee9ef63e4d50a24ecba269de1bfe71c9b36e6f7e4534d2919f1df4c3,pool1a600v0jd2z3yajazd80phln3exekumm7g56d9yvlrh6vx8dx2fc,POP3,POP3,True,False,False,2163032770847,2164098777573,66542491574,64,347,4614,1,0.05,340000000,50000000000,3670678919275,310624174316,1596064451,False,0.0458,0.0234,0.0116,0.0118,0.0100,0.0129,0.0145,0.0166,0.0168,popool.net,2.0
9d520aa1da84c4096431093f23b71aef7b53227e3a3f43da3a7b40d7,pool1n4fq4gw6snzqjep3pylj8dc6aaa4xgn78gl58k360dqdw6a58g8,Cafe Pepe,PEPE,True,False,False,2162220666042,2162575990807,158794206968,44,272,897,1,0.0369,340000000,42000000000,398224271762,107073401121,1615774908,False,0.0273,0.0005,0.0064,0.0044,0.0023,0.0041,0.0143,0.0136,0.0159,,
c5e367e5fe6dc0ee6cf5f43af56099c0c2f7bfbaca1a639522a0c5d5,pool1ch3k0e07dhqwum847sa02cyecrp000a6egdx89fz5rza230jhlp,Mission Zambia Stake Pool,ZAM,True,False,False,2132539271996,2142222876408,7002477384,69,44,112,2,0,170000000,5000000000,32599585657,7140000000,1685760382,True,0.0212,0.0064,0.0250,0.0188,0.0188,0.0235,0.0213,0.0215,0.0213,,
3635fed04554336e1f58a8db3e30d26e229b9c2d5f67f419a4297069,pool1xc6la5z92seku86c4rdnuvxjdc3fh8pdtanlgxdy99cxjrkhzkd,LEO7 Pool,LEO7,True,False,False,2139714884124,2139714884124,50098496460,5,266,6972,0,0.2,340000000,50000000000,3593760905928,986407240463,1606736041,False,0.0315,0,0,0,0,0,0,0,0.0051,staking-fm.site,10.0
9dda57fac3474adbe8b64be48aafeff6aa31f59909231f202b642d33,pool1nhd907krga9dh69kf0jg4tl0764rravepy337gptvsknxyyx94k,TOPO⚡ Pool,TOPO⚡,True,False,False,2025783534817,2097809604860,95006671869,836,295,1159,0,0.01,170000000,95000000000,582775835446,89569219587,1596282711,True,0.0341,0.0193,0.0258,0.0171,0.0244,0.0253,0.0221,0.0199,0.0204,topopool.com,0.0
827c7aa359964ec100a9a3b943c73c1dd2056725b8897fd744c8adc0,pool1sf784g6eje8vzq9f5wu583eurhfq2ee9hzyhl46yezkuqqtmw07,🌌 NOVApool.io,NOVA,True,True,False,2068694852005,2094253784455,12012620012,349,243,679,2,0.01,170000000,10000000000,277719744999,65545155550,1596139671,False,0.0266,0.0190,0.0095,0.0063,0.0126,0.0171,0.0187,0.0211,0.0188,,
3866bed6c94a75ab0290bc86d83467c6557cf2275e8d49b3d727c78c,pool18pnta4kfff66kq5shjrdsdr8ce2heu38t6x5nv7hylrcc0hpksk,SOUL Cardano Pool,SOUL,True,False,False,2087805436684,2088895218010,1195867444772,31,232,499,1,0.01,340000000,1100000000000,169932520474,79943317387,1623348763,False,0.0240,0.0130,0.0068,0.0214,0.0129,0.0130,0.0130,0.0142,0.0196,,
bd50ebea27a9e846bcd873c361ecb1a4d9baf738040d232882109fcd,pool1h4gwh638485yd0xcw0pkrm935nvm4aecqsxjx2yzzz0u6dfj73q,SEBA Pool,SEBA,True,False,False,2090141069647,2081856162752,46862410,71,129,467,1,0.25,340000000,0,606442160681,130740944901,1626843157,False,0.0297,0.0098,0.0241,0.0193,0.0130,0.0095,0.0100,0.0119,0.0127,,
7d6ff70ec53e7577fb2fa11d9cc5779c7c56b77b4b332c9dbac7181a,pool104hlwrk98e6h07e05ywee3thn379ddmmfveje8d6cuvp54zcah6,ADASTATS StakePool,ADASC,True,False,False,2090434356457,2081855774415,444894038849,16,66,142,0,0,340000000,100000000000,32997692204,22100000000,1693157493,False,0.0121,0.0385,0.0321,0.0212,0.0170,0.0107,0.0122,0.0114,0.0133,,
dc508ac7975e573adf6ef17873c74d200e0cd71931c139eb76853281,pool1m3gg43uhtetn4hmw79u8836dyq8qe4cex8qnn6mks5egza7n6tp,The Summoning Pool,SUMN,True,False,False,2098948581601,2081532575819,3092088853,1920,289,1407,2,0.0199,340000000,1000000000,637769108266,110527290903,1618192582,False,0.0309,0.0135,0.0136,0.0135,0.0090,0.0079,0.0123,0.0114,0.0146,,
2c46dc5e913171488f695fc081494a66c5a71c47bdf8b562c26a8599,pool193rdch53x9c53rmftlqgzj22vmz6w8z8hhut2ckzd2zej45zpap,Alleycat Stake Pool,ALLEY,True,False,False,2058064415087,2052765057381,10000000000,87,78,219,2,0.01,170000000,10000000000,71379586301,13811005885,1620575083,False,0.0220,0.0319,0.0255,0.0192,0.0236,0.0220,0.0187,0.0212,0.0218,,
5370e250fa08c07881085a59d339a1240ad7561f513b71b64491a001,pool12dcwy586prq83qggtfvaxwdpys9dw4sl2yahrdjyjxsqzcq84rk,Right Stake Pool,RIGHT,True,False,False,2050248959638,2050604240440,26824796779,30,239,488,3,0,170000000,10000000000,176405932207,66810620901,1618018913,False,0.0262,0.0066,0.0067,0.0067,0.0153,0.0125,0.0127,0.0192,0.0206,,
7c5ec13dc6be50f6b3a319efbcf599f8602d868a07310d1f1e760bc4,pool1030vz0wxheg0dvarr8hmeavelpszmp52qucs68c7wc9uga6n6e4,ROMER,ROMER,True,False,False,2035705361353,2029776175746,77831976731,1548,274,1123,4,0.01,340000000,50000000000,585029614604,98465241783,1609711716,False,0.0341,0,0.0003,0.0089,0.0111,0.0128,0.0152,0.0136,0.0143,,
3df201c968cab3b4aaf98576d3587ed10a51097605aa05c8656f3ef6,pool18heqrjtge2emf2hes4mdxkr76y99zztkqk4qtjr9dul0vuur0yu,RX-78,RX78,True,False,False,2026583087027,2027638586099,89080291937,24,266,639,4,0,170000000,10000000000,282573560702,73679056596,1599307199,True,0.0316,0.0328,0.0263,0.0241,0.0258,0.0257,0.0262,0.0244,0.0271,,
159bd971439653da2b97d12facae06ff5e6d7410d074edaab425202b,pool1zkdaju2rjefa52uh6yh6etsxla0x6aqs6p6wm245y5szk7k3msd,A3C Pool,A3C,True,False,False,1782155715687,2018403986936,15004047925,647,246,753,1,0.025,340000000,15000000000,292895889530,90480536573,1620216539,False,0.0273,0.0293,0.0153,0.0157,0.0108,0.0196,0.0182,0.0194,0.0186,,
0a744b89a32b0385d0788b56ec8e1fafc9c47c277feb2c6bd64a8125,pool1pf6yhzdr9vpct5rc3dtwersl4lyuglp80l4jc67kf2qj29xjg2u,TAVN Viet Nam Stake Pool,TAVN,True,False,False,2041119518911,2018355290237,4059888187,816,295,711,1,0.01,340000000,1000000000,324896513920,103105174942,1596086291,False,0.0286,0.0509,0.0445,0.0382,0.0306,0.0214,0.0183,0.0155,0.0131,,
401feba77cfff595c06a8fe3ac31c84d89bd4813a814d15182a92b5d,pool1gq07hfmull6etsr23l36cvwgfkym6jqn4q2dz5vz4y446yat70t,Milkomeda,MKM,True,False,False,1968229646613,1972271249681,0,2,73,205,0,1,340000000,0,0,89273970391,1691606194,False,0.0005,0,0,0,0,0,0,0,0,,
683e89fa1bcde139504b11fbfd914f8ebe9b8db2678b3da0abdcb2f1,pool1dqlgn7smehsnj5ztz8almy2036lfhrdjv79nmg9tmje0zzt620h,Proof of Africa - Enabling Web3 in Africa,POA,True,False,False,1964136498497,1965557621566,10015643313,398,329,1384,2,0,340000000,10000000000,788796946461,133874324206,1596807871,False,0.0388,0.0410,0.0411,0.0275,0.0230,0.0174,0.0155,0.0146,0.0155,poapool.com,0.0
603749d1b47c79cdf3072c284abb9810dd98afe827d6ae2b92f115ed,pool1vqm5n5d503uumuc89s5y4wuczrwe3tlgylt2u2uj7y276avr5pl,Bio Pool,BIO,True,False,False,1965457198426,1964176624887,34507980251,811,276,1990,2,0.03,340000000,1000000000,1047295687082,124158824953,1613756283,False,0.0362,0.0133,0.0133,0.0133,0.0199,0.0165,0.0168,0.0142,0.0208,,
e7234026db910ce0ee214056940de0474b252456c3d70907f831eaf3,pool1uu35qfkmjyxwpm3pgptfgr0qga9j2fzkc0tsjplcx840x295xj9,CheapStaking #2 - PublicPrivate,CHEAP,True,False,False,1955333407668,1954945571954,97330751838,56,316,1167,7,0.009,500000000,10000000000,527348597493,156212008120,1608000091,False,0.0313,0,0,0,0.0036,0.0063,0.0085,0.0115,0.0133,cheapstaking.com,1.0
c0c231446dc398936f0f85506072f10641b861ce5012c0fcb1051442,pool1crprz3rdcwvfxmc0s4gxquh3qeqmscww2qfvpl93q52yyn7agsc,1PCT Pools at 1-PCT.com,WOW,True,False,False,1974676435773,1954676245412,50004822319,52,309,1010,0,0.01,340000000,50000000000,589747028701,110689407745,1596106911,False,0.0343,0,0.0068,0.0047,0.0092,0.0102,0.0105,0.0153,0.0147,,
d04e478446390de60b5905a0e29a57bc562c936c3620b1a1763cf0ef,pool16p8y0pzx8yx7vz6eqksw9xjhh3tzeymvxcstrgtk8ncw75356yw,Midnight! ✅ · 0% Fees! ✅,ZPCT,True,False,False,1710415968278,1948329380540,54604957893,94,31,45,3,0,170000000,1000000000,10381526853,5440000000,1628708399,False,0.0143,0,0.0115,0.0101,0.0217,0.0155,0.0176,0.0179,0.0156,,
cd0b7a6e8c22110113a9cffc266270e916a6e7ce2189917c70deebdd,pool1e59h5m5vyggszyafel7zvcnsayt2de7wyxyezlrsmm4a679q3zr,Iagon liquidity stake pool 2,IAGL2,True,False,False,2129821093589,1944276672717,12254616,425,102,785,1,0.99,340000000,10000000,2976707812,326241912660,1704388218,True,0.0008,0.0001,0.0001,0.0001,0.0002,0.0002,0.0002,0.0002,0.0002,iagon.com,2.0
9e5dbc61ade8b23176636e739fb056d30572c1669d2671f590b83afa,pool1newmccddazerzanrdeeelvzk6vzh9stxn5n8ravshqa05n0t83u,NEWMC Stake Pool,NEWMC,True,False,False,1981465369291,1920737681093,10012111100,2017,137,2387,2,0.9999,340000000,10000000000,18131956867,1074059782449,1686054624,False,0.0005,0.0000,0.0000,0.0000,0.0000,0.0000,0.0000,0.0000,0.0000,newm.io,2.0
46ebbc0d27d9169cae12d12dcf8f6cacbcf27937c67ae4350abbcaba,pool1gm4mcrf8mytfetsj6ykulrmv4j70y7fhceawgdg2h09t5rtt7cf,ALTZ,ALTZ,True,True,False,1889822510879,1918843790063,1079909839023,61,303,816,3,0.02,170000000,1000000000000,356740125222,93280765243,1596095711,False,0.0315,0.0346,0.0171,0.0138,0.0197,0.0162,0.0169,0.0207,0.0229,,
2375efb30fae44b70c33ca4178a2ad811bbc89c81a358cd6dbf28ecd,pool1yd67lvc04eztwrpnefqh3g4dsydmezwgrg6ce4km728v6sg8zwf,ADA Made in France,FRADA,True,False,False,1918510498275,1916573264117,87957002134,211,149,1090,1,0.02,170000000,50000000000,463871219888,42090424243,1662993076,True,0.0305,0,0.0102,0.0135,0.0123,0.0141,0.0155,0.0193,0.0224,,
39fca98bb733eea4fa54384c39d072cd9733cfa70d7bb63ce651a470,pool18872nzahx0h2f7j58pxrn5rjektn8na8p4amv08x2xj8qkht30g,Chunky Monkey 🐵🐵🐵,MNKY,True,False,False,1872255899799,1907821318870,273093007574,263,289,1406,1,0.01,340000000,208000000000,695481127513,104724470996,1596114671,False,0.0343,0.0150,0.0224,0.0150,0.0072,0.0097,0.0107,0.0154,0.0199,,
e2be8bcd95ee62227a2484be8619d2f2f800ec89eb2deacaa743d130,pool1u2lghnv4ae3zy73ysjlgvxwj7tuqpmyfavk74j48g0gnqnyc692,Cardano ADEN Stake Pool,ADEN,True,False,False,1901203354082,1902495121823,7005525738,77,234,1428,0,0,340000000,100000000,679528863016,87500000000,1620484437,False,0.0327,0.0283,0.0284,0.0284,0.0238,0.0227,0.0192,0.0180,0.0195,,
387c1f515894d2511d1e791161e69882ddb427ab1701b7af719a8c9f,pool18p7p752cjnf9z8g70ygkre5cstwmgfatzuqm0tm3n2xf739j8k8,Sagan Stake Pool,SAGAN,True,False,False,1914999928028,1900345769935,51943782332,166,164,250,1,0,170000000,5000000000,76829103679,42341285031,1612831443,True,0.0200,0.0209,0.0140,0.0164,0.0210,0.0164,0.0181,0.0213,0.0208,,
7d59eb08203e86f74d3011c7e967ed50fbd0954001eab1cb00b69422,pool104v7kzpq86r0wnfsz8r7jeld2raap92qq84trjcqk62zyh9akqt,adaseal.eu,SEAL,True,False,False,1855346825592,1863223751963,86177886326,174,273,676,1,0,170000000,60000000000,304941141015,77350000000,1613753733,False,0.0308,0.0216,0.0217,0.0144,0.0144,0.0193,0.0202,0.0208,0.0204,,
682fd73eea4d7370b6f7a781c80b1252817b23f74688cea6257471f3,pool1dqhaw0h2f4ehpdhh57quszcj22qhkglhg6yvaf39w3clxdl2kpy,Chef Pool,CHEF,True,False,False,1744417383989,1860086904455,61364290219,552,239,974,3,0.01,340000000,60000000000,399620367748,84646810813,1631997955,False,0.0281,0.0007,0.0082,0.0159,0.0161,0.0146,0.0132,0.0167,0.0147,,
51c670011f289048a535f50bd5021f2779ca2fb6ee711998d5eeb6c9,pool128r8qqgl9zgy3ff4759a2qslyauu5takaec3nxx4a6mvj3ys8da,Bitcão Stake Pool,BTCAO,True,False,False,1861777188084,1817717191936,16726887,6945,313,1522,2,0,700000000,1000000,714658485440,228856805002,1604986979,False,0.0321,0.0004,0.0288,0.0193,0.0098,0.0072,0.0071,0.0079,0.0101,heysoftwareinnovation.com,1.0
3bd3996595321d951291b11e1331061c5d8659d9e69390536dfc922c,pool180fejev4xgwe2y53ky0pxvgxr3wcvkweu6feq5mdljfzcsmtg6u,Charly&Aliens Alliance,CHIEN,True,False,False,1825705423351,1813801679872,54113386830,268,117,437,2,0,170000000,50000000000,158997879926,21760000000,1615795552,False,0.0260,0.0215,0.0144,0.0121,0.0096,0.0167,0.0181,0.0208,0.0254,,
d7819b6764fe65c2a3d9e23a8e00d7a2f3f66f7b1c23df40272f93a1,pool167qekemyleju9g7eugaguqxh5telvmmmrs3a7sp897f6za308hg,House Of Titans,HOT,True,False,False,1686895690351,1805247402133,1009920314,621,80,209,1,0,170000000,1000000000,66628316745,14361546771,1709229367,False,0.0207,0.0219,0.0217,0.0143,0.0095,0.0139,0.0143,0.0163,0.0208,,
333bd4419f2847f1a9f7621406563524214c1ce356ffa9d62ec07213,pool1xvaagsvl9prlr20hvg2qv434yss5c88r2ml6n43wcpepxmw85lj,DCOne Crypto Pool,DCONE,True,False,False,1780696214462,1787660267951,5569914372,60,39,61,2,0,340000000,100000000,9651521091,12421915838,1690877387,True,0.0099,0.0007,0.0003,0.0005,0.0110,0.0170,0.0137,0.0116,0.0100,,
a3ee9595fc779621978c97960b4835e14fd2dfea7fff28ccb977b56b,pool150hft90uw7tzr9uvj7tqkjp4u98a9hl20llj3n9ew76kkfm768r,consensusMonky Stakepool Germany,MONKY,True,True,False,1770746763641,1771804553043,356448183831,72,278,667,1,0,170000000,333333000000,336691019525,82304133633,1596098331,False,0.0341,0.0377,0.0610,0.0403,0.0251,0.0221,0.0220,0.0213,0.0230,,
f1263e0885fb00f352968294c5a6bf18da372b98236f55a457416d62,pool17ynruzy9lvq0x55ks22vtf4lrrdrw2ucydh4tfzhg9kkyeaw8nf,AdaStarNode,ASN,True,False,False,1774653826475,1767426919156,30007520720,776,304,835,3,0,340000000,30000000000,405618672755,107571017290,1597343211,True,0.0320,0.0006,0.0007,0.0056,0.0030,0.0044,0.0078,0.0103,0.0165,,
96553a437b99271fdcaa30c279e432224342e88147741db73872f03c,pool1je2n5smmnyn3lh92xrp8nepjyfp596ypga6pmdecwtcrcj9uvec,May the stake be with you !,YOADA,True,False,False,1765573831821,1767008548594,142814417445,287,265,678,1,0.015,170000000,140000000000,323135079816,74089724530,1596092971,True,0.0293,0.0229,0.0230,0.0179,0.0256,0.0203,0.0210,0.0168,0.0210,,
3fe5cbddcaf2cf4135a278590dc250152cfdfc4f88450322e7074788,pool18ljuhhw27t85zddz0pvsmsjsz5k0mlz03pzsxgh8qarcsw5wycc,CardanoCafe Three,CAFE3,True,False,False,1759123409278,1760328906135,111271198241,82,149,238,4,0,340000000,100000000000,61801707526,49980000000,1614276829,False,0.0199,0.0155,0.0156,0.0210,0.0186,0.0176,0.0190,0.0145,0.0130,cardanocafe.org,2.0
974999446e4d0934ef7cf50f1345ca97a2dc65ab4fd13e89b912671b,pool1jayej3rwf5ynfmmu7583x3w2j73dcedtflgnazdezfn3kl6062x,TAX Adjustment Stake Pool,TAX,True,False,False,1706557279796,1758166884224,139682016517,17,184,344,1,0.9999,340000000,750000000,10527464,166983733790,1640814483,False,0.0002,0.0000,0.0000,0.0000,0.0000,0.0000,0.0000,0.0000,0.0000,no-tax.biz,0.0
bed7baef960d110f25030bec52fbeccdea1800a00e41dd7dbc400b38,pool1hmtm4mukp5gs7fgrp0k997lveh4psq9qpeqa6ldugq9nsfcdxmp,Adaly Stakepool,ADALY,True,False,False,1764493351320,1752347596803,124484026480,26,226,810,1,0.03,340000000,30000000000,373617773714,87719341130,1625046474,False,0.0301,0.0006,0.0006,0.0004,0.0077,0.0122,0.0113,0.0152,0.0153,,
e40edb5a243c9ef00296860c6b7c8272fd5923ac52b5050d68e80d9b,pool1us8dkk3y8j00qq5kscxxklyzwt74jgav226s2rtgaqxek7h8vc8,Community driven grassroot network of visionairs,SWARM,True,False,False,1738837665619,1741270054346,2500000000,81,234,3229,1,0.04,170000000,2500000000,1499431196559,123450352838,1636040269,False,0.0316,0.0075,0.0294,0.0221,0.0173,0.0204,0.0224,0.0260,0.0275,,
62dae2e705a7dcf9c8fcb3e084ebb72781652d321293dca33df389fd,pool1vtdw9ec95lw0nj8uk0sgf6ahy7qk2tfjz2faegea7wyl63ejtqp,amberpool.io,AMBER,True,False,False,1737868644484,1738222744469,65241431384,25,79,154,0,0,198000000,50000000000,47706075979,13344000000,1697291608,False,0.0194,0.0066,0.0141,0.0167,0.0273,0.0238,0.0192,0.0172,0.0193,,
34f513d0f993d188557696d598f54944879c24cb60811aea840fce47,pool1xn63858ej0gcs4tkjm2e3a2fgjrecfxtvzq3465ypl8ywkx7gcv,OccamFi,pOCC,True,False,False,1737466072427,1727280094126,12928808185,1904,245,2240,3,0.05,340000000,0,278585212322,1060440413042,1626890595,False,0.0074,0.0294,0.0292,0.0243,0.0217,0.0144,0.0128,0.0149,0.0180,occam-x.fi,0.0
00333b89543da962cc92e7ffa45848f42a98f7276780670728ce5256,pool1qqenhz258k5k9nyjull6gkzg7s4f3ae8v7qxwpegeef9v0nsy3e,Charity pool,CHRTY,True,False,False,1718045883603,1719090080805,67918612214,243,310,3145,3,0.01,200000000,60000000000,1706849752430,106591439652,1599139442,False,0.0367,0.0527,0.0294,0.0218,0.0204,0.0293,0.0269,0.0236,0.0220,,
2220471638833bba1e69d450b5da722b592888d7a56f5cddf6efe1eb,pool1ygsyw93csvam58nf63gttknj9dvj3zxh54h4eh0kals7kdf0nx6,Elden Pool,ELDEN,True,False,False,1712714275255,1713650754081,106859478518,52,172,283,1,0,170000000,100000000000,91637099730,42133728739,1632473221,False,0.0230,0.0233,0.0312,0.0287,0.0156,0.0165,0.0186,0.0176,0.0207,,
b14a49e33d3ac050a73684484d925a4ba49af4267c2a57c9e5dd49ad,pool1k99yncea8tq9pfeks3yymyj6fwjf4apx0s490j09m4y66vtyufr,ADA TO THE MOON,PUMP,True,False,False,1703547843159,1703904371623,75998665290,82,154,263,3,0,340000000,69420000000,76393134496,51696123036,1620570944,False,0.0205,0.0007,0.0086,0.0057,0.0058,0.0084,0.0109,0.0152,0.0131,,
48c4f6c2b3ba2ab7e62f975b8a59c68d2c2929890973db1737babcaf,pool1frz0ds4nhg4t0e30jadc5kwx35kzj2vfp9eak9ehh2727m4dqnv,Guarda Wallet,GRD,True,False,False,1633668216586,1684827814071,550000000,1249,165,365,0,0.025,345000000,100000000,123588210791,60402161007,1624562001,False,0.0163,0,0,0,0,0,0,0,0.0042,,
d9e2d181dfe21ab2ca7e95847b9a219e691ee1366d22569712390655,pool1m83drqwlugdt9jn7jkz8hx3pne53acfkd539d9cj8yr92dr4k9y,Smit Blockchain Operations,BKIND,True,True,False,1682862867964,1683523437423,9443610851,126,271,2619,1,0.01,170000000,5000000000,1842110676041,166782868180,1596061171,False,0.0436,0.0080,0.0040,0.0053,0.0118,0.0124,0.0161,0.0192,0.0214,,
74c634463f71526c4df789a2cc9afe3f03ad3fb245bc160fe3152d6c,pool1wnrrg33lw9fxcn0h3x3vexh78up660ajgk7pvrlrz5kkcgh9khs,SIDAN Lab,SIDAN,True,False,False,1656214598540,1658502672315,6186730138,53,65,212,2,0.03,170000000,5000000000,67000112488,12952168394,1634216635,False,0.0220,0.0165,0.0304,0.0214,0.0177,0.0203,0.0225,0.0217,0.0228,,
af64252f4778158f2f36cda39074579f429fc7f57471909573b949bd,pool14ajz2t680q2c7tekek3eqazhnapfl3l4w3cep9tnh9ym6jhph8m,Cryptostake.com 🇨🇭🇺🇦,CST,True,False,False,1665796501022,1655234525256,53112326652,21,64,126,3,0.03,170000000,50000000000,34413705747,13107120771,1706271209,False,0.0167,0.0078,0.0308,0.0231,0.0179,0.0225,0.0207,0.0201,0.0189,,
3adfc2b13579d2b924a668655f21aeb641190a3201217e6f7e4b169b,pool18t0u9vf408ftjf9xdpj47gdwkeq3jz3jqyshumm7fvtfkcq7ul7,KapyPool,KAPY,True,False,False,1649811053861,1650076008642,1536438060805,50,69,130,3,0,340000000,200000000000,26832632777,22782647048,1686537789,False,0.0121,0.0326,0.0166,0.0166,0.0085,0.0071,0.0093,0.0083,0.0116,,
54f5f2618a3da4bb0b384895d8f3922189acbb8e9637201ebb26bc18,pool12n6lycv28kjtkzecfz2a3uujyxy6ewuwjcmjq84my67psqmgagv,MANTIS POOL,MANT,True,False,False,1636457253321,1636812652384,102659049456,16,348,8651,0,0,340000000,100000000000,5438400052582,173259074955,1596212871,False,0.0407,0.0007,0.0087,0.0277,0.0224,0.0200,0.0209,0.0227,0.0282,,
660f2b816e90e4e826daebf33357d76ab89414f88d57dd7d9f7898fe,pool1vc8jhqtwjrjwsfk6a0enx47hd2ufg98c34ta6lvl0zv0uhpech9,Medusa Development Support,MDS,True,True,False,1621694902796,1614959985256,109707908070,171,264,1022,3,0,340000000,50000000000,565942659394,92599684836,1596070631,False,0.0341,0.0215,0.0107,0.0075,0.0041,0.0057,0.0121,0.0123,0.0125,,
9429e7fed8869710ba128e5bd788558ef1446caa577341b4d84ccf54,pool1js570lkcs6t3pwsj3eda0zz43mc5gm922ae5rdxcfn84gu5uyrg,Asset Stake Pool 2% fee,ASSET,True,True,False,1609855815276,1609855815276,181913804673,25,250,805,0,0.02,340000000,150000000000,534117167865,95907328384,1596149931,False,0.0384,0,0,0,0.0001,0.0001,0.0031,0.0046,0.0145,,
0dd1c7c12b0e7b35f0f0ded993b941ebe7595ee6cd87f81ee7dcc9c6,pool1phgu0sftpeantu8smmve8w2pa0n4jhhxekrls8h8mnyuvm8m5t8,0dd1,0dd1,True,False,False,1599195071106,1598069859857,1272023842128,12,37,118,1,0,170000000,1250000000000,35297107683,5950000000,1732753335,False,0.0250,0.0421,0.0491,0.0404,0.0245,0.0229,0.0250,0.0251,0.0250,,
424fdaea5abb2fd69f353df22abcf5346b09879d3dbcb8d8442baaa0,pool1gf8a46j6hvhad8e48hez4084x34snpua8k7t3kzy9w42q6w60z8,Gratis ADA,GRADA,True,False,False,1601796211862,1596282912561,39886906059,122,66,151,0,0,170000000,30000000000,46971199429,11732538896,1615923806,False,0.0209,0,0.0117,0.0209,0.0223,0.0176,0.0187,0.0197,0.0217,,
099d512b6ffedd552ae38a9ae2123c116b1d20e1f01bb42a1f539fba,pool1pxw4z2m0lmw422hr32dwyy3uz9436g8p7qdmg2sl2w0m5pyk3yn,Stoic Pool,STOIC,True,False,False,1605459289461,1594906414509,40276577980,180,214,584,0,0.01,340000000,30000000000,243065373721,74392273684,1600791767,False,0.0235,0,0,0,0,0.0001,0.0068,0.0117,0.0108,,
c6074d596a4d1629304bfd92715ec1677aeb378e4932723616d575f1,pool1ccr56kt2f5tzjvztlkf8zhkpvaawkduwfye8ydsk646lz0m4h5x,Apolo Stake Pool,APOLO,True,False,False,1570865396195,1570115136309,276375649053,324,281,1158,0,0.02,340000000,275000000000,605712926036,107934442614,1598802406,False,0.0376,0.0336,0.0170,0.0171,0.0172,0.0089,0.0071,0.0118,0.0108,,
e07b50f6a0de11d0c2bcee1662e7b0ad469758b778cc8e763fa9a69d,pool1upa4pa4qmcgaps4uactx9eas44rfwk9h0rxgua3l4xnf6wevfkt,FMS-stakepool,FMS,True,False,False,1557389377986,1557389377986,22936163463,14,99,179,1,0,170000000,15000000,54861808895,17766642132,1631988029,False,0.0209,0,0,0.0029,0.0157,0.0180,0.0189,0.0148,0.0197,,
822ee46a8ae3b3eb4376a7fa6325743cb56de823edd936b6d1868483,pool1sghwg652uwe7ksmk5laxxft58j6km6prahvnddk3s6zgxek5qen,flux,FLUX,True,False,False,1548562960726,1548696285495,11752380870,46,80,328,1,0.01,170000000,7000000000,191174533485,23360222322,1610060966,False,0.0369,0,0.0044,0.0228,0.0185,0.0190,0.0147,0.0167,0.0148,cylonyx.github.io,0.0
835836be06bab6118311d945b60d38c7582088a3573b3c20fad5c39c,pool1sdvrd0sxh2mprqc3m9zmvrfccavzpz9r2uancg866hpec7nnt0s,Fialka,FIALA,True,False,False,1536132895895,1537198796074,34696012892,18,170,421,2,0,170000000,24000000000,155868938219,42630884811,1661508901,False,0.0224,0.0435,0.0215,0.0162,0.0205,0.0237,0.0224,0.0203,0.0204,,
2119e61a82bde0dd3e41aaffe530229b98164831a6ea2f4875571163,pool1yyv7vx5zhhsd60jp4tl72vpznwvpvjp35m4z7jr42ugkxmndyv5,Aztec Staking,AZTEC,True,False,False,1534081373364,1534791920918,6749327203,207,283,1169,3,0.02,340000000,5000000000,747819063187,106094330182,1596076911,False,0.0399,0.0174,0.0091,0.0060,0.0089,0.0119,0.0108,0.0108,0.0137,,
8264de3cdb1798dd8758e24cda5101184b44543e7c4421c7815f9ed8,pool1sfjdu0xmz7vdmp6cufxd55gprp95g4p703zzr3upt70dst0fur2,Sublayer Pool,SBLYR,True,False,False,1519935174172,1519935174172,3121193746,20,72,187,0,0.01,340000000,1000000000,99139088735,25143181970,1617718107,False,0.0136,0,0,0,0,0,0,0,0,,
627f8da92dc94041606ffdaccadd6b5e626c8750263b01afa67686b5,pool1vflcm2fde9qyzcr0lkkv4httte3xep6sycasrtaxw6rt2me3vwp,OKNW Cardano Pool,OKNW,True,False,False,1521685016616,1516476795835,59835369778,29,180,369,1,0,170000000,10000000000,141028278471,46750000000,1639747533,False,0.0241,0.0089,0.0045,0.0030,0.0015,0.0096,0.0118,0.0129,0.0174,,
74c3dc2b05eedf7890caff2e55fe0dbe02252f692025b3a0e9d7ba9b,pool1wnpac2c9am0h3yx2luh9tlsdhcpz2tmfyqjm8g8f67afk7fa6mh,FNX Stake Pool,FNX,True,False,False,1525992822804,1506761853455,18273935426,49,42,76,2,0.05,170000000,10000000000,19237179914,7812483136,1723653479,False,0.0145,0,0.0124,0.0111,0.0070,0.0064,0.0154,0.0159,0.0145,,
b2d1c479ce496d5be21cb68e95dae7342937c631488c47161d408f39,pool1ktgug7wwf9k4hcsuk68ftkh8xs5n0333fzxyw9sagz8njhlskgm,ADATree.io,TREE,True,False,False,1505087195881,1502107479931,212512556151,152,314,1179,4,0,340000000,122000000000,583127692337,106080000000,1596090031,False,0.0324,0,0.0088,0.0062,0.0146,0.0103,0.0098,0.0141,0.0167,,
9addc1ee114be55b0334724282e2ffec09f0bffbe3bcadd533d6993e,pool1ntwurms3f0j4kqe5wfpg9chlasylp0lmuw72m4fn66vnuyrvs8v,MANGO FARM,MANGO,True,False,False,1519357308786,1494584853657,243117450523,36,247,412,2,0,170000000,180000000000,174136950179,68926184645,1596145811,False,0.0276,0.0090,0.0090,0.0090,0.0207,0.0163,0.0197,0.0240,0.0236,git.io/JOkNh,0.0
96449f370656b2d484db0f2efa1333d57a5c4ab536d48443a1c186b0,pool1jezf7dcx26edfpxmpuh05yen64a9cj44xm2ggsapcxrtqewfek2,CurryOn Crypto,CURRY,True,False,False,1489346839979,1489702586660,1138758817653,38,255,776,1,0.0274,340000000,1000000000000,375643059997,97103921378,1602891711,False,0.0334,0.0008,0.0008,0.0123,0.0063,0.0106,0.0102,0.0127,0.0145,,
c8ae7865c04089e56bc4611f28404707bbbc663e345b7da7ea548ff7,pool1ezh8sewqgzy7267yvy0jssz8q7amce37x3dhmfl22j8lwz6wjrd,Cardano Dan's Stake Pool,DAN2,True,False,False,1485371670333,1485727068328,101552973649,459,289,1587,1,0.02,340000000,100000000000,938591909481,118223160848,1610805266,False,0.0408,0.0007,0.0008,0.0008,0.0066,0.0094,0.0092,0.0095,0.0144,cardanodan.github.io,1.0
5790d62ab1ba703e861fe800f9cefaaf1485c3ca42c6ba9ce74690a1,pool127gdv243hfcrapslaqq0nnh64u2gts72gtrt4888g6g2z0zsu64,the Token Square,TTS17,True,False,False,1481354657669,1476583987302,135032533683,890,286,1494,1,0.01,340000000,28000000000,780844797075,104020068160,1604314200,True,0.0363,0.0361,0.0183,0.0184,0.0184,0.0156,0.0147,0.0159,0.0183,,
3c870eb5bb1b963693046eed1131e9375d363c0735fc9d248150d55f,pool18jrsaddmrwtrdycydmk3zv0fxawnv0q8xh7f6fyp2r247zz9tc5,Sunner,SUNNE,True,False,False,1468321360881,1468655141274,2099915727,68,212,374,1,0.03,340000000,0,134338327454,58977393858,1615743179,False,0.0265,0.0007,0.0181,0.0123,0.0094,0.0080,0.0132,0.0161,0.0214,,
e815603425324aeaf98b5b3609f6ee6d618128046b6032febb48f950,pool1aq2kqdp9xf9w47vttvmqnahwd4scz2qyddsr9l4mfru4qddg3kr,NMKR,NMKR,True,False,False,1391454850148,1458925910961,729882275716,617,205,631,1,0.99,340000000,400000000000,108401246938,206197531218,1643207185,False,0.0123,0.0000,0.0001,0.0001,0.0001,0.0001,0.0002,0.0001,0.0002,,
28e52e9155c89591201620193eeb8ec53832fd753950e60d9e666993,pool19rjjay24ez2ezgqkyqvna6uwc5ur9lt489gwvrv7ve5exlcld3x,MBCG,MBCG,True,False,False,1458297108322,1458652408327,29957952153,60,176,308,0,0,340000000,24000000000,103544728465,59840000000,1617820538,False,0.0189,0.0008,0.0284,0.0377,0.0284,0.0223,0.0201,0.0152,0.0130,,
95297dd1d6463281866aa4e69fbc68936595693771786da0c93b7225,pool1j55hm5wkgcegrpn25nnfl0rgjdje26fhw9uxmgxf8dez2uups3y,and transform the planet,UNITE,True,False,False,1448410985759,1448683615645,10000000000,7,50,86,3,0.04,340000000,10000000000,14262138006,16914255729,1719346373,False,0.0106,0,0.0004,0.0003,0.0004,0.0062,0.0090,0.0085,0.0106,,
7c5fd84421a68f545d09ad8580b2a154a7bb6f79f4a3a8acb4d15e27,pool1030as3pp5684ghgf4kzcpv4p2jnmkmme7j363t95690zwxp7wa0,888POOL.IO,888,True,False,False,1430424995141,1430572144716,50200008045,90,227,384,0,0,170000000,50000000000,138225617596,61540000000,1601477622,False,0.0248,0.0281,0.0377,0.0283,0.0268,0.0215,0.0231,0.0188,0.0198,,
a69c888f3f42ff777294145c10706be8468e65392ac43edafc01098d,pool156wg3relgtlhwu55z3wpqurtaprguefe9tzrakhuqyyc60553au,Lab44 Stakepool,LAB44,True,False,False,1423607022071,1423830254545,559419438303,29,216,524,1,0.01,340000000,500000000000,256319657032,74348942700,1596126011,True,0.0311,0.0190,0.0095,0.0066,0.0036,0.0050,0.0078,0.0120,0.0121,,
56dec7ec811a1534b3e4d8ba8bb24315e7f15aea0c2718706a9ded2a,pool12m0v0myprg2nfvlymzaghvjrzhnlzkh2psn3sur2nhkj5wpkdmh,Dapp Central Stake Pool,DAPP,True,False,False,1331653537091,1420311540860,1005552902,103,24,46,0,0,170000000,1000000000,7873911264,8021895148,1734495458,False,0.0150,0.0590,0.0345,0.0331,0.0206,0.0157,0.0160,0.0150,0.0150,dappcentral.net,1.0
1649d50e9181b60bab868c20980c191e4689b95791b61d44678cd6e6,pool1zeya2r53sxmqh2ux3ssfsrqerergnw2hjxmp63r83ntwverpqwm,NICE rewards for you,NICE,True,False,False,1420371824102,1418996485356,101722823,31,318,1896,1,0.01,340000000,100000000,967879893682,120630731001,1610278153,False,0.0343,0,0.0004,0.0181,0.0122,0.0167,0.0190,0.0252,0.0261,,
688548655448745d74c4b61da7383127ea9b56b2c6944ca7e3071893,pool1dzz5se25fp696axykcw6wwp3yl4fk44jc62yeflrquvfxlktldq,AdaCryptoPool2,ACP2,True,False,False,1415638176488,1416348737971,248206770248,15,265,535,2,0.03,340000000,10000000000,238413235438,94780308789,1596408791,False,0.0268,0.0266,0.0267,0.0178,0.0088,0.0063,0.0053,0.0047,0.0098,adacryptopool.com,1.0
86d56db6754947d5c6dfd788568c189cc188d448aa6bc4ee634f655a,pool1sm2kmdn4f9rat3kl67y9drqcnnqc34zg4f4ufmnrfaj45gcv89d,Let Them Eat Stake,LTES,True,False,False,1416330517927,1416330517927,161893233478,57,212,574,0,0.0025,170000000,25000000000,281439301922,67843034770,1596637451,False,0.0314,0,0,0.0094,0.0110,0.0087,0.0106,0.0124,0.0135,,
97aaa4621cffb87c3e8380376406cc9501d6c9e1cbb459e17cd60602,pool1j742gcsul7u8c05rsqmkgpkvj5qadj0pew69nctu6crqy9wjjn4,BONE pool,BONE,True,False,False,1643778364115,1409280672877,120228824169,308,167,303,3,0.01,340000000,62000000000,86100674057,56974828935,1615308866,True,0.0172,0.0007,0.0007,0.0060,0.0086,0.0116,0.0118,0.0101,0.0095,,
55ee36d7a20861491821c020a0a164ff568f1ad7e8373cad0c514e7b,pool12hhrd4azpps5jxppcqs2pgtylatg7xkhaqmnetgv2988k3t4drf,YAM Pool,YAM,True,False,False,1188151607773,1405062919656,500000000,16,3,8,0,0.0249,340000000,500000000,1420301081,716268584,1746710841,False,0.0423,0.0434,0.0424,0.0424,0.0423,0.0423,0.0423,0.0423,0.0423,adafrog.io,9.0
c3cd2527a5f0b82a86ff69fdd5a3440dc51bcb957953ba19137738c0,pool1c0xj2fa97zuz4phld87atg6yphz3hju409fm5xgnwuuvqww25qj,SAPIO Pool,SAPIO,True,False,False,1402796873490,1400955254544,37642250588,777,247,549,2,0.01,340000000,25000000000,198276830803,85323879380,1606072656,False,0.0231,0.0192,0.0192,0.0192,0.0129,0.0131,0.0142,0.0126,0.0172,,
e04defbc8381975f96aba1938b76f2d6fc15d1a1dccdae69f091b73a,pool1upx7l0yrsxt4l94t5xfckahj6m7pt5dpmnx6u60sjxmn5p5mezs,CARDANO STAKEPOOL TAIWAN | 台灣 ADA 權益池,TEN,True,False,False,1399293345067,1400182697065,15364142701,79,69,102,1,0,170000000,888000000,27096626835,16320000000,1623860502,False,0.0159,0.0279,0.0280,0.0218,0.0157,0.0144,0.0194,0.0230,0.0168,,
8ba11724b0b39f34223d166a752da604269db13562095d6386a14bb3,pool13ws3wf9skw0ngg3aze482tdxqsnfmvf4vgy46cux599mxm8n27g,8BALL,8BALL,True,True,False,1390613857106,1392470187698,896062636568,50,235,466,2,0,170000000,808000000000,178916719575,69351352530,1596194071,True,0.0260,0.0098,0.0049,0.0066,0.0098,0.0129,0.0150,0.0210,0.0236,,
ea929fa9aa7907d9c02a0d6e02428c26ae481edb5e2ed67d20eff3e2,pool1a2ffl2d20yransp2p4hqys5vy6hys8kmtchdvlfqale7ywxssjh,Zunder,ZUND,True,False,False,1384414830484,1385565262516,447353775182,23,58,76,1,0,170000000,430000000000,13054871156,17000000000,1693829136,False,0.0127,0.0218,0.0220,0.0220,0.0253,0.0291,0.0269,0.0153,0.0121,,
cc35edb3368354af97bf4de98baf4e55878f7f030444c3603d952ee3,pool1es67mveksd22l9alfh5cht6w2krc7lcrq3zvxcpaj5hwxgmhg3m,Anejo Stake Pool,ANEJO,True,False,False,1375774733283,1376842402031,26196098046,34,199,355,2,0.01,340000000,25000000000,119971832327,68201085598,1617742908,False,0.0237,0.0008,0.0008,0.0006,0.0008,0.0055,0.0092,0.0148,0.0129,,
ca7b80cf2dfa477c961dd42b2100f12c280a81a3ff9f9dbc5da78c8d,pool1efacpnedlfrhe9sa6s4jzq839s5q4qdrl70em0za57xg6t38d3s,ADA Swiss,ADACH,True,False,False,1373214925978,1373716927590,150835499885,100,279,822,1,0.04,340000000,150000000000,336333950440,106947625774,1616101745,False,0.0274,0.0008,0.0004,0.0182,0.0122,0.0139,0.0127,0.0119,0.0183,stakit.io,2.0
6b3d0a2675d95b9c9e7861a97b2d3b84cdaea08dbcfc538d2d04ba2e,pool1dv7s5fn4m9dee8ncvx5hktfmsnx6agydhn798rfdqjazuwr84gc,BOBA Stake Pool,BOBA,True,False,False,1355285564895,1355992845324,1144895873445,132,285,904,3,0,340000000,500000000000,431156235288,102777968748,1596604391,False,0.0351,0.0202,0.0100,0.0070,0.0103,0.0118,0.0143,0.0214,0.0196,,
21cb022b2557aec62f5a74f96350d398fa31186ba53240ad7d7466fd,pool1y89sy2e927hvvt66wnukx5xnnrarzxrt55eypttaw3n06u0uam4,Tre Viet - Bamboo Pool,BBO,True,False,False,1354814318742,1342844939864,10348304327,154,116,547,1,0.01,240000000,10000000000,213242766608,35813968208,1684506995,True,0.0269,0.0257,0.0128,0.0107,0.0184,0.0183,0.0136,0.0218,0.0189,,
ca97f539e6a878e7a7d87d762982a016ac6959d76719c8212a4a39e0,pool1e2tl2w0x4puw0f7c04mznq4qz6kxjkwhvuvusgf2fgu7q4d6ghv,Development Stake Pool,DEV,True,False,False,1339542974793,1340031009300,11359896187,86,147,494,2,0,170000000,3000000000,208569552986,39935544417,1642937590,True,0.0280,0,0.0149,0.0134,0.0213,0.0155,0.0159,0.0148,0.0195,,
83ed61f50d38d4621370d1dff2e72dad62c8e789df464b0649ba87ac,pool1s0kkragd8r2xyyms680l9eed443v3eufmarykpjfh2r6cpksm2j,SABAI 😎 Relaxing Stakepool,SABAI,True,False,False,1349068670101,1333551240982,56869912536,14,272,826,3,0.01,340000000,50000000000,521662649786,97609595307,1596797931,False,0.0364,0.0201,0.0100,0.0199,0.0200,0.0135,0.0157,0.0134,0.0131,,
ad3b67e040364beca62714b81b3c22a12de0f6f820da9ce55f1ce137,pool145ak0czqxe97ef38zjupk0pz5yk7pahcyrdfee2lrnsnwawj6dc,The Investor Accelerator Staking Pool,TIA,True,False,False,1332048108462,1331703245498,10013189749,1136,236,832,0,0.045,340000000,10000000000,394985515968,98652849465,1620272849,False,0.0312,0.0582,0.0486,0.0324,0.0227,0.0259,0.0228,0.0145,0.0129,heysoftwareinnovation.com,3.0
7344422beec1c6da10ac33ac43059a5361d579f2c86482153d888204,pool1wdzyy2lwc8rd5y9vxwkyxpv62dsa270jepjgy9fa3zpqgeuszun,KibiStakePool,KIBI,True,False,False,1319183490224,1320249291091,6787089845,9,92,155,1,0.05,340000000,100000000,32199130339,32289916355,1687619967,False,0.0118,0.0389,0.0197,0.0134,0.0134,0.0167,0.0146,0.0124,0.0077,,
f9f646eb4b04adea5afee58b63cc9f53e0da82118c2ab10a6557b922,pool1l8myd66tqjk75kh7uk9k8nyl20sd4qs33s4tzzn927ujyl7ahyk,Kurdopia Pool,KURD,True,False,False,1293853987208,1285831051975,441859505289,109,268,566,1,0.03,170000000,350000000000,264048978580,97779589083,1597404424,False,0.0307,0,0,0,0.0052,0.0169,0.0115,0.0160,0.0126,,
4bafc2b9423aa741faedcf0fd27cab2387de0e0bbb7c7d98d9b0f421,pool1fwhu9w2z82n5r7hdeu8ayl9tywraursthd78mxxekr6zzdjgpkm,ADAMars,MARS,True,False,False,1284160058169,1284515327786,10710387136,18,147,204,1,0.01,340000000,2000000000,53988601933,49922041388,1619425961,False,0.0172,0.0009,0.0004,0.0141,0.0108,0.0127,0.0088,0.0146,0.0103,,
6381c4d5cbaea9fbdb2bc1152f49c1153fafbf19d77c547624ab91e4,pool1vwquf4wt465lhketcy2j7jwpz5l6l0ce6a79ga3y4wg7gc8egp0,Crypto Colony Pool,CCP,True,False,False,1286220506706,1277793613690,19301644128,67,184,309,2,0,170000000,10000000000,102690248555,50028864705,1614880185,False,0.0206,0.0106,0.0106,0.0071,0.0053,0.0158,0.0187,0.0178,0.0212,,
0880d4856cfd12765d47e8a3e9750a7593b008a63b759e27e723c450,pool1pzqdfptvl5f8vh28az37jag2wkfmqz9x8d6eufl8y0z9q34hlr7,VICE 💚 CardanoWall.com,VICE,True,False,False,1274866190051,1273078870196,1008357644930,39,276,2989,2,0.04,340000000,1000000000000,1434586593258,153341095288,1611048291,False,0.0322,0.0009,0.0009,0.0275,0.0175,0.0191,0.0140,0.0128,0.0239,,
f1ae552b032c2d87a416f4067eaf4636b3fe5e80230a1f63aa33f6bc,pool17xh922cr9skc0fqk7sr8at6xx6eluh5qyv9p7ca2x0mtc3st0mz,SeasideStaking,SEA,True,False,False,1289697567657,1272730166768,44906304106,858,221,463,3,0.02,170000000,40000000000,174990635510,61101589252,1612896619,False,0.0235,0,0,0.0167,0.0155,0.0192,0.0145,0.0162,0.0176,,
7bb1b0b25bdb3c1bfb0252b514d144c59939bb94b34217011cf560a0,pool10wcmpvjmmv7ph7cz2263f52yckvnnwu5kdppwqgu74s2qhe7l7m,4tun8,4TUN8,True,False,False,1270822806796,1271888971282,204999036286,23,219,623,0,0.01,340000000,200000000000,292861585698,84004087675,1614289805,False,0.0350,0.0422,0.0214,0.0215,0.0284,0.0181,0.0143,0.0148,0.0178,,
cfb6ee1de1dc2406a4ffe78704b65487dbd85e1fffdf70cbc3b9a2ed,pool1e7mwu80pmsjqdf8lu7rsfdj5sldashslll0hpj7rhx3w6xpwkq7,Nizi Stake Pool 🌈,NIZI🌈,True,False,False,1269715939880,1270426473788,1133176009,11,61,69,0,0.015,170000000,100000000,14671771559,19387401605,1615948757,False,0.0127,0.0215,0.0216,0.0144,0.0074,0.0071,0.0066,0.0055,0.0048,,
dc31fffacd510b8a6accf2eecf59852ba4c18fcae383be5c37efd721,pool1mscll7kd2y9c56kv7thv7kv99wjvrr72uwpmuhphaltjz0pkuqa,RarePool,RARE,True,False,False,1251035388685,1269731874098,64762616512,172,176,577,2,0.04,340000000,50000000000,274344262988,70664177864,1609979168,False,0.0339,0.0009,0.0004,0.0006,0.0043,0.0024,0.0029,0.0095,0.0124,stake1uxf5wzv8vcjxzra466jtlnuhankg48nclr9m3tfv8dvt6ss23h0hm,0.0
2397e90130d990f207f6e576b6b97bafb430f942d26702eef9627dcf,pool1ywt7jqfsmxg0yplku4mtdwtm476rp72z6fns9mhevf7u72pkupj,Unique,UNIQ,True,False,False,1268333813156,1268333813156,1107292894106,18,162,577,0,0.03,340000000,1000000000000,319785172797,65247098300,1596154631,False,0.0326,0,0,0,0,0,0,0,0,,
b57475ec29303269b889893d98c088f90c2df00846e5b8e31541230b,pool1k468tmpfxqexnwyf3y7e3syglyxzmuqggmjm3cc4gy3skmm557a,animation.com Cardano Pool,ANIM,True,False,False,1257572674734,1257547519779,1147157332851,70,223,533,1,0.03,340000000,1100000000000,205322075253,81820025772,1629390072,False,0.0287,0.0009,0.0004,0.0006,0.0144,0.0143,0.0122,0.0127,0.0154,,
b6bbf5a7b34420b56f6641fa5731116842480b87c59226c78cd74487,pool1k6altfangsst2mmxg8a9wvg3dppyszu8ckfzd3uv6azgw3z2txy,02  ▫  Elite Stake Pool,ELITE,True,False,False,1253918076407,1256745632364,300003855060,259,281,825,0,0,340000000,300000000000,347053366988,96042566646,1605807540,False,0.0334,0.0432,0.0214,0.0146,0.0216,0.0178,0.0181,0.0164,0.0226,elitestakepool.com,1.0
828723ad5da2d2c78c304f6def21f1b975c644603074a5ea5b8b6f5a,pool1s2rj8t2a5tfv0rpsfak77g03h96uv3rqxp62t6jm3dh45g2e2pj,Cardan.io,CRD,True,False,False,1261591148760,1254945523141,258454262696,269,249,1013,0,0,340000000,238000000000,631430521458,84660000000,1597040131,False,0.0398,0.0009,0.0114,0.0076,0.0040,0.0024,0.0041,0.0063,0.0079,,
91991d9238f3f270a46fc237acc3abcdf2456ff163c1639951d75d15,pool1jxv3my3c70e8pfr0cgm6esatehey2ml3v0qk8x236aw32eu0fcy,ADA Coinz,COINZ,True,False,False,1253125697412,1253816189375,223238037501,256,231,635,1,0.01,250000000,100000000000,260854113675,71946380764,1613520473,False,0.0296,0.0269,0.0268,0.0177,0.0096,0.0079,0.0053,0.0088,0.0157,,
b5dccc08f2117bcb5236d14e47207aeee0af5c6253d93700ca6d4c84,pool1khwvcz8jz9auk53k698ywgr6ams27hrz20vnwqx2d4xggscp93f,[CBUS] - Cardano Pool - Cryptobus.FM,CBUS,True,False,False,1252571342654,1252578570121,25097800000,31,0,0,0,0.015,345000000,25000000000,0,0,1671292172,False,0,0,0,0,0,0,0,0,0,,
ed24d8995c6fd81d976baa03de565fea21a02d77d49b047064ba8445,pool1a5jd3x2udlvpm9mt4gpau4jlags6qtth6jdsguryh2zy27f5ttj,CARDANIANS.io #1,CRDN,True,False,False,1274672190896,1251694407226,20347635864,302,194,862,1,0.02,340000000,20000000000,435341039474,74186986424,1639485787,False,0.0338,0.0008,0.0009,0.0143,0.0191,0.0108,0.0092,0.0109,0.0138,cardanians.io,6.0
3778d01333555227a997e141d50c95ac3824d8e28fefe8634037b114,pool1xaudqyen24fz02vhu9qa2ry44suzfk8z3lh7sc6qx7c3gpweww2,ADA Ocean Seven,OCEA7,True,False,False,1246946451303,1243814897744,10100000000,176,275,1720,0,0.009,170000000,10000000000,1083653066264,81968909058,1604622051,True,0.0425,0,0,0.0036,0.0055,0.0173,0.0133,0.0158,0.0205,adaocean.com,7.0
976df2d81731fc4763c9c19d9e9993e96d735c44be987979fcd083d3,pool1jakl9kqhx87ywc7fcxweaxvna9khxhzyh6v8j70u6zpaxa45ghh,Thunderstruck,THNDR,True,False,False,1225529062333,1238673939764,1238506167906,3,63,3321,1,1,170000000,100000000,0,1238003538552,1716477195,False,0,0,0,0,0,0,0,0,0,,
5121819e5114235cb8c377ecf0a9d4e311898c447043e3b5b2848f63,pool12yscr8j3zs34ewxrwlk0p2w5uvgcnrzywpp78ddjsj8kxd530f9,Gero Labs,GERO2,True,False,False,1198819188716,1235074546352,108814522026,624,230,840,0,0.01,340000000,50000000000,418472828477,78247140405,1614046091,False,0.0284,0,0,0,0,0.0039,0.0077,0.0047,0.0066,,
9021035ba7bf0b5ecb49aba303fe9bd4b80d99f7b4519854f24f71a1,pool1jqssxka8hu94aj6f4w3s8l5m6juqmx0hk3ges48jfac6zngmkh8,Goma pool at Isdrgl in DRC,GOMA,True,False,False,1225166851626,1232870140753,30110602357,97,56,75,0,0.03,340000000,25000000000,11512825833,19012883179,1649731152,False,0.0098,0.0010,0.0357,0.0241,0.0121,0.0080,0.0091,0.0091,0.0092,,
6b48ee351c6a7a1b84eb348a04fbbf94796d38446a95cf61aad92e46,pool1ddywudgudfaphp8txj9qf7alj3uk6wzyd22u7cd2myhyv3lyxxx,Thai Stake Pool,SIAM,True,False,False,1221916645109,1222627990645,607965983155,14,161,257,0,0,340000000,456540000000,72853703232,54400000000,1632248641,False,0.0191,0.0224,0.0117,0.0153,0.0116,0.0097,0.0079,0.0076,0.0105,,
9c3bcf9d42f117cf4405d394e448ee1f46dd8c52b705decec29bcdc0,pool1nsaul82z7ytu73q96w2wgj8wrardmrzjkuzaankzn0xuqkj70qm,VASIL,VASIL,True,False,False,1216753321845,1216753147060,164698596046,38,198,587,3,0.019,340000000,105000000000,225625493385,71018330400,1645407086,True,0.0247,0,0,0.0003,0.0042,0.0113,0.0123,0.0090,0.0153,,
41ddaaf2303176365dc36a58483aa8aba694da490d04d84783d418e1,pool1g8w64u3sx9mrvhwrdfvysw4g4wnffkjfp5zds3ur6svwzdhwhx9,Knights of Cardano,KNGHT,True,False,False,1358019806597,1206085364173,41519879082,59,47,125,1,0.015,170000000,30000000000,46826055260,10737973618,1615210879,False,0.0244,0.0101,0.0050,0.0079,0.0068,0.0143,0.0216,0.0191,0.0163,,
18109d01af0c5c4495a64a9de061ad621156729afc699128c0ceee0e,pool1rqgf6qd0p3wyf9dxf2w7qcddvgg4vu56l35ez2xqemhqun2gn7y,HADA.VN.COM,HADA,True,False,False,1190664759984,1201734146409,83250537422,40,225,517,1,0.01,345000000,50000000000,208245151481,79038955175,1604672491,False,0.0283,0.0224,0.0112,0.0074,0.0040,0.0096,0.0092,0.0139,0.0148,,
291173f43cc28027f0b61d5d22825189aeef3e7e128fa37fef46beb4,pool19ygh8apuc2qz0u9kr4wj9qj33xhw70n7z286xll0g6ltgccuq42,GHISX POOL,GHISX,True,False,False,1200369637641,1200724918401,167880452467,22,261,842,2,0.015,340000000,10000000000,461496799964,96564824452,1596076511,False,0.0366,0.0009,0.0005,0.0003,0.0043,0.0044,0.0068,0.0106,0.0129,,
996affa4d66f85e88052a1294a907fcac7b422865649d2ac28fde3c7,pool1n940lfxkd7z73qzj5y554yrletrmgg5x2eya9tpglh3uwcqfnud,Fun On the Ride - 0% Fees - Only 270 Fixed cost,FUNON,True,False,False,1189977392811,1190962485650,2353641271,447,139,235,0,0,270000000,1000000000,72358275346,42430000000,1640025508,False,0.0200,0,0,0.0018,0.0127,0.0070,0.0087,0.0174,0.0176,,
ee9cd47d212c76a156770acc535e5d12080e4241e44fe43461394b89,pool1a6wdglfp93m2z4nhptx9xhjazgyqusjpu387gdrp899cj98yuqq,HyvenBlock,HYVEN,True,False,False,911695159785,1190863810688,10612459780,9,4,8,0,0.05,340000000,9500000000,1409972613,1094209083,1745073121,False,0.0145,0,0,0.0143,0.0145,0.0145,0.0145,0.0145,0.0145,,
ff6c696fcc781f1335a49a533d6d4e4ed5e0ee111173312dcce7acf5,pool1lakxjm7v0q03xddynffn6m2wfm27pms3z9enztwvu7k0297tcr7,RingsOfStaking,ROS,True,False,False,1184724100449,1185434689411,20917003400,16,107,165,2,0,170000000,20000000000,48394877632,24140000000,1664366771,False,0.0184,0.0339,0.0168,0.0301,0.0188,0.0170,0.0197,0.0147,0.0173,,
4af5266d2b3ad11fb848d393008ff934678e02989e2ce263ac05a80d,pool1ft6jvmft8tg3lwzg6wfsprlex3ncuq5cnckwycavqk5q63jhrhv,0% Fees! Canadian Pool 🇨🇦,FRCA🍁,True,False,False,1157658707594,1184899391988,26096703869,86,153,220,2,0,170000000,25000000000,70713194396,39793595889,1607191301,True,0.0212,0.0581,0.0348,0.0230,0.0193,0.0116,0.0098,0.0136,0.0128,,
c6c0117e031cb813891a07439188fa3f3556fd7ee318d80a03d50fb6,pool1cmqpzlsrrjup8zg6qaperz868u64dlt7uvvdszsr658mvzz9qq0,stakeTREK.io,TREK,True,False,False,1192728287746,1168861040516,11062521579,429,246,1204,1,0,170000000,11000000000,645433789208,94057233961,1616809919,False,0.0385,0.0114,0.0057,0.0075,0.0124,0.0124,0.0154,0.0191,0.0163,,
c77e03da421b0278fcef1ad88df3fde43e5282ab926c257c2a579962,pool1calq8kjzrvp83l80rtvgmulausl99q4tjfkz2lp227vkymd5wgg,Odin's Pool,ODIN,True,False,False,1168686589107,1168742266290,205941753588,602,249,842,0,0.02,170000000,180000000000,474407851271,80330091077,1597106051,False,0.0383,0.0322,0.0160,0.0143,0.0180,0.0135,0.0157,0.0176,0.0205,,
45faad3e1ab98f4a06a54e3d1a3bc70bed80d6e437ce8f9361a5a9be,pool1gha260s6hx855p49fc735w78p0kcp4hyxl8glymp5k5muk9jkgm,NSPYR POOL,NSPYR,True,False,False,1162041362817,1162036811351,150811277335,315,229,753,0,0.04,340000000,150000000000,373598399093,93376234423,1613604470,False,0.0343,0,0.0005,0.0152,0.0073,0.0041,0.0053,0.0120,0.0116,,
f8deac16c376d621a8b92dd4ea67d818cb9fc21e0253fb0eaa93ed9d,pool1lr02c9krwmtzr29e9h2w5e7crr9elss7qfflkr42j0ke6de4vh7,Namiki-Associates Cardano Pool,nmk,True,False,False,1160156098391,1160156098391,16443441822,6,45,77,0,0.05,170000000,1000000000,14324100472,6193900010,1713069150,False,0.0139,0,0.0056,0.0075,0.0129,0.0111,0.0136,0.0182,0.0139,,
f3dea3f6c7047c04d734fa7c23e49c8611818102997f7a1fb5416681,pool170028ak8q37qf4e5lf7z8eyuscgcrqgzn9lh58a4g9ngzd83a0h,AquaPoolADA,AQUA,True,False,False,1147483070665,1147186402582,1006018463287,68,238,658,1,0.0325,340000000,1000000000000,328309820419,91167183705,1597775491,False,0.0363,0.0010,0.0010,0.0010,0.0009,0.0026,0.0079,0.0083,0.0106,,
a24d65818d2aa00387f788e4d1da1cdaca138c50e9136af6cc55e68a,pool15fxktqvd92sq8plh3rjdrksumt9p8rzsayfk4akv2hng5r8ukha,The h₳w₳k Pool,HAWAK,True,False,False,1132972688461,1141807740876,56603013489,64,87,126,0,0.05,170000000,30000000000,33836548359,20449432323,1666624164,False,0.0163,0.0113,0.0057,0.0076,0.0113,0.0105,0.0126,0.0163,0.0172,,
9d1efdf43a630ceb1a63753656237200f6be9b9c359006085ed14b8f,pool1n500map6vvxwkxnrw5m9vgmjqrmtaxuuxkgqvzz7699c7qc550v,Texan_Stakes,TEXAN,True,False,False,1138540326207,1138895996078,726190529593,57,236,380,2,0.005,340000000,630000000000,127634455319,80663482474,1596119291,False,0.0233,0.0010,0.0005,0.0007,0.0005,0.0064,0.0058,0.0100,0.0122,,
c94f514bf4a48c4da994f26bd326107a328783936fef8deddf91f360,pool1e984zjl55jxym2v57f4axfss0geg0qundlhcmmwlj8ekqrk5e62,MOLEHOLE,MOLEH,True,False,False,1127901121959,1129810390881,2556999445,2,4,5,1,0.75,340000000,1500000000,97279123,971837367,1743095634,False,0.0009,0.0002,0.0032,0.0021,0.0011,0.0009,0.0009,0.0009,0.0009,,
c5c43637ce16dc7e2619be1733a769f63aaf193e6e93458479eafd63,pool1chzrvd7wzmw8ufsehctn8fmf7ca27xf7d6f5tpreat7kxx6hwf9,MOBC StakePool,MOBC,True,False,False,1118617793813,1118631553571,1021917734,19,186,369,0,0,170000000,1000000000,139376748215,59401481012,1620459684,True,0.0243,0.0122,0.0361,0.0281,0.0181,0.0221,0.0168,0.0191,0.0175,,
b42eae6ad659bd5e2187975a36816b712422bfd5b64ea32f52781096,pool1ksh2u6kktx74ugv8jadrdqttwyjz9074ke82xt6j0qgfvdn43a5,MILKY Pool,MILKY,True,False,False,1110224642077,1117221393746,34947605068,222,319,1794,0,0.01,340000000,10000000000,1194094451529,122121104737,1603380483,False,0.0423,0,0.0006,0.0164,0.0125,0.0151,0.0146,0.0127,0.0158,,
8253f8a94044070ddb196884eb3e912e9b6dca9a0e3210325a09a335,pool1sffl322qgsrsmkcedzzwk05396dkmj56pcepqvj6px3n2re3qu4,MOON1 Stake Pool powered by lunarpool.io,MOON1,True,True,False,1113941286611,1114154881567,43484207249,54,225,374,1,0.02,170000000,25000000000,155176583265,65420650629,1596065011,True,0.0273,0.0120,0.0237,0.0157,0.0099,0.0180,0.0169,0.0228,0.0191,,
9fa9b5b2807081c2015808e7cf100199115087a80899876916572746,pool1n75mtv5qwzquyq2cprnu7yqpnyg4ppagpzvcw6gk2un5vadg48a,Cardanomateas,CDMS,True,False,False,1112950765600,1112950765600,1081192007581,7,114,184,1,0.01,340000000,1000000000000,39571858192,38479715683,1669297225,False,0.0148,0,0,0.0004,0.0084,0.0125,0.0111,0.0157,0.0158,,
fdb0d8ba88d434c8dd3ab3974a3401efc7b016e54c7387c63398aec4,pool1lkcd3w5g6s6v3hf6kwt55dqpalrmq9h9f3ec033nnzhvgjgl860,Cardanode: 0.00% Fee and 100% Rewards Guaranteed,FUND2,True,False,False,1100495744876,1100491844421,596683148393,90,201,4317,2,0,495000000,500000000000,2198086555861,89889811583,1644986221,False,0.0337,0,0.0314,0.0208,0.0103,0.0051,0.0072,0.0104,0.0123,cardanode.io,2.0
bbebbbf81c42de5b84fbbc82c4feab78f8bd8bcf8b5af7c73a06664a,pool1h04mh7qugt09hp8mhjpvfl4t0rutmz703dd003e6qeny5jf9c57,P2P-DeFi Protocol Development Fund,P2PFI,True,False,False,1096937317548,1096942083534,178517564636,18,188,1300,0,0.015,170000000,150000000000,610471689931,66445605086,1633996378,False,0.0290,0,0,0,0,0.0097,0.0162,0.0188,0.0101,,
36d7b0eb1bdefbd5da71934adfdd6734889f1a60d8f83850b6928883,pool1xmtmp6cmmmaatkn3jd9dlht8xjyf7xnqmrurs59kj2ygxuz2jkd,Nirvana,NRVN,True,False,False,1093579121162,1093579121162,3506639928,5,6,12,0,0.15,345000000,500000000,1588152488,2005262202,1741852374,False,0.0068,0,0,0,0.0035,0.0088,0.0068,0.0068,0.0068,,
eda2cbad9eefd992b932a58d4341c35a584a755159b9c0a09a9802de,pool1ak3vhtv7alve9wfj5kx5xswrtfvy5a23txuupgy6nqpduq350w5,XWIN ADA STAKE POOL,XWIN,True,False,False,1088873980656,1090295050732,5201635140,6,230,923,1,0.05,340000000,500000000,420362936089,88670517380,1635756820,False,0.0277,0.0306,0.0154,0.0103,0.0053,0.0070,0.0094,0.0101,0.0121,,
11049c12ebde61e94531eb2d022b44ba4fdbc48eea14bf6cbf2a6f44,pool1zyzfcyhtmes7j3f3avksy26yhf8ah3ywag2t7m9l9fh5g8yaerl,AZ5 Stake Pool,AZ5,True,False,False,1088877579085,1088348509352,40324074115,17,214,379,0,0.01,340000000,5000000000,131941733334,73960701580,1616934181,False,0.0213,0.0010,0.0011,0.0007,0.0046,0.0026,0.0021,0.0078,0.0126,,
0505da3db180fcff1adb92c8383d9ed6446248e83f2e8426cf727fef,pool1q5za50d3sr707xkmjtyrs0v76ezxyj8g8uhggfk0wfl77aufd9k,,,True,False,False,1084237796617,1084237796617,742606558912,16,154,484,0,0.01,340000000,725000000000,246431127088,51123963468,1613245453,False,0.0313,0,0,0,0,0,0,0.0057,0.0064,,
68edf81e0f10a4469191006506ca877460e7a9c5721e1c58709f3a22,pool1drkls8s0zzjydyv3qpjsdj58w3sw02w9wg0pckrsnuazyef2hca,Astarter,AA1,True,False,False,1122006479165,1083569487308,62978856678,244,150,547,0,0.25,340000000,10000000000,66862866982,206577233177,1660134357,False,0.0073,0,0,0,0,0.0024,0.0027,0.0042,0.0072,astarter.io,0.0
440781cb7ac2ec0e653ad9e502303f63e51a7afc0ccaae5be06e37ef,pool1gsrcrjm6ctkquef6m8jsyvplv0j357hupn92uklqdcm7729ytv6,Yummi Pool,YUMMI,True,False,False,1076018131860,1071711392115,16100898719,1520,210,491,0,0.01,340000000,1000000,184102754688,73313140754,1634254130,False,0.0255,0.0499,0.0247,0.0164,0.0167,0.0150,0.0101,0.0105,0.0137,,
a076d1ea6e8a35bdafc3ca3290abe334672edde80ba1306fc5ae2ae8,pool15pmdr6nw3g6mmt7regefp2lrx3njah0gpwsnqm794c4wsr23062,MetaDEX.fi,METAX,True,False,False,1068476452187,1062124460049,106505138603,990,283,1436,0,0,1000000000,100000000000,762644281110,134536154223,1596462371,False,0.0303,0,0,0.0098,0.0048,0.0027,0.0060,0.0051,0.0072,,
5c8751066db31d6745bc8a58ba1534de67a95f9962fc309b4673dd8c,pool1tjr4zpndkvwkw3du3fvt59f5men6jhuevt7rpx6xw0wcct5kl04,Sugar Stake Pool,SUGAR,True,False,False,1057394330543,1057734739825,146056948095,72,280,1266,0,0,340000000,60000000000,694191631374,95450224232,1598104091,False,0.0365,0.0011,0.0005,0.0008,0.0006,0.0007,0.0049,0.0164,0.0195,,
126ee7508a3ae2f88b5c2022eaf836ba766738ad84ce560ccbc87e85,pool1zfhww5y28t303z6uyq3w47pkhfmxww9dsn89vrxteplg2zjkekl,CARDANO REPUBLIC - BY CRYPTO JEROME (FRANCE),CARE4,True,False,False,1048386784853,1048230313281,155416164863,177,231,726,0,0.05,170000000,150000000000,372211216182,79244735661,1613869781,False,0.0356,0,0.0182,0.0243,0.0225,0.0123,0.0158,0.0129,0.0145,moomanchoo.github.io,1.0
7d479a2fb245ebb087d8f56b6bf434d7d3a7970997e7da1212b73670,pool104re5tajgh4mpp7c744khap56lf609cfjlna5ysjkum8qn8fel9,TOKYO,TOKYO,True,False,False,1043768130741,1043768130741,145188537585,14,219,360,1,0.03,250000000,100000000000,175433783408,75677539173,1596064811,False,0.0326,0,0.0036,0.0049,0.0144,0.0146,0.0174,0.0124,0.0135,,
99948f34582bf9cafb27b05f4f0e8541c5480b4c79bda74037398380,pool1nx2g7dzc90uu47e8kp057r59g8z5sz6v0x76wsph8xpcqzqycv7,Fly Pool,FLY,True,False,False,1042162705753,1042162705753,1022937125506,7,24,36,0,0.0147,340000000,1000006619057,14415856656,8379333253,1623278034,False,0.0038,0,0,0,0,0,0,0,0,,
729bc73ff6f7cd20a412470cc585e29dfa049fea230584b7caf9d3cb,pool1w2duw0lk7lxjpfqjguxvtp0znhaqf8l2yvzcfd72l8fuk0h77gy,Prime Stake Pool,PSP,True,False,False,1037954249811,1037913745300,9361005219,40,36,52,0,0.01,170000000,7000000000,22345801421,8215715150,1596130931,True,0.0284,0,0.0065,0.0087,0.0087,0.0128,0.0171,0.0142,0.0139,,
d61ab012cf4b0c24daf2447309638b25573f85b0a7e4ffdb60db9b22,pool16cdtqyk0fvxzfkhjg3esjcuty4tnlpds5lj0lkmqmwdjyzaj7p8,Earn Coin Pool,ECP,True,False,False,997972274627,1034862621150,101407896245,88,122,189,2,0.03,170000000,75000000000,56239973050,31682179710,1630695724,True,0.0198,0.0390,0.0193,0.0173,0.0196,0.0207,0.0164,0.0203,0.0202,,
946c2e484fdbfcdcaff680d5a81bd0da56734d477e8b41239a78a574,pool1j3kzujz0m07detlksr26sx7smft8xn280695zgu60zjhge9566f,TCSP1,TCSP1,True,False,False,1028127575923,1028482845545,14807846770,3,39,62,0,0.03,290000000,2000000000,10881856673,12322879822,1723463913,False,0.0137,0.0045,0.0023,0.0030,0.0015,0.0069,0.0073,0.0106,0.0137,,
01d20b4d82248a1ae457301a8bff1e1cf6e63b96e17396219f553019,pool1q8fqknvzyj9p4ezhxqdghlc7rnmwvwuku9eevgvl25cpjy385gg,Porto Cripto Pool 🇧🇷 🇵🇹,PORTO,True,False,False,900605266068,1024947715021,10194638861,173,3,4,2,0,170000000,10000000000,185280636,170000000,1748132402,False,0.0184,0.0184,0.0184,0.0184,0.0184,0.0184,0.0184,0.0184,0.0184,,
c0401715513d541fe7489da5f7d942544fc76eb039af488c82363ace,pool1cpqpw923842ple6gnkjl0k2z238uwm4s8xh53ryzxcavu89rp9p,Husky pool 2,HUSKY,True,False,False,1016861273721,1017216554453,22857214372,28,186,323,0,0.03,340000000,10000000000,105043624363,66526334014,1621164734,False,0.0215,0.0011,0.0264,0.0264,0.0176,0.0154,0.0134,0.0098,0.0125,huskypool.com,1.0
4f29af22aadfd854fb33cdbc2cdcb5c3fb7594eead5bcf41455bf3f1,pool1fu567g42mlv9f7enek7zeh94c0aht98w44du7s29t0elzd9yazz,Cardano Universe,ADAU,True,False,False,1016096745726,1016452013906,253409731078,86,248,993,0,0.01,340000000,1000000000,734099688017,91837902133,1596066231,False,0.0426,0.0011,0.0005,0.0004,0.0002,0.0024,0.0049,0.0068,0.0131,,
3b24f55aabef466341a38ea464af18a195e7b204805fe3c9f38b1f39,pool18vj02k4taarxxsdr36jxftcc5x270vsysp078j0n3v0njh0dt9x,shiodome47,SODM,True,False,False,1017391591861,1012264048616,3591998525,7,34,43,1,0.009,340000000,1500000000,7159181139,11285017772,1666890632,True,0.0120,0,0.0523,0.0525,0.0305,0.0253,0.0214,0.0153,0.0118,,
0960deeaabd7ca77a970e2932d06ec594c902301973041c6d9b1dc2e,pool1p9sda64t6l9802tsu2fj6phvt9xfqgcpjucyr3kek8wzurmn8rz,K8S Staking Pool,K8S,True,False,False,1007292371226,1007292371226,323284830819,53,249,594,0,0,340000000,100000000000,370723644498,87139235132,1596060871,False,0.0366,0,0,0,0,0.0001,0.0033,0.0084,0.0091,,
a6d3691e1ff660bc6f6da75feea466a26b7f8a21c0f41d74940a7639,pool15mfkj8sl7estcmmd5a07afrx5f4hlz3pcr6p6ay5pfmrjfl2hlf,DOXA,DOXA,True,True,False,1003678292534,1003333532896,450179294693,69,223,648,1,0.01,340000000,320000000000,428692237834,83030776203,1596068371,True,0.0383,0.0011,0.0142,0.0094,0.0049,0.0047,0.0062,0.0100,0.0132,,
651151eed67c4b506a0e4279040a5210d85ec88704d680f39bca2dda,pool1v5g4rmkk0394q6swgfusgzjjzrv9ajy8qntgpuumegka5xhpgam,Jolly Roger's COFFR,COFFR,True,False,False,998620350571,996717501479,252764167650,24,34,46,0,0.01,340000000,250000000000,6508673723,11334340115,1612040783,False,0.0082,0,0.0139,0.0092,0.0104,0.0094,0.0065,0.0077,0.0089,,
4a463cd2a7ba953d1ff3514c1bc41910fa8888fd6bec83905cd642d8,pool1ffrre548h22n68ln29xph3qezrag3z8ad0kg8yzu6epds3qr58k,ADA Ocean Six,OCEA6,True,False,False,992552574329,991561333413,10100000000,120,294,1033,1,0.009,170000000,10000000000,591007348528,86899876032,1604621066,True,0.0381,0.0106,0.0107,0.0107,0.0275,0.0218,0.0227,0.0158,0.0201,adaocean.com,6.0
8ce7afdb4d351ce2d2f400339e88817fab2f6667ce8101034a1ae457,pool13nn6lk6dx5ww95h5qqeeazyp074j7en8e6qszq62rtj9wcx522z,Meria,MERIA,True,False,False,990343209519,990698476334,558079292,5,6,11,0,0.05,170000000,1000000,2253047508,968581445,1744383221,False,0.0190,0.0131,0.0130,0.0215,0.0278,0.0190,0.0190,0.0190,0.0190,,
a79aedbfe592557a1779f521f4b9c7693f89f36d449970c0974efe32,pool157dwm0l9jf2h59me75slfww8dylcnumdgjvhpsyhfmlry4cn44a,AshiyaPool,ASY,True,False,False,983015374076,982985791355,378823867,25,51,73,2,0.03,170000000,100000000,20811430675,9135500167,1695461628,False,0.0189,0,0.0068,0.0045,0.0068,0.0080,0.0113,0.0091,0.0133,,
3621f123fa5a83868dfc3e52a15a57690c439b686082fde1a81bab6a,pool1xcslzgl6t2pcdr0u8ef2zkjhdyxy8xmgvzp0mcdgrw4k5gtg94s,4FREEDOM,4FREE,True,False,False,981570424391,982375930342,18197837384,24,71,108,1,0,170000000,5000000000,30921997117,12750000000,1688174088,False,0.0224,0.0138,0.0273,0.0319,0.0183,0.0219,0.0193,0.0211,0.0206,,
138031b823a08dec4535e583ca8ea91530abd9c62b1c0b768fd1f834,pool1zwqrrwpr5zx7c3f4ukpu4r4fz5c2hkwx9vwqka5068urgqvpjzr,CarPool,CAR,True,False,False,979745015592,976713535703,40000000000,244,216,801,2,0.03,170000000,40000000000,390062058148,83153570945,1620154737,False,0.0363,0.0135,0.0135,0.0140,0.0201,0.0124,0.0121,0.0126,0.0147,,
43276d853c56993c0f7796ae3f15567722abba948f03d6e03793b950,pool1gvnkmpfu26vncrmhj6hr792kwu32hw553upadcphjwu4qewj7jz,GENMAI,GEN,True,False,False,974581871727,974937138679,38533165780,9,112,165,0,0,340000000,100000000,36970044782,37838110526,1660277649,False,0.0138,0.0011,0.0147,0.0102,0.0051,0.0078,0.0069,0.0098,0.0092,,
4044aa415dec3609dcab41faa19b643719b9521ef16eb35945a64bd9,pool1gpz25s2aasmqnh9tg8a2rxmyxuvmj5s779htxk295e9ajnzjflc,ADA's Digital GrandParent,MUGGY,True,False,False,1019429261465,970982665605,48677513059,132,274,1248,0,0,340000000,10000000000,817981234396,95618402444,1596062731,False,0.0414,0.0012,0.0138,0.0089,0.0086,0.0074,0.0055,0.0074,0.0096,,
b2ed76560e513476d4c84a0b0938ea2db329b277a0bb20691e913032,pool1ktkhv4sw2y68d4xgfg9sjw829kejnvnh5zajq6g7jycry6cd7h5,Empowa LSPO,EMPL,True,False,False,967973113568,966039866654,51083712114,91,14,20,1,0.99,340000000,50000000000,23961673,6792205001,1738766515,True,0.0001,0,0.0003,0.0003,0.0001,0.0002,0.0001,0.0001,0.0001,,
d154d3001887584db84a3bab55aa5724a7db3255fc50e129a01f47bc,pool1692dxqqcsavymwz28w44t2jhyjnakvj4l3gwz2dqrarmc2k6dkh,Blueskystaking 0PCT Pool,BLUE,True,True,False,985344468320,965398633097,14021569840,214,163,247,1,0,285000000,10000000000,90933608974,46133253749,1596220271,False,0.0243,0.0315,0.0156,0.0122,0.0070,0.0201,0.0157,0.0158,0.0173,,
9c6120440ce518cc375de37536e1c0f0e28beedd4e11a7a053fb923b,pool1n3sjq3qvu5vvcd6aud6ndcwq7r3ghmkafcg60gznlwfrk2ucxku,anvil,ANVIL,True,False,False,978758721828,963625818125,484005065,991,136,629,0,0.05,340000000,100000000,237152491737,58855247311,1662258849,True,0.0260,0,0.0005,0.0003,0.0079,0.0276,0.0233,0.0179,0.0127,,
4ebeb6c46d8e745b7c7150de677af42ff1ed7ef82ffcfa36277fe5ed,pool1f6ltd3rd3e69klr32r0xw7h59lc76lhc9l705d380lj76d926du,Matryoshka pool,MTSK,True,False,False,951257231838,954792551298,2938761097,3,11,15,1,0.01,340000000,1200000000,3332656277,3433663190,1637394763,False,0.0151,0,0,0,0,0,0,0.0088,0.0115,,
41b59eb92c9df16cb37f15d222ca3c148aa929c8739fb6b549e51b51,pool1gx6eawfvnhckevmlzhfz9j3uzj92j2wgww0mdd2fu5d4zd4wvaa,Black Star Stake Pool 2,BSSP2,True,False,False,976757658199,953683458560,552811073684,172,303,2531,1,0.01,170000000,10000000000,1539608361852,129952952117,1607875591,False,0.0410,0.0412,0.0266,0.0197,0.0110,0.0078,0.0100,0.0167,0.0168,blackstarpool.com,1.0
e7843464d334090c2e7377e5291363f3ef93a8a91d2716653361de8e,pool1u7zrgexnxsysctnnwljjjymr70he829fr5n3vefnv80guxr42dv,VILAI,VILAI,True,False,False,937148522811,950152445803,53871946258,131,163,551,0,0.009,340000000,30000000000,231708773934,57122957513,1608735466,False,0.0297,0.0577,0.0295,0.0392,0.0194,0.0126,0.0087,0.0118,0.0133,,
d68eed68381b65beb04fc7984dfa156c4dbf53c7911e900af6a535ef,pool1668w66pcrdjmavz0c7vym7s4d3xm7578jy0fqzhk55677t4etud,StakeADA Pool,KARMA,True,False,False,970800122675,945408859124,326020620086,173,238,861,1,0,170000000,100000000000,430564939143,84276861843,1605141822,False,0.0355,0,0.0071,0.0094,0.0139,0.0136,0.0122,0.0107,0.0124,,
8b7a0faa3fb61ce93d1013db3e157c53c3c4060e4872d8d82fa66c6b,pool13daql23lkcwwj0gsz0dnu9tu20pugpswfped3kp05ekxkgmcumt,Laponia,LAPO,True,False,False,944170965343,944537061254,31532183975,47,61,113,0,0,170000000,20000000000,33481067577,10374303481,1678818470,True,0.0218,0.0144,0.0072,0.0048,0.0120,0.0157,0.0167,0.0185,0.0217,,
06404fda219e66c5c655df6ea6f5389b6373f311482ec48866f99313,pool1qeqylk3pnenvt3j4mah2dafcnd3h8uc3fqhvfzrxlxf3xuvdvvp,LILIE Stake Pool,LILIE,True,False,False,944672740461,941087541963,847108035,2,9,11,0,0.9999,340000000,750000000,88007,3939934396,1743062797,False,0.0000,0.0000,0.0000,0.0000,0.0000,0.0000,0.0000,0.0000,0.0000,no-tax.biz,1.0
43ef09ca6b7b791b063144b9d8cc33c4d0389115ed9424b6eda899b2,pool1g0hsnjnt0du3kp33gjua3npncngr3yg4ak2zfdhd4zvmy6r8hyd,St₳ke and EGGS Stakepool,EGGS,True,False,False,938942017001,938942017001,334347596737,134,252,699,3,0.02,300000000,250000000000,408145382939,92817760250,1596061871,False,0.0374,0,0.0159,0.0105,0.0068,0.0091,0.0073,0.0115,0.0130,stakepool.at,1.0
29df06255834d24d6a149224cf114a371bea08b64e7537e224a561a5,pool1980svf2cxnfy66s5jgjv7y22xud75z9kfe6n0c3y54s62w56435,HYPE STAKING,HYPE,True,False,False,940298865045,938854657055,250076053957,391,213,665,1,0,340000000,250000000000,252568383491,72769061214,1596554011,False,0.0281,0,0,0,0.0098,0.0100,0.0103,0.0116,0.0129,,
27fdacbd3703ed8491520415b5eaff29b241cf30cdc01786b03975f7,pool1yl76e0fhq0kcfy2jqs2mt6hl9xeyrnesehqp0p4s896lwv7hrta,1 Percent Pool #9 (v2),1PCT9,True,True,False,937897572908,938252906349,60807151014,129,312,2108,0,0.01,340000000,50000000000,1196387975678,117666440139,1604995671,True,0.0378,0.0012,0.0006,0.0100,0.0192,0.0099,0.0176,0.0143,0.0193,1percentpool.eu,21.0
4b0a9386e29fae1d2a240bb585a7d1e94f76fa63b9ddbf23e1c72e9d,pool1fv9f8phzn7hp623ypw6ctf73a98hd7nrh8wm7glpcuhf64856g2,GrahamsNumberPlus1,GNP1,True,False,False,1392015701808,937761091865,26974138491,147,145,259,0,0,170000000,25000000000,86529785830,34528479391,1603145154,False,0.0230,0.0098,0.0098,0.0098,0.0129,0.0202,0.0190,0.0211,0.0242,,
d5a7362f2270b680cf8763e2ebaf44af3db7271e00b44512da53abd8,pool16knnvtezwzmgpnu8v03wht6y4u7mwfc7qz6y2yk62w4as4qymat,Lambda StakePool,LAMB,True,False,False,934124603391,934101667298,50360879107,479,236,794,0,0.025,340000000,50000000000,443463394224,91404857764,1609696653,False,0.0384,0.0287,0.0429,0.0288,0.0145,0.0122,0.0131,0.0106,0.0119,,
505c13dff37e250331f7575f5d4410edad776569b900ef305b0b9aa9,pool12pwp8hln0cjsxv0h2a0463qsakkhwetfhyqw7vzmpwd2jdj86n6,Kobe ADA Pool,KAP,True,False,False,927033860815,927389349003,232231332001,11,169,256,1,0.01,340000000,200000000000,75463887469,57886276813,1624776757,True,0.0216,0.0012,0.0006,0.0009,0.0059,0.0058,0.0072,0.0082,0.0086,,
f059ed9ef469a045d29c0f48799fb6cab08c0abbc0fd1f736a5fced5,pool17pv7m8h5dxsyt55upay8n8ake2cgcz4mcr737um2tl8d2wthzqr,Media3 Stakepool,MEDIA,True,False,False,923996625207,923584794988,5072461821,495,319,3012,2,0.025,170000000,5000000000,2128240643575,137395345824,1596089951,False,0.0460,0.0144,0.0144,0.0096,0.0188,0.0134,0.0167,0.0186,0.0211,,
fbc3b43604dedb35f09d9d61391ce03cf65e9b3b7653ca1376e0150d,pool1l0pmgdsymmdntuyan4snj88q8nm9axemwefu5ymkuq2s6gr90cn,The Swimming Pool,SWIM2,True,False,False,922580479946,922580479946,69873119589,398,296,1946,2,0.015,340000000,50000000000,1408666135562,121643489250,1602984943,False,0.0451,0,0.0007,0.0009,0.0100,0.0099,0.0082,0.0084,0.0111,theswim.net,1.0
