epoch,drep_id,opinion,stake,delegated_stake,indegree,avg_distance,Wprime,Wprime_share
0,d1,0.3862165995835288,0.4884693494414028,6.12322198078222,14,0.0014132631240386503,6.611691330223623,0.006374015506633781
0,d2,0.450241291355605,0.3770782987358936,5.4215278329499865,12,0.0012187147822363131,5.79860613168588,0.0055901589403111835
0,d3,0.6522591650467103,0.6274282350072956,9.373290158411859,18,0.001355122318457173,10.000718393419154,0.00964121446894215
0,d4,0.6443367495184003,0.6411853212437485,7.082300578546225,16,0.0018818976558819048,7.723485899789973,0.0074458434962758
0,d5,0.1615535697275935,0.5444230936121223,2.7632536692859713,8,0.004386737605004316,3.3076767628980934,0.0031887730271478953
0,d6,0.3904884089184546,0.195995144533855,1.059190074397327,3,0.001164117601796688,1.255185218931182,0.0012100640591904755
0,d7,0.4256883903597749,0.0645924756622676,9.277160153594288,17,0.0014002172960712045,9.341752629256556,0.009005937080853448
0,d8,0.5596628379581408,0.9857688480178474,1.846628086138904,4,0.0005936214587377586,2.832396934156751,0.002730578467377801
0,d9,0.3807477577498914,0.4645978847235158,5.338972455778012,9,0.0007585650368649691,5.803570340501528,0.005594944696691622
0,d10,0.6422725194213029,0.4258718268257104,6.750950964514472,12,0.0017183082247106407,7.176822791340182,0.006918831729372014
0,d11,0.5571269770041206,0.8816447243746165,10.685074333793903,19,0.0013564726081682675,11.56671905816852,0.011150920839365475
0,d12,0.131995409903569,0.4098458376430103,2.514256461556204,7,0.0031780970959893024,2.9241022991992143,0.0028189872253835077
0,d13,0.1437821171245273,0.1658120032268633,3.105928664085741,5,0.0036019155821857217,3.2717406673126046,0.0031541287554979615
0,d14,0.2388650567882838,0.2041415713138661,0.284163788467741,1,0.0005927943770741018,0.48830535978160705,0.00047075185149562633
0,d15,0.3702025489713947,0.5357815987985837,0.509294820871708,3,0.0002590142215026329,1.0450764196702917,0.0010075082111206863
0,d16,0.7571795782483717,0.6823319381851302,18.044889965907235,40,0.004332146720599092,18.727221904092364,0.018054019289617872
0,d17,0.3566808863944987,0.2205459956643096,3.450155702693858,10,0.0009224628967930137,3.6707016983581675,0.003538748011209799
0,d18,0.358541673495542,0.1464049330716936,15.612946003885304,30,0.0021957747024427985,15.759350936956997,0.015192836784056288
0,d19,0.3777742963178163,0.0153435184241378,6.12414817413819,14,0.0009427920217682914,6.139491692562328,0.005918790411820084
0,d20,0.2404475632918323,0.2676511989587375,42.34838807373219,87,0.018630099342994543,42.61603927269093,0.041084085990786695
0,d21,0.8367244379858754,0.1068950431605513,15.317257409827391,31,0.012622510550693458,15.424152452987942,0.014869687951494768
0,d22,0.4661514327285211,0.8659825989947968,3.7231680459436096,8,0.0009060940501542034,4.589150644938407,0.004424180729581409
0,d23,0.48181702785236,0.1760745289285016,3.4847672846882713,6,9.674287321802717e-05,3.660841813616773,0.00352924256773152
0,d24,0.3131050727943643,0.10508190786601,50.10434621611311,101,0.01602871840987133,50.209428123979116,0.0484045091425393
0,d25,0.8574098737683421,0.496608869306429,17.588398495823355,31,0.02795475913470272,18.085007365129783,0.017434890956868752
0,d26,0.4983399053567895,0.1129787309299515,16.756937214914327,29,0.0014326799197293826,16.86991594584428,0.01626347941303289
0,d27,0.3864079686083435,0.2682169375493792,1.7186205939653263,4,0.0011711216439296568,1.9868375315147055,0.0019154150734693154
0,d28,0.3377087472127748,0.8673533346226489,3.942477347198693,6,0.001478317967896418,4.809830681821342,0.004636927802431945
0,d29,0.4524106594962402,0.6112706779071959,11.523973618440758,19,0.001362106869454988,12.135244296347954,0.011699008840313609
0,d30,0.7084058191016271,0.4624106724908055,15.611811029251626,33,0.003910311099512171,16.07422170174243,0.015496388634420741
0,d31,0.3386898460073282,0.5305900956354336,1.8526696346096754,4,7.081110233095322e-05,2.383259730245109,0.002297586762327632
0,d32,0.4448108382164217,0.0547321770051526,16.241858445493353,26,0.0030503286526743075,16.296590622498506,0.015710763879467866
0,d33,0.5713696095645261,0.0042710944505345,21.076155879414664,43,0.002268264240766827,21.080426973865197,0.02032263179069692
0,d34,0.5824571201440985,0.4733438217980411,10.751798328590711,21,0.003002830101981911,11.225142150388752,0.010821622873360364
0,d35,0.445080705866929,0.6858598972114482,6.139436297844362,14,0.0009918185409582678,6.82529619505581,0.006579941744374031
0,d36,0.6428491055401374,0.8705521518953744,0.1238285718775026,1,0.0004738058725259897,0.994380723772877,0.0009586349144662306
0,d37,0.6331550625258634,0.0612264541271615,8.914874557872722,18,0.0019913162569013356,8.976101011999884,0.008653429838453049
0,d38,0.5230232154695205,0.5123888115174334,3.716234000718143,6,0.0005292333165018981,4.228622812235576,0.004076613082901329
0,d39,0.5235568747153306,0.4422080628277681,5.986710117356809,13,0.0012287803703681867,6.428918180184577,0.006197812651061911
0,d40,0.4321020780252951,0.0381180467534172,14.376053830041831,32,0.002249988505841816,14.41417187679525,0.013896013965139236
0,d41,0.7254648811932107,0.7330780276295283,7.896024149077269,13,0.0032279579399502236,8.629102176706798,0.0083189048513546
0,d42,0.5826727116129281,0.6600732244837185,3.1252221325569782,6,0.0006966094624505555,3.7852953570406966,0.003649222278825017
0,d43,0.4650252718472646,0.2647829831443443,7.550716128721326,16,0.0015875075175062446,7.81549911186567,0.007534549034888086
0,d44,0.4704128653723852,0.5395451245308905,24.3533156041204,47,0.0020067211891343084,24.89286072865129,0.023998016901302
0,d45,0.5448537391180057,0.4073335225250493,13.551902165307737,26,0.0011232963738078779,13.959235687832786,0.013457431735850933
0,d46,0.5858703603877821,0.7371358537080552,15.418544658664954,28,0.0020029873449994573,16.15568051237301,0.01557491917920552
0,d47,0.3700767767766291,0.8204349903201831,6.534806868495029,15,0.003365820288153128,7.355241858815212,0.00709083702211252
0,d48,0.3236170265966182,0.6744959024664872,7.665487691950556,13,0.0016961426577164057,8.339983594417044,0.008040179448922885
0,d49,0.5976422484945852,0.6723761257003955,5.045815915439052,10,0.0008843986905179624,5.718192041139448,0.005512635560211484
0,d50,0.4820577570959681,0.3110659971888709,4.292269342927059,10,0.0023089579084889346,4.6033353401159305,0.004437855516032057
0,d51,0.6693372718446366,0.5627641174589416,18.80613156514492,33,0.0037967317653768875,19.36889568260386,0.018672626301069847
0,d52,0.7202386412025077,0.9527484508240278,1.980646717332946,3,0.0007504494625637145,2.9333951681569737,0.0028279460360537984
0,d53,0.3911459936597999,0.0738058073055961,3.590139205247371,6,0.0008486532420214724,3.663945012552967,0.003532234213462023
0,d54,0.4584662854409748,0.6617411490783438,11.89833469012703,27,0.0016938218876888368,12.560075839205373,0.012108568619594588
0,d55,0.4812949268182745,0.2173968415080795,6.594987194590287,15,0.0029499080594416675,6.812384036098366,0.006567493749253229
0,d56,0.4179196404382824,0.0271671424002741,10.247656956637627,18,0.0012870627519056081,10.2748240990379,0.009905466674740692
0,d57,0.520578829864801,0.5523670065202334,5.2849669594961775,11,0.000630025081423503,5.837333966016411,0.005627494593812237
0,d58,0.3940609767149655,0.2088661051907878,14.466801613190684,33,0.002521129775319725,14.675667718381472,0.014148109603901378
0,d59,0.517835093703932,0.0304324713071912,7.384122397888686,20,0.0015943746672663572,7.414554869195877,0.007148017859666638
0,d60,0.6603820460614556,0.2441125077921133,11.408062159628711,21,0.0017890225623375731,11.652174667420825,0.011233304506614594
0,d61,0.1190906956649291,0.3396223303720793,4.7855796345208725,8,0.021640650694574035,5.125201964892952,0.004940962178546331
0,d62,0.3391033765864686,0.5819727585806332,15.943281447687912,31,0.003982816151165958,16.525254206268546,0.015931207508179036
0,d63,0.5937506519144466,0.0697869101720041,6.3581067731635335,12,0.0021765355414371246,6.427893683335538,0.006196824982630926
0,d64,0.5114045779888319,0.061134838390738,15.23505801952358,31,0.0016945981651569353,15.296192857914317,0.014746328223630055
0,d65,0.6926779692927613,0.2192367022419535,18.62783367688174,36,0.003207926281861941,18.847070379123693,0.0181695594744423
0,d66,0.838258619948461,0.416651003991029,2.2689706233173474,4,0.0017571937439842256,2.6856216273083766,0.002589079411369869
0,d67,0.2372001047028663,0.1095342378602383,5.5762886355874945,13,0.0025482634083359287,5.685822873447733,0.005481429993209184
0,d68,0.7223472710659771,0.2358367391446861,2.8117356700724985,7,0.00048193392329151256,3.0475724092171848,0.0029380188553482576
0,d69,0.412022265296254,0.8057497763096095,6.573402446410878,15,0.0008615584438222523,7.379152222720487,0.0071138878607995585
0,d70,0.5976915716671948,0.6615382478708512,5.081006053869371,8,0.0006412315166881427,5.742544301740222,0.005536112410375581
0,d71,0.7753935254554237,0.9532450602827024,11.601453429220983,22,0.0052935603835267,12.554698489503686,0.012103384573838175
0,d72,0.7200515848641112,0.8135466378420463,5.456145995415362,12,0.0026789187938003056,6.269692633257408,0.006044310913839751
0,d73,0.6323702357024397,0.2465758596168992,24.030379787108817,46,0.004999704158828463,24.276955646725717,0.02340425225822763
0,d74,0.3245366202722103,0.0249182791854667,2.910987209751336,5,0.0008183337941524594,2.9359054889368026,0.002830366116299243
0,d75,0.7913326451339235,0.4539938264734323,20.169980994650782,39,0.008616993982070139,20.623974821124214,0.019882588093207944
0,d76,0.1668220687961897,0.9139428164460672,7.871397898420342,14,0.004515723526996128,8.78534071486641,0.008469526956232789
0,d77,0.3153561304077068,0.8192447071784767,6.2306019623095565,10,0.0020382947042764167,7.0498466694880335,0.006796420121020291
0,d78,0.7405289001624982,0.6417288777484423,16.273972535550094,33,0.003551355287184542,16.915701413298535,0.016307618993203224
0,d79,0.4078642791252231,0.392942761722586,20.052859110784333,40,0.0028554061220393222,20.44580187250692,0.019710820071891243
0,d80,0.3146924859763326,0.1696376294380355,3.365234603617023,5,0.0004091452621600822,3.534872233055059,0.003407801317715185
0,d81,0.5421396112737187,0.4836058296608834,14.08922995872085,32,0.002557589583144955,14.572835788381733,0.014048974256581215
0,d82,0.3308780300888796,0.7315047052996154,6.318480643841281,14,0.0014464382179088361,7.049985349140896,0.006796553815443344
0,d83,0.5044762847321907,0.6798597864912188,9.845795300570616,24,0.001641692657840722,10.525655087061836,0.010147280838069874
0,d84,0.4240016491622051,0.7456837793544112,8.333365024699267,15,0.0016863903489809336,9.079048804053679,0.008752676882840165
0,d85,0.5635876237186975,0.4421231259529313,11.639752556845439,19,0.0016506275382279602,12.08187568279837,0.011647558711542839
0,d86,0.3533789480454132,0.1204309134488827,18.38285231543966,34,0.002727523364558318,18.50328322888854,0.017838130719357605
0,d87,0.4141901250717854,0.0205203984577977,6.211034404044475,11,0.0007153150294053914,6.231554802502273,0.006007544054577677
0,d88,0.6115059790073664,0.3468249568782421,22.95997371095156,50,0.0046116032944521065,23.3067986678298,0.022468970298060498
0,d89,0.4896240178334312,0.6122854110355505,15.750925024028584,31,0.0017727995345385536,16.363210435064133,0.015774988855670434
0,d90,0.5941395502240032,0.3730251727692044,2.5706627186786166,7,0.0006976510947671282,2.943687891447821,0.002837868758483602
0,d91,0.3293986104535455,0.6386125882064059,4.200184953508744,11,0.000960841905370077,4.83879754171515,0.004664853367150553
0,d92,0.1977297954318764,0.4473469334645794,12.064196300888506,28,0.006745204763854436,12.511543234353086,0.012061780655599397
0,d93,0.6550234155260443,0.3575923809381158,5.005714459942524,12,0.0009517978260719465,5.36330684088064,0.005170507705696539
0,d94,0.6073501272161405,0.1354534932662909,8.822070473603995,21,0.0012903052411135836,8.957523966870285,0.008635520597411774
0,d95,0.601513468777383,0.6209945983805449,6.633367600433748,17,0.0010182180461306113,7.254362198814293,0.00699358376496023
0,d96,0.371315160117374,0.1863589762176125,6.111262394630958,17,0.001271706090694713,6.297621370848571,0.006071235674478986
0,d97,0.528859155067582,0.7641297145552959,19.8733765138219,34,0.0028683774100798235,20.637506228377195,0.019895633076004223
0,d98,0.6867323808101021,0.9463252093187112,15.817784438131694,36,0.00298266918343011,16.764109647450404,0.016161476619348438
0,d99,0.5502661734258218,0.0438536644798878,13.48624743165391,27,0.0014111161628205496,13.530101096133798,0.013043723592910481
0,d100,0.2278883004385705,0.9513057831481097,10.163136369028473,23,0.004895763557562567,11.114442152176583,0.01071490229764879
1,d1,0.4862165995835288,0.4884693494414028,3.581016171435011,8,0.0015011847721644878,4.069485520876414,0.003923196428652787
1,d2,0.5502412913556051,0.3770782987358936,9.286710775512367,19,0.0010512976070544688,9.66378907424826,0.009316397020913735
1,d3,0.7522591650467103,0.6274282350072956,5.098689529836819,14,0.0015358235439474027,5.726117764844115,0.005520276371506456
1,d4,0.7443367495184002,0.6411853212437485,4.224504482368881,9,0.002040820449596217,4.8656898036126295,0.004690778911127391
1,d5,0.2615535697275934,0.5444230936121223,14.652839452197268,30,0.003776360856425609,15.19726254580939,0.014650954239586006
1,d6,0.4904884089184546,0.195995144533855,5.053166317925536,10,0.0008449224031873926,5.249161462459391,0.0050604656036489495
1,d7,0.5256883903597749,0.0645924756622676,8.02559266648992,15,0.0013362653732909605,8.090185142152189,0.007799360703953516
1,d8,0.6596628379581407,0.9857688480178474,5.408881589181256,11,0.0010305752710548788,6.394650437199103,0.006164776758389745
1,d9,0.4807477577498914,0.4645978847235158,6.138203137180402,13,0.000994264906136308,6.602801021903918,0.006365444785428223
1,d10,0.7422725194213029,0.4258718268257104,6.8441281618124234,14,0.0015753927484569083,7.2699999886381335,0.007008659410486965
1,d11,0.6571269770041206,0.8816447243746165,5.782709022498288,13,0.0019450631912396427,6.664353746872905,0.006424784824736231
1,d12,0.231995409903569,0.4098458376430103,12.288519225118804,26,0.0030398855701391546,12.698365062761814,0.012241886648420245
1,d13,0.2437821171245273,0.1658120032268633,12.837521157766778,27,0.00370479315833122,13.003333160993641,0.012535891811406661
1,d14,0.3388650567882838,0.2041415713138661,1.8526696346096754,4,0.00023000327962902078,2.0568112059235415,0.001982873347526852
1,d15,0.4702025489713948,0.5357815987985837,2.2429378675826417,3,0.00011186134030248078,2.7787194663812254,0.002678830587014114
1,d16,0.8571795782483717,0.6823319381851302,5.422365983039174,10,0.005549134468289108,6.104697921224304,0.005885247400362631
1,d17,0.4566808863944986,0.2205459956643096,5.040139179004795,11,0.0008250117992867396,5.260685174669105,0.0050715750636418765
1,d18,0.4585416734955421,0.1464049330716936,15.447453012459226,34,0.002760128217086005,15.59385794553092,0.015033292903239131
1,d19,0.4777742963178163,0.0153435184241378,7.301660221901658,16,0.0016004305788170185,7.317003740325796,0.007053973480240581
1,d20,0.3404475632918323,0.2676511989587375,68.15947224752881,145,0.016662863700136102,68.42712344648754,0.06596731821530812
1,d21,0.9367244379858752,0.1068950431605513,1.7627473260232034,4,0.018679542495170426,1.8696423691837547,0.0018024328205644936
1,d22,0.5661514327285212,0.8659825989947968,4.804065271565917,9,0.001222082700929297,5.670047870560714,0.005466222067128392
1,d23,0.58181702785236,0.1760745289285016,0.9134619545980937,1,9.569607664572377e-05,1.0895364835265953,0.001050370033049754
1,d24,0.4131050727943643,0.10508190786601,63.811993089871706,134,0.01631675741368996,63.917074997737714,0.06161939613119765
1,d25,0.957409873768342,0.496608869306429,0.0,0,0.0,0.496608869306429,0.00047875686803787714
1,d26,0.5983399053567895,0.1129787309299515,14.704510273923013,32,0.0018076912530741347,14.817489004852964,0.014284832725715575
1,d27,0.4864079686083435,0.2682169375493792,7.567300745889248,14,0.0008593681512695279,7.835517683438627,0.007553847982654053
1,d28,0.4377087472127748,0.8673533346226489,4.102732749534255,11,0.0015034654148177627,4.970086084156904,0.004791422374015969
1,d29,0.5524106594962402,0.6112706779071959,7.763783857906885,15,0.0016843918038323155,8.375054535814082,0.008073989666782737
1,d30,0.8084058191016271,0.4624106724908055,8.971834358728772,18,0.00462664880438201,9.434245031219579,0.009095104583526047
1,d31,0.4386898460073282,0.5305900956354336,0.9757252977201015,2,6.0512573295395944e-05,1.506315393355535,0.0014521666538242048
1,d32,0.5448108382164217,0.0547321770051526,12.864644170657076,31,0.0026822941903943374,12.91937634766223,0.012454953061647471
1,d33,0.6713696095645261,0.0042710944505345,14.019040745032052,24,0.003201075886168636,14.023311839482586,0.013519204490176932
1,d34,0.6824571201440984,0.4733438217980411,5.915133732796882,13,0.0025838065680379506,6.388477554594923,0.006158825777396453
1,d35,0.545080705866929,0.6858598972114482,9.66585656756316,17,0.00124052379985912,10.35171646477461,0.009979594928324932
1,d36,0.7428491055401374,0.8705521518953744,0.0,0,0.0,0.8705521518953744,0.0008392577085607603
1,d37,0.7331550625258634,0.0612264541271615,4.248152436476686,8,0.0032614719097786987,4.309378890603847,0.004154466157109632
1,d38,0.6230232154695204,0.5123888115174334,1.636334704793329,4,0.0006846631483332644,2.1487235163107625,0.002071481611645387
1,d39,0.6235568747153306,0.4422080628277681,7.570203608271497,14,0.0008986915931495762,8.012411671099265,0.007724383018859541
1,d40,0.5321020780252952,0.0381180467534172,20.911704816798217,37,0.0027559958739246646,20.949822863551635,0.020196722612123606
1,d41,0.8254648811932107,0.7330780276295283,6.250990465909279,14,0.003516814943508663,6.984068493538807,0.0067330065264409635
1,d42,0.6826727116129281,0.6600732244837185,1.6394823928190236,5,0.000969900443123195,2.299555617302742,0.002216891628931919
1,d43,0.5650252718472646,0.2647829831443443,8.470849997248738,13,0.0014779092168830921,8.735632980393083,0.00842160610595288
1,d44,0.5704128653723852,0.5395451245308905,15.749794957125681,34,0.0019822722228608055,16.289340081656572,0.015703773979690375
1,d45,0.6448537391180057,0.4073335225250493,6.309912215252052,14,0.0013221876660602769,6.717245737777102,0.006475775464401904
1,d46,0.685870360387782,0.7371358537080552,9.812854050490795,21,0.0016980022011032876,10.549989904198851,0.010170740871824534
1,d47,0.4700767767766292,0.8204349903201831,10.083329675742966,22,0.0022755032758860812,10.90376466606315,0.010511798205773372
1,d48,0.4236170265966182,0.6744959024664872,11.893766517804906,20,0.0019650403794821887,12.568262420271394,0.012116460911000054
1,d49,0.6976422484945852,0.6723761257003955,4.173843674142555,7,0.0007587639345378554,4.846219799842951,0.004672008811353548
1,d50,0.5820577570959681,0.3110659971888709,8.483565451662374,14,0.001801820122626022,8.794631448851245,0.008478483708677757
1,d51,0.7693372718446366,0.5627641174589416,9.368087012192747,18,0.0027366512341178892,9.930851129651689,0.009573858780296469
1,d52,0.8202386412025077,0.9527484508240278,0.1146624890199051,2,0.0008906064676569292,1.0674109398439329,0.0010290398542071155
1,d53,0.4911459936597999,0.0738058073055961,2.523346053527256,5,0.0005406585387087049,2.5971518608328523,0.0025037899392486426
1,d54,0.5584662854409748,0.6617411490783438,8.395221337955915,16,0.001584641212628482,9.056962487034259,0.00873138452054813
1,d55,0.5812949268182745,0.2173968415080795,12.183415082210102,23,0.0028869300824850117,12.400811923718182,0.01195502989307811
1,d56,0.5179196404382824,0.0271671424002741,8.4978066506763,21,0.00146538758113882,8.524973793076573,0.00821851965507271
1,d57,0.620578829864801,0.5523670065202334,4.585025990821909,9,0.000640708850841122,5.137392997342142,0.004952714970077569
1,d58,0.4940609767149655,0.2088661051907878,17.11303334259886,30,0.0035554307441775217,17.321899447789647,0.01669921509793592
1,d59,0.617835093703932,0.0304324713071912,8.115826549745593,17,0.0011914418739645174,8.146259021052785,0.007853418849710513
1,d60,0.7603820460614555,0.2441125077921133,8.599509663389256,16,0.0015084847480752728,8.84362217118137,0.008525713321830742
1,d61,0.2190906956649291,0.3396223303720793,36.5555184082548,80,0.04696451965965469,36.89514073862688,0.03556884123014398
1,d62,0.4391033765864687,0.5819727585806332,20.28011582581038,34,0.003989334720037464,20.862088584391014,0.020112142188159043
1,d63,0.6937506519144466,0.0697869101720041,7.196524884956756,13,0.0020244774961246234,7.26631179512876,0.007005103799457039
1,d64,0.6114045779888319,0.061134838390738,13.88906557718162,31,0.00217995368543829,13.950200415572358,0.013448721261840846
1,d65,0.7926779692927612,0.2192367022419535,9.468843648217705,14,0.003845743756242161,9.688080350459659,0.009339815078943697
1,d66,0.9382586199484608,0.416651003991029,0.2409052126626448,1,0.004423832499776736,0.6575562166536738,0.0006339185107257874
1,d67,0.3372001047028663,0.1095342378602383,6.879585641390792,12,0.002467434823793732,6.98911987925103,0.006737876325899464
1,d68,0.822347271065977,0.2358367391446861,1.1693398318610913,2,0.0009508509008407384,1.4051765710057773,0.0013546635506419468
1,d69,0.512022265296254,0.8057497763096095,5.578113371855532,13,0.0008525372396831146,6.383863148165142,0.006154377248772184
1,d70,0.6976915716671948,0.6615382478708512,2.7622852674224685,7,0.0009527268655938416,3.4238235152933196,0.003300744558158144
1,d71,0.8753935254554237,0.9532450602827024,4.397440406750794,7,0.004116170690733905,5.350685467033497,0.005158340042598147
1,d72,0.8200515848641112,0.8135466378420463,5.614067556786441,9,0.002643367805200889,6.427614194628488,0.006196555540930809
1,d73,0.7323702357024396,0.2465758596168992,10.032490106435581,19,0.0059064998979727786,10.27906596605248,0.009909556055925868
1,d74,0.4245366202722103,0.0249182791854667,5.189700488515472,10,0.001161994989155607,5.214618767700938,0.005027164643117895
1,d75,0.8913326451339235,0.4539938264734323,4.999820834462684,8,0.011479368290867042,5.453814660936117,0.005257761967834894
1,d76,0.2668220687961897,0.9139428164460672,20.851890271039657,44,0.00689020342205878,21.765833087485724,0.020983399055585415
1,d77,0.4153561304077068,0.8192447071784767,8.009395789601115,15,0.002198045197234677,8.828640496779592,0.008511270205813552
1,d78,0.8405289001624981,0.6417288777484423,4.257805754045961,7,0.0038899525830466803,4.8995346317944035,0.004723407091856858
1,d79,0.5078642791252231,0.392942761722586,13.839202873466498,33,0.002534933208116415,14.232145635189084,0.013720531168277829
1,d80,0.4146924859763325,0.1696376294380355,4.069354601503236,7,0.0002760299896135687,4.238992230941272,0.004086609743713782
1,d81,0.6421396112737187,0.4836058296608834,9.685252506810144,19,0.002791356662673062,10.168858336471027,0.00980331014927103
1,d82,0.4308780300888796,0.7315047052996154,9.777581888981295,19,0.0014176773402538167,10.50908659428091,0.010131307946319104
1,d83,0.6044762847321907,0.6798597864912188,9.328531588918109,22,0.0017714486121426889,10.008391375409328,0.009648611624033757
1,d84,0.5240016491622052,0.7456837793544112,7.20787451107456,14,0.0011347815540871703,7.953558290428971,0.007667645288334304
1,d85,0.6635876237186975,0.4421231259529313,8.45959109002955,15,0.0017206343396027445,8.901714215982482,0.008581717084843954
1,d86,0.4533789480454132,0.1204309134488827,15.576448904439015,30,0.002842617050160677,15.696879817887899,0.015132611364904767
1,d87,0.5141901250717854,0.0205203984577977,9.513096285309524,18,0.0008024922613626911,9.533616683767322,0.009190904042790536
1,d88,0.7115059790073663,0.3468249568782421,13.947966853068664,26,0.004661037725839543,14.294791809946906,0.013780925350249438
1,d89,0.5896240178334312,0.6122854110355505,17.807878501644225,35,0.0017318059627468082,18.420163912679776,0.017757999360533634
1,d90,0.6941395502240032,0.3730251727692044,4.274163303318469,8,0.001026837572479608,4.647188476087673,0.00448013222780483
1,d91,0.4293986104535455,0.6386125882064059,5.023228204075455,10,0.0011061152225584681,5.66184079228186,0.005458310015340004
1,d92,0.2977297954318764,0.4473469334645794,43.09366943888504,83,0.008472589305723376,43.54101637234962,0.04197581218943036
1,d93,0.7550234155260442,0.3575923809381158,3.659669249975727,8,0.0011266478320024198,4.0172616309138425,0.0038728498731630426
1,d94,0.7073501272161404,0.1354534932662909,4.020680805146477,10,0.0012823646096237096,4.156134298412768,0.004006730372399205
1,d95,0.701513468777383,0.6209945983805449,5.976242343540472,14,0.00097092199845078,6.597236941921016,0.006360080721935264
1,d96,0.471315160117374,0.1863589762176125,14.557325192570243,27,0.0010482357624985788,14.743684168787855,0.01421368101187299
1,d97,0.6288591550675819,0.7641297145552959,21.06148184579305,41,0.002832329473654708,21.825611560348346,0.021041028623264634
1,d98,0.7867323808101021,0.9463252093187112,6.551359050736991,17,0.0035335849750441186,7.497684260055703,0.007228158930980024
1,d99,0.6502661734258218,0.0438536644798878,10.145678521706031,20,0.0013977820662059825,10.18953218618592,0.009823240819364804
1,d100,0.3278883004385705,0.9513057831481097,29.054846529210696,57,0.006564572185109609,30.006152312358807,0.02892749685078255
2,d1,0.5862165995835288,0.4884693494414028,7.542352609335454,11,0.0014232781956206335,8.030821958776857,0.007742131497014006
2,d2,0.650241291355605,0.3770782987358936,5.822724985319661,11,0.0008394025099868096,6.199803284055555,0.005976933933682677
2,d3,0.8522591650467103,0.6274282350072956,2.3306856008831187,5,0.0010936679599147015,2.958113835890414,0.00285177612181658
2,d4,0.8443367495184002,0.6411853212437485,0.7651187328848554,1,0.003725800391640166,1.4063040541286038,0.001355750503215717
2,d5,0.3615535697275934,0.5444230936121223,25.373603809333023,52,0.0039005963557404294,25.918026902945144,0.0249863305967637
2,d6,0.5904884089184546,0.195995144533855,5.561027587999356,11,0.0012121962548609089,5.757022732533211,0.005550070373289603
2,d7,0.6256883903597749,0.0645924756622676,9.880588780354355,19,0.0014445773148899644,9.945181256016623,0.009587673770001833
2,d8,0.7596628379581407,0.9857688480178474,4.737171337037093,8,0.0003884301087618003,5.722940185054941,0.00551721301875174
2,d9,0.5807477577498914,0.4645978847235158,7.008970446581928,14,0.0012300742279987248,7.473568331305444,0.007204909917053985
2,d10,0.8422725194213029,0.4258718268257104,2.0136347468254927,3,0.001907093457195863,2.439506573651203,0.002351811654894949
2,d11,0.7571269770041206,0.8816447243746165,4.392688298039049,10,0.0010884023306830803,5.274333022413666,0.005084732301149069
2,d12,0.331995409903569,0.4098458376430103,15.553841007108034,33,0.002728393346869285,15.963686844751043,0.015389827263464715
2,d13,0.3437821171245273,0.1658120032268633,29.868301294983386,57,0.0034361299985796716,30.03411329821025,0.028954452700427718
2,d14,0.4388650567882838,0.2041415713138661,3.2142518808652785,6,0.00033848878669711274,3.4183934521791444,0.0032955096939209787
2,d15,0.5702025489713948,0.5357815987985837,1.8927769012099862,3,0.00027388192607968875,2.42855850000857,0.002341257140523276
2,d16,0.9571795782483716,0.6823319381851302,0.0,0,0.0,0.6823319381851302,0.0006578035993274963
2,d17,0.5566808863944986,0.2205459956643096,4.442267659628065,9,0.0008339638015668739,4.662813655292375,0.004495195716036565
2,d18,0.5585416734955421,0.1464049330716936,11.561204655591554,19,0.0028237866605208377,11.707609588663248,0.011286746663841895
2,d19,0.5777742963178163,0.0153435184241378,10.343624221297446,19,0.001182280349865444,10.358967739721583,0.00998658553581799
2,d20,0.4404475632918323,0.2676511989587375,86.76234153653951,168,0.018946618737420772,87.02999273549824,0.08390145509402185
2,d21,1.0,0.1068950431605513,0.0,0,0.0,0.1068950431605513,0.0001030524004611383
2,d22,0.6661514327285212,0.8659825989947968,3.797426619757371,8,0.000896019315757654,4.663409218752168,0.004495769870294274
2,d23,0.68181702785236,0.1760745289285016,0.0,0,0.0,0.1760745289285016,0.00016974503522014056
2,d24,0.5131050727943643,0.10508190786601,67.78970161437792,138,0.016515614533409734,67.89478352224393,0.06545411474550632
2,d25,1.0,0.496608869306429,0.0,0,0.0,0.496608869306429,0.0004787568680378769
2,d26,0.6983399053567895,0.1129787309299515,13.011432551109346,25,0.0018766874510396869,13.124411282039297,0.012652617439164144
2,d27,0.5864079686083435,0.2682169375493792,6.174092471774556,11,0.001392478782648325,6.4423094093239355,0.006210722494840757
2,d28,0.5377087472127748,0.8673533346226489,9.978552710465452,16,0.0015313629083851255,10.845906045088102,0.010456019475510874
2,d29,0.6524106594962402,0.6112706779071959,8.13476015183325,17,0.0011710513183081656,8.746030829740446,0.008431630175387693
2,d30,0.9084058191016272,0.4624106724908055,4.058662074388842,5,0.0015564525338906065,4.521072746879647,0.004358550082865949
2,d31,0.5386898460073282,0.5305900956354336,0.520743372790647,2,0.0002838768539205616,1.0513334684260807,0.0010135403326767618
2,d32,0.6448108382164217,0.0547321770051526,7.668816135968966,16,0.003001584828586888,7.723548312974119,0.007445903665842658
2,d33,0.771369609564526,0.0042710944505345,4.995038050351095,10,0.0019359517549114025,4.99930914480163,0.0048195949296295825
2,d34,0.7824571201440984,0.4733438217980411,3.9344234330013403,8,0.002297973619014959,4.407767254799381,0.004249317675084752
2,d35,0.645080705866929,0.6858598972114482,4.525862509575239,10,0.001386013007783804,5.211722406786687,0.005024372400035422
2,d36,0.8428491055401374,0.8705521518953744,0.0,0,0.0,0.8705521518953744,0.00083925770856076
2,d37,0.8331550625258634,0.0612264541271615,1.4790522743356131,3,0.0019224027466057854,1.5402787284627746,0.0014849090814146983
2,d38,0.7230232154695204,0.5123888115174334,2.1364659573583116,6,0.00032281681483969926,2.648854768875745,0.002553634240977759
2,d39,0.7235568747153306,0.4422080628277681,3.0241790985995807,4,0.0012044185434831323,3.466387161427349,0.0033417781344288605
2,d40,0.6321020780252952,0.0381180467534172,17.781584981275053,34,0.00232374327659135,17.81970302802847,0.017179123729664604
2,d41,0.9254648811932108,0.7330780276295283,0.0,0,0.0,0.7330780276295283,0.0007067254779912841
2,d42,0.7826727116129281,0.6600732244837185,1.8528164615551004,3,0.0007909043519241562,2.512889686038819,0.0024225568051026635
2,d43,0.6650252718472646,0.2647829831443443,5.222186007891691,9,0.002046913880572395,5.486968991036035,0.005289724472376341
2,d44,0.6704128653723852,0.5395451245308905,11.281814375727645,19,0.0029538495144067274,11.821359500258536,0.011396407515229835
2,d45,0.7448537391180057,0.4073335225250493,3.0468307846728617,7,0.0012059748061541736,3.454164307197911,0.003329994665040684
2,d46,0.785870360387782,0.7371358537080552,1.7199531087117303,7,0.0011133238327831277,2.4570889624197854,0.002368761995293072
2,d47,0.5700767767766292,0.8204349903201831,9.91404066546767,22,0.0021937154226555774,10.734475655787854,0.010348594764671266
2,d48,0.5236170265966182,0.6744959024664872,8.587543270460285,18,0.001993168571257938,9.262039172926773,0.008929089148704708
2,d49,0.7976422484945852,0.6723761257003955,1.5742078941212538,2,0.001392239944962681,2.2465840198216496,0.0021658242443714495
2,d50,0.682057757095968,0.3110659971888709,4.9327371461607,12,0.0019214624916419343,5.243803143349571,0.005055299904376304
2,d51,0.8693372718446366,0.5627641174589416,4.92625027859278,7,0.003862641737144536,5.489014396051722,0.005291696349561191
2,d52,0.9202386412025076,0.9527484508240278,0.4094776689077227,1,0.0002194638469935617,1.3622261197317505,0.0013132570740289028
2,d53,0.5911459936597999,0.0738058073055961,3.8834839715356417,8,0.0004502044151978163,3.957289778841238,0.0038150338778329324
2,d54,0.6584662854409747,0.6617411490783438,7.379783996232662,16,0.0015940976081875238,8.041525145311006,0.007752449927432437
2,d55,0.6812949268182745,0.2173968415080795,6.406147653644121,14,0.002610246804289943,6.6235444951522,0.006385442576241834
2,d56,0.6179196404382824,0.0271671424002741,8.80008463099709,19,0.0011660874485996018,8.827251773397363,0.008509931403995578
2,d57,0.7205788298648009,0.5523670065202334,3.089302983676098,6,0.000702373630283785,3.6416699901963314,0.003510759929376378
2,d58,0.5940609767149655,0.2088661051907878,14.896403630825482,32,0.00309611920518452,15.10526973601627,0.014562268369838913
2,d59,0.717835093703932,0.0304324713071912,4.416797289777146,9,0.0015746460650449576,4.447229761084337,0.004287361590692414
2,d60,0.8603820460614555,0.2441125077921133,2.16601321929675,4,0.001974749839961071,2.410125727088863,0.002323486985421904
2,d61,0.3190906956649291,0.3396223303720793,160.66054911675582,326,0.0663025131606425,161.00017144712788,0.15521256787708826
2,d62,0.5391033765864687,0.5819727585806332,16.589304872615035,38,0.0038242741628239023,17.171277631195668,0.0165540078057838
2,d63,0.7937506519144466,0.0697869101720041,2.0044489516415664,3,0.0015823288485799687,2.0742358618135706,0.0019996716251979665
2,d64,0.7114045779888318,0.061134838390738,6.692818027986264,13,0.001564286759673948,6.753952866377002,0.006511163052117955
2,d65,0.8926779692927612,0.2192367022419535,0.9411587600738429,3,0.0020757424582959296,1.1603954623157964,0.001118681786734015
2,d66,1.0,0.416651003991029,0.0,0,0.0,0.416651003991029,0.0004016733128712964
2,d67,0.4372001047028663,0.1095342378602383,7.14441618396493,16,0.0022278683310104075,7.253950421825168,0.006993186790452062
2,d68,0.922347271065977,0.2358367391446861,0.0,0,0.0,0.2358367391446861,0.00022735892485944772
2,d69,0.612022265296254,0.8057497763096095,2.9765403021817547,8,0.0007906758503469224,3.7822900784913642,0.0036463250334579133
2,d70,0.7976915716671947,0.6615382478708512,2.3513211665115383,4,0.0008037770422861246,3.0128594143823895,0.002904553716655643
2,d71,0.9753935254554236,0.9532450602827024,0.0,0,0.0,0.9532450602827024,0.0009189779879906298
2,d72,0.9200515848641112,0.8135466378420463,1.3532696571154805,3,0.002811092559671861,2.1668162949575267,0.0020889239945233343
2,d73,0.8323702357024396,0.2465758596168992,7.42033029777037,16,0.004142953294052024,7.666906157387269,0.007391297671701741
2,d74,0.5245366202722103,0.0249182791854667,5.90019244805616,11,0.0008455783786026325,5.925110727241626,0.005712115972704205
2,d75,0.9913326451339236,0.4539938264734323,0.0,0,0.0,0.4539938264734323,0.0004376737426669597
2,d76,0.3668220687961897,0.9139428164460672,24.618484713913897,58,0.006892502314651907,25.532427530359964,0.024614592677152883
2,d77,0.5153561304077068,0.8192447071784767,6.489490831511954,18,0.0017094494673782089,7.308735538690431,0.007046002502346483
2,d78,0.940528900162498,0.6417288777484423,0.2409052126626448,1,0.002153552285739546,0.8826340904110872,0.0008509053278465117
2,d79,0.6078642791252231,0.392942761722586,14.440869274566072,36,0.002780447698167756,14.83381203628866,0.014300568979918904
2,d80,0.5146924859763325,0.1696376294380355,3.6302103379961905,8,0.000292632870036863,3.799847967434226,0.003663251754745395
2,d81,0.7421396112737186,0.4836058296608834,10.60566142321137,21,0.0027742580369334038,11.089267252872252,0.010690632380840928
2,d82,0.5308780300888796,0.7315047052996154,6.531828698888928,14,0.0014621684842762478,7.263333404188543,0.0070022324751483865
2,d83,0.7044762847321907,0.6798597864912188,7.944831394090253,19,0.0018963793868361544,8.624691180581472,0.008314652420879809
2,d84,0.6240016491622051,0.7456837793544112,7.9119396268551245,16,0.0011213601756345296,8.657623406209536,0.008346400805118755
2,d85,0.7635876237186975,0.4421231259529313,6.546534287599313,13,0.001875448355876343,6.988657413552244,0.006737430484829738
2,d86,0.5533789480454132,0.1204309134488827,21.80384735612828,40,0.0036759065371162664,21.92427826957716,0.021136148480378664
2,d87,0.6141901250717854,0.0205203984577977,9.00102942288596,16,0.0003946967050128883,9.021549821343758,0.008697244862634778
2,d88,0.8115059790073663,0.3468249568782421,7.9383960757068,16,0.004961053998280965,8.285221032585042,0.00798738548125767
2,d89,0.6896240178334312,0.6122854110355505,15.402315092943532,29,0.0019482564156370983,16.014600503979082,0.015438910688145404
2,d90,0.7941395502240032,0.3730251727692044,2.13133230028954,3,0.0003096107680776357,2.5043574730587443,0.0024143313064935116
2,d91,0.5293986104535455,0.6386125882064059,7.90107899586971,13,0.0009085583208444487,8.539691584076117,0.008232708373718063
2,d92,0.3977297954318763,0.4473469334645794,52.730639353740024,113,0.007376936147619436,53.177986287204604,0.05126635414099651
2,d93,0.8550234155260442,0.3575923809381158,0.0,0,0.0,0.3575923809381158,0.00034473771797761043
2,d94,0.8073501272161404,0.1354534932662909,1.948083633047582,4,0.0014211500784744868,2.083537126313873,0.002008638529609432
2,d95,0.8015134687773829,0.6209945983805449,6.221618031434544,11,0.0011582306288118586,6.842612629815089,0.0065966356912270365
2,d96,0.571315160117374,0.1863589762176125,8.663936275755791,18,0.0015257687676544414,8.850295251973403,0.008532146519982473
2,d97,0.7288591550675819,0.7641297145552959,5.358464225555428,10,0.001804612379047299,6.122593940110724,0.005902500096562708
2,d98,0.8867323808101021,0.9463252093187112,0.3968572910173189,1,0.007725986733205792,1.34318250033603,0.0012948980310445643
2,d99,0.7502661734258218,0.0438536644798878,6.276363227532839,16,0.0016179755897811482,6.320216892012726,0.006093018936141915
2,d100,0.4278883004385705,0.9513057831481097,41.91385007648152,78,0.006313571151938047,42.86515585962963,0.04132424738199507
3,d1,0.6862165995835288,0.4884693494414028,2.574907647899158,9,0.0014852973679636437,3.0633769973405607,0.00295325530314095
3,d2,0.750241291355605,0.3770782987358936,3.8616771782513424,8,0.0014002029976237645,4.238755476987236,0.004086381500545896
3,d3,0.9522591650467104,0.6274282350072956,0.0,0,0.0,0.6274282350072956,0.0006048735640387346
3,d4,0.9443367495184002,0.6411853212437485,0.0,0,0.0,0.6411853212437485,0.0006181361131532715
3,d5,0.4615535697275934,0.5444230936121223,25.797406551156254,53,0.0034623778844792654,26.341829644768374,0.025394898558154574
3,d6,0.6904884089184545,0.195995144533855,3.8621276525265955,9,0.0009928714735603578,4.0581227970604505,0.0039122421698734216
3,d7,0.7256883903597748,0.0645924756622676,2.747140905747745,5,0.001590717950373821,2.8117333814100127,0.0027106577240987267
3,d8,0.8596628379581407,0.9857688480178474,0.9322845486833531,2,0.001116243089682445,1.9180533967012003,0.0018491035776637714
3,d9,0.6807477577498914,0.4645978847235158,4.508771517721123,10,0.001234696021138426,4.973369402444639,0.004794587664201789
3,d10,0.9422725194213027,0.4258718268257104,0.0,0,0.0,0.4258718268257104,0.00041056266731885106
3,d11,0.8571269770041205,0.8816447243746165,0.0,0,0.0,0.8816447243746165,0.0008499515273523213
3,d12,0.4319954099035691,0.4098458376430103,21.094204869733204,43,0.0028277197837445383,21.504050707376216,0.020731027178732365
3,d13,0.4437821171245273,0.1658120032268633,31.55478526885083,60,0.0036084194353045757,31.720597272077693,0.030580311268867098
3,d14,0.5388650567882838,0.2041415713138661,1.8141790246080318,5,0.0005552350758738278,2.0183205959218977,0.0019457663906595874
3,d15,0.6702025489713948,0.5357815987985837,0.6007298011399219,1,0.00024489850131159674,1.1365113999385055,0.0010956563040926297
3,d16,1.0,0.6823319381851302,0.0,0,0.0,0.6823319381851302,0.0006578035993274963
3,d17,0.6566808863944986,0.2205459956643096,1.860667705475806,6,0.0009572527668435526,2.0812137011401157,0.0020063986264823256
3,d18,0.658541673495542,0.1464049330716936,11.408062159628711,21,0.002714452182189036,11.554467092700405,0.011139109305223893
3,d19,0.6777742963178163,0.0153435184241378,7.444671499558544,14,0.0014396432184914931,7.460015017982682,0.007191843815663158
3,d20,0.5404475632918323,0.2676511989587375,79.73761880696892,156,0.016720422580456456,80.00527000592766,0.0771292557623009
3,d21,1.0,0.1068950431605513,0.0,0,0.0,0.1068950431605513,0.0001030524004611383
3,d22,0.7661514327285212,0.8659825989947968,3.049545046874596,6,0.0004607096845925344,3.9155276458693926,0.003774773002081547
3,d23,0.78181702785236,0.1760745289285016,0.914677939995653,2,0.0001663974811448865,1.0907524689241546,0.0010515423064353022
3,d24,0.6131050727943643,0.10508190786601,68.14697514771235,144,0.018152441842138507,68.25205705557836,0.06579854507775332
3,d25,1.0,0.496608869306429,0.0,0,0.0,0.496608869306429,0.0004787568680378769
3,d26,0.7983399053567894,0.1129787309299515,9.223132555604364,13,0.0018345487406996597,9.336111286534315,0.00900049853204742
3,d27,0.6864079686083435,0.2682169375493792,5.674653771891226,9,0.0007144201320671408,5.942870709440605,0.005729237522437835
3,d28,0.6377087472127748,0.8673533346226489,6.402434311150534,13,0.0019510276851109748,7.269787645773183,0.007008454700882972
3,d29,0.7524106594962402,0.6112706779071959,2.672551869093912,10,0.0009505071808596721,3.2838225470011078,0.003165776318071211
3,d30,1.0,0.4624106724908055,0.0,0,0.0,0.4624106724908055,0.0004457880215030636
3,d31,0.6386898460073281,0.5305900956354336,0.990013106099822,1,0.0003575745231317873,1.5206032017352555,0.00146594084678325
3,d32,0.7448108382164217,0.0547321770051526,6.775531642267864,15,0.0033981165702721434,6.830263819273016,0.006584730793379818
3,d33,0.871369609564526,0.0042710944505345,2.5549048066198745,4,0.0027774898375594603,2.559175901070409,0.0024671791320715728
3,d34,0.8824571201440984,0.4733438217980411,1.8425356001309199,3,0.00433964170530136,2.315879421928961,0.0022326286285312717
3,d35,0.745080705866929,0.6858598972114482,2.8549461911256615,5,0.0012579952502660197,3.54080608833711,0.0034135218638951027
3,d36,0.9428491055401372,0.8705521518953744,0.2409052126626448,1,0.00016665309189967115,1.1114573645580192,0.0010715029064152508
3,d37,0.9331550625258632,0.0612264541271615,0.0,0,0.0,0.0612264541271615,5.902549718840696e-05
3,d38,0.8230232154695204,0.5123888115174334,0.931480884969039,1,7.058983728525092e-05,1.4438696964864723,0.0013919657430003023
3,d39,0.8235568747153306,0.4422080628277681,1.6519177308146926,4,0.0018197296060083745,2.0941257936424607,0.002018846557536943
3,d40,0.7321020780252951,0.0381180467534172,7.945860800694344,15,0.003340056131728712,7.983978847447761,0.0076969722929498725
3,d41,1.0,0.7330780276295283,0.0,0,0.0,0.7330780276295283,0.0007067254779912841
3,d42,0.882672711612928,0.6600732244837185,0.0,0,0.0,0.6600732244837185,0.0006363450376366375
3,d43,0.7650252718472645,0.2647829831443443,3.4969892407247167,7,0.0017561641077803764,3.761772223869061,0.003626544750774784
3,d44,0.7704128653723852,0.5395451245308905,4.995038050351095,10,0.001750836598594685,5.534583174881986,0.005335627030589012
3,d45,0.8448537391180057,0.4073335225250493,0.0,0,0.0,0.4073335225250493,0.0003926907744585543
3,d46,0.885870360387782,0.7371358537080552,0.0,0,0.0,0.7371358537080552,0.0007106374341090054
3,d47,0.6700767767766291,0.8204349903201831,8.27395431167585,16,0.0022621021619547987,9.094389301996033,0.008767465923477474
3,d48,0.6236170265966182,0.6744959024664872,9.772172669151013,19,0.0016058376845716233,10.4466685716175,0.010071133714873764
3,d49,0.8976422484945852,0.6723761257003955,0.0,0,0.0,0.6723761257003955,0.0006482056764981662
3,d50,0.782057757095968,0.3110659971888709,2.3778296079841117,7,0.00195728432494716,2.6888956051729824,0.0025922356969003157
3,d51,0.9693372718446366,0.5627641174589416,0.0,0,0.0,0.5627641174589416,0.0005425339799005777
3,d52,1.0,0.9527484508240278,0.0,0,0.0,0.9527484508240278,0.0009184992305544103
3,d53,0.6911459936597999,0.0738058073055961,4.2276565711824095,7,0.0005606133122217757,4.301462378488005,0.004146834226267038
3,d54,0.7584662854409747,0.6617411490783438,8.871993815263728,16,0.0016248865806251164,9.533734964342072,0.009191018071437657
3,d55,0.7812949268182745,0.2173968415080795,2.9387174181489715,5,0.0021033855762890184,3.156114259657051,0.0030426588639735582
3,d56,0.7179196404382824,0.0271671424002741,4.071551621368,10,0.0014339564004172245,4.098718763768274,0.00395137880048405
3,d57,0.8205788298648009,0.5523670065202334,0.267310438329767,3,0.0005975725874261725,0.8196774448500004,0.0007902118358170763
3,d58,0.6940609767149655,0.2088661051907878,13.397467966626813,27,0.002795481906615855,13.606334071817601,0.013117216160070133
3,d59,0.8178350937039319,0.0304324713071912,5.46141960747658,8,0.0014307565599333827,5.491852078783771,0.005294432023813603
3,d60,0.9603820460614556,0.2441125077921133,0.0,0,0.0,0.2441125077921133,0.00023533719774809306
3,d61,0.419090695664929,0.3396223303720793,335.9962553500701,688,0.10091706217484558,336.3358776804422,0.3242453394598976
3,d62,0.6391033765864687,0.5819727585806332,9.957124036122808,20,0.003460723243178099,10.539096794703442,0.010160239345759358
3,d63,0.8937506519144466,0.0697869101720041,0.4688766024462123,2,0.0030897575457771165,0.5386635126182164,0.0005192997390230866
3,d64,0.8114045779888318,0.061134838390738,2.4772370922507543,6,0.0016721897377150463,2.5383719306414925,0.0024471230188184787
3,d65,0.9926779692927612,0.2192367022419535,0.0,0,0.0,0.2192367022419535,0.00021135562292896697
3,d66,1.0,0.416651003991029,0.0,0,0.0,0.416651003991029,0.0004016733128712964
3,d67,0.5372001047028663,0.1095342378602383,11.632260898616572,21,0.0019481716335583471,11.74179513647681,0.01131970331607857
3,d68,1.0,0.2358367391446861,0.0,0,0.0,0.2358367391446861,0.00022735892485944772
3,d69,0.712022265296254,0.8057497763096095,4.392518671397998,8,0.0012069612066836904,5.198268447707607,0.005011402081320805
3,d70,0.8976915716671947,0.6615382478708512,0.0,0,0.0,0.6615382478708512,0.0006377573966414322
3,d71,1.0,0.9532450602827024,0.0,0,0.0,0.9532450602827024,0.0009189779879906298
3,d72,1.0,0.8135466378420463,0.0,0,0.0,0.8135466378420463,0.0007843014178944724
3,d73,0.9323702357024396,0.2465758596168992,0.0,0,0.0,0.2465758596168992,0.000237711997469566
3,d74,0.6245366202722102,0.0249182791854667,5.295944296309184,11,0.001135850011173889,5.32086257549465,0.005129589218697411
3,d75,1.0,0.4539938264734323,0.0,0,0.0,0.4539938264734323,0.0004376737426669597
3,d76,0.4668220687961897,0.9139428164460672,40.59371843899876,80,0.006326820326828075,41.50766125544483,0.04001555173589132
3,d77,0.6153561304077068,0.8192447071784767,7.877510469217556,16,0.002237337382758074,8.696755176396033,0.00838412587386638
3,d78,1.0,0.6417288777484423,0.0,0,0.0,0.6417288777484423,0.0006186601299920209
3,d79,0.7078642791252231,0.392942761722586,9.087615269897872,22,0.0036179377934061996,9.480558031620458,0.009139752732988875
3,d80,0.6146924859763325,0.1696376294380355,6.588567042217092,11,0.00044669351278565033,6.758204671655128,0.006515262014307868
3,d81,0.8421396112737186,0.4836058296608834,2.2689706233173474,4,0.002477976045772795,2.752576452978231,0.002653627357689252
3,d82,0.6308780300888795,0.7315047052996154,8.10695103057067,15,0.001523221793347503,8.838455735870285,0.008520732608554495
3,d83,0.8044762847321907,0.6798597864912188,4.2205167352101896,9,0.0017205078393991435,4.900376521701409,0.00472421871766546
3,d84,0.7240016491622051,0.7456837793544112,5.422507514822296,10,0.001369878685263437,6.168191294176707,0.005946458325609106
3,d85,0.8635876237186975,0.4421231259529313,2.1593958334727024,3,0.0010649787185828357,2.6015189594256336,0.0025080000502110426
3,d86,0.6533789480454132,0.1204309134488827,15.528279885594147,32,0.0029132272381485816,15.64871079904303,0.015086173916796283
3,d87,0.7141901250717854,0.0205203984577977,3.909510995042308,6,0.0005329849283409183,3.930031393500106,0.0037887553717484237
3,d88,0.9115059790073664,0.3468249568782421,3.385988971399038,6,0.0047704176535503335,3.73281392827728,0.003598627442490301
3,d89,0.7896240178334312,0.6122854110355505,3.7957596610206057,8,0.0026714659227195237,4.408045072056156,0.004249585505419571
3,d90,0.8941395502240032,0.3730251727692044,0.4722821576276306,1,0.0007314965954623442,0.845307330396835,0.0008149203831084466
3,d91,0.6293986104535455,0.6386125882064059,7.5212677446056455,15,0.0011311718759280016,8.159880332812051,0.007866550505142966
3,d92,0.4977297954318763,0.4473469334645794,55.548892834634195,114,0.007648421423158685,55.996239768098775,0.053983297581282084
3,d93,0.9550234155260442,0.3575923809381158,0.0,0,0.0,0.3575923809381158,0.00034473771797761043
3,d94,0.9073501272161404,0.1354534932662909,2.435420429013007,3,0.0004030815797686123,2.570873922279298,0.0024784566350368946
3,d95,0.9015134687773828,0.6209945983805449,0.0,0,0.0,0.6209945983805449,0.0005986712025589272
3,d96,0.671315160117374,0.1863589762176125,3.375100271684297,4,0.002220025525290076,3.5614592479019094,0.003433432587604366
3,d97,0.8288591550675819,0.7641297145552959,6.060648079830397,13,0.0026050453969077227,6.824777794385692,0.006579441979072693
3,d98,0.986732380810102,0.9463252093187112,0.0,0,0.0,0.9463252093187112,0.0009123068905141869
3,d99,0.8502661734258218,0.0438536644798878,3.095804333767974,6,0.0016535327383966902,3.139657998247862,0.0030267941691224987
3,d100,0.5278883004385705,0.9513057831481097,41.76843373829355,83,0.007086554751710396,42.71973952144166,0.041184058442700365
4,d1,0.7862165995835287,0.4884693494414028,1.3978156189717847,5,0.0016902299752972639,1.8862849684131875,0.001818477154799242
4,d2,0.850241291355605,0.3770782987358936,2.0796539192431247,3,0.0012384854431638503,2.4567322179790185,0.0023684180750336743
4,d3,1.0,0.6274282350072956,0.0,0,0.0,0.6274282350072956,0.0006048735640387348
4,d4,1.0,0.6411853212437485,0.0,0,0.0,0.6411853212437485,0.0006181361131532718
4,d5,0.5615535697275934,0.5444230936121223,19.87664827727683,35,0.004083166348725694,20.42107137088895,0.019686978577646164
4,d6,0.7904884089184545,0.195995144533855,0.0,0,0.0,0.195995144533855,0.00018894954832101448
4,d7,0.8256883903597748,0.0645924756622676,4.42117741918759,7,0.0009658681899274038,4.485769894849858,0.004324516291052704
4,d8,0.9596628379581408,0.9857688480178474,0.0,0,0.0,0.9857688480178474,0.00095033261678442
4,d9,0.7807477577498914,0.4645978847235158,2.459048373482739,6,0.0011065347446534795,2.923646258206255,0.0028185475780655067
4,d10,1.0,0.4258718268257104,0.0,0,0.0,0.4258718268257104,0.0004105626673188513
4,d11,0.9571269770041204,0.8816447243746165,0.0,0,0.0,0.8816447243746165,0.0008499515273523217
4,d12,0.5319954099035691,0.4098458376430103,25.278191166205342,46,0.0031061314227070675,25.688037003848354,0.02476460833085713
4,d13,0.5437821171245273,0.1658120032268633,34.912202224444464,73,0.003455642846716163,35.078014227671325,0.03381703643771512
4,d14,0.6388650567882838,0.2041415713138661,3.451269623704413,5,0.0004676371347580588,3.655411195018279,0.003524007167978482
4,d15,0.7702025489713947,0.5357815987985837,0.8388885581431278,1,0.00024148481154773194,1.3746701569417115,0.0013252537753538482
4,d16,1.0,0.6823319381851302,0.0,0,0.0,0.6823319381851302,0.0006578035993274965
4,d17,0.7566808863944986,0.2205459956643096,3.5910731451994784,7,0.0006320729513231387,3.811619140863788,0.003674599780269263
4,d18,0.758541673495542,0.1464049330716936,8.010738353896445,15,0.0022624173282360218,8.157143286968138,0.007863911850102961
4,d19,0.7777742963178162,0.0153435184241378,2.4908625441267045,4,0.0009024861026509512,2.5062060625508424,0.002416113443241816
4,d20,0.6404475632918323,0.2676511989587375,53.54932309638679,105,0.017373478193779147,53.81697429534553,0.051882371929640875
4,d21,1.0,0.1068950431605513,0.0,0,0.0,0.1068950431605513,0.00010305240046113836
4,d22,0.8661514327285211,0.8659825989947968,1.5702161324735373,2,0.001051303516028057,2.436198731468334,0.002348622722394317
4,d23,0.8818170278523599,0.1760745289285016,0.0,0,0.0,0.1760745289285016,0.00016974503522014064
4,d24,0.7131050727943643,0.10508190786601,50.903644165014846,107,0.018637248798239733,51.008726072880854,0.04917507408065597
4,d25,1.0,0.496608869306429,0.0,0,0.0,0.496608869306429,0.00047875686803787714
4,d26,0.8983399053567894,0.1129787309299515,0.4722821576276306,1,0.0034688585373239267,0.5852608885575821,0.0005642220413465854
4,d27,0.7864079686083435,0.2682169375493792,1.275968037139435,4,0.0009034898414530812,1.5441849746888143,0.0014886749066436672
4,d28,0.7377087472127748,0.8673533346226489,4.022014374490707,8,0.0008310374866631054,4.8893677091133565,0.004713605647780437
4,d29,0.8524106594962402,0.6112706779071959,1.0161504145248492,3,0.00014877445179073412,1.6274210924320451,0.001568918868242734
4,d30,1.0,0.4624106724908055,0.0,0,0.0,0.4624106724908055,0.00044578802150306384
4,d31,0.7386898460073281,0.5305900956354336,0.0,0,0.0,0.5305900956354336,0.0005115165436998959
4,d32,0.8448108382164217,0.0547321770051526,2.0136347468254927,3,0.004445412252314651,2.0683669238306455,0.0019940136626824412
4,d33,0.971369609564526,0.0042710944505345,0.0,0,0.0,0.0042710944505345,4.117557958817114e-06
4,d34,0.9824571201440984,0.4733438217980411,0.0,0,0.0,0.4733438217980411,0.0004563281480365124
4,d35,0.845080705866929,0.6858598972114482,0.0,0,0.0,0.6858598972114482,0.0006612047359531169
4,d36,1.0,0.8705521518953744,0.0,0,0.0,0.8705521518953744,0.0008392577085607603
4,d37,1.0,0.0612264541271615,0.0,0,0.0,0.0612264541271615,5.9025497188406986e-05
4,d38,0.9230232154695204,0.5123888115174334,0.0,0,0.0,0.5123888115174334,0.0004939695558847741
4,d39,0.9235568747153304,0.4422080628277681,0.0,0,0.0,0.4422080628277681,0.0004263116514133073
4,d40,0.8321020780252951,0.0381180467534172,3.3088653210573025,10,0.0015716558520226464,3.3469833678107195,0.0032266666456961363
4,d41,1.0,0.7330780276295283,0.0,0,0.0,0.7330780276295283,0.0007067254779912844
4,d42,0.982672711612928,0.6600732244837185,0.0,0,0.0,0.6600732244837185,0.0006363450376366377
4,d43,0.8650252718472645,0.2647829831443443,1.2337286706133972,2,0.0018099691955693054,1.4985116537577414,0.0014446434415746115
4,d44,0.8704128653723852,0.5395451245308905,1.9103558370056422,3,0.0023005912569774947,2.4499009615365326,0.002361832387299712
4,d45,0.9448537391180056,0.4073335225250493,0.0,0,0.0,0.4073335225250493,0.0003926907744585545
4,d46,0.985870360387782,0.7371358537080552,0.0,0,0.0,0.7371358537080552,0.0007106374341090058
4,d47,0.7700767767766291,0.8204349903201831,6.557722916337965,13,0.0028327667538807434,7.3781579066581475,0.007112929288222089
4,d48,0.7236170265966182,0.6744959024664872,6.109573571670547,12,0.0016496547451678538,6.784069474137034,0.00654019703378497
4,d49,0.9976422484945852,0.6723761257003955,0.0,0,0.0,0.6723761257003955,0.0006482056764981664
4,d50,0.882057757095968,0.3110659971888709,0.0,0,0.0,0.3110659971888709,0.0002998838558304721
4,d51,1.0,0.5627641174589416,0.0,0,0.0,0.5627641174589416,0.000542533979900578
4,d52,1.0,0.9527484508240278,0.0,0,0.0,0.9527484508240278,0.0009184992305544108
4,d53,0.7911459936597999,0.0738058073055961,1.345707547471752,2,0.00026441991487213823,1.419513354777348,0.0013684849584347629
4,d54,0.8584662854409747,0.6617411490783438,0.9322845486833531,2,0.0012434956405308895,1.594025697761697,0.0015367239648742257
4,d55,0.8812949268182745,0.2173968415080795,1.8425356001309199,3,0.003177448379477458,2.0599324416389995,0.001985882381653906
4,d56,0.8179196404382824,0.0271671424002741,3.206186790867517,6,0.0009790291766465138,3.233353933267791,0.0031171219404743703
4,d57,0.9205788298648008,0.5523670065202334,0.4094776689077227,1,0.00012072481529956658,0.9618446754279562,0.0009272684658047354
4,d58,0.7940609767149654,0.2088661051907878,9.793911151065863,14,0.0034519896252195076,10.002777256256651,0.009643199320169589
4,d59,0.917835093703932,0.0304324713071912,1.3532696571154805,3,0.0013109279105238587,1.3837021284226718,0.00133396106724026
4,d60,1.0,0.2441125077921133,0.0,0,0.0,0.2441125077921133,0.00023533719774809317
4,d61,0.519090695664929,0.3396223303720793,538.7077667841481,1096,0.14215641486996916,539.0473891145202,0.5196698160000455
4,d62,0.7391033765864686,0.5819727585806332,8.879722321875297,18,0.0030597171426146163,9.46169508045593,0.009121567863608489
4,d63,0.9937506519144466,0.0697869101720041,0.0,0,0.0,0.0697869101720041,6.727822358600155e-05
4,d64,0.9114045779888318,0.061134838390738,1.6232416453758347,2,0.001233419993974194,1.6843764837665727,0.0016238268379921924
4,d65,1.0,0.2192367022419535,0.0,0,0.0,0.2192367022419535,0.00021135562292896705
4,d66,1.0,0.416651003991029,0.0,0,0.0,0.416651003991029,0.0004016733128712966
4,d67,0.6372001047028663,0.1095342378602383,10.760282603091932,20,0.0023840003177670486,10.86981684095217,0.010479070730628738
4,d68,1.0,0.2358367391446861,0.0,0,0.0,0.2358367391446861,0.0002273589248594478
4,d69,0.812022265296254,0.8057497763096095,1.2651853614935358,3,0.0008499467138406805,2.0709351378031453,0.0019964895549870678
4,d70,0.9976915716671948,0.6615382478708512,0.0,0,0.0,0.6615382478708512,0.0006377573966414326
4,d71,1.0,0.9532450602827024,0.0,0,0.0,0.9532450602827024,0.0009189779879906302
4,d72,1.0,0.8135466378420463,0.0,0,0.0,0.8135466378420463,0.0007843014178944728
4,d73,1.0,0.2465758596168992,0.0,0,0.0,0.2465758596168992,0.0002377119974695661
4,d74,0.7245366202722102,0.0249182791854667,2.0971263240720077,3,0.0004992822040760606,2.1220446032574745,0.00204576174708903
4,d75,1.0,0.4539938264734323,0.0,0,0.0,0.4539938264734323,0.00043767374266695985
4,d76,0.5668220687961897,0.9139428164460672,36.5391191132932,73,0.006680428746681961,37.45306192973926,0.036106706376294054
4,d77,0.7153561304077067,0.8192447071784767,2.5998823468436956,7,0.0031429330609954614,3.419127054022172,0.003296216924384353
4,d78,1.0,0.6417288777484423,0.0,0,0.0,0.6417288777484423,0.0006186601299920211
4,d79,0.8078642791252231,0.392942761722586,5.091393278508409,11,0.003916170108166906,5.484336040230995,0.005287186170386532
4,d80,0.7146924859763325,0.1696376294380355,3.1695959560593603,5,0.0003103919611763928,3.3392335854973956,0.0032191954510848034
4,d81,0.9421396112737186,0.4836058296608834,0.2409052126626448,1,0.000542841174518971,0.7245110423235281,0.0006984664570451717
4,d82,0.7308780300888795,0.7315047052996154,1.938102954131612,4,0.001622405326100862,2.6696076594312275,0.002573641110567004
4,d83,0.9044762847321908,0.6798597864912188,2.435420429013007,3,0.0028970194699222316,3.115280215504226,0.003003292714280683
4,d84,0.8240016491622051,0.7456837793544112,1.2840023208809965,4,0.0017879643437138937,2.029686100235408,0.0019567233299837014
4,d85,0.9635876237186974,0.4421231259529313,0.0,0,0.0,0.4421231259529313,0.0004262297678331075
4,d86,0.7533789480454132,0.1204309134488827,7.095714843827316,19,0.0030562634842331337,7.216145757276198,0.006956741120800685
4,d87,0.8141901250717853,0.0205203984577977,3.3523614343258417,5,0.0007648865148082607,3.3728818327836394,0.003251634117571418
4,d88,1.0,0.3468249568782421,0.0,0,0.0,0.3468249568782421,0.0003343573592318227
4,d89,0.8896240178334311,0.6122854110355505,0.4688766024462123,2,0.001036876535238318,1.0811620134817628,0.0010422966068627823
4,d90,0.9941395502240032,0.3730251727692044,0.0,0,0.0,0.3730251727692044,0.00035961573474048366
4,d91,0.7293986104535455,0.6386125882064059,3.4203612714238165,6,0.000792299246191471,4.058973859630222,0.003913062638607655
4,d92,0.5977297954318763,0.4473469334645794,57.376922469230365,120,0.007458577791841018,57.824269402694945,0.05574561355393475
4,d93,1.0,0.3575923809381158,0.0,0,0.0,0.3575923809381158,0.0003447377179776106
4,d94,1.0,0.1354534932662909,0.0,0,0.0,0.1354534932662909,0.00013058423682913385
4,d95,1.0,0.6209945983805449,0.0,0,0.0,0.6209945983805449,0.0005986712025589274
4,d96,0.771315160117374,0.1863589762176125,1.487911324220795,3,0.001232270337144829,1.6742703004384076,0.0016140839498219382
4,d97,0.928859155067582,0.7641297145552959,0.0,0,0.0,0.7641297145552959,0.0007366609247758647
4,d98,1.0,0.9463252093187112,0.0,0,0.0,0.9463252093187112,0.0009123068905141873
4,d99,0.9502661734258218,0.0438536644798878,0.0,0,0.0,0.0438536644798878,4.227722128220794e-05
4,d100,0.6278883004385705,0.9513057831481097,41.79844585517423,84,0.006553893327703697,42.74975163832234,0.04121299168970632
5,d1,0.8862165995835287,0.4884693494414028,0.0,0,0.0,0.4884693494414028,0.00047090994608629274
5,d2,0.950241291355605,0.3770782987358936,0.0,0,0.0,0.3770782987358936,0.0003635231597050944
5,d3,1.0,0.6274282350072956,0.0,0,0.0,0.6274282350072956,0.0006048735640387346
5,d4,1.0,0.6411853212437485,0.0,0,0.0,0.6411853212437485,0.0006181361131532715
5,d5,0.6615535697275934,0.5444230936121223,18.0394855763577,35,0.0038201206678691677,18.58390866996982,0.017915857852403273
5,d6,0.8904884089184545,0.195995144533855,0.4688766024462123,2,0.0001724854502149764,0.6648717469800673,0.0006409710637580994
5,d7,0.9256883903597748,0.0645924756622676,0.0,0,0.0,0.0645924756622676,6.227051762097816e-05
5,d8,1.0,0.9857688480178474,0.0,0,0.0,0.9857688480178474,0.0009503326167844196
5,d9,0.8807477577498913,0.4645978847235158,0.0,0,0.0,0.4645978847235158,0.00044789660824604504
5,d10,1.0,0.4258718268257104,0.0,0,0.0,0.4258718268257104,0.00041056266731885106
5,d11,1.0,0.8816447243746165,0.0,0,0.0,0.8816447243746165,0.0008499515273523213
5,d12,0.6319954099035691,0.4098458376430103,23.871954816211222,47,0.0029079623297553485,24.281800653854233,0.023408923097960523
5,d13,0.6437821171245273,0.1658120032268633,21.517567133972545,44,0.004133349720375942,21.68337913719941,0.02090390914423614
5,d14,0.7388650567882837,0.2041415713138661,1.2500850005748674,2,0.00016206878629720922,1.4542265718887335,0.0014019503114136092
5,d15,0.8702025489713947,0.5357815987985837,0.0,0,0.0,0.5357815987985837,0.0005165214236938227
5,d16,1.0,0.6823319381851302,0.0,0,0.0,0.6823319381851302,0.0006578035993274963
5,d17,0.8566808863944986,0.2205459956643096,0.0,0,0.0,0.2205459956643096,0.00021261785012016726
5,d18,0.858541673495542,0.1464049330716936,2.16601321929675,4,0.0029208683710583994,2.3124181523684437,0.002229291784031208
5,d19,0.8777742963178162,0.0153435184241378,2.4000108105540843,4,0.0011392980985255874,2.415354328978222,0.0023285276305240795
5,d20,0.7404475632918323,0.2676511989587375,35.32818803337805,75,0.015309745064112906,35.595839232336786,0.034316246767509606
5,d21,1.0,0.1068950431605513,0.0,0,0.0,0.1068950431605513,0.0001030524004611383
5,d22,0.9661514327285212,0.8659825989947968,0.0,0,0.0,0.8659825989947968,0.000834852421079549
5,d23,0.98181702785236,0.1760745289285016,0.0,0,0.0,0.1760745289285016,0.00016974503522014056
5,d24,0.8131050727943643,0.10508190786601,25.003390341807734,48,0.01889436036898902,25.108472249673742,0.02420587766033708
5,d25,1.0,0.496608869306429,0.0,0,0.0,0.496608869306429,0.0004787568680378769
5,d26,0.9983399053567894,0.1129787309299515,0.0,0,0.0,0.1129787309299515,0.00010891739297862227
5,d27,0.8864079686083435,0.2682169375493792,0.0,0,0.0,0.2682169375493792,0.00025857512604475193
5,d28,0.8377087472127748,0.8673533346226489,0.2553358764918551,1,0.00015848419331254693,1.122689211114504,0.0010823309926859908
5,d29,0.9524106594962402,0.6112706779071959,0.0,0,0.0,0.6112706779071959,0.0005892968357310214
5,d30,1.0,0.4624106724908055,0.0,0,0.0,0.4624106724908055,0.0004457880215030636
5,d31,0.8386898460073281,0.5305900956354336,0.5164874125612775,1,7.701397426540524e-05,1.0470775081967112,0.001009437364897003
5,d32,0.9448108382164216,0.0547321770051526,0.2409052126626448,1,0.0021283857681840823,0.2956373896677974,0.00028500987296083266
5,d33,1.0,0.0042710944505345,0.0,0,0.0,0.0042710944505345,4.117557958817113e-06
5,d34,1.0,0.4733438217980411,0.0,0,0.0,0.4733438217980411,0.00045632814803651223
5,d35,0.9450807058669288,0.6858598972114482,0.0,0,0.0,0.6858598972114482,0.0006612047359531166
5,d36,1.0,0.8705521518953744,0.0,0,0.0,0.8705521518953744,0.00083925770856076
5,d37,1.0,0.0612264541271615,0.0,0,0.0,0.0612264541271615,5.902549718840696e-05
5,d38,1.0,0.5123888115174334,0.0,0,0.0,0.5123888115174334,0.0004939695558847739
5,d39,1.0,0.4422080628277681,0.0,0,0.0,0.4422080628277681,0.0004263116514133071
5,d40,0.9321020780252952,0.0381180467534172,0.0,0,0.0,0.0381180467534172,3.674778645189036e-05
5,d41,1.0,0.7330780276295283,0.0,0,0.0,0.7330780276295283,0.0007067254779912841
5,d42,1.0,0.6600732244837185,0.0,0,0.0,0.6600732244837185,0.0006363450376366375
5,d43,0.9650252718472644,0.2647829831443443,0.0,0,0.0,0.2647829831443443,0.00025526461478015154
5,d44,0.9704128653723852,0.5395451245308905,0.0,0,0.0,0.5395451245308905,0.0005201496589182471
5,d45,1.0,0.4073335225250493,0.0,0,0.0,0.4073335225250493,0.0003926907744585543
5,d46,1.0,0.7371358537080552,0.0,0,0.0,0.7371358537080552,0.0007106374341090054
5,d47,0.8700767767766291,0.8204349903201831,2.923096759056015,4,0.002002633275866278,3.7435317493761984,0.0036089599813929484
5,d48,0.8236170265966182,0.6744959024664872,1.4366502701908583,5,0.0018686891991752663,2.1111461726573455,0.0020352550912012012
5,d49,1.0,0.6723761257003955,0.0,0,0.0,0.6723761257003955,0.0006482056764981662
5,d50,0.982057757095968,0.3110659971888709,0.0,0,0.0,0.3110659971888709,0.000299883855830472
5,d51,1.0,0.5627641174589416,0.0,0,0.0,0.5627641174589416,0.0005425339799005777
5,d52,1.0,0.9527484508240278,0.0,0,0.0,0.9527484508240278,0.0009184992305544103
5,d53,0.8911459936597999,0.0738058073055961,0.0,0,0.0,0.0738058073055961,7.115265016910322e-05
5,d54,0.9584662854409748,0.6617411490783438,0.0,0,0.0,0.6617411490783438,0.000637953003994873
5,d55,0.9812949268182743,0.2173968415080795,0.0,0,0.0,0.2173968415080795,0.00020958190115914521
5,d56,0.9179196404382824,0.0271671424002741,1.4964563708321945,3,0.0011479536363548926,1.5236235132324687,0.001468852584696679
5,d57,1.0,0.5523670065202334,0.0,0,0.0,0.5523670065202334,0.0005325106223302423
5,d58,0.8940609767149654,0.2088661051907878,0.4722821576276306,1,0.0008100701045000713,0.6811482628184184,0.0006566624744979458
5,d59,1.0,0.0304324713071912,0.0,0,0.0,0.0304324713071912,2.9338490611397536e-05
5,d60,1.0,0.2441125077921133,0.0,0,0.0,0.2441125077921133,0.00023533719774809306
5,d61,0.619090695664929,0.3396223303720793,741.3776236766532,1500,0.1886349584904224,741.7172460070253,0.7150541353881652
5,d62,0.8391033765864686,0.5819727585806332,1.497147334264215,2,0.0021383463431605687,2.0791200928448483,0.0020043802788202304
5,d63,1.0,0.0697869101720041,0.0,0,0.0,0.0697869101720041,6.727822358600152e-05
5,d64,1.0,0.061134838390738,0.0,0,0.0,0.061134838390738,5.893717483706765e-05
5,d65,1.0,0.2192367022419535,0.0,0,0.0,0.2192367022419535,0.00021135562292896697
5,d66,1.0,0.416651003991029,0.0,0,0.0,0.416651003991029,0.0004016733128712964
5,d67,0.7372001047028662,0.1095342378602383,4.918501304725137,10,0.0013769078120198675,5.028035542585375,0.004847288676324368
5,d68,1.0,0.2358367391446861,0.0,0,0.0,0.2358367391446861,0.00022735892485944772
5,d69,0.912022265296254,0.8057497763096095,0.7226750898496501,1,4.066721519735417e-05,1.5284248661592597,0.0014734813395008073
5,d70,1.0,0.6615382478708512,0.0,0,0.0,0.6615382478708512,0.0006377573966414322
5,d71,1.0,0.9532450602827024,0.0,0,0.0,0.9532450602827024,0.0009189779879906298
5,d72,1.0,0.8135466378420463,0.0,0,0.0,0.8135466378420463,0.0007843014178944724
5,d73,1.0,0.2465758596168992,0.0,0,0.0,0.2465758596168992,0.000237711997469566
5,d74,0.8245366202722102,0.0249182791854667,1.9882555032403455,4,0.0015523026103603232,2.0131737824258122,0.0019408045938370652
5,d75,1.0,0.4539938264734323,0.0,0,0.0,0.4539938264734323,0.0004376737426669597
5,d76,0.6668220687961897,0.9139428164460672,21.672482831720185,42,0.006499126096983993,22.58642564816625,0.021774493110823023
5,d77,0.8153561304077067,0.8192447071784767,4.64713392834543,7,0.002074988677289502,5.466378635523907,0.0052698742950515985
5,d78,1.0,0.6417288777484423,0.0,0,0.0,0.6417288777484423,0.0006186601299920209
5,d79,0.907864279125223,0.392942761722586,3.335986984539191,4,0.0007808509343038283,3.728929746261777,0.003594882888311822
5,d80,0.8146924859763325,0.1696376294380355,1.7587663475380668,3,0.0004188264079457345,1.9284039769761023,0.0018590820772457614
5,d81,1.0,0.4836058296608834,0.0,0,0.0,0.4836058296608834,0.00046622125919068075
5,d82,0.8308780300888795,0.7315047052996154,3.021462023913317,8,0.0012569018837793738,3.7529667292129325,0.00361805579436734
5,d83,1.0,0.6798597864912188,0.0,0,0.0,0.6798597864912188,0.0006554203160729211
5,d84,0.9240016491622052,0.7456837793544112,0.0,0,0.0,0.7456837793544112,0.0007188780805484972
5,d85,1.0,0.4421231259529313,0.0,0,0.0,0.4421231259529313,0.0004262297678331073
5,d86,0.8533789480454131,0.1204309134488827,3.095804333767974,6,0.0026394590722704225,3.2162352472168565,0.003100618633696712
5,d87,0.9141901250717852,0.0205203984577977,0.2662909551910088,1,0.0007866746671220115,0.2868113536488065,0.0002765011136075352
5,d88,1.0,0.3468249568782421,0.0,0,0.0,0.3468249568782421,0.0003343573592318226
5,d89,0.9896240178334312,0.6122854110355505,0.0,0,0.0,0.6122854110355505,0.0005902750914256967
5,d90,1.0,0.3730251727692044,0.0,0,0.0,0.3730251727692044,0.00035961573474048355
5,d91,0.8293986104535455,0.6386125882064059,2.4649893365993742,4,0.0015849289180718262,3.1036019248057802,0.002992034232557163
5,d92,0.6977297954318763,0.4473469334645794,45.934786304072674,95,0.007309106118535806,46.38213323753725,0.04471479712541529
5,d93,1.0,0.3575923809381158,0.0,0,0.0,0.3575923809381158,0.00034473771797761043
5,d94,1.0,0.1354534932662909,0.0,0,0.0,0.1354534932662909,0.0001305842368291338
5,d95,1.0,0.6209945983805449,0.0,0,0.0,0.6209945983805449,0.0005986712025589272
5,d96,0.871315160117374,0.1863589762176125,0.0,0,0.0,0.1863589762176125,0.0001796597791523461
5,d97,1.0,0.7641297145552959,0.0,0,0.0,0.7641297145552959,0.0007366609247758644
5,d98,1.0,0.9463252093187112,0.0,0,0.0,0.9463252093187112,0.0009123068905141869
5,d99,1.0,0.0438536644798878,0.0,0,0.0,0.0438536644798878,4.227722128220792e-05
5,d100,0.7278883004385704,0.9513057831481097,19.178070532949558,36,0.006609282744067555,20.12937631609767,0.01940576932125682
6,d1,0.9862165995835288,0.4884693494414028,0.0,0,0.0,0.4884693494414028,0.00047090994608629274
6,d2,1.0,0.3770782987358936,0.0,0,0.0,0.3770782987358936,0.0003635231597050944
6,d3,1.0,0.6274282350072956,0.0,0,0.0,0.6274282350072956,0.0006048735640387346
6,d4,1.0,0.6411853212437485,0.0,0,0.0,0.6411853212437485,0.0006181361131532715
6,d5,0.7615535697275934,0.5444230936121223,11.762883444572992,24,0.0032382259569151556,12.307306538185115,0.011864885821376351
6,d6,0.9904884089184544,0.195995144533855,0.0,0,0.0,0.195995144533855,0.0001889495483210144
6,d7,1.0,0.0645924756622676,0.0,0,0.0,0.0645924756622676,6.227051762097816e-05
6,d8,1.0,0.9857688480178474,0.0,0,0.0,0.9857688480178474,0.0009503326167844196
6,d9,0.9807477577498912,0.4645978847235158,0.0,0,0.0,0.4645978847235158,0.00044789660824604504
6,d10,1.0,0.4258718268257104,0.0,0,0.0,0.4258718268257104,0.00041056266731885106
6,d11,1.0,0.8816447243746165,0.0,0,0.0,0.8816447243746165,0.0008499515273523213
6,d12,0.731995409903569,0.4098458376430103,9.4681441416801,18,0.003493060886149072,9.87798997932311,0.009522897872555256
6,d13,0.7437821171245272,0.1658120032268633,16.074846333317304,36,0.004327708893719013,16.24065833654417,0.015656842236700795
6,d14,0.8388650567882837,0.2041415713138661,0.5164874125612775,1,0.00025222475522101995,0.7206289838751436,0.0006947239500962233
6,d15,0.9702025489713948,0.5357815987985837,0.0,0,0.0,0.5357815987985837,0.0005165214236938227
6,d16,1.0,0.6823319381851302,0.0,0,0.0,0.6823319381851302,0.0006578035993274963
6,d17,0.9566808863944986,0.2205459956643096,0.0,0,0.0,0.2205459956643096,0.00021261785012016726
6,d18,0.958541673495542,0.1464049330716936,0.0,0,0.0,0.1464049330716936,0.00014114199635739696
6,d19,0.9777742963178162,0.0153435184241378,0.0,0,0.0,0.0153435184241378,1.4791952539391701e-05
6,d20,0.8404475632918322,0.2676511989587375,10.239536856808119,17,0.017182958722667716,10.507188055766857,0.01012947765610679
6,d21,1.0,0.1068950431605513,0.0,0,0.0,0.1068950431605513,0.0001030524004611383
6,d22,1.0,0.8659825989947968,0.0,0,0.0,0.8659825989947968,0.000834852421079549
6,d23,1.0,0.1760745289285016,0.0,0,0.0,0.1760745289285016,0.00016974503522014056
6,d24,0.9131050727943644,0.10508190786601,6.842356434593604,11,0.017272205553118977,6.9474383424596144,0.006697693149072327
6,d25,1.0,0.496608869306429,0.0,0,0.0,0.496608869306429,0.0004787568680378769
6,d26,1.0,0.1129787309299515,0.0,0,0.0,0.1129787309299515,0.00010891739297862227
6,d27,0.9864079686083436,0.2682169375493792,0.0,0,0.0,0.2682169375493792,0.00025857512604475193
6,d28,0.9377087472127748,0.8673533346226489,0.0,0,0.0,0.8673533346226489,0.0008361738817635173
6,d29,1.0,0.6112706779071959,0.0,0,0.0,0.6112706779071959,0.0005892968357310214
6,d30,1.0,0.4624106724908055,0.0,0,0.0,0.4624106724908055,0.0004457880215030636
6,d31,0.938689846007328,0.5305900956354336,0.0,0,0.0,0.5305900956354336,0.0005115165436998957
6,d32,1.0,0.0547321770051526,0.0,0,0.0,0.0547321770051526,5.276467510634197e-05
6,d33,1.0,0.0042710944505345,0.0,0,0.0,0.0042710944505345,4.117557958817113e-06
6,d34,1.0,0.4733438217980411,0.0,0,0.0,0.4733438217980411,0.00045632814803651223
6,d35,1.0,0.6858598972114482,0.0,0,0.0,0.6858598972114482,0.0006612047359531166
6,d36,1.0,0.8705521518953744,0.0,0,0.0,0.8705521518953744,0.00083925770856076
6,d37,1.0,0.0612264541271615,0.0,0,0.0,0.0612264541271615,5.902549718840696e-05
6,d38,1.0,0.5123888115174334,0.0,0,0.0,0.5123888115174334,0.0004939695558847739
6,d39,1.0,0.4422080628277681,0.0,0,0.0,0.4422080628277681,0.0004263116514133071
6,d40,1.0,0.0381180467534172,0.0,0,0.0,0.0381180467534172,3.674778645189036e-05
6,d41,1.0,0.7330780276295283,0.0,0,0.0,0.7330780276295283,0.0007067254779912841
6,d42,1.0,0.6600732244837185,0.0,0,0.0,0.6600732244837185,0.0006363450376366375
6,d43,1.0,0.2647829831443443,0.0,0,0.0,0.2647829831443443,0.00025526461478015154
6,d44,1.0,0.5395451245308905,0.0,0,0.0,0.5395451245308905,0.0005201496589182471
6,d45,1.0,0.4073335225250493,0.0,0,0.0,0.4073335225250493,0.0003926907744585543
6,d46,1.0,0.7371358537080552,0.0,0,0.0,0.7371358537080552,0.0007106374341090054
6,d47,0.9700767767766292,0.8204349903201831,0.0,0,0.0,0.8204349903201831,0.0007909421491866451
6,d48,0.9236170265966182,0.6744959024664872,0.4094776689077227,1,0.003158921547116944,1.0839735713742098,0.0010450070954063613
6,d49,1.0,0.6723761257003955,0.0,0,0.0,0.6723761257003955,0.0006482056764981662
6,d50,1.0,0.3110659971888709,0.0,0,0.0,0.3110659971888709,0.000299883855830472
6,d51,1.0,0.5627641174589416,0.0,0,0.0,0.5627641174589416,0.0005425339799005777
6,d52,1.0,0.9527484508240278,0.0,0,0.0,0.9527484508240278,0.0009184992305544103
6,d53,0.9911459936597998,0.0738058073055961,0.0,0,0.0,0.0738058073055961,7.115265016910322e-05
6,d54,1.0,0.6617411490783438,0.0,0,0.0,0.6617411490783438,0.000637953003994873
6,d55,1.0,0.2173968415080795,0.0,0,0.0,0.2173968415080795,0.00020958190115914521
6,d56,1.0,0.0271671424002741,0.0,0,0.0,0.0271671424002741,2.619054312755074e-05
6,d57,1.0,0.5523670065202334,0.0,0,0.0,0.5523670065202334,0.0005325106223302423
6,d58,0.9940609767149654,0.2088661051907878,0.0,0,0.0,0.2088661051907878,0.00020135782612998285
6,d59,1.0,0.0304324713071912,0.0,0,0.0,0.0304324713071912,2.9338490611397536e-05
6,d60,1.0,0.2441125077921133,0.0,0,0.0,0.2441125077921133,0.00023533719774809306
6,d61,0.719090695664929,0.3396223303720793,886.7818469218904,1790,0.24938953501307662,887.1214692522625,0.855231395245793
6,d62,0.9391033765864686,0.5819727585806332,0.2409052126626448,1,0.0035790758617689766,0.8228779712432781,0.0007932973102957303
6,d63,1.0,0.0697869101720041,0.0,0,0.0,0.0697869101720041,6.727822358600152e-05
6,d64,1.0,0.061134838390738,0.0,0,0.0,0.061134838390738,5.893717483706765e-05
6,d65,1.0,0.2192367022419535,0.0,0,0.0,0.2192367022419535,0.00021135562292896697
6,d66,1.0,0.416651003991029,0.0,0,0.0,0.416651003991029,0.0004016733128712964
6,d67,0.8372001047028662,0.1095342378602383,1.566457433923215,4,0.002886592067014304,1.675991671783453,0.001615743441636965
6,d68,1.0,0.2358367391446861,0.0,0,0.0,0.2358367391446861,0.00022735892485944772
6,d69,1.0,0.8057497763096095,0.0,0,0.0,0.8057497763096095,0.0007767848364588494
6,d70,1.0,0.6615382478708512,0.0,0,0.0,0.6615382478708512,0.0006377573966414322
6,d71,1.0,0.9532450602827024,0.0,0,0.0,0.9532450602827024,0.0009189779879906298
6,d72,1.0,0.8135466378420463,0.0,0,0.0,0.8135466378420463,0.0007843014178944724
6,d73,1.0,0.2465758596168992,0.0,0,0.0,0.2465758596168992,0.000237711997469566
6,d74,0.9245366202722102,0.0249182791854667,0.0,0,0.0,0.0249182791854667,2.4022521620261797e-05
6,d75,1.0,0.4539938264734323,0.0,0,0.0,0.4539938264734323,0.0004376737426669597
6,d76,0.7668220687961896,0.9139428164460672,12.93544780215572,26,0.0060215157153750655,13.849390618601786,0.01335153535629596
6,d77,0.9153561304077068,0.8192447071784767,1.0869787019244717,2,0.003016208179498603,1.9062234091029484,0.0018376988522117753
6,d78,1.0,0.6417288777484423,0.0,0,0.0,0.6417288777484423,0.0006186601299920209
6,d79,1.0,0.392942761722586,0.0,0,0.0,0.392942761722586,0.00037881732999089555
6,d80,0.9146924859763323,0.1696376294380355,0.2662909551910088,1,0.0002843137625748726,0.4359285846290443,0.00042025790670364895
6,d81,1.0,0.4836058296608834,0.0,0,0.0,0.4836058296608834,0.00046622125919068075
6,d82,0.9308780300888796,0.7315047052996154,0.0,0,0.0,0.7315047052996154,0.0007052087131535253
6,d83,1.0,0.6798597864912188,0.0,0,0.0,0.6798597864912188,0.0006554203160729211
6,d84,1.0,0.7456837793544112,0.0,0,0.0,0.7456837793544112,0.0007188780805484972
6,d85,1.0,0.4421231259529313,0.0,0,0.0,0.4421231259529313,0.0004262297678331073
6,d86,0.9533789480454132,0.1204309134488827,0.0,0,0.0,0.1204309134488827,0.00011610168585642152
6,d87,1.0,0.0205203984577977,0.0,0,0.0,0.0205203984577977,1.9782735073308776e-05
6,d88,1.0,0.3468249568782421,0.0,0,0.0,0.3468249568782421,0.0003343573592318226
6,d89,1.0,0.6122854110355505,0.0,0,0.0,0.6122854110355505,0.0005902750914256967
6,d90,1.0,0.3730251727692044,0.0,0,0.0,0.3730251727692044,0.00035961573474048355
6,d91,0.9293986104535454,0.6386125882064059,0.0,0,0.0,0.6386125882064059,0.0006156558642342863
6,d92,0.7977297954318763,0.4473469334645794,21.06896690880639,40,0.0068788249954934875,21.51631384227097,0.020742849480784156
6,d93,1.0,0.3575923809381158,0.0,0,0.0,0.3575923809381158,0.00034473771797761043
6,d94,1.0,0.1354534932662909,0.0,0,0.0,0.1354534932662909,0.0001305842368291338
6,d95,1.0,0.6209945983805449,0.0,0,0.0,0.6209945983805449,0.0005986712025589272
6,d96,0.971315160117374,0.1863589762176125,0.0,0,0.0,0.1863589762176125,0.0001796597791523461
6,d97,1.0,0.7641297145552959,0.0,0,0.0,0.7641297145552959,0.0007366609247758644
6,d98,1.0,0.9463252093187112,0.0,0,0.0,0.9463252093187112,0.0009123068905141869
6,d99,1.0,0.0438536644798878,0.0,0,0.0,0.0438536644798878,4.227722128220792e-05
6,d100,0.8278883004385704,0.9513057831481097,14.006135852396032,28,0.006155038932055422,14.957441635544141,0.01441975436583236
7,d1,1.0,0.4884693494414028,0.0,0,0.0,0.4884693494414028,0.00047090994608629274
7,d2,1.0,0.3770782987358936,0.0,0,0.0,0.3770782987358936,0.0003635231597050944
7,d3,1.0,0.6274282350072956,0.0,0,0.0,0.6274282350072956,0.0006048735640387346
7,d4,1.0,0.6411853212437485,0.0,0,0.0,0.6411853212437485,0.0006181361131532715
7,d5,0.8615535697275933,0.5444230936121223,2.16601321929675,4,0.0017527607850948146,2.710436312908872,0.0026130020633676663
7,d6,1.0,0.195995144533855,0.0,0,0.0,0.195995144533855,0.0001889495483210144
7,d7,1.0,0.0645924756622676,0.0,0,0.0,0.0645924756622676,6.227051762097816e-05
7,d8,1.0,0.9857688480178474,0.0,0,0.0,0.9857688480178474,0.0009503326167844196
7,d9,1.0,0.4645978847235158,0.0,0,0.0,0.4645978847235158,0.00044789660824604504
7,d10,1.0,0.4258718268257104,0.0,0,0.0,0.4258718268257104,0.00041056266731885106
7,d11,1.0,0.8816447243746165,0.0,0,0.0,0.8816447243746165,0.0008499515273523213
7,d12,0.831995409903569,0.4098458376430103,7.730042740244892,17,0.003116203730936723,8.139888577887902,0.007847277410026011
7,d13,0.8437821171245272,0.1658120032268633,5.109439080593466,9,0.005777144952550402,5.275251083820329,0.005085617360258735
7,d14,0.9388650567882836,0.2041415713138661,0.0,0,0.0,0.2041415713138661,0.00019680312889911608
7,d15,1.0,0.5357815987985837,0.0,0,0.0,0.5357815987985837,0.0005165214236938227
7,d16,1.0,0.6823319381851302,0.0,0,0.0,0.6823319381851302,0.0006578035993274963
7,d17,1.0,0.2205459956643096,0.0,0,0.0,0.2205459956643096,0.00021261785012016726
7,d18,1.0,0.1464049330716936,0.0,0,0.0,0.1464049330716936,0.00014114199635739696
7,d19,1.0,0.0153435184241378,0.0,0,0.0,0.0153435184241378,1.4791952539391701e-05
7,d20,0.9404475632918322,0.2676511989587375,0.2409052126626448,1,0.002234889156405351,0.5085564116213823,0.000490274922371956
7,d21,1.0,0.1068950431605513,0.0,0,0.0,0.1068950431605513,0.0001030524004611383
7,d22,1.0,0.8659825989947968,0.0,0,0.0,0.8659825989947968,0.000834852421079549
7,d23,1.0,0.1760745289285016,0.0,0,0.0,0.1760745289285016,0.00016974503522014056
7,d24,1.0,0.10508190786601,0.0,0,0.0,0.10508190786601,0.00010130444340963445
7,d25,1.0,0.496608869306429,0.0,0,0.0,0.496608869306429,0.0004787568680378769
7,d26,1.0,0.1129787309299515,0.0,0,0.0,0.1129787309299515,0.00010891739297862227
7,d27,1.0,0.2682169375493792,0.0,0,0.0,0.2682169375493792,0.00025857512604475193
7,d28,1.0,0.8673533346226489,0.0,0,0.0,0.8673533346226489,0.0008361738817635173
7,d29,1.0,0.6112706779071959,0.0,0,0.0,0.6112706779071959,0.0005892968357310214
7,d30,1.0,0.4624106724908055,0.0,0,0.0,0.4624106724908055,0.0004457880215030636
7,d31,1.0,0.5305900956354336,0.0,0,0.0,0.5305900956354336,0.0005115165436998957
7,d32,1.0,0.0547321770051526,0.0,0,0.0,0.0547321770051526,5.276467510634197e-05
7,d33,1.0,0.0042710944505345,0.0,0,0.0,0.0042710944505345,4.117557958817113e-06
7,d34,1.0,0.4733438217980411,0.0,0,0.0,0.4733438217980411,0.00045632814803651223
7,d35,1.0,0.6858598972114482,0.0,0,0.0,0.6858598972114482,0.0006612047359531166
7,d36,1.0,0.8705521518953744,0.0,0,0.0,0.8705521518953744,0.00083925770856076
7,d37,1.0,0.0612264541271615,0.0,0,0.0,0.0612264541271615,5.902549718840696e-05
7,d38,1.0,0.5123888115174334,0.0,0,0.0,0.5123888115174334,0.0004939695558847739
7,d39,1.0,0.4422080628277681,0.0,0,0.0,0.4422080628277681,0.0004263116514133071
7,d40,1.0,0.0381180467534172,0.0,0,0.0,0.0381180467534172,3.674778645189036e-05
7,d41,1.0,0.7330780276295283,0.0,0,0.0,0.7330780276295283,0.0007067254779912841
7,d42,1.0,0.6600732244837185,0.0,0,0.0,0.6600732244837185,0.0006363450376366375
7,d43,1.0,0.2647829831443443,0.0,0,0.0,0.2647829831443443,0.00025526461478015154
7,d44,1.0,0.5395451245308905,0.0,0,0.0,0.5395451245308905,0.0005201496589182471
7,d45,1.0,0.4073335225250493,0.0,0,0.0,0.4073335225250493,0.0003926907744585543
7,d46,1.0,0.7371358537080552,0.0,0,0.0,0.7371358537080552,0.0007106374341090054
7,d47,1.0,0.8204349903201831,0.0,0,0.0,0.8204349903201831,0.0007909421491866451
7,d48,1.0,0.6744959024664872,0.0,0,0.0,0.6744959024664872,0.0006502492519318689
7,d49,1.0,0.6723761257003955,0.0,0,0.0,0.6723761257003955,0.0006482056764981662
7,d50,1.0,0.3110659971888709,0.0,0,0.0,0.3110659971888709,0.000299883855830472
7,d51,1.0,0.5627641174589416,0.0,0,0.0,0.5627641174589416,0.0005425339799005777
7,d52,1.0,0.9527484508240278,0.0,0,0.0,0.9527484508240278,0.0009184992305544103
7,d53,1.0,0.0738058073055961,0.0,0,0.0,0.0738058073055961,7.115265016910322e-05
7,d54,1.0,0.6617411490783438,0.0,0,0.0,0.6617411490783438,0.000637953003994873
7,d55,1.0,0.2173968415080795,0.0,0,0.0,0.2173968415080795,0.00020958190115914521
7,d56,1.0,0.0271671424002741,0.0,0,0.0,0.0271671424002741,2.619054312755074e-05
7,d57,1.0,0.5523670065202334,0.0,0,0.0,0.5523670065202334,0.0005325106223302423
7,d58,1.0,0.2088661051907878,0.0,0,0.0,0.2088661051907878,0.00020135782612998285
7,d59,1.0,0.0304324713071912,0.0,0,0.0,0.0304324713071912,2.9338490611397536e-05
7,d60,1.0,0.2441125077921133,0.0,0,0.0,0.2441125077921133,0.00023533719774809306
7,d61,0.819090695664929,0.3396223303720793,965.9346860984973,1949,0.32483240013974174,966.2743084288694,0.9315388632002473
7,d62,1.0,0.5819727585806332,0.0,0,0.0,0.5819727585806332,0.0005610521124412395
7,d63,1.0,0.0697869101720041,0.0,0,0.0,0.0697869101720041,6.727822358600152e-05
7,d64,1.0,0.061134838390738,0.0,0,0.0,0.061134838390738,5.893717483706765e-05
7,d65,1.0,0.2192367022419535,0.0,0,0.0,0.2192367022419535,0.00021135562292896697
7,d66,1.0,0.416651003991029,0.0,0,0.0,0.416651003991029,0.0004016733128712964
7,d67,0.9372001047028662,0.1095342378602383,0.0,0,0.0,0.1095342378602383,0.00010559672189125893
7,d68,1.0,0.2358367391446861,0.0,0,0.0,0.2358367391446861,0.00022735892485944772
7,d69,1.0,0.8057497763096095,0.0,0,0.0,0.8057497763096095,0.0007767848364588494
7,d70,1.0,0.6615382478708512,0.0,0,0.0,0.6615382478708512,0.0006377573966414322
7,d71,1.0,0.9532450602827024,0.0,0,0.0,0.9532450602827024,0.0009189779879906298
7,d72,1.0,0.8135466378420463,0.0,0,0.0,0.8135466378420463,0.0007843014178944724
7,d73,1.0,0.2465758596168992,0.0,0,0.0,0.2465758596168992,0.000237711997469566
7,d74,1.0,0.0249182791854667,0.0,0,0.0,0.0249182791854667,2.4022521620261797e-05
7,d75,1.0,0.4539938264734323,0.0,0,0.0,0.4539938264734323,0.0004376737426669597
7,d76,0.8668220687961896,0.9139428164460672,5.3231075696101,8,0.006042153416328175,6.237050386056167,0.00601284208393824
7,d77,1.0,0.8192447071784767,0.0,0,0.0,0.8192447071784767,0.00078979465411714
7,d78,1.0,0.6417288777484423,0.0,0,0.0,0.6417288777484423,0.0006186601299920209
7,d79,1.0,0.392942761722586,0.0,0,0.0,0.392942761722586,0.00037881732999089555
7,d80,1.0,0.1696376294380355,0.0,0,0.0,0.1696376294380355,0.00016353952816942257
7,d81,1.0,0.4836058296608834,0.0,0,0.0,0.4836058296608834,0.00046622125919068075
7,d82,1.0,0.7315047052996154,0.0,0,0.0,0.7315047052996154,0.0007052087131535253
7,d83,1.0,0.6798597864912188,0.0,0,0.0,0.6798597864912188,0.0006554203160729211
7,d84,1.0,0.7456837793544112,0.0,0,0.0,0.7456837793544112,0.0007188780805484972
7,d85,1.0,0.4421231259529313,0.0,0,0.0,0.4421231259529313,0.0004262297678331073
7,d86,1.0,0.1204309134488827,0.0,0,0.0,0.1204309134488827,0.00011610168585642152
7,d87,1.0,0.0205203984577977,0.0,0,0.0,0.0205203984577977,1.9782735073308776e-05
7,d88,1.0,0.3468249568782421,0.0,0,0.0,0.3468249568782421,0.0003343573592318226
7,d89,1.0,0.6122854110355505,0.0,0,0.0,0.6122854110355505,0.0005902750914256967
7,d90,1.0,0.3730251727692044,0.0,0,0.0,0.3730251727692044,0.00035961573474048355
7,d91,1.0,0.6386125882064059,0.0,0,0.0,0.6386125882064059,0.0006156558642342863
7,d92,0.8977297954318763,0.4473469334645794,4.999820834462684,8,0.008995480294993363,5.447167767927263,0.005251354016072883
7,d93,1.0,0.3575923809381158,0.0,0,0.0,0.3575923809381158,0.00034473771797761043
7,d94,1.0,0.1354534932662909,0.0,0,0.0,0.1354534932662909,0.0001305842368291338
7,d95,1.0,0.6209945983805449,0.0,0,0.0,0.6209945983805449,0.0005986712025589272
7,d96,1.0,0.1863589762176125,0.0,0,0.0,0.1863589762176125,0.0001796597791523461
7,d97,1.0,0.7641297145552959,0.0,0,0.0,0.7641297145552959,0.0007366609247758644
7,d98,1.0,0.9463252093187112,0.0,0,0.0,0.9463252093187112,0.0009123068905141869
7,d99,1.0,0.0438536644798878,0.0,0,0.0,0.0438536644798878,4.227722128220792e-05
7,d100,0.9278883004385704,0.9513057831481097,1.7627473260232034,4,0.009843404947865592,2.714053109171313,0.002616488843725326
8,d1,1.0,0.4884693494414028,0.0,0,0.0,0.4884693494414028,0.0004709099460862924
8,d2,1.0,0.3770782987358936,0.0,0,0.0,0.3770782987358936,0.0003635231597050942
8,d3,1.0,0.6274282350072956,0.0,0,0.0,0.6274282350072956,0.0006048735640387341
8,d4,1.0,0.6411853212437485,0.0,0,0.0,0.6411853212437485,0.0006181361131532711
8,d5,0.9615535697275932,0.5444230936121223,0.0,0,0.0,0.5444230936121223,0.0005248522756938548
8,d6,1.0,0.195995144533855,0.0,0,0.0,0.195995144533855,0.00018894954832101427
8,d7,1.0,0.0645924756622676,0.0,0,0.0,0.0645924756622676,6.227051762097812e-05
8,d8,1.0,0.9857688480178474,0.0,0,0.0,0.9857688480178474,0.0009503326167844189
8,d9,1.0,0.4645978847235158,0.0,0,0.0,0.4645978847235158,0.00044789660824604477
8,d10,1.0,0.4258718268257104,0.0,0,0.0,0.4258718268257104,0.0004105626673188508
8,d11,1.0,0.8816447243746165,0.0,0,0.0,0.8816447243746165,0.0008499515273523207
8,d12,0.931995409903569,0.4098458376430103,0.0,0,0.0,0.4098458376430103,0.000395112777350043
8,d13,0.9437821171245272,0.1658120032268633,0.2409052126626448,1,0.0010996646762896356,0.4067172158895081,0.00039209662269683716
8,d14,1.0,0.2041415713138661,0.0,0,0.0,0.2041415713138661,0.00019680312889911594
8,d15,1.0,0.5357815987985837,0.0,0,0.0,0.5357815987985837,0.0005165214236938224
8,d16,1.0,0.6823319381851302,0.0,0,0.0,0.6823319381851302,0.0006578035993274958
8,d17,1.0,0.2205459956643096,0.0,0,0.0,0.2205459956643096,0.00021261785012016712
8,d18,1.0,0.1464049330716936,0.0,0,0.0,0.1464049330716936,0.00014114199635739685
8,d19,1.0,0.0153435184241378,0.0,0,0.0,0.0153435184241378,1.479195253939169e-05
8,d20,1.0,0.2676511989587375,0.0,0,0.0,0.2676511989587375,0.0002580297245174652
8,d21,1.0,0.1068950431605513,0.0,0,0.0,0.1068950431605513,0.00010305240046113824
8,d22,1.0,0.8659825989947968,0.0,0,0.0,0.8659825989947968,0.0008348524210795485
8,d23,1.0,0.1760745289285016,0.0,0,0.0,0.1760745289285016,0.00016974503522014045
8,d24,1.0,0.10508190786601,0.0,0,0.0,0.10508190786601,0.00010130444340963439
8,d25,1.0,0.496608869306429,0.0,0,0.0,0.496608869306429,0.0004787568680378766
8,d26,1.0,0.1129787309299515,0.0,0,0.0,0.1129787309299515,0.0001089173929786222
8,d27,1.0,0.2682169375493792,0.0,0,0.0,0.2682169375493792,0.00025857512604475177
8,d28,1.0,0.8673533346226489,0.0,0,0.0,0.8673533346226489,0.0008361738817635168
8,d29,1.0,0.6112706779071959,0.0,0,0.0,0.6112706779071959,0.000589296835731021
8,d30,1.0,0.4624106724908055,0.0,0,0.0,0.4624106724908055,0.0004457880215030633
8,d31,1.0,0.5305900956354336,0.0,0,0.0,0.5305900956354336,0.0005115165436998954
8,d32,1.0,0.0547321770051526,0.0,0,0.0,0.0547321770051526,5.276467510634193e-05
8,d33,1.0,0.0042710944505345,0.0,0,0.0,0.0042710944505345,4.11755795881711e-06
8,d34,1.0,0.4733438217980411,0.0,0,0.0,0.4733438217980411,0.0004563281480365119
8,d35,1.0,0.6858598972114482,0.0,0,0.0,0.6858598972114482,0.0006612047359531161
8,d36,1.0,0.8705521518953744,0.0,0,0.0,0.8705521518953744,0.0008392577085607595
8,d37,1.0,0.0612264541271615,0.0,0,0.0,0.0612264541271615,5.902549718840692e-05
8,d38,1.0,0.5123888115174334,0.0,0,0.0,0.5123888115174334,0.0004939695558847736
8,d39,1.0,0.4422080628277681,0.0,0,0.0,0.4422080628277681,0.00042631165141330683
8,d40,1.0,0.0381180467534172,0.0,0,0.0,0.0381180467534172,3.674778645189033e-05
8,d41,1.0,0.7330780276295283,0.0,0,0.0,0.7330780276295283,0.0007067254779912837
8,d42,1.0,0.6600732244837185,0.0,0,0.0,0.6600732244837185,0.000636345037636637
8,d43,1.0,0.2647829831443443,0.0,0,0.0,0.2647829831443443,0.0002552646147801514
8,d44,1.0,0.5395451245308905,0.0,0,0.0,0.5395451245308905,0.0005201496589182468
8,d45,1.0,0.4073335225250493,0.0,0,0.0,0.4073335225250493,0.00039269077445855405
8,d46,1.0,0.7371358537080552,0.0,0,0.0,0.7371358537080552,0.000710637434109005
8,d47,1.0,0.8204349903201831,0.0,0,0.0,0.8204349903201831,0.0007909421491866446
8,d48,1.0,0.6744959024664872,0.0,0,0.0,0.6744959024664872,0.0006502492519318685
8,d49,1.0,0.6723761257003955,0.0,0,0.0,0.6723761257003955,0.0006482056764981658
8,d50,1.0,0.3110659971888709,0.0,0,0.0,0.3110659971888709,0.0002998838558304718
8,d51,1.0,0.5627641174589416,0.0,0,0.0,0.5627641174589416,0.0005425339799005773
8,d52,1.0,0.9527484508240278,0.0,0,0.0,0.9527484508240278,0.0009184992305544097
8,d53,1.0,0.0738058073055961,0.0,0,0.0,0.0738058073055961,7.115265016910318e-05
8,d54,1.0,0.6617411490783438,0.0,0,0.0,0.6617411490783438,0.0006379530039948726
8,d55,1.0,0.2173968415080795,0.0,0,0.0,0.2173968415080795,0.00020958190115914508
8,d56,1.0,0.0271671424002741,0.0,0,0.0,0.0271671424002741,2.6190543127550724e-05
8,d57,1.0,0.5523670065202334,0.0,0,0.0,0.5523670065202334,0.000532510622330242
8,d58,1.0,0.2088661051907878,0.0,0,0.0,0.2088661051907878,0.00020135782612998272
8,d59,1.0,0.0304324713071912,0.0,0,0.0,0.0304324713071912,2.9338490611397515e-05
8,d60,1.0,0.2441125077921133,0.0,0,0.0,0.2441125077921133,0.00023533719774809292
8,d61,0.919090695664929,0.3396223303720793,993.0258568687284,1999,0.41564451830286114,993.3654791991005,0.957656165711475
8,d62,1.0,0.5819727585806332,0.0,0,0.0,0.5819727585806332,0.0005610521124412392
8,d63,1.0,0.0697869101720041,0.0,0,0.0,0.0697869101720041,6.727822358600147e-05
8,d64,1.0,0.061134838390738,0.0,0,0.0,0.061134838390738,5.8937174837067616e-05
8,d65,1.0,0.2192367022419535,0.0,0,0.0,0.2192367022419535,0.00021135562292896683
8,d66,1.0,0.416651003991029,0.0,0,0.0,0.416651003991029,0.00040167331287129616
8,d67,1.0,0.1095342378602383,0.0,0,0.0,0.1095342378602383,0.00010559672189125886
8,d68,1.0,0.2358367391446861,0.0,0,0.0,0.2358367391446861,0.00022735892485944756
8,d69,1.0,0.8057497763096095,0.0,0,0.0,0.8057497763096095,0.0007767848364588489
8,d70,1.0,0.6615382478708512,0.0,0,0.0,0.6615382478708512,0.0006377573966414319
8,d71,1.0,0.9532450602827024,0.0,0,0.0,0.9532450602827024,0.0009189779879906293
8,d72,1.0,0.8135466378420463,0.0,0,0.0,0.8135466378420463,0.0007843014178944719
8,d73,1.0,0.2465758596168992,0.0,0,0.0,0.2465758596168992,0.00023771199746956584
8,d74,1.0,0.0249182791854667,0.0,0,0.0,0.0249182791854667,2.402252162026178e-05
8,d75,1.0,0.4539938264734323,0.0,0,0.0,0.4539938264734323,0.00043767374266695937
8,d76,0.9668220687961896,0.9139428164460672,0.0,0,0.0,0.9139428164460672,0.0008810885737472482
8,d77,1.0,0.8192447071784767,0.0,0,0.0,0.8192447071784767,0.0007897946541171396
8,d78,1.0,0.6417288777484423,0.0,0,0.0,0.6417288777484423,0.0006186601299920204
8,d79,1.0,0.392942761722586,0.0,0,0.0,0.392942761722586,0.0003788173299908953
8,d80,1.0,0.1696376294380355,0.0,0,0.0,0.1696376294380355,0.00016353952816942246
8,d81,1.0,0.4836058296608834,0.0,0,0.0,0.4836058296608834,0.00046622125919068043
8,d82,1.0,0.7315047052996154,0.0,0,0.0,0.7315047052996154,0.0007052087131535249
8,d83,1.0,0.6798597864912188,0.0,0,0.0,0.6798597864912188,0.0006554203160729206
8,d84,1.0,0.7456837793544112,0.0,0,0.0,0.7456837793544112,0.0007188780805484967
8,d85,1.0,0.4421231259529313,0.0,0,0.0,0.4421231259529313,0.000426229767833107
8,d86,1.0,0.1204309134488827,0.0,0,0.0,0.1204309134488827,0.00011610168585642144
8,d87,1.0,0.0205203984577977,0.0,0,0.0,0.0205203984577977,1.9782735073308762e-05
8,d88,1.0,0.3468249568782421,0.0,0,0.0,0.3468249568782421,0.0003343573592318224
8,d89,1.0,0.6122854110355505,0.0,0,0.0,0.6122854110355505,0.0005902750914256964
8,d90,1.0,0.3730251727692044,0.0,0,0.0,0.3730251727692044,0.0003596157347404833
8,d91,1.0,0.6386125882064059,0.0,0,0.0,0.6386125882064059,0.0006156558642342859
8,d92,0.9977297954318762,0.4473469334645794,0.0,0,0.0,0.4473469334645794,0.0004312657909049507
8,d93,1.0,0.3575923809381158,0.0,0,0.0,0.3575923809381158,0.0003447377179776102
8,d94,1.0,0.1354534932662909,0.0,0,0.0,0.1354534932662909,0.00013058423682913372
8,d95,1.0,0.6209945983805449,0.0,0,0.0,0.6209945983805449,0.0005986712025589267
8,d96,1.0,0.1863589762176125,0.0,0,0.0,0.1863589762176125,0.000179659779152346
8,d97,1.0,0.7641297145552959,0.0,0,0.0,0.7641297145552959,0.0007366609247758638
8,d98,1.0,0.9463252093187112,0.0,0,0.0,0.9463252093187112,0.0009123068905141864
8,d99,1.0,0.0438536644798878,0.0,0,0.0,0.0438536644798878,4.227722128220789e-05
8,d100,1.0,0.9513057831481097,0.0,0,0.0,0.9513057831481097,0.0009171084236219708
9,d1,1.0,0.4884693494414028,993.266762081391,2000,0.4963328370910045,993.7552314308324,0.9580319072040409
9,d2,1.0,0.3770782987358936,0.0,0,0.0,0.3770782987358936,0.0003635231597050941
9,d3,1.0,0.6274282350072956,0.0,0,0.0,0.6274282350072956,0.000604873564038734
9,d4,1.0,0.6411853212437485,0.0,0,0.0,0.6411853212437485,0.000618136113153271
9,d5,1.0,0.5444230936121223,0.0,0,0.0,0.5444230936121223,0.0005248522756938546
9,d6,1.0,0.195995144533855,0.0,0,0.0,0.195995144533855,0.00018894954832101424
9,d7,1.0,0.0645924756622676,0.0,0,0.0,0.0645924756622676,6.22705176209781e-05
9,d8,1.0,0.9857688480178474,0.0,0,0.0,0.9857688480178474,0.0009503326167844187
9,d9,1.0,0.4645978847235158,0.0,0,0.0,0.4645978847235158,0.00044789660824604466
9,d10,1.0,0.4258718268257104,0.0,0,0.0,0.4258718268257104,0.00041056266731885073
9,d11,1.0,0.8816447243746165,0.0,0,0.0,0.8816447243746165,0.0008499515273523205
9,d12,1.0,0.4098458376430103,0.0,0,0.0,0.4098458376430103,0.00039511277735004293
9,d13,1.0,0.1658120032268633,0.0,0,0.0,0.1658120032268633,0.00015985142484234655
9,d14,1.0,0.2041415713138661,0.0,0,0.0,0.2041415713138661,0.0001968031288991159
9,d15,1.0,0.5357815987985837,0.0,0,0.0,0.5357815987985837,0.0005165214236938223
9,d16,1.0,0.6823319381851302,0.0,0,0.0,0.6823319381851302,0.0006578035993274956
9,d17,1.0,0.2205459956643096,0.0,0,0.0,0.2205459956643096,0.00021261785012016707
9,d18,1.0,0.1464049330716936,0.0,0,0.0,0.1464049330716936,0.00014114199635739682
9,d19,1.0,0.0153435184241378,0.0,0,0.0,0.0153435184241378,1.4791952539391689e-05
9,d20,1.0,0.2676511989587375,0.0,0,0.0,0.2676511989587375,0.0002580297245174651
9,d21,1.0,0.1068950431605513,0.0,0,0.0,0.1068950431605513,0.00010305240046113822
9,d22,1.0,0.8659825989947968,0.0,0,0.0,0.8659825989947968,0.0008348524210795484
9,d23,1.0,0.1760745289285016,0.0,0,0.0,0.1760745289285016,0.00016974503522014043
9,d24,1.0,0.10508190786601,0.0,0,0.0,0.10508190786601,0.00010130444340963437
9,d25,1.0,0.496608869306429,0.0,0,0.0,0.496608869306429,0.0004787568680378765
9,d26,1.0,0.1129787309299515,0.0,0,0.0,0.1129787309299515,0.00010891739297862218
9,d27,1.0,0.2682169375493792,0.0,0,0.0,0.2682169375493792,0.0002585751260447517
9,d28,1.0,0.8673533346226489,0.0,0,0.0,0.8673533346226489,0.0008361738817635166
9,d29,1.0,0.6112706779071959,0.0,0,0.0,0.6112706779071959,0.0005892968357310208
9,d30,1.0,0.4624106724908055,0.0,0,0.0,0.4624106724908055,0.00044578802150306324
9,d31,1.0,0.5305900956354336,0.0,0,0.0,0.5305900956354336,0.0005115165436998953
9,d32,1.0,0.0547321770051526,0.0,0,0.0,0.0547321770051526,5.276467510634192e-05
9,d33,1.0,0.0042710944505345,0.0,0,0.0,0.0042710944505345,4.117557958817109e-06
9,d34,1.0,0.4733438217980411,0.0,0,0.0,0.4733438217980411,0.0004563281480365118
9,d35,1.0,0.6858598972114482,0.0,0,0.0,0.6858598972114482,0.000661204735953116
9,d36,1.0,0.8705521518953744,0.0,0,0.0,0.8705521518953744,0.0008392577085607593
9,d37,1.0,0.0612264541271615,0.0,0,0.0,0.0612264541271615,5.902549718840691e-05
9,d38,1.0,0.5123888115174334,0.0,0,0.0,0.5123888115174334,0.0004939695558847735
9,d39,1.0,0.4422080628277681,0.0,0,0.0,0.4422080628277681,0.0004263116514133067
9,d40,1.0,0.0381180467534172,0.0,0,0.0,0.0381180467534172,3.6747786451890325e-05
9,d41,1.0,0.7330780276295283,0.0,0,0.0,0.7330780276295283,0.0007067254779912836
9,d42,1.0,0.6600732244837185,0.0,0,0.0,0.6600732244837185,0.0006363450376366369
9,d43,1.0,0.2647829831443443,0.0,0,0.0,0.2647829831443443,0.0002552646147801513
9,d44,1.0,0.5395451245308905,0.0,0,0.0,0.5395451245308905,0.0005201496589182467
9,d45,1.0,0.4073335225250493,0.0,0,0.0,0.4073335225250493,0.000392690774458554
9,d46,1.0,0.7371358537080552,0.0,0,0.0,0.7371358537080552,0.0007106374341090049
9,d47,1.0,0.8204349903201831,0.0,0,0.0,0.8204349903201831,0.0007909421491866445
9,d48,1.0,0.6744959024664872,0.0,0,0.0,0.6744959024664872,0.0006502492519318683
9,d49,1.0,0.6723761257003955,0.0,0,0.0,0.6723761257003955,0.0006482056764981657
9,d50,1.0,0.3110659971888709,0.0,0,0.0,0.3110659971888709,0.00029988385583047173
9,d51,1.0,0.5627641174589416,0.0,0,0.0,0.5627641174589416,0.0005425339799005772
9,d52,1.0,0.9527484508240278,0.0,0,0.0,0.9527484508240278,0.0009184992305544095
9,d53,1.0,0.0738058073055961,0.0,0,0.0,0.0738058073055961,7.115265016910317e-05
9,d54,1.0,0.6617411490783438,0.0,0,0.0,0.6617411490783438,0.0006379530039948725
9,d55,1.0,0.2173968415080795,0.0,0,0.0,0.2173968415080795,0.00020958190115914503
9,d56,1.0,0.0271671424002741,0.0,0,0.0,0.0271671424002741,2.6190543127550718e-05
9,d57,1.0,0.5523670065202334,0.0,0,0.0,0.5523670065202334,0.0005325106223302418
9,d58,1.0,0.2088661051907878,0.0,0,0.0,0.2088661051907878,0.0002013578261299827
9,d59,1.0,0.0304324713071912,0.0,0,0.0,0.0304324713071912,2.933849061139751e-05
9,d60,1.0,0.2441125077921133,0.0,0,0.0,0.2441125077921133,0.00023533719774809287
9,d61,1.0,0.3396223303720793,0.0,0,0.0,0.3396223303720793,0.0003274136513746649
9,d62,1.0,0.5819727585806332,0.0,0,0.0,0.5819727585806332,0.0005610521124412391
9,d63,1.0,0.0697869101720041,0.0,0,0.0,0.0697869101720041,6.727822358600145e-05
9,d64,1.0,0.061134838390738,0.0,0,0.0,0.061134838390738,5.89371748370676e-05
9,d65,1.0,0.2192367022419535,0.0,0,0.0,0.2192367022419535,0.00021135562292896678
9,d66,1.0,0.416651003991029,0.0,0,0.0,0.416651003991029,0.00040167331287129605
9,d67,1.0,0.1095342378602383,0.0,0,0.0,0.1095342378602383,0.00010559672189125883
9,d68,1.0,0.2358367391446861,0.0,0,0.0,0.2358367391446861,0.0002273589248594475
9,d69,1.0,0.8057497763096095,0.0,0,0.0,0.8057497763096095,0.0007767848364588488
9,d70,1.0,0.6615382478708512,0.0,0,0.0,0.6615382478708512,0.0006377573966414317
9,d71,1.0,0.9532450602827024,0.0,0,0.0,0.9532450602827024,0.000918977987990629
9,d72,1.0,0.8135466378420463,0.0,0,0.0,0.8135466378420463,0.0007843014178944717
9,d73,1.0,0.2465758596168992,0.0,0,0.0,0.2465758596168992,0.00023771199746956578
9,d74,1.0,0.0249182791854667,0.0,0,0.0,0.0249182791854667,2.4022521620261776e-05
9,d75,1.0,0.4539938264734323,0.0,0,0.0,0.4539938264734323,0.0004376737426669593
9,d76,1.0,0.9139428164460672,0.0,0,0.0,0.9139428164460672,0.000881088573747248
9,d77,1.0,0.8192447071784767,0.0,0,0.0,0.8192447071784767,0.0007897946541171394
9,d78,1.0,0.6417288777484423,0.0,0,0.0,0.6417288777484423,0.0006186601299920203
9,d79,1.0,0.392942761722586,0.0,0,0.0,0.392942761722586,0.0003788173299908952
9,d80,1.0,0.1696376294380355,0.0,0,0.0,0.1696376294380355,0.0001635395281694224
9,d81,1.0,0.4836058296608834,0.0,0,0.0,0.4836058296608834,0.0004662212591906803
9,d82,1.0,0.7315047052996154,0.0,0,0.0,0.7315047052996154,0.0007052087131535247
9,d83,1.0,0.6798597864912188,0.0,0,0.0,0.6798597864912188,0.0006554203160729204
9,d84,1.0,0.7456837793544112,0.0,0,0.0,0.7456837793544112,0.0007188780805484965
9,d85,1.0,0.4421231259529313,0.0,0,0.0,0.4421231259529313,0.0004262297678331069
9,d86,1.0,0.1204309134488827,0.0,0,0.0,0.1204309134488827,0.00011610168585642141
9,d87,1.0,0.0205203984577977,0.0,0,0.0,0.0205203984577977,1.978273507330876e-05
9,d88,1.0,0.3468249568782421,0.0,0,0.0,0.3468249568782421,0.00033435735923182226
9,d89,1.0,0.6122854110355505,0.0,0,0.0,0.6122854110355505,0.0005902750914256962
9,d90,1.0,0.3730251727692044,0.0,0,0.0,0.3730251727692044,0.0003596157347404832
9,d91,1.0,0.6386125882064059,0.0,0,0.0,0.6386125882064059,0.0006156558642342858
9,d92,1.0,0.4473469334645794,0.0,0,0.0,0.4473469334645794,0.0004312657909049506
9,d93,1.0,0.3575923809381158,0.0,0,0.0,0.3575923809381158,0.0003447377179776101
9,d94,1.0,0.1354534932662909,0.0,0,0.0,0.1354534932662909,0.00013058423682913366
9,d95,1.0,0.6209945983805449,0.0,0,0.0,0.6209945983805449,0.0005986712025589266
9,d96,1.0,0.1863589762176125,0.0,0,0.0,0.1863589762176125,0.00017965977915234595
9,d97,1.0,0.7641297145552959,0.0,0,0.0,0.7641297145552959,0.0007366609247758637
9,d98,1.0,0.9463252093187112,0.0,0,0.0,0.9463252093187112,0.0009123068905141861
9,d99,1.0,0.0438536644798878,0.0,0,0.0,0.0438536644798878,4.2277221282207885e-05
9,d100,1.0,0.9513057831481097,0.0,0,0.0,0.9513057831481097,0.0009171084236219705
